"quadrat_id","species_ids"
"2024-CEV3-20240602","[1360187, 1360203, 1363328, 1363275, 1360222, 1396446, 1363461, 1361058, 1356007, 1356066]"
"CBN-PdlC-A1-20130807","[1517561, 1361347]"
"CBN-PdlC-A1-20130903","[1654153, 1363016, 1363455]"
"CBN-PdlC-A1-20140721","[1517561, 1392299]"
"CBN-PdlC-A1-20140811","[1654153, 1392299, 1517561]"
"CBN-PdlC-A1-20140901","[1654153]"
"CBN-PdlC-A1-20150701","[1654153, 1363455]"
"CBN-PdlC-A1-20150720","[1517561]"
"CBN-PdlC-A1-20150831","[1517561]"
"CBN-PdlC-A1-20160705","[1388990, 1654153, 1361585]"
"CBN-PdlC-A1-20160726","[1388990, 1549015]"
"CBN-PdlC-A1-20170816","[1361347]"
"CBN-PdlC-A1-20170906","[1396971, 1361347]"
"CBN-PdlC-A1-20180702","[1517561, 1363452, 1388990, 1361057]"
"CBN-PdlC-A1-20180815","[1361914, 1654153]"
"CBN-PdlC-A1-20180905","[1517561]"
"CBN-PdlC-A1-20190701","[1517561, 1357317, 1654153]"
"CBN-PdlC-A1-20190722","[1517561, 1394636]"
"CBN-PdlC-A1-20190812","[1388990]"
"CBN-PdlC-A1-20190909","[1363483]"
"CBN-PdlC-A1-20200629","[1654153]"
"CBN-PdlC-A1-20200722","[1392535, 1549015, 1388990, 1394636]"
"CBN-PdlC-A1-20200812","[1364071]"
"CBN-PdlC-A2-20130807","[1517561]"
"CBN-PdlC-A2-20130903","[1654153, 1364071]"
"CBN-PdlC-A2-20140721","[1654153]"
"CBN-PdlC-A2-20140901","[1517561]"
"CBN-PdlC-A2-20150720","[1517561]"
"CBN-PdlC-A2-20150810","[1654153]"
"CBN-PdlC-A2-20150831","[1357317]"
"CBN-PdlC-A2-20160705","[1361585]"
"CBN-PdlC-A2-20160726","[1357317]"
"CBN-PdlC-A2-20170816","[1363993, 1517561, 1361347]"
"CBN-PdlC-A2-20180702","[1396971, 1393604, 1517561, 1361801, 1363452]"
"CBN-PdlC-A2-20180723","[1364071, 1357317, 1394636]"
"CBN-PdlC-A2-20180815","[1654153, 1364071]"
"CBN-PdlC-A2-20180905","[1361585]"
"CBN-PdlC-A2-20190701","[1654153, 1517561]"
"CBN-PdlC-A2-20190722","[1549015, 1392535, 1654153]"
"CBN-PdlC-A2-20190812","[1364071]"
"CBN-PdlC-A2-20190909","[1394636]"
"CBN-PdlC-A2-20200629","[1654153]"
"CBN-PdlC-A2-20200722","[1357317]"
"CBN-PdlC-A2-20200812","[1364071, 1654153, 1363740, 1360222]"
"CBN-PdlC-A3-20130807","[1517561, 1396261]"
"CBN-PdlC-A3-20130903","[1654153, 1363016, 1517561, 1357317]"
"CBN-PdlC-A3-20140721","[1517561, 1396261, 1357317, 1393604, 1396971]"
"CBN-PdlC-A3-20140811","[1396261, 1517561]"
"CBN-PdlC-A3-20140901","[1517561, 1654153, 1363016, 1357317, 1396971]"
"CBN-PdlC-A3-20150701","[1396261, 1654153, 1517561, 1357317]"
"CBN-PdlC-A3-20150720","[1396261, 1517561, 1737545, 1654153]"
"CBN-PdlC-A3-20150810","[1654153, 1357317]"
"CBN-PdlC-A3-20150831","[1517561]"
"CBN-PdlC-A3-20160705","[1517561, 1396261]"
"CBN-PdlC-A3-20160726","[1361347]"
"CBN-PdlC-A3-20170816","[1394416]"
"CBN-PdlC-A3-20170906","[1517561]"
"CBN-PdlC-A3-20180702","[1517561]"
"CBN-PdlC-A3-20180723","[1517561]"
"CBN-PdlC-A3-20180815","[1517561]"
"CBN-PdlC-A3-20180905","[1517561]"
"CBN-PdlC-A3-20190701","[1654153, 1517561, 1393604]"
"CBN-PdlC-A3-20190722","[1517561, 1394636]"
"CBN-PdlC-A3-20190812","[1396971, 1393604]"
"CBN-PdlC-A3-20190909","[1360307, 1364068, 1393604]"
"CBN-PdlC-A3-20200629","[1654153]"
"CBN-PdlC-A3-20200722","[1361568, 1517561, 1361592]"
"CBN-PdlC-A3-20200812","[1394636]"
"CBN-PdlC-A4-20130807","[1667445, 1397521]"
"CBN-PdlC-A4-20130903","[1396958]"
"CBN-PdlC-A4-20140811","[1357317, 1654153]"
"CBN-PdlC-A4-20140901","[1396971, 1361801, 1357317, 1357950]"
"CBN-PdlC-A4-20150701","[1654153, 1396261, 1357317, 1396971, 1361801]"
"CBN-PdlC-A4-20150810","[1357317, 1358517, 1394638, 1396261, 1737545]"
"CBN-PdlC-A4-20150831","[1358517, 1394636]"
"CBN-PdlC-A4-20160705","[1358517, 1397475, 1357317]"
"CBN-PdlC-A4-20160726","[1396261, 1357950, 1517561, 1357317]"
"CBN-PdlC-A4-20170816","[1400084, 1396971, 1394636]"
"CBN-PdlC-A4-20170906","[1361347, 1360307, 1393604, 1517561]"
"CBN-PdlC-A4-20180702","[1517561, 1357103, 1400084, 1394636]"
"CBN-PdlC-A4-20180723","[1357317, 1396261, 1394636]"
"CBN-PdlC-A4-20180815","[1364006, 1402995, 1357317, 1654153, 1394636, 1364071, 1396971]"
"CBN-PdlC-A4-20180905","[1361347, 1357317]"
"CBN-PdlC-A4-20190701","[1396971, 1357103, 1358517]"
"CBN-PdlC-A4-20190722","[1358517, 1392299, 1396261, 1397475]"
"CBN-PdlC-A4-20190812","[1358517, 1392299, 1396971, 1400084, 1361347]"
"CBN-PdlC-A4-20190909","[1361347, 1400084, 1396971, 1358517, 1392299]"
"CBN-PdlC-A4-20200629","[1358517, 1396971, 1397475, 1357317, 1361347]"
"CBN-PdlC-A4-20200722","[1358517, 1357317, 1397475, 1396261, 1392299, 1396971, 1394636]"
"CBN-PdlC-A4-20200812","[1361347, 1358517, 1392299, 1394636, 1357317, 1397475]"
"CBN-PdlC-A5-20130807","[1393604, 1396971]"
"CBN-PdlC-A5-20130903","[1396971, 1361801, 1393604, 1394630]"
"CBN-PdlC-A5-20140721","[1358517, 1397475, 1654153]"
"CBN-PdlC-A5-20140811","[1654153, 1393604, 1364068]"
"CBN-PdlC-A5-20150701","[1393604, 1394663, 1402995, 1361801, 1654153]"
"CBN-PdlC-A5-20150831","[1358517, 1397475]"
"CBN-PdlC-A5-20160705","[1358517, 1393604, 1397475, 1361801, 1361585, 1396971, 1361347]"
"CBN-PdlC-A5-20160726","[1654153, 1392535]"
"CBN-PdlC-A5-20170816","[1358517, 1396971, 1361801, 1397475, 1393604, 1363016]"
"CBN-PdlC-A5-20170906","[1654153, 1361801, 1394663, 1393604, 1363016]"
"CBN-PdlC-A5-20180815","[1654153, 1396971, 1358517, 1363016, 1357148, 1364068]"
"CBN-PdlC-A5-20180905","[1393604, 1396971]"
"CBN-PdlC-A5-20190909","[1361801, 1396971]"
"CBN-PdlC-A5-20200722","[1361801]"
"CBN-PdlC-A6-20130807","[1358517, 1397475, 1395190]"
"CBN-PdlC-A6-20130903","[1396971, 1397475, 1358517]"
"CBN-PdlC-A6-20140630","[1396971]"
"CBN-PdlC-A6-20140721","[1358517, 1397475, 1396971]"
"CBN-PdlC-A6-20140901","[1396971, 1358517]"
"CBN-PdlC-A6-20150701","[1358517, 1396971, 1397475]"
"CBN-PdlC-A6-20150810","[1396971, 1358517]"
"CBN-PdlC-A6-20150831","[1396971, 1358517, 1397475]"
"CBN-PdlC-A6-20160705","[1396971, 1358517, 1397475]"
"CBN-PdlC-A6-20160726","[1358517, 1397475]"
"CBN-PdlC-A6-20170816","[1396971, 1361801]"
"CBN-PdlC-A6-20170906","[1396971, 1396970]"
"CBN-PdlC-A6-20180702","[1396971]"
"CBN-PdlC-A6-20180723","[1361801]"
"CBN-PdlC-A6-20180815","[1396971]"
"CBN-PdlC-A6-20180905","[1396971, 1358517, 1397475]"
"CBN-PdlC-A6-20190701","[1396971, 1361801, 1357103]"
"CBN-PdlC-A6-20190722","[1358517]"
"CBN-PdlC-A6-20190812","[1396971, 1358517]"
"CBN-PdlC-A6-20190909","[1396971, 1358517]"
"CBN-PdlC-A6-20200722","[1358517, 1357103]"
"CBN-PdlC-A6-20200812","[1358517, 1397475, 1396971]"
"CBN-PdlC-B1-20130807","[1517561, 1396261]"
"CBN-PdlC-B1-20130903","[1396261, 1517561]"
"CBN-PdlC-B1-20140721","[1357950, 1396261, 1517561]"
"CBN-PdlC-B1-20140811","[1396261, 1654153, 1517561]"
"CBN-PdlC-B1-20140901","[1396261, 1360222, 1654153, 1517561]"
"CBN-PdlC-B1-20150701","[1396261, 1654153, 1517561]"
"CBN-PdlC-B1-20150720","[1396261, 1394636]"
"CBN-PdlC-B1-20150810","[1396261, 1654153]"
"CBN-PdlC-B1-20150831","[1396261]"
"CBN-PdlC-B1-20160705","[1396261, 1517561, 1396971, 1654153, 1361347]"
"CBN-PdlC-B1-20160726","[1396261]"
"CBN-PdlC-B1-20170816","[1396261, 1517561]"
"CBN-PdlC-B1-20170906","[1396261, 1654153]"
"CBN-PdlC-B1-20180702","[1517561, 1654153, 1363016, 1394663, 1356201]"
"CBN-PdlC-B1-20180723","[1396261, 1654153]"
"CBN-PdlC-B1-20180815","[1654153, 1396261, 1360222]"
"CBN-PdlC-B1-20180905","[1396261, 1654153]"
"CBN-PdlC-B1-20190701","[1654153, 1517561, 1396261, 1363016, 1363455]"
"CBN-PdlC-B1-20190722","[1517561, 1654153]"
"CBN-PdlC-B1-20190812","[1396261]"
"CBN-PdlC-B1-20190909","[1396261, 1654153, 1517561]"
"CBN-PdlC-B1-20200629","[1396958, 1361914, 1359937, 1654153]"
"CBN-PdlC-B1-20200722","[1396261]"
"CBN-PdlC-B1-20200812","[1396261]"
"CBN-PdlC-B2-20130807","[1396261, 1358746]"
"CBN-PdlC-B2-20130903","[1654153, 1363016, 1396261]"
"CBN-PdlC-B2-20140721","[1396261, 1654153]"
"CBN-PdlC-B2-20140811","[1396261, 1392614, 1360222, 1364068]"
"CBN-PdlC-B2-20140901","[1396261, 1364068]"
"CBN-PdlC-B2-20150701","[1396261, 1654153]"
"CBN-PdlC-B2-20150720","[1396261]"
"CBN-PdlC-B2-20150810","[1360222, 1396261]"
"CBN-PdlC-B2-20150831","[1361347]"
"CBN-PdlC-B2-20160705","[1396261, 1361585, 1393604]"
"CBN-PdlC-B2-20160726","[1396261]"
"CBN-PdlC-B2-20170816","[1392299]"
"CBN-PdlC-B2-20170906","[1396261, 1361347]"
"CBN-PdlC-B2-20180702","[1393604, 1361057]"
"CBN-PdlC-B2-20180723","[1393604, 1396261, 1360222]"
"CBN-PdlC-B2-20180815","[1361585]"
"CBN-PdlC-B2-20180905","[1392299, 1396261, 1393604, 1364068]"
"CBN-PdlC-B2-20190701","[1393604]"
"CBN-PdlC-B2-20190722","[1392535, 1396261]"
"CBN-PdlC-B2-20190812","[1396261]"
"CBN-PdlC-B2-20190909","[1393604, 1360222]"
"CBN-PdlC-B2-20200629","[1654153]"
"CBN-PdlC-B2-20200722","[1396261, 1654153, 1392299, 1397332]"
"CBN-PdlC-B2-20200812","[1396261]"
"CBN-PdlC-B3-20130807","[1393604]"
"CBN-PdlC-B3-20130903","[1357317]"
"CBN-PdlC-B3-20140721","[1393604]"
"CBN-PdlC-B3-20140811","[1517561, 1393604]"
"CBN-PdlC-B3-20140901","[1361801]"
"CBN-PdlC-B3-20150701","[1393604, 1517561, 1357317, 1363455]"
"CBN-PdlC-B3-20150810","[1357317]"
"CBN-PdlC-B3-20150831","[1361585]"
"CBN-PdlC-B3-20160705","[1393604]"
"CBN-PdlC-B3-20160726","[1361347]"
"CBN-PdlC-B3-20170816","[1400084]"
"CBN-PdlC-B3-20170906","[1361347]"
"CBN-PdlC-B3-20180702","[1517561, 1357317]"
"CBN-PdlC-B3-20180723","[1357317, 1394636, 1654153]"
"CBN-PdlC-B3-20180815","[1654153]"
"CBN-PdlC-B3-20180905","[1394630]"
"CBN-PdlC-B3-20190701","[1357317, 1517561]"
"CBN-PdlC-B3-20190722","[1517561]"
"CBN-PdlC-B3-20190812","[1392299, 1517561]"
"CBN-PdlC-B3-20190909","[1392299]"
"CBN-PdlC-B3-20200629","[1361801]"
"CBN-PdlC-B3-20200722","[1361914, 1654153, 1357317, 1393604, 1364068]"
"CBN-PdlC-B3-20200812","[1517561, 1393604, 1364068]"
"CBN-PdlC-B4-20130807","[1358517, 1397475, 1396971]"
"CBN-PdlC-B4-20130903","[1358517, 1397475, 1396971]"
"CBN-PdlC-B4-20140721","[1397475, 1358517]"
"CBN-PdlC-B4-20140811","[1358517, 1395190, 1397475]"
"CBN-PdlC-B4-20140901","[1358517, 1397475, 1396971]"
"CBN-PdlC-B4-20150701","[1358517, 1397475, 1396971]"
"CBN-PdlC-B4-20150810","[1358517, 1397475, 1396971]"
"CBN-PdlC-B4-20150831","[1358517, 1397475, 1654153, 1396971]"
"CBN-PdlC-B4-20160726","[1396971, 1358517, 1397475]"
"CBN-PdlC-B4-20170816","[1357103, 1358517, 1397475]"
"CBN-PdlC-B4-20170906","[1358517, 1397475]"
"CBN-PdlC-B4-20180702","[1357103, 1396971, 1358517, 1397475]"
"CBN-PdlC-B4-20180723","[1357103, 1358517, 1397475]"
"CBN-PdlC-B4-20180815","[1396971, 1361801, 1357103]"
"CBN-PdlC-B4-20180905","[1358517, 1361801]"
"CBN-PdlC-B4-20190701","[1396971, 1357103]"
"CBN-PdlC-B4-20190722","[1358517, 1356082, 1397475]"
"CBN-PdlC-B4-20190812","[1358517, 1360307, 1396971]"
"CBN-PdlC-B4-20190909","[1396971, 1397475]"
"CBN-PdlC-B4-20200629","[1358517, 1397475]"
"CBN-PdlC-B4-20200722","[1358517, 1397475, 1396971]"
"CBN-PdlC-B4-20200812","[1396261, 1358517, 1397475]"
"CBN-PdlC-B5-20130807","[1396971, 1358517, 1397475, 1395190]"
"CBN-PdlC-B5-20130903","[1396971]"
"CBN-PdlC-B5-20140630","[1392250]"
"CBN-PdlC-B5-20140721","[1358517, 1397475]"
"CBN-PdlC-B5-20140811","[1395190]"
"CBN-PdlC-B5-20140901","[1361801]"
"CBN-PdlC-B5-20150701","[1358517, 1397475, 1361801, 1396971]"
"CBN-PdlC-B5-20150720","[1361801, 1358517]"
"CBN-PdlC-B5-20150810","[1361801]"
"CBN-PdlC-B5-20150831","[1361801, 1358517, 1397475]"
"CBN-PdlC-B5-20160705","[1361801, 1397475, 1358517, 1396971]"
"CBN-PdlC-B5-20160726","[1361801, 1358517, 1397475, 1396971]"
"CBN-PdlC-B5-20170816","[1361801, 1358517]"
"CBN-PdlC-B5-20170906","[1361801, 1358517, 1396971]"
"CBN-PdlC-B5-20180702","[1394663]"
"CBN-PdlC-B5-20180723","[1361801, 1358517, 1396971, 1393604]"
"CBN-PdlC-B5-20180815","[1361801, 1396971, 1357103, 1358517]"
"CBN-PdlC-B5-20180905","[1358517, 1396971, 1397475, 1396970]"
"CBN-PdlC-B5-20190701","[1396971, 1361801, 1357103]"
"CBN-PdlC-B5-20190722","[1358517, 1397475, 1361801, 1395190]"
"CBN-PdlC-B5-20190812","[1358517, 1361801, 1393604]"
"CBN-PdlC-B5-20190909","[1361801, 1396971, 1357103]"
"CBN-PdlC-B5-20200629","[1361801, 1358517, 1397475, 1396971]"
"CBN-PdlC-B5-20200722","[1361801, 1396971]"
"CBN-PdlC-B5-20200812","[1361801, 1358517, 1397475]"
"CBN-PdlC-B6-20130807","[1654153]"
"CBN-PdlC-B6-20130903","[1654153, 1360222]"
"CBN-PdlC-B6-20140630","[1517561]"
"CBN-PdlC-B6-20140721","[1393604, 1654153]"
"CBN-PdlC-B6-20140811","[1654153, 1361801, 1364071]"
"CBN-PdlC-B6-20140901","[1654153, 1361801, 1363543]"
"CBN-PdlC-B6-20150701","[1361801, 1654153]"
"CBN-PdlC-B6-20150720","[1361801, 1654153]"
"CBN-PdlC-B6-20150810","[1654153, 1361801, 1364071, 1393604]"
"CBN-PdlC-B6-20150831","[1654153, 1364068]"
"CBN-PdlC-B6-20160705","[1364071]"
"CBN-PdlC-B6-20160726","[1654153, 1361801]"
"CBN-PdlC-B6-20170816","[1361801, 1654153]"
"CBN-PdlC-B6-20170906","[1361801, 1396971, 1654153]"
"CBN-PdlC-B6-20180702","[1394663, 1517561, 1361801, 1357103]"
"CBN-PdlC-B6-20180723","[1361801, 1654153, 1364071, 1357317]"
"CBN-PdlC-B6-20180905","[1361801, 1654153]"
"CBN-PdlC-B6-20190701","[1396971, 1654153, 1361801]"
"CBN-PdlC-B6-20190722","[1361801, 1394630]"
"CBN-PdlC-B6-20190812","[1361801, 1654153, 1393604]"
"CBN-PdlC-B6-20190909","[1361801, 1654153, 1363016]"
"CBN-PdlC-B6-20200629","[1396971, 1654153, 1393604, 1517561]"
"CBN-PdlC-B6-20200722","[1361801, 1394630]"
"CBN-PdlC-B6-20200812","[1361801, 1654153]"
"CBN-PdlC-C1-20130807","[1393604, 1360222]"
"CBN-PdlC-C1-20130903","[1357317, 1361801, 1360222]"
"CBN-PdlC-C1-20140721","[1517561, 1402995, 1357317]"
"CBN-PdlC-C1-20140811","[1364071, 1357317, 1397521, 1654153, 1360222]"
"CBN-PdlC-C1-20140901","[1364071, 1357317, 1360222, 1356066, 1392299, 1360307, 1654153, 1364068, 1397521]"
"CBN-PdlC-C1-20150701","[1357317, 1517561, 1654153, 1363543]"
"CBN-PdlC-C1-20150720","[1392299, 1364071, 1357317, 1364068, 1360222, 1393604]"
"CBN-PdlC-C1-20150810","[1392299, 1360222, 1357317, 1364071, 1654153, 1361347]"
"CBN-PdlC-C1-20150831","[1392299, 1654153, 1364071, 1361347, 1364068, 1361592]"
"CBN-PdlC-C1-20160705","[1361347, 1517561, 1356424]"
"CBN-PdlC-C1-20160726","[1364071, 1392299, 1360307, 1360222, 1357317]"
"CBN-PdlC-C1-20170816","[1361347, 1392299, 1364071, 1360307, 1364068, 1361801, 1393604, 1357317]"
"CBN-PdlC-C1-20170906","[1361347, 1393604, 1396971, 1364068, 1364071]"
"CBN-PdlC-C1-20180723","[1361347, 1654153, 1357317, 1364071, 1393604, 1360222, 1402995]"
"CBN-PdlC-C1-20180815","[1392299, 1364071, 1357317, 1654153, 1360222, 1393604, 1363016, 1361389]"
"CBN-PdlC-C1-20180905","[1392299, 1361347, 1364071, 1357317, 1393604, 1364068, 1357314, 1396971]"
"CBN-PdlC-C1-20190701","[1517561]"
"CBN-PdlC-C1-20190722","[1357317]"
"CBN-PdlC-C1-20190812","[1392299, 1364071, 1357317, 1360222, 1361347]"
"CBN-PdlC-C1-20190909","[1361801, 1361347, 1392299, 1360307, 1364068]"
"CBN-PdlC-C1-20200722","[1357317, 1654153, 1392299, 1361801]"
"CBN-PdlC-C1-20200812","[1392299, 1357317, 1364071, 1364068]"
"CBN-PdlC-C2-20130903","[1392299, 1393604]"
"CBN-PdlC-C2-20140721","[1361347, 1517561, 1357317]"
"CBN-PdlC-C2-20140811","[1392299, 1392535, 1549015]"
"CBN-PdlC-C2-20140901","[1392299]"
"CBN-PdlC-C2-20150701","[1517561, 1361347, 1654153]"
"CBN-PdlC-C2-20150720","[1517561]"
"CBN-PdlC-C2-20150810","[1517561]"
"CBN-PdlC-C2-20150831","[1400084]"
"CBN-PdlC-C2-20160705","[1517561, 1361347]"
"CBN-PdlC-C2-20160726","[1361347]"
"CBN-PdlC-C2-20170816","[1517561]"
"CBN-PdlC-C2-20170906","[1517561, 1361347, 1393604]"
"CBN-PdlC-C2-20180723","[1393604]"
"CBN-PdlC-C2-20180815","[1361801]"
"CBN-PdlC-C2-20180905","[1392299, 1361347]"
"CBN-PdlC-C2-20190701","[1361801]"
"CBN-PdlC-C2-20190722","[1392299, 1393604]"
"CBN-PdlC-C2-20190812","[1392299]"
"CBN-PdlC-C2-20190909","[1392299, 1361347]"
"CBN-PdlC-C2-20200722","[1392299, 1361347]"
"CBN-PdlC-C2-20200812","[1364068, 1393604]"
"CBN-PdlC-C3-20130807","[1361347, 1361801, 1392299, 1654153]"
"CBN-PdlC-C3-20130903","[1392299, 1361347, 1654153, 1363543]"
"CBN-PdlC-C3-20140721","[1361347, 1517561, 1654153, 1392299]"
"CBN-PdlC-C3-20140811","[1392299, 1394630, 1654153, 1361592, 1394638]"
"CBN-PdlC-C3-20140901","[1392299, 1361347, 1654153]"
"CBN-PdlC-C3-20150701","[1363500, 1654153, 1361347, 1363016, 1392299]"
"CBN-PdlC-C3-20150720","[1392299, 1361347, 1391666]"
"CBN-PdlC-C3-20150831","[1361347, 1392299, 1654153]"
"CBN-PdlC-C3-20160705","[1361347, 1363016, 1654153, 1394663]"
"CBN-PdlC-C3-20160726","[1392299, 1361347, 1364068, 1361592]"
"CBN-PdlC-C3-20170816","[1392299, 1361347, 1364068]"
"CBN-PdlC-C3-20170906","[1392299, 1361347]"
"CBN-PdlC-C3-20180723","[1361347]"
"CBN-PdlC-C3-20180815","[1363016, 1392299, 1654153, 1361801]"
"CBN-PdlC-C3-20180905","[1392299, 1361347, 1654153]"
"CBN-PdlC-C3-20190701","[1364037, 1363455, 1517561]"
"CBN-PdlC-C3-20190722","[1392299, 1363993, 1393604]"
"CBN-PdlC-C3-20190812","[1392299, 1721513, 1364068]"
"CBN-PdlC-C3-20190909","[1392299, 1361347, 1364068, 1361801, 1654153, 1360307]"
"CBN-PdlC-C3-20200722","[1392299, 1394630, 1361347, 1654153, 1394638]"
"CBN-PdlC-C3-20200812","[1392299, 1363016, 1394630, 1356066, 1654153, 1361347]"
"CBN-PdlC-C4-20130807","[1654153]"
"CBN-PdlC-C4-20130903","[1364068]"
"CBN-PdlC-C4-20140721","[1654153]"
"CBN-PdlC-C4-20140811","[1356066, 1654153, 1394630, 1364068]"
"CBN-PdlC-C4-20140901","[1654153]"
"CBN-PdlC-C4-20150701","[1361585]"
"CBN-PdlC-C4-20150720","[1394638]"
"CBN-PdlC-C4-20150831","[1364071]"
"CBN-PdlC-C4-20160705","[1361585]"
"CBN-PdlC-C4-20160726","[1364068]"
"CBN-PdlC-C4-20170816","[1364068, 1361801]"
"CBN-PdlC-C4-20170906","[1361801, 1364068]"
"CBN-PdlC-C4-20180723","[1360222, 1397521, 1654153]"
"CBN-PdlC-C4-20180815","[1654153, 1397521, 1360307, 1361801, 1388913]"
"CBN-PdlC-C4-20180905","[1364068, 1654153, 1361801]"
"CBN-PdlC-C4-20190701","[1402995]"
"CBN-PdlC-C4-20190722","[1363543, 1654153, 1361801]"
"CBN-PdlC-C4-20190812","[1356278]"
"CBN-PdlC-C4-20190909","[1364068, 1361801]"
"CBN-PdlC-C4-20200722","[1394630, 1394638, 1360222]"
"CBN-PdlC-C4-20200812","[1394663]"
"CBN-PdlC-C5-20130807","[1361801, 1364068]"
"CBN-PdlC-C5-20130903","[1357317, 1654153, 1364006, 1361592]"
"CBN-PdlC-C5-20140721","[1654153, 1363016, 1361389, 1394663, 1361585, 1363452, 1357317]"
"CBN-PdlC-C5-20140811","[1397521, 1654153, 1356109, 1364071]"
"CBN-PdlC-C5-20140901","[1364068, 1364006, 1393604]"
"CBN-PdlC-C5-20150701","[1654153, 1361585, 1394416, 1363016, 1363452, 1390761, 1361347, 1359973, 1357317]"
"CBN-PdlC-C5-20150720","[1396261]"
"CBN-PdlC-C5-20150810","[1654153]"
"CBN-PdlC-C5-20150831","[1360307, 1654153]"
"CBN-PdlC-C5-20160705","[1361347, 1391868, 1361585]"
"CBN-PdlC-C5-20160726","[1364068, 1364071]"
"CBN-PdlC-C5-20170816","[1361801]"
"CBN-PdlC-C5-20170906","[1396971, 1361801, 1360307]"
"CBN-PdlC-C5-20180723","[1360222]"
"CBN-PdlC-C5-20180815","[1654153, 1364006, 1361801, 1363016, 1397521]"
"CBN-PdlC-C5-20180905","[1396971, 1364068]"
"CBN-PdlC-C5-20190701","[1654153, 1394416, 1363526, 1363016, 1361389, 1402995, 1361057, 1363543, 1359937]"
"CBN-PdlC-C5-20190722","[1654153, 1396261, 1394638]"
"CBN-PdlC-C5-20190812","[1364068, 1396261, 1393604]"
"CBN-PdlC-C5-20190909","[1361801, 1396971, 1393604, 1364068]"
"CBN-PdlC-C5-20200722","[1361801]"
"CBN-PdlC-C5-20200812","[1360222]"
"CBN-PdlC-C6-20130807","[1363993, 1364006]"
"CBN-PdlC-C6-20130903","[1357317, 1363993, 1654153, 1356200, 1356201]"
"CBN-PdlC-C6-20140721","[1654153, 1361347, 1396169, 1394416]"
"CBN-PdlC-C6-20140811","[1654153, 1363993, 1364006]"
"CBN-PdlC-C6-20140901","[1363993, 1393604, 1361801]"
"CBN-PdlC-C6-20150701","[1654153, 1361801, 1361585, 1394416, 1363016]"
"CBN-PdlC-C6-20150720","[1654153]"
"CBN-PdlC-C6-20150810","[1654153, 1364006, 1357317]"
"CBN-PdlC-C6-20150831","[1363993, 1364006, 1361801, 1654153]"
"CBN-PdlC-C6-20160705","[1654153, 1363526, 1394416, 1396971, 1361347]"
"CBN-PdlC-C6-20160726","[1363993, 1364068]"
"CBN-PdlC-C6-20170816","[1364068]"
"CBN-PdlC-C6-20170906","[1396971, 1361801, 1360307]"
"CBN-PdlC-C6-20180723","[1654153, 1357317, 1397332]"
"CBN-PdlC-C6-20180815","[1654153, 1359511, 1363016, 1357317, 1364006, 1359506]"
"CBN-PdlC-C6-20180905","[1396261, 1364068, 1363993, 1397387]"
"CBN-PdlC-C6-20190701","[1654153, 1363016, 1394416, 1361801, 1356397, 1363526, 1361389]"
"CBN-PdlC-C6-20190722","[1357317, 1396621, 1394636, 1359528, 1363740, 1364071, 1737545, 1363993]"
"CBN-PdlC-C6-20190812","[1360222, 1357317, 1364068, 1364071, 1654153, 1363993]"
"CBN-PdlC-C6-20190909","[1654153, 1394636, 1360307, 1364006, 1364068]"
"CBN-PdlC-C6-20200722","[1654153, 1396261, 1357317, 1394630, 1356066, 1364006]"
"CBN-PdlC-C6-20200812","[1654153, 1394636]"
"CBN-PdlC-D1-20130807","[1393604, 1364071, 1364068]"
"CBN-PdlC-D1-20130903","[1364071, 1361801]"
"CBN-PdlC-D1-20140721","[1361057]"
"CBN-PdlC-D1-20140811","[1361801, 1654153, 1364068, 1393604]"
"CBN-PdlC-D1-20140901","[1361801, 1393604, 1356109, 1392299, 1363993, 1396971]"
"CBN-PdlC-D1-20150701","[1517561, 1654153]"
"CBN-PdlC-D1-20150720","[1392535]"
"CBN-PdlC-D1-20150810","[1364068]"
"CBN-PdlC-D1-20150831","[1364068]"
"CBN-PdlC-D1-20160705","[1361347]"
"CBN-PdlC-D1-20160726","[1392299]"
"CBN-PdlC-D1-20170816","[1396971, 1396970, 1393604]"
"CBN-PdlC-D1-20170906","[1396971, 1361347]"
"CBN-PdlC-D1-20180723","[1361801, 1654153]"
"CBN-PdlC-D1-20180815","[1392299, 1361801, 1393604, 1364068]"
"CBN-PdlC-D1-20180905","[1396971, 1363993, 1364068, 1394416]"
"CBN-PdlC-D1-20190701","[1517561, 1394636]"
"CBN-PdlC-D1-20190722","[1363737]"
"CBN-PdlC-D1-20190812","[1364071, 1363993, 1364068]"
"CBN-PdlC-D1-20190909","[1360307, 1396971]"
"CBN-PdlC-D1-20200722","[1393604]"
"CBN-PdlC-D1-20200812","[1392299, 1361347, 1361801]"
"CBN-PdlC-D2-20130807","[1394416, 1517561, 1361347, 1721513]"
"CBN-PdlC-D2-20130903","[1517561, 1396971, 1364006]"
"CBN-PdlC-D2-20140721","[1517561, 1654153, 1402995]"
"CBN-PdlC-D2-20140811","[1654153, 1364068]"
"CBN-PdlC-D2-20140901","[1363475, 1396971, 1654153, 1517561]"
"CBN-PdlC-D2-20150720","[1517561]"
"CBN-PdlC-D2-20150810","[1654153, 1517561]"
"CBN-PdlC-D2-20150831","[1654153, 1517561]"
"CBN-PdlC-D2-20160705","[1517561, 1361585, 1361347]"
"CBN-PdlC-D2-20160726","[1654153, 1517561]"
"CBN-PdlC-D2-20170816","[1517561, 1361347]"
"CBN-PdlC-D2-20170906","[1517561, 1361347]"
"CBN-PdlC-D2-20180723","[1517561, 1392299, 1364071]"
"CBN-PdlC-D2-20180815","[1517561, 1392299]"
"CBN-PdlC-D2-20180905","[1517561, 1361347]"
"CBN-PdlC-D2-20190701","[1517561, 1363526, 1392299, 1361389, 1394636, 1358003, 1359937]"
"CBN-PdlC-D2-20190722","[1394838, 1393619]"
"CBN-PdlC-D2-20190812","[1361347]"
"CBN-PdlC-D2-20190909","[1361347, 1517561]"
"CBN-PdlC-D2-20200722","[1361801, 1517561]"
"CBN-PdlC-D2-20200812","[1361347]"
"CBN-PdlC-D3-20130807","[1393604, 1517561, 1361347, 1654153]"
"CBN-PdlC-D3-20130903","[1361347]"
"CBN-PdlC-D3-20140721","[1517561, 1361057, 1654153]"
"CBN-PdlC-D3-20140811","[1654153, 1361389, 1363016, 1364068]"
"CBN-PdlC-D3-20140901","[1517561, 1363016]"
"CBN-PdlC-D3-20150701","[1654153, 1517561, 1363016, 1361057]"
"CBN-PdlC-D3-20150720","[1517561]"
"CBN-PdlC-D3-20150831","[1392299, 1361347]"
"CBN-PdlC-D3-20160705","[1361347, 1517561, 1363016]"
"CBN-PdlC-D3-20160726","[1517561, 1392632]"
"CBN-PdlC-D3-20170816","[1364068]"
"CBN-PdlC-D3-20170906","[1517561, 1361347, 1361585, 1396971]"
"CBN-PdlC-D3-20180723","[1654153, 1517561, 1363016]"
"CBN-PdlC-D3-20180815","[1361389, 1361801, 1517561, 1392299, 1654153, 1396971]"
"CBN-PdlC-D3-20180905","[1654153, 1517561, 1364068]"
"CBN-PdlC-D3-20190701","[1517561, 1654153, 1364071, 1361057, 1363526]"
"CBN-PdlC-D3-20190722","[1393604, 1364068]"
"CBN-PdlC-D3-20190812","[1517561]"
"CBN-PdlC-D3-20190909","[1364068]"
"CBN-PdlC-D3-20200722","[1654153, 1363016, 1392299]"
"CBN-PdlC-D3-20200812","[1361389]"
"CBN-PdlC-D4-20130807","[1360222, 1654153, 1361801]"
"CBN-PdlC-D4-20130903","[1361801, 1364006]"
"CBN-PdlC-D4-20140721","[1654153, 1361585, 1357317, 1363993, 1360222, 1361347]"
"CBN-PdlC-D4-20140811","[1654153]"
"CBN-PdlC-D4-20140901","[1654153, 1517561, 1396261, 1364068, 1363452]"
"CBN-PdlC-D4-20150701","[1517561, 1361347]"
"CBN-PdlC-D4-20150720","[1654153]"
"CBN-PdlC-D4-20150831","[1654153, 1517561, 1364068, 1361801]"
"CBN-PdlC-D4-20160705","[1654153, 1361585]"
"CBN-PdlC-D4-20160726","[1361347]"
"CBN-PdlC-D4-20170816","[1361801]"
"CBN-PdlC-D4-20170906","[1361801, 1517561]"
"CBN-PdlC-D4-20180723","[1361801]"
"CBN-PdlC-D4-20180815","[1361801, 1364006, 1654153, 1364068]"
"CBN-PdlC-D4-20180905","[1361801]"
"CBN-PdlC-D4-20190701","[1517561, 1361801, 1363526, 1363016]"
"CBN-PdlC-D4-20190722","[1396261, 1394630, 1394638]"
"CBN-PdlC-D4-20190812","[1361347, 1364068]"
"CBN-PdlC-D4-20190909","[1364068]"
"CBN-PdlC-D4-20200722","[1393604]"
"CBN-PdlC-D4-20200812","[1654153, 1364071]"
"CBN-PdlC-D5-20130807","[1392299, 1393604, 1361347, 1654153, 1364068]"
"CBN-PdlC-D5-20130903","[1392299, 1654153, 1364006]"
"CBN-PdlC-D5-20140721","[1392299, 1654153, 1361801, 1396971, 1361347, 1394663]"
"CBN-PdlC-D5-20140811","[1392299, 1654153, 1363056, 1364068, 1357317, 1396261]"
"CBN-PdlC-D5-20140901","[1392299, 1396261, 1390778, 1361347, 1393604, 1654153]"
"CBN-PdlC-D5-20150701","[1396261, 1654153, 1392299, 1517561]"
"CBN-PdlC-D5-20150720","[1392299]"
"CBN-PdlC-D5-20150810","[1392299, 1654153, 1361801, 1364068]"
"CBN-PdlC-D5-20150831","[1392299, 1361801, 1361347, 1360307]"
"CBN-PdlC-D5-20160705","[1392299, 1361347, 1654153]"
"CBN-PdlC-D5-20160726","[1392299, 1361347, 1360307, 1654153, 1389771]"
"CBN-PdlC-D5-20170816","[1392299, 1364068, 1654153, 1361801]"
"CBN-PdlC-D5-20170906","[1396971, 1392299, 1361801, 1392067, 1361347, 1360307]"
"CBN-PdlC-D5-20180723","[1392299, 1364071]"
"CBN-PdlC-D5-20180815","[1392299, 1654153, 1363016, 1361347, 1394416]"
"CBN-PdlC-D5-20180905","[1392299, 1654153, 1361347, 1396971]"
"CBN-PdlC-D5-20190701","[1517561, 1654153, 1363016, 1361057, 1363526]"
"CBN-PdlC-D5-20190722","[1396261, 1392299, 1363056, 1392535, 1357317, 1654153]"
"CBN-PdlC-D5-20190812","[1654153, 1396261, 1392299, 1397521, 1363056, 1356109]"
"CBN-PdlC-D5-20190909","[1361801, 1364006, 1654153, 1392299, 1360307, 1361347]"
"CBN-PdlC-D5-20200722","[1392299, 1396261, 1363056, 1361050, 1364006, 1654153]"
"CBN-PdlC-D5-20200812","[1392299, 1360307]"
"CBN-PdlC-D6-20130807","[1654153]"
"CBN-PdlC-D6-20130903","[1654153, 1397332, 1364068, 1364006, 1393604]"
"CBN-PdlC-D6-20140721","[1654153, 1394663, 1361057]"
"CBN-PdlC-D6-20140811","[1654153, 1364068, 1364071]"
"CBN-PdlC-D6-20140901","[1363993, 1654153, 1393604]"
"CBN-PdlC-D6-20150701","[1654153, 1361801, 1363543, 1356404, 1394663, 1363016, 1361585]"
"CBN-PdlC-D6-20150720","[1361801]"
"CBN-PdlC-D6-20150810","[1361801, 1393604, 1654153, 1360307]"
"CBN-PdlC-D6-20150831","[1361801, 1361585, 1361347, 1517561]"
"CBN-PdlC-D6-20160705","[1361585, 1391868, 1396971, 1361801, 1361347, 1359973]"
"CBN-PdlC-D6-20160726","[1654153]"
"CBN-PdlC-D6-20170816","[1654153, 1364068]"
"CBN-PdlC-D6-20170906","[1361801, 1396971]"
"CBN-PdlC-D6-20180723","[1359528, 1654153, 1393604]"
"CBN-PdlC-D6-20180815","[1654153, 1363016, 1363543, 1364006]"
"CBN-PdlC-D6-20180905","[1361801, 1654153, 1364068]"
"CBN-PdlC-D6-20190701","[1361801, 1363016]"
"CBN-PdlC-D6-20190722","[1654153, 1394630]"
"CBN-PdlC-D6-20190812","[1654153, 1364068]"
"CBN-PdlC-D6-20190909","[1361801]"
"CBN-PdlC-D6-20200722","[1361801, 1654153, 1364071]"
"CBN-PdlC-D6-20200812","[1654153]"
"CBN-PdlC-E1-20130723","[1396971, 1392299, 1361585]"
"CBN-PdlC-E1-20130807","[1393604, 1392487, 1396261]"
"CBN-PdlC-E1-20130903","[1517561]"
"CBN-PdlC-E1-20140630","[1392299, 1394636, 1361347]"
"CBN-PdlC-E1-20140721","[1358213]"
"CBN-PdlC-E1-20140811","[1396261, 1392299]"
"CBN-PdlC-E1-20140901","[1392299, 1361347, 1517561, 1396261]"
"CBN-PdlC-E1-20150701","[1392299, 1361801]"
"CBN-PdlC-E1-20150720","[1393604]"
"CBN-PdlC-E1-20150810","[1357317, 1396261, 1394636]"
"CBN-PdlC-E1-20150831","[1361585, 1396261]"
"CBN-PdlC-E1-20160705","[1361347]"
"CBN-PdlC-E1-20160726","[1361585, 1361347]"
"CBN-PdlC-E1-20170816","[1396261, 1400084, 1361347, 1396971, 1361585]"
"CBN-PdlC-E1-20170906","[1396971, 1361347, 1361585]"
"CBN-PdlC-E1-20180702","[1392299, 1396971]"
"CBN-PdlC-E1-20180723","[1392299, 1392535, 1396261, 1549015, 1361585]"
"CBN-PdlC-E1-20180815","[1396261, 1392299, 1361801, 1361389, 1394416]"
"CBN-PdlC-E1-20180905","[1361585, 1361347]"
"CBN-PdlC-E1-20190701","[1392299, 1393604, 1357317]"
"CBN-PdlC-E1-20190812","[1361585, 1396261, 1361347, 1396971, 1392067]"
"CBN-PdlC-E1-20190909","[1361347, 1361585, 1396261]"
"CBN-PdlC-E1-20200629","[1361585]"
"CBN-PdlC-E1-20200722","[1361585, 1392299, 1361347]"
"CBN-PdlC-E1-20200812","[1361389, 1396261, 1361585, 1361347]"
"CBN-PdlC-E2-20130723","[1393604, 1392299, 1361801, 1361347, 1396971, 1396261, 1361585]"
"CBN-PdlC-E2-20130807","[1392299, 1361347]"
"CBN-PdlC-E2-20130903","[1392299, 1396971]"
"CBN-PdlC-E2-20140630","[1361801, 1391868, 1361585]"
"CBN-PdlC-E2-20140721","[1392299]"
"CBN-PdlC-E2-20140811","[1392299, 1361347, 1400084, 1364068]"
"CBN-PdlC-E2-20140901","[1392299, 1361347, 1361585, 1400084, 1357060]"
"CBN-PdlC-E2-20150720","[1392299, 1400084]"
"CBN-PdlC-E2-20150810","[1392299, 1361585, 1400084, 1361091]"
"CBN-PdlC-E2-20150831","[1392299, 1393619, 1361347, 1722435, 1361585, 1400084, 1358003]"
"CBN-PdlC-E2-20160705","[1392299, 1361347, 1393604]"
"CBN-PdlC-E2-20160726","[1392299, 1361347, 1400084]"
"CBN-PdlC-E2-20170816","[1361347, 1392299]"
"CBN-PdlC-E2-20170906","[1361347, 1396971, 1361801, 1517561, 1361585]"
"CBN-PdlC-E2-20180702","[1392299, 1517561, 1361585, 1394416]"
"CBN-PdlC-E2-20180723","[1392299, 1393604]"
"CBN-PdlC-E2-20180815","[1392299]"
"CBN-PdlC-E2-20180905","[1361347, 1392299, 1361801]"
"CBN-PdlC-E2-20190701","[1394663]"
"CBN-PdlC-E2-20190812","[1392299, 1361585, 1361347, 1400084]"
"CBN-PdlC-E2-20190909","[1362951, 1361347, 1361585, 1392299]"
"CBN-PdlC-E2-20200629","[1361585, 1396971, 1361801]"
"CBN-PdlC-E2-20200722","[1392299, 1361347]"
"CBN-PdlC-E2-20200812","[1392299, 1361347, 1396971]"
"CBN-PdlC-E3-20130723","[1392299, 1394663, 1396971, 1654153, 1361347, 1361585, 1361801, 1391666]"
"CBN-PdlC-E3-20130807","[1392299, 1361347, 1363056]"
"CBN-PdlC-E3-20130903","[1392299, 1361347, 1361389, 1361585, 1356066, 1358501]"
"CBN-PdlC-E3-20140630","[1743235, 1361057, 1392299, 1361347, 1363526, 1391666, 1394416, 1361389]"
"CBN-PdlC-E3-20140721","[1392299, 1391666, 1361585]"
"CBN-PdlC-E3-20140811","[1392299, 1361585, 1363056, 1393604]"
"CBN-PdlC-E3-20140901","[1392299, 1400084, 1361389, 1361347, 1361585]"
"CBN-PdlC-E3-20150701","[1392299, 1393604, 1361585, 1361347]"
"CBN-PdlC-E3-20150720","[1392299, 1361347, 1654153, 1400084]"
"CBN-PdlC-E3-20150810","[1392299, 1400084, 1361585, 1361347, 1388990]"
"CBN-PdlC-E3-20150831","[1392299, 1361347, 1361389, 1361585]"
"CBN-PdlC-E3-20160705","[1392299, 1361592, 1361585, 1361347]"
"CBN-PdlC-E3-20160726","[1392299, 1400084, 1393604, 1361347, 1364068]"
"CBN-PdlC-E3-20170816","[1392299, 1361347, 1396971]"
"CBN-PdlC-E3-20170906","[1392299, 1361347, 1361057, 1517561, 1361233, 1361585, 1396971]"
"CBN-PdlC-E3-20180702","[1392299, 1654153, 1361347, 1361057, 1363016]"
"CBN-PdlC-E3-20180723","[1392299, 1394663, 1363016, 1393604]"
"CBN-PdlC-E3-20180815","[1392299, 1361389, 1394416, 1363056]"
"CBN-PdlC-E3-20180905","[1392299, 1361389, 1361347, 1396971, 1361585]"
"CBN-PdlC-E3-20190701","[1654153, 1363056, 1364071, 1392299, 1357317]"
"CBN-PdlC-E3-20190812","[1392299, 1361389, 1361585, 1364068, 1721513, 1396470]"
"CBN-PdlC-E3-20190909","[1392299, 1400084, 1361347, 1391666, 1361585, 1517561]"
"CBN-PdlC-E3-20200629","[1392299, 1361347, 1391666, 1654153, 1396971, 1393604]"
"CBN-PdlC-E3-20200722","[1392299, 1361592, 1393604, 1361347, 1400084, 1396971, 1361585, 1364068]"
"CBN-PdlC-E3-20200812","[1392299]"
"CBN-PdlC-E4-20130807","[1361914, 1397332]"
"CBN-PdlC-E4-20130903","[1400132, 1361801]"
"CBN-PdlC-E4-20140630","[1361347, 1363434, 1363526, 1363452, 1654153, 1390761, 1361389]"
"CBN-PdlC-E4-20140721","[1364068]"
"CBN-PdlC-E4-20140811","[1364068]"
"CBN-PdlC-E4-20140901","[1392299, 1394838, 1400084]"
"CBN-PdlC-E4-20150701","[1396971]"
"CBN-PdlC-E4-20150720","[1361592]"
"CBN-PdlC-E4-20150810","[1392299, 1361347, 1361585]"
"CBN-PdlC-E4-20160705","[1361592]"
"CBN-PdlC-E4-20160726","[1392299, 1364068, 1360222, 1361347]"
"CBN-PdlC-E4-20170816","[1517561, 1400084, 1396971, 1361585, 1392769, 1356397, 1361801, 1361233]"
"CBN-PdlC-E4-20170906","[1517561, 1363328, 1361585, 1396971, 1361233, 1361057]"
"CBN-PdlC-E4-20180702","[1394663, 1654153, 1361585, 1361801, 1391868]"
"CBN-PdlC-E4-20180723","[1361592, 1392299]"
"CBN-PdlC-E4-20180815","[1392299, 1394663, 1361389]"
"CBN-PdlC-E4-20180905","[1396971, 1361347, 1517561, 1394663, 1400084, 1361801, 1392299, 1392769, 1361233, 1356278]"
"CBN-PdlC-E4-20190701","[1654153, 1361801, 1394663]"
"CBN-PdlC-E4-20190812","[1363282, 1392299, 1400084]"
"CBN-PdlC-E4-20190909","[1517561, 1392769, 1392299, 1361233, 1361347, 1361057, 1392025]"
"CBN-PdlC-E4-20200629","[1396971, 1361801, 1363993, 1361592, 1364006, 1361347]"
"CBN-PdlC-E4-20200722","[1394663, 1397430, 1360307]"
"CBN-PdlC-E4-20200812","[1364068]"
"CBN-PdlC-E5-20130723","[1361801, 1396971, 1396261, 1361057, 1654153, 1388916, 1357317]"
"CBN-PdlC-E5-20130807","[1396261]"
"CBN-PdlC-E5-20130903","[1361585, 1396971, 1361347]"
"CBN-PdlC-E5-20140630","[1363016, 1361585, 1654153]"
"CBN-PdlC-E5-20140721","[1396261, 1357950, 1360222, 1397332]"
"CBN-PdlC-E5-20140811","[1396261, 1357950, 1357317, 1394636]"
"CBN-PdlC-E5-20150720","[1360312]"
"CBN-PdlC-E5-20150810","[1396261, 1360222, 1393604, 1357317]"
"CBN-PdlC-E5-20150831","[1667445, 1396261, 1357317]"
"CBN-PdlC-E5-20160705","[1359528, 1357317, 1654153, 1397332, 1393604, 1360222]"
"CBN-PdlC-E5-20160726","[1364071]"
"CBN-PdlC-E5-20170816","[1361801, 1517561, 1396261, 1396971, 1361347]"
"CBN-PdlC-E5-20170906","[1517561, 1396261, 1654153, 1361347, 1361801]"
"CBN-PdlC-E5-20180702","[1394663, 1654153, 1517561]"
"CBN-PdlC-E5-20180723","[1363993, 1396261, 1357317, 1393604, 1360222]"
"CBN-PdlC-E5-20180815","[1361801, 1396261, 1363993, 1654153, 1357317]"
"CBN-PdlC-E5-20180905","[1396261, 1654153, 1363993, 1393604, 1517561, 1364006]"
"CBN-PdlC-E5-20190722","[1654153, 1363993, 1364068, 1357317, 1356278, 1396261]"
"CBN-PdlC-E5-20190812","[1654153, 1517561, 1394636, 1393604, 1356067, 1360312, 1364068]"
"CBN-PdlC-E5-20190909","[1517561, 1396261]"
"CBN-PdlC-E5-20200629","[1654153, 1364071, 1393604, 1357317]"
"CBN-PdlC-E5-20200722","[1357317, 1396261, 1363993]"
"CBN-PdlC-E5-20200812","[1357317, 1364071]"
"CBN-PdlC-E6-20130723","[1361801, 1394663, 1361057]"
"CBN-PdlC-E6-20130807","[1396971, 1363993, 1393604, 1397332]"
"CBN-PdlC-E6-20130903","[1393604, 1364068]"
"CBN-PdlC-E6-20140630","[1361057, 1426088, 1394663]"
"CBN-PdlC-E6-20140721","[1393604, 1364071]"
"CBN-PdlC-E6-20140811","[1364068]"
"CBN-PdlC-E6-20150701","[1364071, 1360312]"
"CBN-PdlC-E6-20150720","[1361801]"
"CBN-PdlC-E6-20150810","[1396858, 1361801, 1654153]"
"CBN-PdlC-E6-20150831","[1361801]"
"CBN-PdlC-E6-20160705","[1397332, 1364071]"
"CBN-PdlC-E6-20160726","[1364068]"
"CBN-PdlC-E6-20170816","[1654153, 1517561, 1396971, 1361801]"
"CBN-PdlC-E6-20170906","[1396971, 1517561, 1654153]"
"CBN-PdlC-E6-20180702","[1394663, 1396971]"
"CBN-PdlC-E6-20180723","[1364006, 1363993, 1396261, 1364071]"
"CBN-PdlC-E6-20180815","[1517561, 1654153, 1361801]"
"CBN-PdlC-E6-20180905","[1517561]"
"CBN-PdlC-E6-20190722","[1363993, 1360312, 1654153]"
"CBN-PdlC-E6-20190812","[1654153, 1393604, 1364068]"
"CBN-PdlC-E6-20190909","[1517561, 1402995, 1654153]"
"CBN-PdlC-E6-20200629","[1361801, 1396971, 1394663]"
"CBN-PdlC-E6-20200722","[1394636]"
"CBN-PdlC-E6-20200812","[1667445, 1364071, 1361801, 1396971]"
"CBN-PdlC-F1-20130723","[1393604]"
"CBN-PdlC-F1-20130807","[1393604, 1356109]"
"CBN-PdlC-F1-20130903","[1393604]"
"CBN-PdlC-F1-20140630","[1357060]"
"CBN-PdlC-F1-20140721","[1361585]"
"CBN-PdlC-F1-20140811","[1364068]"
"CBN-PdlC-F1-20140901","[1361585]"
"CBN-PdlC-F1-20150701","[1361585]"
"CBN-PdlC-F1-20150720","[1654153]"
"CBN-PdlC-F1-20150810","[1364068]"
"CBN-PdlC-F1-20150831","[1361347]"
"CBN-PdlC-F1-20160705","[1654153]"
"CBN-PdlC-F1-20160726","[1393604]"
"CBN-PdlC-F1-20170816","[1361347]"
"CBN-PdlC-F1-20170906","[1361585, 1359973, 1391868, 1396971]"
"CBN-PdlC-F1-20180702","[1361585]"
"CBN-PdlC-F1-20180723","[1364068]"
"CBN-PdlC-F1-20180815","[1364068, 1654153]"
"CBN-PdlC-F1-20180905","[1361585, 1396971, 1363452]"
"CBN-PdlC-F1-20190701","[1393604]"
"CBN-PdlC-F1-20190812","[1517561, 1361347, 1361914, 1361585, 1400084]"
"CBN-PdlC-F1-20190909","[1361347, 1361585]"
"CBN-PdlC-F1-20200629","[1361585]"
"CBN-PdlC-F1-20200722","[1392299, 1361585, 1361347, 1361914]"
"CBN-PdlC-F1-20200812","[1361347, 1361585]"
"CBN-PdlC-F2-20130723","[1361585, 1393604]"
"CBN-PdlC-F2-20130807","[1361585, 1393604, 1396971]"
"CBN-PdlC-F2-20130903","[1392299, 1361347]"
"CBN-PdlC-F2-20140630","[1361585, 1361347, 1357060, 1392299, 1363452]"
"CBN-PdlC-F2-20140721","[1392299]"
"CBN-PdlC-F2-20140811","[1392299]"
"CBN-PdlC-F2-20140901","[1361347, 1392299, 1361585]"
"CBN-PdlC-F2-20150701","[1392299, 1361585]"
"CBN-PdlC-F2-20150720","[1361585]"
"CBN-PdlC-F2-20150810","[1361347, 1392299, 1361585]"
"CBN-PdlC-F2-20150831","[1392299, 1361347]"
"CBN-PdlC-F2-20160705","[1361347, 1393604, 1392299]"
"CBN-PdlC-F2-20160726","[1361347, 1393604]"
"CBN-PdlC-F2-20170906","[1361585, 1361347, 1517561, 1396971, 1396261]"
"CBN-PdlC-F2-20180702","[1361585]"
"CBN-PdlC-F2-20180723","[1393604, 1361801]"
"CBN-PdlC-F2-20180815","[1392299, 1517561, 1396261]"
"CBN-PdlC-F2-20180905","[1392299, 1396971, 1391868]"
"CBN-PdlC-F2-20190701","[1357317]"
"CBN-PdlC-F2-20190812","[1361585, 1654153, 1400084, 1361347]"
"CBN-PdlC-F2-20190909","[1361347, 1361585]"
"CBN-PdlC-F2-20200629","[1654153]"
"CBN-PdlC-F2-20200722","[1361347]"
"CBN-PdlC-F2-20200812","[1517561]"
"CBN-PdlC-F3-20130723","[1392299, 1396261, 1394663, 1361347, 1361585, 1391666, 1361801]"
"CBN-PdlC-F3-20130807","[1392299, 1361585, 1654153, 1361801, 1361914, 1363056]"
"CBN-PdlC-F3-20130903","[1392299, 1361585, 1361347, 1394663, 1654153]"
"CBN-PdlC-F3-20140630","[1392299, 1654153, 1363016, 1394663, 1361347, 1361057, 1396838, 1358746, 1361585, 1363526]"
"CBN-PdlC-F3-20140721","[1392299, 1361074, 1394663, 1391666, 1361585]"
"CBN-PdlC-F3-20140811","[1392299, 1361585, 1361347, 1360307, 1654153]"
"CBN-PdlC-F3-20140901","[1392299, 1396261, 1361347, 1396971, 1400084, 1360307, 1361585]"
"CBN-PdlC-F3-20150701","[1392299, 1391666, 1361592, 1361074]"
"CBN-PdlC-F3-20150720","[1392299, 1391666, 1361074, 1361347, 1361585]"
"CBN-PdlC-F3-20150810","[1392299, 1361801, 1396971, 1400084, 1363328, 1396838]"
"CBN-PdlC-F3-20150831","[1392299, 1361585, 1361347, 1396838, 1391666]"
"CBN-PdlC-F3-20160705","[1361592, 1361347, 1361585, 1392299, 1361074]"
"CBN-PdlC-F3-20160726","[1392299, 1400084, 1361347, 1361585]"
"CBN-PdlC-F3-20170816","[1361347, 1392299, 1361801, 1396971, 1361585, 1400084]"
"CBN-PdlC-F3-20170906","[1667445, 1392299, 1396971, 1361585, 1361057, 1361347, 1396838]"
"CBN-PdlC-F3-20180702","[1361074, 1392299, 1361347, 1358746, 1394663, 1391666]"
"CBN-PdlC-F3-20180723","[1392299, 1394663, 1391666, 1361914]"
"CBN-PdlC-F3-20180815","[1392299, 1363328, 1360307, 1394416]"
"CBN-PdlC-F3-20180905","[1392299, 1361347, 1361585, 1358003, 1396971]"
"CBN-PdlC-F3-20190701","[1392299, 1394663, 1654153]"
"CBN-PdlC-F3-20190722","[1392299, 1361914, 1400084, 1361347, 1361585]"
"CBN-PdlC-F3-20190812","[1392299, 1361585, 1400084, 1361914, 1391666, 1361347]"
"CBN-PdlC-F3-20190909","[1361347, 1392299, 1400084, 1361585, 1392067]"
"CBN-PdlC-F3-20200629","[1392299, 1361347, 1391666, 1393604, 1361585]"
"CBN-PdlC-F3-20200722","[1392299, 1361592, 1361347, 1392587]"
"CBN-PdlC-F3-20200812","[1392299, 1361347, 1392067, 1361585, 1396838]"
"CBN-PdlC-F4-20130723","[1396261, 1361347]"
"CBN-PdlC-F4-20130807","[1363993, 1393604, 1364006, 1396971, 1394636, 1360312]"
"CBN-PdlC-F4-20130903","[1364006, 1361801, 1426068, 1359528, 1396971]"
"CBN-PdlC-F4-20140630","[1654153, 1363016, 1357317]"
"CBN-PdlC-F4-20140811","[1394636, 1392299, 1357317, 1363993]"
"CBN-PdlC-F4-20140901","[1357950, 1363993, 1397387, 1358746]"
"CBN-PdlC-F4-20150701","[1361592, 1396261, 1356066, 1360312, 1394630, 1364006, 1360222]"
"CBN-PdlC-F4-20150720","[1396261, 1364006, 1396971]"
"CBN-PdlC-F4-20150810","[1364006, 1363056, 1392299, 1396261, 1361592, 1394636]"
"CBN-PdlC-F4-20150831","[1361347, 1396261, 1361585]"
"CBN-PdlC-F4-20160705","[1361592, 1392299, 1357148, 1396261, 1394663]"
"CBN-PdlC-F4-20160726","[1392299, 1361592, 1393604, 1394636, 1360307]"
"CBN-PdlC-F4-20170816","[1392769, 1517561, 1392299, 1396971, 1363993, 1361347, 1361233]"
"CBN-PdlC-F4-20170906","[1392769, 1361233, 1517561, 1396261, 1361347]"
"CBN-PdlC-F4-20180702","[1654153, 1394663, 1363056, 1357317, 1360312, 1392299, 1391666]"
"CBN-PdlC-F4-20180723","[1392299, 1361592, 1396261]"
"CBN-PdlC-F4-20180815","[1392299, 1361389, 1364006, 1360307, 1363993]"
"CBN-PdlC-F4-20180905","[1361347, 1361233, 1358003, 1392299, 1391666, 1396971, 1392769, 1400084]"
"CBN-PdlC-F4-20190701","[1396261, 1654153, 1361592, 1397332, 1397387]"
"CBN-PdlC-F4-20190722","[1392299, 1361592, 1654153, 1394636]"
"CBN-PdlC-F4-20190812","[1400084, 1364006, 1363056]"
"CBN-PdlC-F4-20190909","[1392299, 1396971, 1361233, 1400084, 1361347, 1396261, 1360307]"
"CBN-PdlC-F4-20200629","[1394663, 1361592, 1654153, 1394636, 1396261]"
"CBN-PdlC-F4-20200722","[1361592, 1392299, 1396261, 1394636, 1364006]"
"CBN-PdlC-F4-20200812","[1361389, 1396971, 1394636, 1396261, 1392299, 1363056]"
"CBN-PdlC-F5-20130723","[1363993, 1517561, 1396261, 1654153, 1392299, 1394884]"
"CBN-PdlC-F5-20130903","[1392299, 1356200, 1363016]"
"CBN-PdlC-F5-20140630","[1361057, 1654153, 1363016, 1394663, 1361585]"
"CBN-PdlC-F5-20140721","[1396261, 1393604]"
"CBN-PdlC-F5-20140811","[1392299, 1364068]"
"CBN-PdlC-F5-20150701","[1517561, 1394636]"
"CBN-PdlC-F5-20150720","[1396261, 1517561]"
"CBN-PdlC-F5-20150810","[1364006, 1396261, 1361347, 1517561, 1396971, 1654153]"
"CBN-PdlC-F5-20150831","[1361347]"
"CBN-PdlC-F5-20160705","[1396261, 1654153, 1357317, 1363016, 1394636]"
"CBN-PdlC-F5-20160726","[1361347]"
"CBN-PdlC-F5-20170816","[1517561, 1363993, 1361347]"
"CBN-PdlC-F5-20170906","[1361347, 1396971]"
"CBN-PdlC-F5-20180702","[1361801, 1396971, 1394663, 1396261, 1654153, 1357317]"
"CBN-PdlC-F5-20180723","[1392299, 1396261, 1654153, 1361050, 1360307]"
"CBN-PdlC-F5-20180815","[1654153, 1361389, 1517561, 1363993, 1394416, 1363016, 1364006]"
"CBN-PdlC-F5-20180905","[1361347, 1517561, 1363993, 1654153, 1360312]"
"CBN-PdlC-F5-20190722","[1392299, 1363993, 1363475, 1363056]"
"CBN-PdlC-F5-20190812","[1392299, 1394636]"
"CBN-PdlC-F5-20190909","[1654153, 1361347, 1363016, 1392299]"
"CBN-PdlC-F5-20200629","[1396971]"
"CBN-PdlC-F5-20200722","[1392299, 1364006]"
"CBN-PdlC-F5-20200812","[1743235, 1364006]"
"CBN-PdlC-F6-20130723","[1390761, 1361057, 1517561, 1363993, 1396261, 1361090, 1654153, 1361055]"
"CBN-PdlC-F6-20130807","[1517561]"
"CBN-PdlC-F6-20130903","[1390761, 1364006, 1363993, 1361347, 1392299]"
"CBN-PdlC-F6-20140630","[1654153, 1361057, 1392299, 1363016, 1361233]"
"CBN-PdlC-F6-20140721","[1364068]"
"CBN-PdlC-F6-20140811","[1392299]"
"CBN-PdlC-F6-20150701","[1654153, 1394636]"
"CBN-PdlC-F6-20150720","[1361347]"
"CBN-PdlC-F6-20150810","[1390761, 1517561]"
"CBN-PdlC-F6-20150831","[1743235]"
"CBN-PdlC-F6-20160705","[1363016, 1654153]"
"CBN-PdlC-F6-20160726","[1517561, 1360312]"
"CBN-PdlC-F6-20170816","[1517561, 1361347]"
"CBN-PdlC-F6-20170906","[1517561, 1361347]"
"CBN-PdlC-F6-20180702","[1654153]"
"CBN-PdlC-F6-20180723","[1363016, 1363993]"
"CBN-PdlC-F6-20180815","[1361389, 1517561, 1654153, 1394416]"
"CBN-PdlC-F6-20180905","[1517561, 1361347]"
"CBN-PdlC-F6-20190722","[1363993]"
"CBN-PdlC-F6-20190812","[1517561, 1361347]"
"CBN-PdlC-F6-20190909","[1743235, 1361347]"
"CBN-PdlC-F6-20200629","[1361347, 1654153]"
"CBN-PdlC-F6-20200722","[1396261]"
"CBN-PdlC-F6-20200812","[1743235]"
"CBN-Pla-A1-20130808","[1396971, 1361347, 1361585]"
"CBN-Pla-A1-20130904","[1392299, 1396971, 1361347]"
"CBN-Pla-A1-20140722","[1396971, 1361057, 1654153, 1363016]"
"CBN-Pla-A1-20140812","[1392299]"
"CBN-Pla-A1-20140902","[1392299, 1396971]"
"CBN-Pla-A1-20150702","[1396971, 1361347, 1361585, 1361057]"
"CBN-Pla-A1-20150723","[1392299, 1396971, 1358517, 1654153, 1393604]"
"CBN-Pla-A1-20150811","[1392299]"
"CBN-Pla-A1-20150901","[1396971, 1361347]"
"CBN-Pla-A1-20160707","[1396971, 1361347]"
"CBN-Pla-A1-20160728","[1392299, 1361347]"
"CBN-Pla-A1-20180724","[1396971, 1361347, 1743235, 1361057]"
"CBN-Pla-A1-20180816","[1392299]"
"CBN-Pla-A1-20180906","[1392299]"
"CBN-Pla-A1-20190723","[1396971, 1392299]"
"CBN-Pla-A1-20190814","[1392299, 1517561]"
"CBN-Pla-A1-20200630","[1362592]"
"CBN-Pla-A1-20200723","[1396971, 1392299, 1394636]"
"CBN-Pla-A1-20200814","[1392299, 1396971, 1654153, 1361914, 1361389]"
"CBN-Pla-A2-20130724","[1361347]"
"CBN-Pla-A2-20130808","[1361347]"
"CBN-Pla-A2-20130904","[1361585]"
"CBN-Pla-A2-20140722","[1361347]"
"CBN-Pla-A2-20140812","[1392299]"
"CBN-Pla-A2-20140902","[1392299]"
"CBN-Pla-A2-20150702","[1361347, 1361585]"
"CBN-Pla-A2-20150723","[1392299]"
"CBN-Pla-A2-20150811","[1392299, 1361347]"
"CBN-Pla-A2-20150901","[1392299, 1361347, 1361585]"
"CBN-Pla-A2-20160707","[1361347, 1361585]"
"CBN-Pla-A2-20160728","[1361347]"
"CBN-Pla-A2-20180724","[1361347, 1363526, 1361057]"
"CBN-Pla-A2-20180816","[1392299]"
"CBN-Pla-A2-20180906","[1392299, 1361389, 1361585, 1654153]"
"CBN-Pla-A2-20190723","[1392299, 1654153]"
"CBN-Pla-A2-20190814","[1392299, 1361389, 1394416]"
"CBN-Pla-A2-20200723","[1392299, 1654153]"
"CBN-Pla-A2-20200814","[1392299]"
"CBN-Pla-A3-20130724","[1397383]"
"CBN-Pla-A3-20130808","[1361585]"
"CBN-Pla-A3-20130904","[1392299]"
"CBN-Pla-A3-20140722","[1394414]"
"CBN-Pla-A3-20140812","[1654153]"
"CBN-Pla-A3-20140902","[1392299]"
"CBN-Pla-A3-20150702","[1392632]"
"CBN-Pla-A3-20150723","[1364006]"
"CBN-Pla-A3-20150811","[1361347]"
"CBN-Pla-A3-20150901","[1361347]"
"CBN-Pla-A3-20160707","[1361585, 1392632]"
"CBN-Pla-A3-20160728","[1364071]"
"CBN-Pla-A3-20180724","[1392632]"
"CBN-Pla-A3-20180816","[1392299]"
"CBN-Pla-A3-20180906","[1361347]"
"CBN-Pla-A3-20190723","[1654153]"
"CBN-Pla-A3-20190814","[1392299]"
"CBN-Pla-A3-20200723","[1393604]"
"CBN-Pla-A3-20200814","[1654153, 1361347, 1392299]"
"CBN-Pla-A4-20130724","[1361801]"
"CBN-Pla-A4-20130808","[1654153]"
"CBN-Pla-A4-20130904","[1360307]"
"CBN-Pla-A4-20140722","[1361585, 1363452, 1359973, 1361801, 1361347]"
"CBN-Pla-A4-20140812","[1654153]"
"CBN-Pla-A4-20140902","[1654153]"
"CBN-Pla-A4-20150702","[1361347, 1654153, 1361585]"
"CBN-Pla-A4-20150723","[1654153]"
"CBN-Pla-A4-20150811","[1654153]"
"CBN-Pla-A4-20150901","[1361585]"
"CBN-Pla-A4-20160707","[1392299, 1361347, 1361585, 1392632]"
"CBN-Pla-A4-20160728","[1392299, 1361347]"
"CBN-Pla-A4-20180724","[1361347]"
"CBN-Pla-A4-20180816","[1364071]"
"CBN-Pla-A4-20180906","[1392299, 1361347]"
"CBN-Pla-A4-20190723","[1654153, 1392299, 1364071, 1364068]"
"CBN-Pla-A4-20190814","[1392299]"
"CBN-Pla-A4-20200723","[1392299, 1364068]"
"CBN-Pla-A4-20200814","[1392299, 1364068]"
"CBN-Pla-A5-20130724","[1361057, 1394416, 1361801]"
"CBN-Pla-A5-20130808","[1361585]"
"CBN-Pla-A5-20130904","[1392632]"
"CBN-Pla-A5-20140722","[1743235, 1361347]"
"CBN-Pla-A5-20140812","[1361585]"
"CBN-Pla-A5-20140902","[1392299]"
"CBN-Pla-A5-20150702","[1361585, 1361347, 1363452]"
"CBN-Pla-A5-20150723","[1392632]"
"CBN-Pla-A5-20150811","[1364071]"
"CBN-Pla-A5-20160707","[1392632, 1361585]"
"CBN-Pla-A5-20160728","[1364068]"
"CBN-Pla-A5-20180724","[1743235, 1361801, 1361347]"
"CBN-Pla-A5-20180816","[1654153]"
"CBN-Pla-A5-20180906","[1361585]"
"CBN-Pla-A5-20190723","[1654153, 1364068]"
"CBN-Pla-A5-20190814","[1364071]"
"CBN-Pla-A5-20200723","[1364068]"
"CBN-Pla-A5-20200814","[1392299, 1517561]"
"CBN-Pla-A6-20130724","[1361057]"
"CBN-Pla-A6-20130808","[1654153]"
"CBN-Pla-A6-20130904","[1654153]"
"CBN-Pla-A6-20140722","[1361347]"
"CBN-Pla-A6-20140812","[1364071]"
"CBN-Pla-A6-20140902","[1364071]"
"CBN-Pla-A6-20150702","[1361585, 1397406, 1361347]"
"CBN-Pla-A6-20150723","[1392632]"
"CBN-Pla-A6-20150811","[1517561]"
"CBN-Pla-A6-20150901","[1392632]"
"CBN-Pla-A6-20160707","[1361585, 1737507, 1392632]"
"CBN-Pla-A6-20160728","[1364068]"
"CBN-Pla-A6-20180724","[1361347, 1654153]"
"CBN-Pla-A6-20180816","[1392299]"
"CBN-Pla-A6-20180906","[1392299, 1361347]"
"CBN-Pla-A6-20190723","[1654153]"
"CBN-Pla-A6-20190814","[1392299, 1361347]"
"CBN-Pla-A6-20200723","[1360222]"
"CBN-Pla-A6-20200814","[1654153]"
"CBN-Pla-B1-20130724","[1361389]"
"CBN-Pla-B1-20130808","[1393604]"
"CBN-Pla-B1-20130904","[1392299]"
"CBN-Pla-B1-20140722","[1654153, 1361057, 1363526, 1363016, 1390761]"
"CBN-Pla-B1-20140812","[1654153]"
"CBN-Pla-B1-20140902","[1392299, 1654153]"
"CBN-Pla-B1-20150702","[1361347, 1361057, 1654153, 1361585]"
"CBN-Pla-B1-20150723","[1654153, 1392299]"
"CBN-Pla-B1-20150811","[1392299, 1654153]"
"CBN-Pla-B1-20150901","[1361585, 1361347]"
"CBN-Pla-B1-20160707","[1392299, 1361347, 1361389]"
"CBN-Pla-B1-20160728","[1392299, 1394416]"
"CBN-Pla-B1-20180724","[1361347]"
"CBN-Pla-B1-20180816","[1392299, 1654153]"
"CBN-Pla-B1-20180906","[1392299, 1361347]"
"CBN-Pla-B1-20190723","[1392299]"
"CBN-Pla-B1-20190814","[1392299, 1363476, 1363475]"
"CBN-Pla-B1-20200630","[1722444, 1364037]"
"CBN-Pla-B1-20200723","[1392299, 1654153]"
"CBN-Pla-B1-20200814","[1392299, 1654153, 1394416, 1388990]"
"CBN-Pla-B2-20130724","[1359937]"
"CBN-Pla-B2-20130808","[1393604]"
"CBN-Pla-B2-20130904","[1392299, 1654153]"
"CBN-Pla-B2-20140722","[1361347]"
"CBN-Pla-B2-20140812","[1654153]"
"CBN-Pla-B2-20140902","[1392299, 1654153]"
"CBN-Pla-B2-20150702","[1361347, 1361585, 1654153]"
"CBN-Pla-B2-20150723","[1392299]"
"CBN-Pla-B2-20150811","[1392299]"
"CBN-Pla-B2-20150901","[1361347]"
"CBN-Pla-B2-20160707","[1361347, 1361585, 1392299]"
"CBN-Pla-B2-20160728","[1654153, 1392299]"
"CBN-Pla-B2-20180724","[1743235]"
"CBN-Pla-B2-20180816","[1392299]"
"CBN-Pla-B2-20180906","[1392299, 1361585]"
"CBN-Pla-B2-20190723","[1392299, 1654153]"
"CBN-Pla-B2-20190814","[1392299]"
"CBN-Pla-B2-20200723","[1392299]"
"CBN-Pla-B2-20200814","[1392299]"
"CBN-Pla-B3-20130724","[1358003]"
"CBN-Pla-B3-20130808","[1361347]"
"CBN-Pla-B3-20130904","[1654153, 1392299]"
"CBN-Pla-B3-20140722","[1361389, 1743235, 1361347]"
"CBN-Pla-B3-20140812","[1361585, 1361347]"
"CBN-Pla-B3-20140902","[1392299, 1654153, 1363016]"
"CBN-Pla-B3-20150811","[1392299, 1361347]"
"CBN-Pla-B3-20150901","[1361347, 1392299, 1361585]"
"CBN-Pla-B3-20160707","[1361347]"
"CBN-Pla-B3-20160728","[1392299, 1361347, 1654153]"
"CBN-Pla-B3-20180724","[1743235, 1361347, 1363434, 1363452]"
"CBN-Pla-B3-20180816","[1392299, 1743235, 1363434]"
"CBN-Pla-B3-20180906","[1392299, 1361585, 1361347]"
"CBN-Pla-B3-20190723","[1392299]"
"CBN-Pla-B3-20190814","[1392299, 1388990, 1743235]"
"CBN-Pla-B3-20200723","[1361347]"
"CBN-Pla-B3-20200814","[1392299, 1388990]"
"CBN-Pla-B4-20130724","[1361347, 1361389, 1361057]"
"CBN-Pla-B4-20130808","[1392299, 1361347]"
"CBN-Pla-B4-20130904","[1392299, 1654153, 1361347, 1357317]"
"CBN-Pla-B4-20140722","[1654153, 1361057, 1361389, 1394416, 1361347, 1363526, 1743235]"
"CBN-Pla-B4-20140812","[1392299, 1654153]"
"CBN-Pla-B4-20140902","[1392299, 1654153]"
"CBN-Pla-B4-20150702","[1361347, 1654153, 1363016, 1392299]"
"CBN-Pla-B4-20150723","[1392299, 1654153, 1357317]"
"CBN-Pla-B4-20150811","[1392299, 1517561, 1361347]"
"CBN-Pla-B4-20150901","[1392299, 1361347, 1361585, 1654153]"
"CBN-Pla-B4-20160707","[1361347, 1654153, 1363016, 1392299]"
"CBN-Pla-B4-20160728","[1392299, 1363016, 1361347, 1654153]"
"CBN-Pla-B4-20180724","[1361347, 1654153, 1361389, 1743235, 1394416, 1361057, 1390761]"
"CBN-Pla-B4-20180816","[1392299, 1361347]"
"CBN-Pla-B4-20180906","[1361347, 1392299, 1361585, 1400084]"
"CBN-Pla-B4-20190723","[1392299]"
"CBN-Pla-B4-20190814","[1392299, 1654153]"
"CBN-Pla-B4-20200723","[1392299, 1361347]"
"CBN-Pla-B4-20200814","[1392299]"
"CBN-Pla-B5-20130724","[1361057]"
"CBN-Pla-B5-20130808","[1364071]"
"CBN-Pla-B5-20130904","[1393604]"
"CBN-Pla-B5-20140722","[1654153, 1363016]"
"CBN-Pla-B5-20140812","[1654153]"
"CBN-Pla-B5-20140902","[1392299]"
"CBN-Pla-B5-20150702","[1361347, 1361585, 1396971]"
"CBN-Pla-B5-20150723","[1392299]"
"CBN-Pla-B5-20150811","[1392299]"
"CBN-Pla-B5-20150901","[1363016]"
"CBN-Pla-B5-20160707","[1392299]"
"CBN-Pla-B5-20160728","[1361801]"
"CBN-Pla-B5-20180724","[1363526, 1363016, 1654153]"
"CBN-Pla-B5-20180816","[1364068]"
"CBN-Pla-B5-20180906","[1392299]"
"CBN-Pla-B5-20190723","[1654153]"
"CBN-Pla-B5-20190814","[1392299, 1361347, 1361585]"
"CBN-Pla-B5-20200723","[1392299]"
"CBN-Pla-B5-20200814","[1392299, 1654153, 1390778]"
"CBN-Pla-B6-20130724","[1654153, 1361801]"
"CBN-Pla-B6-20130808","[1392299]"
"CBN-Pla-B6-20130904","[1392299]"
"CBN-Pla-B6-20140722","[1361347, 1361389, 1392299, 1363016, 1654153]"
"CBN-Pla-B6-20140812","[1654153, 1392299, 1363016, 1359973]"
"CBN-Pla-B6-20140902","[1392299, 1654153, 1517561]"
"CBN-Pla-B6-20150702","[1392299, 1361347, 1361585]"
"CBN-Pla-B6-20150723","[1392299, 1361347]"
"CBN-Pla-B6-20150811","[1392299, 1361347]"
"CBN-Pla-B6-20150901","[1361347, 1392299]"
"CBN-Pla-B6-20160707","[1392299, 1361347, 1363016]"
"CBN-Pla-B6-20160728","[1392299, 1361347]"
"CBN-Pla-B6-20180816","[1392299, 1364071]"
"CBN-Pla-B6-20180906","[1392299, 1361389]"
"CBN-Pla-B6-20190723","[1392299, 1654153]"
"CBN-Pla-B6-20190814","[1392299, 1361347]"
"CBN-Pla-B6-20200723","[1392299, 1363016, 1654153, 1394416]"
"CBN-Pla-B6-20200814","[1392299]"
"CBN-Pla-C1-20130808","[1361585, 1361347]"
"CBN-Pla-C1-20130904","[1392299, 1361389, 1654153]"
"CBN-Pla-C1-20150702","[1363016, 1392299, 1654153, 1363526, 1388990]"
"CBN-Pla-C1-20150723","[1654153, 1392299, 1363455, 1363016, 1357317, 1393604]"
"CBN-Pla-C1-20150811","[1392299, 1654153, 1361389]"
"CBN-Pla-C1-20150901","[1392299, 1361585, 1361347]"
"CBN-Pla-C1-20160707","[1392299, 1654153, 1361347, 1363016]"
"CBN-Pla-C1-20160728","[1392299, 1654153, 1363016]"
"CBN-Pla-C1-20180816","[1392299, 1654153, 1361389]"
"CBN-Pla-C1-20180906","[1392299, 1393604, 1361389]"
"CBN-Pla-C1-20190723","[1392299, 1654153]"
"CBN-Pla-C1-20190814","[1392299, 1394416]"
"CBN-Pla-C1-20200723","[1363016, 1392299, 1654153, 1361389, 1364071]"
"CBN-Pla-C1-20200814","[1392299]"
"CBN-Pla-C2-20130808","[1361347, 1392299, 1361585, 1654153]"
"CBN-Pla-C2-20130904","[1392299, 1517561, 1363016, 1361347]"
"CBN-Pla-C2-20140722","[1361057, 1361347, 1390761, 1361389]"
"CBN-Pla-C2-20140902","[1392299, 1363016, 1654153]"
"CBN-Pla-C2-20150702","[1363016, 1361585, 1361347, 1392299, 1654153, 1361057]"
"CBN-Pla-C2-20150723","[1392299, 1654153, 1363016, 1361389]"
"CBN-Pla-C2-20150811","[1392299, 1361347, 1654153]"
"CBN-Pla-C2-20150901","[1392299, 1361347, 1361585]"
"CBN-Pla-C2-20160707","[1392299, 1654153, 1361347, 1363016]"
"CBN-Pla-C2-20160728","[1392299, 1654153, 1363016, 1361347]"
"CBN-Pla-C2-20180724","[1388990, 1361347, 1361057]"
"CBN-Pla-C2-20180816","[1392299, 1654153, 1361077]"
"CBN-Pla-C2-20180906","[1392299, 1400084, 1394636]"
"CBN-Pla-C2-20190723","[1654153, 1363016, 1392299]"
"CBN-Pla-C2-20190814","[1392299, 1654153, 1361914, 1363016]"
"CBN-Pla-C2-20200723","[1392299, 1654153, 1363016]"
"CBN-Pla-C2-20200814","[1392299, 1388990, 1361347]"
"CBN-Pla-C3-20130808","[1392299, 1361389, 1361347]"
"CBN-Pla-C3-20130904","[1392299, 1654153, 1361389, 1363016]"
"CBN-Pla-C3-20140722","[1361389, 1363016, 1363526, 1358003, 1390761]"
"CBN-Pla-C3-20140902","[1392299, 1363016, 1654153, 1361585]"
"CBN-Pla-C3-20150702","[1363016, 1654153, 1392299, 1361585]"
"CBN-Pla-C3-20150723","[1392299, 1654153, 1363016, 1361347]"
"CBN-Pla-C3-20150811","[1392299, 1654153, 1361347]"
"CBN-Pla-C3-20150901","[1392299, 1361347, 1361585]"
"CBN-Pla-C3-20160707","[1654153, 1392299, 1363016, 1361347]"
"CBN-Pla-C3-20160728","[1392299, 1361382]"
"CBN-Pla-C3-20180724","[1361347, 1361585, 1361057]"
"CBN-Pla-C3-20180816","[1361585]"
"CBN-Pla-C3-20180906","[1392299, 1361585]"
"CBN-Pla-C3-20190723","[1654153]"
"CBN-Pla-C3-20190814","[1392299, 1654153]"
"CBN-Pla-C3-20200723","[1654153, 1363016]"
"CBN-Pla-C3-20200814","[1392299]"
"CBN-Pla-C4-20130808","[1361585, 1654153]"
"CBN-Pla-C4-20130904","[1392299, 1654153, 1361347, 1361914]"
"CBN-Pla-C4-20140902","[1392299, 1654153]"
"CBN-Pla-C4-20150702","[1361347, 1361585, 1363016, 1361057, 1654153]"
"CBN-Pla-C4-20150723","[1392299, 1654153]"
"CBN-Pla-C4-20150811","[1361585]"
"CBN-Pla-C4-20150901","[1361585, 1392299, 1361347]"
"CBN-Pla-C4-20160707","[1361347, 1654153]"
"CBN-Pla-C4-20160728","[1392299, 1361347, 1361914]"
"CBN-Pla-C4-20180724","[1361347]"
"CBN-Pla-C4-20180816","[1361585, 1654153]"
"CBN-Pla-C4-20180906","[1392299, 1361585, 1364068, 1361347]"
"CBN-Pla-C4-20190723","[1654153]"
"CBN-Pla-C4-20190814","[1392299, 1361347]"
"CBN-Pla-C4-20200723","[1392299, 1654153]"
"CBN-Pla-C4-20200814","[1361585, 1361347]"
"CBN-Pla-C5-20130808","[1361347, 1361585, 1392299]"
"CBN-Pla-C5-20130904","[1392299, 1361347]"
"CBN-Pla-C5-20140722","[1361347, 1361585, 1361057]"
"CBN-Pla-C5-20140902","[1392299, 1361585]"
"CBN-Pla-C5-20150702","[1361585, 1361347, 1737507, 1392299]"
"CBN-Pla-C5-20150723","[1392299, 1654153, 1364068]"
"CBN-Pla-C5-20150811","[1392299, 1361347, 1400084]"
"CBN-Pla-C5-20150901","[1392299, 1361585, 1361347]"
"CBN-Pla-C5-20160707","[1654153, 1361347]"
"CBN-Pla-C5-20160728","[1392299, 1361347, 1654153, 1361077]"
"CBN-Pla-C5-20180724","[1361347, 1361585, 1361057]"
"CBN-Pla-C5-20180816","[1361347, 1392299, 1361585]"
"CBN-Pla-C5-20180906","[1361585, 1361347, 1392299, 1363452]"
"CBN-Pla-C5-20190723","[1654153, 1357317]"
"CBN-Pla-C5-20190814","[1392299]"
"CBN-Pla-C5-20200723","[1361347]"
"CBN-Pla-C5-20200814","[1392299]"
"CBN-Pla-C6-20130808","[1361347, 1361585]"
"CBN-Pla-C6-20130904","[1392299, 1361347]"
"CBN-Pla-C6-20140902","[1392299]"
"CBN-Pla-C6-20150702","[1361347, 1361585, 1392299]"
"CBN-Pla-C6-20150723","[1392299, 1654153, 1363016, 1361347]"
"CBN-Pla-C6-20150811","[1392299, 1654153, 1361347]"
"CBN-Pla-C6-20150901","[1392299, 1361347, 1361585]"
"CBN-Pla-C6-20160707","[1361347, 1392299, 1363016, 1654153]"
"CBN-Pla-C6-20160728","[1392299, 1361347]"
"CBN-Pla-C6-20180724","[1361347, 1361585]"
"CBN-Pla-C6-20180816","[1392299, 1361347]"
"CBN-Pla-C6-20180906","[1392299, 1361347, 1361585]"
"CBN-Pla-C6-20190723","[1392299]"
"CBN-Pla-C6-20190814","[1392299]"
"CBN-Pla-C6-20200723","[1392299, 1361347]"
"CBN-Pla-C6-20200814","[1392299, 1361347]"
"CBN-Pla-D1-20130808","[1361347, 1361585]"
"CBN-Pla-D1-20130904","[1392299, 1361347, 1388990]"
"CBN-Pla-D1-20140722","[1654153, 1361347, 1361389, 1363526]"
"CBN-Pla-D1-20140902","[1392299, 1361914]"
"CBN-Pla-D1-20150702","[1361347, 1743235, 1392299, 1361585, 1654153]"
"CBN-Pla-D1-20150723","[1392299, 1654153, 1361347, 1392309]"
"CBN-Pla-D1-20150811","[1392299, 1654153, 1361347, 1400084]"
"CBN-Pla-D1-20150901","[1392299, 1361347, 1361585]"
"CBN-Pla-D1-20160707","[1361347, 1392299, 1654153, 1361585]"
"CBN-Pla-D1-20160728","[1392299, 1361347]"
"CBN-Pla-D1-20180724","[1361347, 1361057, 1388990, 1392299, 1361585, 1363016]"
"CBN-Pla-D1-20180816","[1392299]"
"CBN-Pla-D1-20180906","[1392299, 1361347, 1388990]"
"CBN-Pla-D1-20190723","[1654153, 1392299]"
"CBN-Pla-D1-20190814","[1392299, 1654153, 1361914]"
"CBN-Pla-D1-20200723","[1392299, 1654153, 1361914]"
"CBN-Pla-D1-20200814","[1392299]"
"CBN-Pla-D2-20130808","[1361347, 1392299, 1361585]"
"CBN-Pla-D2-20130904","[1392299, 1361347, 1361585, 1654153]"
"CBN-Pla-D2-20140722","[1361347, 1363526, 1392299, 1361057, 1363016]"
"CBN-Pla-D2-20140902","[1392299, 1654153, 1357317, 1361347, 1517561]"
"CBN-Pla-D2-20150702","[1361347, 1654153, 1361585, 1392299]"
"CBN-Pla-D2-20150723","[1392299, 1357317, 1654153, 1361347]"
"CBN-Pla-D2-20150811","[1392299, 1361347]"
"CBN-Pla-D2-20150901","[1361347, 1392299, 1361585]"
"CBN-Pla-D2-20160707","[1361347, 1392299, 1654153, 1361585, 1517561, 1363016]"
"CBN-Pla-D2-20160728","[1392299, 1517561, 1361347]"
"CBN-Pla-D2-20180724","[1361347, 1361057]"
"CBN-Pla-D2-20180816","[1517561, 1392299]"
"CBN-Pla-D2-20180906","[1392299, 1517561, 1396971, 1361347]"
"CBN-Pla-D2-20190723","[1517561, 1392299]"
"CBN-Pla-D2-20190814","[1392299, 1517561, 1361347, 1654153, 1357317]"
"CBN-Pla-D2-20200723","[1392299, 1517561]"
"CBN-Pla-D2-20200814","[1392299, 1517561]"
"CBN-Pla-D3-20130808","[1361347]"
"CBN-Pla-D3-20130904","[1392299, 1392632, 1654153]"
"CBN-Pla-D3-20140722","[1361389, 1654153, 1394416, 1363016, 1392299]"
"CBN-Pla-D3-20140902","[1392299, 1517561, 1361389]"
"CBN-Pla-D3-20150702","[1361585, 1361347, 1361057]"
"CBN-Pla-D3-20150723","[1392299, 1654153, 1517561, 1364068]"
"CBN-Pla-D3-20150811","[1392299]"
"CBN-Pla-D3-20150901","[1392299, 1361347, 1361585]"
"CBN-Pla-D3-20160707","[1361347, 1392299, 1654153, 1363016, 1361585]"
"CBN-Pla-D3-20160728","[1392299, 1517561, 1361347]"
"CBN-Pla-D3-20180724","[1361347, 1361585]"
"CBN-Pla-D3-20180816","[1393604, 1392299, 1361347]"
"CBN-Pla-D3-20180906","[1392299, 1361347, 1361585]"
"CBN-Pla-D3-20190723","[1654153, 1393604]"
"CBN-Pla-D3-20190814","[1392299]"
"CBN-Pla-D3-20200723","[1654153, 1361347]"
"CBN-Pla-D3-20200814","[1392299, 1361347]"
"CBN-Pla-D4-20130808","[1654153]"
"CBN-Pla-D4-20130904","[1392299]"
"CBN-Pla-D4-20140722","[1363016, 1361057, 1394416]"
"CBN-Pla-D4-20140902","[1392299, 1654153, 1357317]"
"CBN-Pla-D4-20150702","[1654153, 1361585, 1361347, 1392299, 1361057, 1363016]"
"CBN-Pla-D4-20150723","[1392299, 1654153, 1361347, 1363016]"
"CBN-Pla-D4-20150811","[1654153, 1392299, 1361585, 1361347]"
"CBN-Pla-D4-20150901","[1392299, 1361347, 1361585, 1654153]"
"CBN-Pla-D4-20160707","[1654153, 1392299, 1363016, 1361347, 1361057]"
"CBN-Pla-D4-20160728","[1392299, 1654153, 1361347]"
"CBN-Pla-D4-20180724","[1361585, 1361347, 1361057]"
"CBN-Pla-D4-20180816","[1392299]"
"CBN-Pla-D4-20180906","[1392299, 1361585, 1364068, 1361347]"
"CBN-Pla-D4-20190723","[1393604, 1654153]"
"CBN-Pla-D4-20190814","[1392299, 1393604, 1361347]"
"CBN-Pla-D4-20200723","[1392299, 1654153, 1361347]"
"CBN-Pla-D4-20200814","[1392299, 1361347]"
"CBN-Pla-D5-20130808","[1517561]"
"CBN-Pla-D5-20130904","[1654153, 1363016]"
"CBN-Pla-D5-20140722","[1361057, 1361347, 1363452, 1361585]"
"CBN-Pla-D5-20140902","[1392299, 1654153, 1517561, 1363016]"
"CBN-Pla-D5-20150702","[1517561, 1361347, 1361057, 1361585, 1392632]"
"CBN-Pla-D5-20150723","[1517561, 1364071, 1654153, 1363016]"
"CBN-Pla-D5-20150811","[1517561, 1357317, 1364068]"
"CBN-Pla-D5-20150901","[1517561]"
"CBN-Pla-D5-20160707","[1363016, 1361347, 1654153]"
"CBN-Pla-D5-20160728","[1392299, 1654153, 1394636, 1363016, 1357317, 1361347]"
"CBN-Pla-D5-20180724","[1361347, 1363016]"
"CBN-Pla-D5-20180816","[1392299]"
"CBN-Pla-D5-20180906","[1361585]"
"CBN-Pla-D5-20190723","[1364071]"
"CBN-Pla-D5-20190814","[1517561, 1392299]"
"CBN-Pla-D5-20200723","[1393604]"
"CBN-Pla-D6-20130808","[1654153]"
"CBN-Pla-D6-20130904","[1654153]"
"CBN-Pla-D6-20140722","[1361585]"
"CBN-Pla-D6-20140902","[1517561]"
"CBN-Pla-D6-20150702","[1361585]"
"CBN-Pla-D6-20150723","[1364071]"
"CBN-Pla-D6-20150811","[1364068]"
"CBN-Pla-D6-20150901","[1654153]"
"CBN-Pla-D6-20160707","[1392632]"
"CBN-Pla-D6-20160728","[1393604]"
"CBN-Pla-D6-20180724","[1361347]"
"CBN-Pla-D6-20180816","[1393604]"
"CBN-Pla-D6-20180906","[1361585]"
"CBN-Pla-D6-20190723","[1364071]"
"CBN-Pla-D6-20190814","[1361585]"
"CBN-Pla-D6-20200723","[1654153]"
"CBN-Pla-D6-20200814","[1364071]"
"CBN-Pla-E1-20130808","[1361585, 1392299, 1654153, 1361347]"
"CBN-Pla-E1-20130904","[1392299, 1361585, 1361347, 1654153]"
"CBN-Pla-E1-20140722","[1654153, 1392299, 1363016, 1361585]"
"CBN-Pla-E1-20140902","[1392299, 1361914, 1361585]"
"CBN-Pla-E1-20150702","[1654153, 1361585, 1361347, 1392299]"
"CBN-Pla-E1-20150723","[1392299, 1361347]"
"CBN-Pla-E1-20150901","[1392299, 1361585, 1361347]"
"CBN-Pla-E1-20160707","[1392299, 1361347, 1654153, 1361585]"
"CBN-Pla-E1-20160728","[1392299, 1361347, 1361914, 1361585, 1654153]"
"CBN-Pla-E1-20180816","[1654153, 1392299, 1361347, 1361585]"
"CBN-Pla-E1-20180906","[1392299, 1361585, 1361347]"
"CBN-Pla-E1-20190723","[1654153, 1361914, 1388990]"
"CBN-Pla-E1-20190814","[1392299, 1654153, 1356066, 1361389]"
"CBN-Pla-E1-20200630","[1361057, 1654153, 1363016, 1361585]"
"CBN-Pla-E1-20200723","[1361585, 1392299, 1361347]"
"CBN-Pla-E1-20200814","[1654153, 1392299, 1361347, 1388990]"
"CBN-Pla-E2-20130808","[1361585, 1361057, 1517561, 1361347, 1392299]"
"CBN-Pla-E2-20130904","[1392299, 1361057, 1390761, 1517561, 1363016]"
"CBN-Pla-E2-20140722","[1361057, 1363016, 1361382]"
"CBN-Pla-E2-20140902","[1392299, 1356066, 1388990, 1361585, 1363016, 1517561]"
"CBN-Pla-E2-20150702","[1361585, 1361347, 1392299, 1391666]"
"CBN-Pla-E2-20150723","[1392299, 1654153, 1363016]"
"CBN-Pla-E2-20150901","[1392299, 1361585, 1361347]"
"CBN-Pla-E2-20160707","[1392299, 1654153, 1361347, 1363016, 1361389]"
"CBN-Pla-E2-20160728","[1392299, 1654153, 1361347]"
"CBN-Pla-E2-20180724","[1361347, 1361585, 1361057, 1392299]"
"CBN-Pla-E2-20180816","[1392299, 1361585, 1360307, 1361347, 1654153, 1517561]"
"CBN-Pla-E2-20180906","[1392299, 1361585, 1361347, 1654153, 1517561, 1400084]"
"CBN-Pla-E2-20190723","[1654153, 1392299, 1363016, 1517561]"
"CBN-Pla-E2-20190814","[1392299, 1654153, 1363016, 1517561, 1394416]"
"CBN-Pla-E2-20200630","[1363016, 1361057, 1358003, 1654153]"
"CBN-Pla-E2-20200723","[1392299, 1361585, 1361347]"
"CBN-Pla-E2-20200814","[1392299, 1654153, 1388990, 1361347]"
"CBN-Pla-E3-20130808","[1392299, 1361585, 1361347]"
"CBN-Pla-E3-20130904","[1392299, 1654153, 1361347]"
"CBN-Pla-E3-20140722","[1392299, 1361347]"
"CBN-Pla-E3-20140902","[1392299, 1654153, 1362951]"
"CBN-Pla-E3-20150702","[1361347, 1392299, 1361585]"
"CBN-Pla-E3-20150723","[1392299, 1361585, 1400084]"
"CBN-Pla-E3-20150811","[1392299, 1654153, 1361347, 1361585]"
"CBN-Pla-E3-20150901","[1361585, 1392299, 1361347, 1396971]"
"CBN-Pla-E3-20160707","[1392299, 1361347]"
"CBN-Pla-E3-20160728","[1392299, 1654153, 1361347, 1361585]"
"CBN-Pla-E3-20180724","[1392299]"
"CBN-Pla-E3-20180816","[1392299]"
"CBN-Pla-E3-20180906","[1392299, 1361347, 1361585]"
"CBN-Pla-E3-20190723","[1392299, 1361585, 1361347]"
"CBN-Pla-E3-20190814","[1392299, 1654153, 1363016]"
"CBN-Pla-E3-20200630","[1363016]"
"CBN-Pla-E3-20200723","[1392299, 1361585, 1361347, 1517561]"
"CBN-Pla-E3-20200814","[1392299, 1361347, 1361585, 1517561]"
"CBN-Pla-E4-20130808","[1361585, 1517561, 1392299, 1361347]"
"CBN-Pla-E4-20130904","[1392299, 1517561, 1361347, 1388990, 1654153]"
"CBN-Pla-E4-20140722","[1654153, 1363016, 1363526, 1361057]"
"CBN-Pla-E4-20140902","[1392299, 1517561, 1361914, 1400084, 1361347]"
"CBN-Pla-E4-20150702","[1361347, 1361585, 1743235, 1392299]"
"CBN-Pla-E4-20150811","[1392299, 1517561, 1388990, 1361347, 1400084]"
"CBN-Pla-E4-20150901","[1392299, 1517561, 1361585, 1361347]"
"CBN-Pla-E4-20160707","[1363016, 1361347, 1392299, 1361585, 1654153]"
"CBN-Pla-E4-20160728","[1517561, 1392299, 1361347]"
"CBN-Pla-E4-20180724","[1361347, 1361057, 1743235, 1388990, 1361585]"
"CBN-Pla-E4-20180816","[1392299, 1517561, 1361585, 1361347]"
"CBN-Pla-E4-20180906","[1392299, 1361347, 1361585]"
"CBN-Pla-E4-20190723","[1361347, 1654153, 1392299]"
"CBN-Pla-E4-20190814","[1392299, 1517561, 1361585]"
"CBN-Pla-E4-20200630","[1517561]"
"CBN-Pla-E4-20200723","[1392299, 1654153, 1517561, 1393604, 1361347]"
"CBN-Pla-E4-20200814","[1392299, 1361585, 1361347]"
"CBN-Pla-E5-20130808","[1392299, 1361347]"
"CBN-Pla-E5-20130904","[1392299, 1356066, 1654153, 1361347, 1517561, 1361050, 1361389]"
"CBN-Pla-E5-20140722","[1361057, 1361347, 1363016, 1363526]"
"CBN-Pla-E5-20140902","[1392299]"
"CBN-Pla-E5-20150702","[1361585, 1361347, 1392299]"
"CBN-Pla-E5-20150723","[1392299, 1654153, 1361347, 1391666]"
"CBN-Pla-E5-20150811","[1392299, 1361347, 1517561]"
"CBN-Pla-E5-20150901","[1392299, 1361347, 1361585]"
"CBN-Pla-E5-20160707","[1392299, 1361347, 1388990, 1363016]"
"CBN-Pla-E5-20160728","[1392299, 1361347, 1517561, 1400084, 1392309, 1361585]"
"CBN-Pla-E5-20180724","[1361347, 1361585, 1517561]"
"CBN-Pla-E5-20180816","[1392299, 1393604, 1400084, 1361347]"
"CBN-Pla-E5-20180906","[1392299, 1361347, 1400084, 1393604, 1361585]"
"CBN-Pla-E5-20190723","[1392299, 1361801, 1361347, 1393604]"
"CBN-Pla-E5-20190814","[1392299, 1654153]"
"CBN-Pla-E5-20200630","[1397383]"
"CBN-Pla-E5-20200723","[1392299, 1361914, 1361585]"
"CBN-Pla-E5-20200814","[1392299]"
"CBN-Pla-E6-20130808","[1392299, 1361347]"
"CBN-Pla-E6-20130904","[1392299, 1361347]"
"CBN-Pla-E6-20140722","[1361389, 1390761, 1363016, 1654153, 1361347]"
"CBN-Pla-E6-20140902","[1392299, 1517561, 1361347]"
"CBN-Pla-E6-20150702","[1361347, 1361585, 1392299]"
"CBN-Pla-E6-20150723","[1392299, 1361347, 1654153]"
"CBN-Pla-E6-20150811","[1392299, 1361347]"
"CBN-Pla-E6-20150901","[1392299, 1361347, 1361585]"
"CBN-Pla-E6-20160707","[1392299, 1361347, 1654153]"
"CBN-Pla-E6-20160728","[1392299, 1361347, 1361585, 1364071]"
"CBN-Pla-E6-20180724","[1361347]"
"CBN-Pla-E6-20180816","[1392299, 1364071, 1361585]"
"CBN-Pla-E6-20180906","[1392299, 1361347, 1361585]"
"CBN-Pla-E6-20190723","[1654153, 1392299, 1361585, 1361347]"
"CBN-Pla-E6-20190814","[1392299, 1517561, 1361347, 1364068]"
"CBN-Pla-E6-20200723","[1392299, 1361347]"
"CBN-Pla-E6-20200814","[1392299, 1361347]"
"CBN-Pla-F1-20130808","[1654153, 1392299, 1361347]"
"CBN-Pla-F1-20130904","[1392299, 1654153]"
"CBN-Pla-F1-20140722","[1654153, 1392299]"
"CBN-Pla-F1-20140902","[1392299, 1654153, 1361592, 1517561, 1361347, 1364157]"
"CBN-Pla-F1-20150702","[1361347, 1654153, 1361057, 1388990, 1361585, 1392299]"
"CBN-Pla-F1-20150723","[1392299, 1654153, 1361914, 1388990, 1517561, 1361389, 1392587]"
"CBN-Pla-F1-20150901","[1361585, 1361347, 1392299, 1388990]"
"CBN-Pla-F1-20160707","[1654153, 1392299, 1361347, 1362348, 1363016]"
"CBN-Pla-F1-20160728","[1392299, 1654153, 1392587, 1363129, 1359296, 1359820, 1360307, 1400084, 1388913]"
"CBN-Pla-F1-20180724","[1361347]"
"CBN-Pla-F1-20180816","[1392299, 1359296, 1361347, 1361585, 1392587, 1360307]"
"CBN-Pla-F1-20180906","[1392299, 1361347, 1361585, 1396446, 1362348]"
"CBN-Pla-F1-20190723","[1654153, 1392299, 1392587, 1363056, 1364157]"
"CBN-Pla-F1-20190814","[1392299, 1654153, 1361389, 1517561, 1361347, 1394416, 1361592]"
"CBN-Pla-F1-20200630","[1363526, 1363016, 1654153]"
"CBN-Pla-F1-20200723","[1359296, 1360307, 1392299]"
"CBN-Pla-F1-20200814","[1392299, 1361389, 1654153, 1361347, 1394416]"
"CBN-Pla-F2-20130808","[1392299, 1361585, 1654153, 1361347]"
"CBN-Pla-F2-20130904","[1654153, 1392299]"
"CBN-Pla-F2-20140722","[1361585, 1392299]"
"CBN-Pla-F2-20140902","[1392299, 1654153, 1361585, 1394416, 1361347]"
"CBN-Pla-F2-20150702","[1361585, 1361347, 1392299]"
"CBN-Pla-F2-20150723","[1392299, 1654153, 1361347, 1360222, 1388990]"
"CBN-Pla-F2-20150901","[1392299, 1361585, 1361347]"
"CBN-Pla-F2-20160707","[1392299, 1654153, 1361347]"
"CBN-Pla-F2-20160728","[1392299, 1654153, 1361347, 1361585]"
"CBN-Pla-F2-20180724","[1361347, 1361585]"
"CBN-Pla-F2-20180816","[1392299, 1361585, 1361347, 1360222]"
"CBN-Pla-F2-20180906","[1392299, 1361585, 1361347]"
"CBN-Pla-F2-20190723","[1361585, 1392299, 1654153]"
"CBN-Pla-F2-20190814","[1388990, 1392299, 1361585]"
"CBN-Pla-F2-20200630","[1363016, 1743235]"
"CBN-Pla-F2-20200723","[1361585, 1392299, 1361347]"
"CBN-Pla-F2-20200814","[1392299, 1361347]"
"CBN-Pla-F3-20130808","[1361585, 1392299, 1361914, 1361347, 1388990, 1654153, 1517561]"
"CBN-Pla-F3-20130904","[1392299, 1654153, 1361585, 1363016]"
"CBN-Pla-F3-20140722","[1654153, 1363016, 1361585, 1517561]"
"CBN-Pla-F3-20140902","[1392299, 1388990, 1361914, 1361585, 1363016]"
"CBN-Pla-F3-20150702","[1392299, 1361347, 1388990, 1361585, 1654153, 1361914]"
"CBN-Pla-F3-20150723","[1392299, 1654153, 1361585]"
"CBN-Pla-F3-20150811","[1392299, 1361585, 1400084, 1361347, 1654153]"
"CBN-Pla-F3-20150901","[1392299, 1361585, 1361347, 1388990]"
"CBN-Pla-F3-20160707","[1392299, 1361347, 1654153, 1361585]"
"CBN-Pla-F3-20160728","[1392299, 1654153, 1363016, 1361585, 1361347, 1400084]"
"CBN-Pla-F3-20180724","[1361347, 1361585, 1388990, 1397504]"
"CBN-Pla-F3-20180816","[1392299, 1361585, 1517561]"
"CBN-Pla-F3-20180906","[1392299, 1361585, 1517561, 1361347, 1400084]"
"CBN-Pla-F3-20190723","[1392299, 1388990, 1361585, 1400084, 1654153]"
"CBN-Pla-F3-20190814","[1392299]"
"CBN-Pla-F3-20200630","[1517561, 1363016, 1361585, 1361057]"
"CBN-Pla-F3-20200723","[1361585, 1392299, 1361347, 1388990]"
"CBN-Pla-F3-20200814","[1361585, 1392299]"
"CBN-Pla-F4-20130808","[1361585, 1361347, 1392299]"
"CBN-Pla-F4-20130904","[1392299, 1654153, 1361585, 1363016, 1517561, 1361347]"
"CBN-Pla-F4-20140722","[1654153, 1392299, 1363016, 1361347, 1361585, 1388990]"
"CBN-Pla-F4-20150723","[1392299, 1654153, 1361347, 1361389]"
"CBN-Pla-F4-20150811","[1392299, 1654153, 1361347, 1361585, 1363016, 1400084]"
"CBN-Pla-F4-20150901","[1392299, 1361585, 1361347, 1388990]"
"CBN-Pla-F4-20160707","[1392299, 1361347, 1654153, 1361585]"
"CBN-Pla-F4-20160728","[1392299, 1361347, 1400084, 1392309]"
"CBN-Pla-F4-20180724","[1361347, 1388990, 1361585]"
"CBN-Pla-F4-20180816","[1392299, 1361347, 1400084, 1361585]"
"CBN-Pla-F4-20180906","[1392299, 1361585, 1361347, 1388990]"
"CBN-Pla-F4-20190723","[1392299, 1654153, 1400084, 1361347, 1361914, 1361585]"
"CBN-Pla-F4-20190814","[1392299, 1654153, 1363016]"
"CBN-Pla-F4-20200630","[1654153]"
"CBN-Pla-F4-20200723","[1392299, 1361347, 1361585, 1654153, 1360307]"
"CBN-Pla-F4-20200814","[1392299, 1361585, 1361347]"
"CBN-Pla-F5-20130808","[1361347, 1392299, 1361585]"
"CBN-Pla-F5-20130904","[1392299, 1654153, 1361347]"
"CBN-Pla-F5-20140722","[1363016, 1392299]"
"CBN-Pla-F5-20140902","[1392299, 1356082, 1654153, 1360307]"
"CBN-Pla-F5-20150702","[1392299, 1361585, 1361347]"
"CBN-Pla-F5-20150723","[1392299, 1654153, 1400084, 1363056, 1392309]"
"CBN-Pla-F5-20150811","[1392299, 1400084, 1361347, 1392309, 1361585]"
"CBN-Pla-F5-20150901","[1392299, 1361585, 1361347, 1400084]"
"CBN-Pla-F5-20160707","[1392299, 1363016, 1361347, 1361057, 1654153]"
"CBN-Pla-F5-20160728","[1392299, 1361347, 1400084]"
"CBN-Pla-F5-20180724","[1361347]"
"CBN-Pla-F5-20180816","[1654153, 1392299]"
"CBN-Pla-F5-20180906","[1392299, 1361389, 1361347]"
"CBN-Pla-F5-20190723","[1392299, 1361914]"
"CBN-Pla-F5-20190814","[1392299, 1654153]"
"CBN-Pla-F5-20200723","[1654153, 1392299, 1388990, 1361585]"
"CBN-Pla-F5-20200814","[1392299, 1361347, 1356066, 1400084, 1361585]"
"CBN-Pla-F6-20130808","[1517561, 1392299, 1361347, 1361585, 1361057]"
"CBN-Pla-F6-20130904","[1517561, 1392299, 1361347, 1654153, 1357317, 1363016]"
"CBN-Pla-F6-20140722","[1394414, 1361389, 1654153, 1358003, 1743235, 1363016, 1361057, 1390761, 1363526]"
"CBN-Pla-F6-20140902","[1392299, 1517561, 1654153, 1357317, 1361347]"
"CBN-Pla-F6-20150702","[1361585, 1361347, 1391666]"
"CBN-Pla-F6-20150723","[1392299, 1517561, 1400084, 1654153, 1361347]"
"CBN-Pla-F6-20150811","[1392299, 1361347, 1654153, 1517561, 1394838]"
"CBN-Pla-F6-20150901","[1517561, 1392299, 1361347, 1361585]"
"CBN-Pla-F6-20160707","[1363016, 1392299, 1517561, 1654153, 1363526]"
"CBN-Pla-F6-20160728","[1392299, 1361347, 1517561, 1400084]"
"CBN-Pla-F6-20180724","[1361347, 1361585, 1400084, 1361057]"
"CBN-Pla-F6-20180816","[1517561, 1392299]"
"CBN-Pla-F6-20180906","[1392299, 1517561, 1361347, 1363016, 1393604, 1400084]"
"CBN-Pla-F6-20190723","[1392299, 1361347]"
"CBN-Pla-F6-20190814","[1392299, 1654153, 1400084, 1361347]"
"CBN-Pla-F6-20200723","[1517561, 1392299, 1654153, 1361347]"
"CBN-Pla-F6-20200814","[1392299, 1361347, 1400084]"
"CBN-Pyr-01-20230706","[1392299, 1364157, 1364006, 1397514, 1356066, 1396117, 1418412]"
"CBN-Pyr-03-20230706","[1362246, 1741624, 1361347, 1359296]"
"CBN-can-A1-20230705","[1364071, 1394636]"
"CBN-can-A2-20230705","[1364071, 1393604, 1357317, 1357314, 1360222]"
"CBN-can-A3-20230705","[1396261, 1517561, 1364071, 1357317]"
"CBN-can-A5-20230705","[1364071, 1397475, 1358517, 1396971, 1393604]"
"CBN-can-A6-20230705","[1357103, 1396971, 1358517, 1397475]"
"CBN-can-B1-20230705","[1396261, 1394636]"
"CBN-can-B2-20230705","[1361801, 1392299, 1396261, 1364068]"
"CBN-can-B3-20230705","[1361914, 1392299]"
"CBN-can-B4-20230705","[1356200, 1358517, 1397475]"
"CBN-can-B5-20230705","[1358517, 1397475, 1361801, 1396971]"
"CBN-can-B6-20230705","[1358517, 1397475, 1364071, 1393604, 1654153, 1357314]"
"CBN-can-C1-20230705","[1364071, 1357317, 1392299, 1393604, 1654153, 1357314]"
"CBN-can-C2-20230705","[1392299, 1364071, 1361316, 1363424, 1396971, 1360307, 1357317, 1393604]"
"CBN-can-C3-20230705","[1364071, 1361347, 1360222, 1393604, 1356571]"
"CBN-can-C4-20230705","[1393604, 1357317]"
"CBN-can-D1-20230705","[1364071, 1667445, 1364006, 1360222]"
"CBN-can-D2-20230705","[1392299, 1364071, 1361347, 1517561]"
"CBN-can-D3-20230705","[1363526, 1392299, 1364071, 1356278, 1363016]"
"CBN-can-D4-20230705","[1364071, 1364006, 1356109, 1363993]"
"CBN-can-E1-20230706","[1392299, 1363475, 1396261]"
"CBN-can-E2-20230706","[1392299, 1356200, 1361347]"
"CBN-can-E3-20230706","[1392299, 1361592, 1394663, 1356066, 1356109, 1654153]"
"CBN-can-E4-20230706","[1392299, 1356066, 1394663, 1393604]"
"CBN-can-E5-20230706","[1396261, 1363993, 1364071, 1357317, 1392299]"
"CBN-can-E6-20230706","[1360312, 1364068, 1363282, 1393604, 1549015]"
"CBN-can-F1-20230705","[1392299, 1400084, 1393604, 1361347, 1396971]"
"CBN-can-F2-20230706","[1392299, 1517561, 1361347, 1393604]"
"CBN-can-F3-20230706","[1392299, 1393604, 1356066, 1391666]"
"CBN-can-F4-20230706","[1392299, 1364006, 1356066, 1394663, 1392819, 1361592]"
"CBN-can-F5-20230706","[1392299, 1364006, 1364071, 1517561, 1361592, 1357317]"
"GUARDEN-AMB-CF04-1-10-20240325","[1363732, 1743220]"
"GUARDEN-AMB-CF04-1-5-20240325","[1390761]"
"GUARDEN-AMB-CF21-1-1-20240326","[1363842]"
"GUARDEN-AMB-CF21-1-10-20240326","[1390761, 1358761, 1361019, 1388990, 1358766, 1393466]"
"GUARDEN-AMB-CF21-1-2-20240326","[1360711, 1390761]"
"GUARDEN-AMB-CF21-1-3-20240326","[1364037, 1360711, 1391425, 1390761]"
"GUARDEN-AMB-CF21-1-4-20240326","[1390761]"
"GUARDEN-AMB-CF21-1-5-20240326","[1363732]"
"GUARDEN-AMB-CF21-1-6-20240326","[1360711, 1363477]"
"GUARDEN-AMB-CF21-1-7-20240326","[1390761]"
"GUARDEN-AMB-CF21-1-8-20240326","[1390761, 1363732]"
"GUARDEN-AMB-CF21-1-9-20240326","[1358761]"
"GUARDEN-AMB-GV04-1-3-20240326","[1363477]"
"GUARDEN-AMB-GV04-1-4-20240326","[1363680]"
"GUARDEN-AMB-GV04-1-5-20240326","[1394527]"
"GUARDEN-AMB-GV04-1-6-20240326","[1394527]"
"GUARDEN-AMB-GV04-1-7-20240326","[1743245, 1392516]"
"GUARDEN-AMB-PR13-1-10-20240417","[1359296]"
"GUARDEN-AMB-PR13-1-2-20240417","[1364037, 1392250, 1364006]"
"GUARDEN-AMB-PR13-1-3-20240417","[1360711, 1364037, 1356331]"
"GUARDEN-AMB-PR13-1-4-20240417","[1361326, 1364037, 1722433, 1392250, 1396470]"
"GUARDEN-AMB-PR13-1-8-20240417","[1363732]"
"GUARDEN-AMB-PR20-1-1-20240424","[1722433, 1722441, 1737441, 1393522, 1650228]"
"GUARDEN-AMB-PR20-1-10-20240424","[1743245]"
"GUARDEN-AMB-PR20-1-8-20240424","[1361732, 1363170, 1361106]"
"GUARDEN-AMB-SA03-1-1-20240626","[1722433, 1722441, 1425895, 1393522, 1363476]"
"GUARDEN-AMB-SA03-1-10-20240626","[1361732, 1361703, 1359952]"
"GUARDEN-AMB-SA03-1-2-20240626","[1357492, 1722441, 1363476]"
"GUARDEN-AMB-SA03-1-3-20240626","[1358386, 1363732]"
"GUARDEN-AMB-SA03-1-4-20240626","[1393522]"
"GUARDEN-AMB-SA03-1-5-20240626","[1359435, 1357099, 1357277]"
"GUARDEN-AMB-SA03-1-9-20240626","[1394527]"
"GUARDEN-AMB-VC03-1-3-20240417","[1363732, 1356330]"
"GUARDEN-AMB-VC03-1-4-20240417","[1363732, 1356330]"
"GUARDEN-AMB-VC03-1-5-20240417","[1578171, 1394527, 1392516]"
"GUARDEN-AMB-VC03-1-6-20240417","[1363732]"
"GUARDEN-CBNMed-10-1-16-34-20240429","[1357103, 1358501, 1359029]"
"GUARDEN-CBNMed-10-10-17-19-20240429","[1358613]"
"GUARDEN-CBNMed-10-5-16-55-20240429","[1358613, 1357099, 1357111, 1358511, 1357105]"
"GUARDEN-CBNMed-10-6-17-02-20240429","[1358613, 1357111]"
"GUARDEN-CBNMed-10-7-17-05-20240429","[1357099, 1358613, 1357111, 1358866]"
"GUARDEN-CBNMed-10-8-17-11-20240429","[1358613]"
"GUARDEN-CBNMed-10-9-17-16-20240429","[1358613, 1359029, 1358501, 1359435]"
"GUARDEN-CBNMed-14-3-9-45-20240429","[1356729]"
"GUARDEN-CBNMed-14-4-9-49-20240429","[1358613]"
"GUARDEN-CBNMed-14-9-10-09-20240429","[1743299]"
"GUARDEN-CBNMed-15-10-12-17-20240429","[1741625, 1361190, 1363489, 1361117, 1364006, 1418412, 1361394]"
"GUARDEN-CBNMed-15-5-11-44-20240429","[1361190, 1741625, 1363467, 1363469, 1363468, 1357492, 1355870, 1394416, 1364006, 1654153]"
"GUARDEN-CBNMed-15-7-12-02-20240429","[1361302, 1361190, 1363468, 1363501, 1355870, 1364006]"
"GUARDEN-CBNMed-15-9-12-15-20240429","[1741625, 1364006, 1363595, 1361117, 1363526, 1361394, 1363468, 1363501, 1356286, 1392775]"
"GUARDEN-CBNMed-16-1-13-37-20240429","[1388990, 1360637, 1722409, 1358766, 1356108, 1359029]"
"GUARDEN-CBNMed-16-10-14-33-20240429","[1722409, 1388990, 1363707, 1392509, 1359548, 1361005]"
"GUARDEN-CBNMed-16-2-13-45-20240429","[1388990, 1363707, 1392509, 1361117, 1361005, 1359548, 1360363]"
"GUARDEN-CBNMed-16-3-13-51-20240429","[1361005, 1363707, 1392509, 1359210, 1722409, 1359548, 1743651, 1360363]"
"GUARDEN-CBNMed-16-4-13-57-20240429","[1359029, 1361005, 1392509, 1388990]"
"GUARDEN-CBNMed-16-6-14-07-20240429","[1359029, 1722409, 1361002, 1361005, 1388990]"
"GUARDEN-CBNMed-16-7-14-1-20240429","[1722409, 1359029, 1493056]"
"GUARDEN-CBNMed-16-8-14-14-20240429","[1360999, 1722409, 1392509]"
"GUARDEN-CBNMed-17-3-10-56-20240429","[1363328, 1361106, 1363706, 1360385, 1364006, 1394416, 1706074]"
"GUARDEN-CBNMed-17-5-11-2-20240429","[1363328, 1363732, 1722435, 1363671, 1422217, 1363212, 1390269, 1360385]"
"GUARDEN-CBNMed-19-1-15-24-20240429","[1361190, 1363469, 1396055, 1357743, 1388770, 1360999, 1361117, 1357379, 1357293, 1743313]"
"GUARDEN-CBNMed-19-10-16-02-20240429","[1361190, 1361117, 1363467, 1363468, 1425420, 1422217, 1743313]"
"GUARDEN-CBNMed-19-2-15-31-20240429","[1363501, 1361190, 1361394, 1741625, 1361117]"
"GUARDEN-CBNMed-19-3-15-35-20240429","[1361190, 1363468, 1363469, 1355870, 1363476, 1363501, 1388990, 1357492]"
"GUARDEN-CBNMed-19-4-15-39-20240429","[1361190, 1363469, 1363467, 1743245, 1360739, 1742627, 1741625, 1361117]"
"GUARDEN-CBNMed-19-5-15-44-20240429","[1363740, 1400177, 1361117, 1363793, 1743404]"
"GUARDEN-CBNMed-19-6-15-48-20240429","[1361389, 1363501, 1361302, 1400177, 1360999, 1743313, 1356286, 1361117, 1388770, 1361190]"
"GUARDEN-CBNMed-19-7-15-51-20240429","[1361389, 1361315, 1396055, 1364006, 1361117, 1360999, 1422217, 1361190]"
"GUARDEN-CBNMed-19-8-15-53-20240429","[1361190, 1363737, 1361302, 1359511, 1359506, 1363730, 1360141, 1361117, 1741684, 1392299]"
"GUARDEN-CBNMed-19-9-15-58-20240429","[1363501, 1363476, 1364006, 1363489, 1388990, 1360350, 1422217]"
"GUARDEN-CBNMed-20-1-9-35-20240428","[1360637, 1360445, 1357492, 1363706, 1393466]"
"GUARDEN-CBNMed-20-10-10-31-20240428","[1357492, 1360999, 1398721, 1360637, 1359216, 1392509, 1706074, 1425420, 1363706]"
"GUARDEN-CBNMed-20-8-10-19-20240428","[1360999, 1425420, 1361389, 1398721, 1356397]"
"GUARDEN-CBNMed-20-9-10-23-20240428","[1357492, 1392509, 1360999, 1359216, 1398721, 1361005, 1425420, 1388990, 1363706, 1425895]"
"GUARDEN-CBNMed-21-10-11-42-20240428","[1388990, 1393466, 1743245, 1360637]"
"GUARDEN-CBNMed-21-2-11-07-20240428","[1356397, 1398721, 1425895, 1357124, 1360999, 1363706, 1425420, 1357968, 1743245]"
"GUARDEN-CBNMed-21-3-11-09-20240428","[1388990, 1361005, 1388770, 1362454, 1393364, 1361002, 1357124, 1361302, 1393365, 1361117]"
"GUARDEN-CBNMed-21-6-11-17-20240428","[1388990, 1359051, 1356108, 1356397, 1360637, 1355971, 1392299, 1357198, 1363434, 1394527]"
"GUARDEN-CBNMed-21-8-11-23-20240428","[1388990, 1360637, 1356108, 1743245, 1360999]"
"GUARDEN-CBNMed-21-9-11-32-20240428","[1388990, 1360637, 1361005, 1357277, 1359216, 1392299]"
"GUARDEN-CBNMed-22-1-13-39-20240428","[1722522, 1360141, 1356083]"
"GUARDEN-CBNMed-22-10-14-48-20240428","[1356084, 1426004, 1394944, 1360116]"
"GUARDEN-CBNMed-22-2-14-05-20240428","[1722522, 1722625]"
"GUARDEN-CBNMed-22-5-14-21-20240428","[1722522, 1722625]"
"GUARDEN-CBNMed-22-6-14-23-20240428","[1722522, 1722625]"
"GUARDEN-CBNMed-22-7-14-25-20240428","[1722522, 1722625, 1356084, 1722624]"
"GUARDEN-CBNMed-22-9-14-42-20240428","[1722522, 1722625, 1426004]"
"GUARDEN-CBNMed-23-1-9-56-20240428","[1360999, 1363328, 1360637, 1361002, 1388990]"
"GUARDEN-CBNMed-23-10-10-42-20240428","[1393466, 1388990, 1359216, 1360363, 1359029, 1360637]"
"GUARDEN-CBNMed-23-3-10-14-20240428","[1359029, 1388990, 1393466, 1360637, 1360363, 1398721, 1359216, 1357630, 1394527]"
"GUARDEN-CBNMed-23-4-10-17-20240428","[1393466, 1356108, 1388990, 1743245, 1359029]"
"GUARDEN-CBNMed-23-5-10-21-20240428","[1392509, 1360711, 1361002, 1399677, 1388990, 1360999, 1359216, 1356108, 1361005, 1361732]"
"GUARDEN-CBNMed-23-6-10-24-20240428","[1393466, 1361005, 1360999, 1363328, 1357103, 1363275, 1388990, 1743245]"
"GUARDEN-CBNMed-23-7-10-28-20240428","[1361005, 1360999, 1360637, 1393466, 1388990, 1361002, 1359216, 1357630, 1399677]"
"GUARDEN-CBNMed-23-8-10-34-20240428","[1388990, 1359029, 1360637, 1743245, 1742109, 1357277, 1392509]"
"GUARDEN-CBNMed-23-9-10-39-20240428","[1393466, 1388990, 1392509, 1392025, 1743245, 1742109, 1359029]"
"GUARDEN-CBNMed-24-10-13-06-20240428","[1388990, 1392299]"
"GUARDEN-CBNMed-24-2-12-04-20240428","[1358126, 1361019, 1397514]"
"GUARDEN-CBNMed-24-3-12-15-20240428","[1364006, 1392250, 1363170, 1357351, 1356331]"
"GUARDEN-CBNMed-24-5-12-36-20240428","[1357351, 1355881, 1364006, 1425420, 1357598, 1357492]"
"GUARDEN-CBNMed-24-6-12-46-20240428","[1360711, 1364006, 1425420, 1390740, 1357351]"
"GUARDEN-CBNMed-24-7-12-54-20240428","[1364006, 1361732, 1360711, 1363434, 1363170]"
"GUARDEN-CBNMed-24-8-14-58-20240428","[1360711, 1357351, 1361117, 1358386, 1357379, 1363526, 1363016]"
"GUARDEN-CBNMed-24-9-13-02-20240428","[1388990, 1360711, 1363434]"
"GUARDEN-CBNMed-25-1-13-52-20240428","[1394527, 1360739, 1388990]"
"GUARDEN-CBNMed-25-10-14-49-20240428","[1394527, 1364006, 1357743, 1357968, 1363468, 1742109]"
"GUARDEN-CBNMed-25-2-13-57-20240428","[1388990, 1360637, 1364006, 1363526, 1360739]"
"GUARDEN-CBNMed-25-3-14-06-20240428","[1394527, 1388990, 1357492, 1358866, 1355870, 1363526]"
"GUARDEN-CBNMed-25-4-14-15-20240428","[1388990, 1394527, 1393466, 1357743, 1425172, 1358866]"
"GUARDEN-CBNMed-25-7-14-28-20240428","[1364006, 1357968, 1360445]"
"GUARDEN-CBNMed-25-8-14-39-20240428","[1357743, 1364006, 1357968, 1356069, 1357293]"
"GUARDEN-CBNMed-25-9-14-43-20240428","[1364006, 1357968]"
"GUARDEN-CBNMed-26-10-10-01-20240428","[1361703, 1363434, 1364006, 1363526, 1394838]"
"GUARDEN-CBNMed-26-6-9-34-20240428","[1357492, 1481437, 1397241, 1358386, 1355886, 1356069]"
"GUARDEN-CBNMed-26-8-9-45-20240428","[1363706, 1358151, 1743245]"
"GUARDEN-CBNMed-26-9-9-48-20240428","[1363732]"
"GUARDEN-CBNMed-27-1-11-17-20240428","[1722522, 1517561, 1360141]"
"GUARDEN-CBNMed-27-10-11-55-20240428","[1722522, 1722625, 1359029, 1360363]"
"GUARDEN-CBNMed-27-2-11-32-20240428","[1393619]"
"GUARDEN-CBNMed-27-3-11-36-20240428","[1722522, 1722625]"
"GUARDEN-CBNMed-27-4-11-39-20240428","[1722522, 1722625]"
"GUARDEN-CBNMed-27-5-11-4-20240428","[1722522, 1722625]"
"GUARDEN-CBNMed-27-6-11-42-20240428","[1722522, 1722625, 1359029]"
"GUARDEN-CBNMed-27-7-11-43-20240428","[1722522, 1722625]"
"GUARDEN-CBNMed-27-8-11-45-20240428","[1722522, 1722625, 1578171]"
"GUARDEN-CBNMed-27-9-11-47-20240428","[1722522, 1722625, 1363191, 1356538]"
"GUARDEN-CBNMed-28-1-12-46-20240428","[1722522, 1722625, 1360363]"
"GUARDEN-CBNMed-28-10-13-23-20240428","[1391868]"
"GUARDEN-CBNMed-28-2-12-48-20240428","[1722522, 1722625, 1425420]"
"GUARDEN-CBNMed-28-3-12-51-20240428","[1722522, 1722625]"
"GUARDEN-CBNMed-28-4-12-52-20240428","[1722522, 1425420, 1722625]"
"GUARDEN-CBNMed-28-5-13-02-20240428","[1425420, 1393619, 1722522]"
"GUARDEN-CBNMed-28-6-13-06-20240428","[1722522, 1722625, 1425420]"
"GUARDEN-CBNMed-28-7-13-11-20240428","[1722522, 1722625, 1363200]"
"GUARDEN-CBNMed-28-8-13-14-20240428","[1722522, 1722625]"
"GUARDEN-CBNMed-28-9-13-17-20240428","[1722522, 1722625, 1706074, 1388990, 1737429, 1357492, 1361002, 1425420, 1363476]"
"GUARDEN-CBNMed-29-6-14-31-20240428","[1722433, 1360711]"
"GUARDEN-CBNMed-29-7-14-34-20240428","[1360711, 1364037, 1391425]"
"GUARDEN-CBNMed-30-1-16-07-20240428","[1363199, 1355908, 1355936, 1357492, 1363173, 1355885]"
"GUARDEN-CBNMed-30-10-16-41-20240428","[1390761]"
"GUARDEN-CBNMed-30-2-16-23-20240428","[1363732]"
"GUARDEN-CBNMed-30-4-16-3-20240428","[1357514]"
"GUARDEN-CBNMed-30-6-16-34-20240428","[1357514]"
"GUARDEN-CBNMed-30-7-16-35-20240428","[1364151]"
"GUARDEN-CBNMed-30-8-16-37-20240428","[1357514, 1364151]"
"GUARDEN-CBNMed-30-9-16-4-20240428","[1357514]"
"GUARDEN-CBNMed-31-1-9-37-20240428","[1359952, 1364006, 1363731, 1355870]"
"GUARDEN-CBNMed-31-10-10-06-20240428","[1722444, 1414353, 1738610, 1422217, 1361307]"
"GUARDEN-CBNMed-31-2-9-4-20240428","[1363433, 1363731, 1363732]"
"GUARDEN-CBNMed-31-3-9-44-20240428","[1738610, 1364037, 1722444, 1358968]"
"GUARDEN-CBNMed-31-4-9-48-20240428","[1398319, 1363731, 1364154]"
"GUARDEN-CBNMed-31-5-9-51-20240428","[1359009]"
"GUARDEN-CBNMed-31-6-9-54-20240428","[1738610, 1364037, 1722444, 1364006, 1359009, 1358968]"
"GUARDEN-CBNMed-31-7-9-56-20240428","[1364006, 1722444, 1358330, 1738610]"
"GUARDEN-CBNMed-31-8-10-20240428","[1738610, 1364006, 1722444, 1359009, 1358968, 1414353]"
"GUARDEN-CBNMed-31-9-10-02-20240428","[1722444, 1364154, 1357514, 1738610, 1364006, 1364151]"
"GUARDEN-CBNMed-32-1-11-46-20240428","[1357630, 1359009, 1392725, 1358968, 1399609, 1397398]"
"GUARDEN-CBNMed-32-10-13-12-20240428","[1359009, 1359952, 1363731, 1358968, 1356065]"
"GUARDEN-CBNMed-32-2-11-58-20240428","[1359009, 1359952, 1358968]"
"GUARDEN-CBNMed-32-3-12-01-20240428","[1359009, 1358968]"
"GUARDEN-CBNMed-32-4-12-12-20240428","[1359009, 1358968, 1359627, 1364006, 1419294]"
"GUARDEN-CBNMed-32-9-13-07-20240428","[1359952, 1722444, 1422217, 1363731, 1364006, 1359627, 1355870, 1363730, 1357492, 1357401]"
"GUARDEN-CBNMed-33-1-14-48-20240428","[1357630, 1399609, 1397398, 1425420, 1392725, 1355870, 1743245]"
"GUARDEN-CBNMed-33-10-15-59-20240428","[1390761, 1362429, 1363526, 1363499]"
"GUARDEN-CBNMed-33-2-15-01-20240428","[1357630, 1399609, 1392725, 1388990, 1363526, 1397398]"
"GUARDEN-CBNMed-33-3-15-04-20240428","[1357630, 1392725, 1399609, 1397398, 1363526, 1363447]"
"GUARDEN-CBNMed-33-4-15-26-20240428","[1357492, 1357630, 1388990, 1399609, 1356069, 1355885]"
"GUARDEN-CBNMed-33-5-15-29-20240428","[1357630, 1392725, 1399609, 1397398, 1742109]"
"GUARDEN-CBNMed-33-6-15-36-20240428","[1357630, 1392725, 1397398, 1399609, 1361117, 1363526]"
"GUARDEN-CBNMed-33-7-15-43-20240428","[1397398, 1422217, 1356069, 1357630, 1357495, 1363476, 1388990, 1357401]"
"GUARDEN-CBNMed-33-8-15-5-20240428","[1357630, 1397398, 1392725, 1399609]"
"GUARDEN-CBNMed-33-9-15-56-20240428","[1357630, 1392725, 1397398, 1422218, 1399609, 1422217, 1363526]"
"GUARDEN-CBNMed-38-1-12-58-20240428","[1395169, 1395162, 1395158, 1356674, 1391833]"
"GUARDEN-CBNMed-38-4-14-39-20240428","[1395169, 1395162, 1361117]"
"GUARDEN-CBNMed-38-6-15-04-20240428","[1395169, 1395162]"
"GUARDEN-CBNMed-39-10-12-02-20240531","[1392155, 1361117, 1356066, 1364006, 1363803, 1741625, 1362424, 1356275, 1360422]"
"GUARDEN-CBNMed-39-7-11-3-20240531","[1414354, 1356066, 1388809, 1363475, 1360187, 1720971, 1395169, 1356303, 1363476, 1360711]"
"GUARDEN-CBNMed-39-8-11-39-20240531","[1397525, 1363461, 1722436, 1361308, 1361304, 1363467, 1363475, 1388809, 1361117, 1738679]"
"GUARDEN-CBNMed-39-9-11-5-20240531","[1395158, 1392587, 1414354, 1363461, 1363326, 1360307, 1395169, 1364157, 1397525, 1722436]"
"GUARDEN-CBNMed-44-7-12-03-20240629","[1358501, 1392067, 1361585, 1363282, 1392059, 1361233, 1392299, 1361574]"
"GUARDEN-CBNMed-5-1-12-38-20240430","[1361316, 1414366, 1363477, 1361302, 1396252, 1363016, 1361024]"
"GUARDEN-CBNMed-5-10-13-32-20240430","[1414366, 1356007, 1361316, 1363595, 1363016, 1414353, 1361302, 1396638, 1363475]"
"GUARDEN-CBNMed-5-2-12-45-20240430","[1422217, 1363501, 1414353, 1361302, 1414366, 1720971, 1388809, 1650228, 1363056, 1363452]"
"GUARDEN-CBNMed-5-3-12-56-20240430","[1361316, 1363475, 1363477, 1388809, 1396638]"
"GUARDEN-CBNMed-5-4-13-20240430","[1361316, 1361302, 1650228, 1356082, 1411890]"
"GUARDEN-CBNMed-5-5-13-04-20240430","[1361316, 1361302, 1363501, 1650228, 1363016, 1363595]"
"GUARDEN-CBNMed-5-6-13-07-20240430","[1414366, 1397331, 1414367, 1361302, 1361316, 1363460, 1422217, 1414353, 1650228, 1390963]"
"GUARDEN-CBNMed-5-7-13-17-20240430","[1361316, 1361302, 1363501, 1414366, 1388809]"
"GUARDEN-CBNMed-5-8-13-22-20240430","[1361316, 1414366, 1362406, 1361157]"
"GUARDEN-CBNMed-5-9-13-27-20240430","[1361316, 1363489, 1363477, 1363501, 1361302, 1414366, 1363481, 1361225, 1363595]"
"GUARDEN-CBNMed-6-9-15-28-20240430","[1360399, 1359575, 1392438, 1720971, 1397110, 1396638, 1361133]"
"GUARDEN-CBNMed-8-10-12-59-20240429","[1358613]"
"GUARDEN-CBNMed-8-4-12-33-20240429","[1363707, 1722409, 1392509, 1359548, 1357103, 1361002]"
"GUARDEN-CBNMed-8-8-12-51-20240429","[1361002, 1363707, 1361005, 1359548, 1359547, 1360422, 1392509]"
"GUARDEN-CBNMed-8-9-12-56-20240429","[1358613, 1361002, 1359547, 1361005]"
"GUARDEN-CBNMed-9-10-16-16-20240429","[1358613, 1361005, 1363707, 1392509, 1360363, 1361002, 1359548]"
"GUARDEN-CBNMed-9-2-15-46-20240429","[1358511]"
"GUARDEN-CBNMed-9-6-16-04-20240429","[1358613]"
"GUARDEN-CBNMed-9-7-16-06-20240429","[1358613]"
"GUARDEN-CBNMed-9-8-16-08-20240429","[1358613, 1361005]"
"GUARDEN-CBNMed-9-9-16-14-20240429","[1361005, 1358613, 1363707, 1360363, 1359548, 1361002, 1392509]"
"LISAH-BOU-0-10-20230523","[1363835, 1361190, 1363852, 1363832]"
"LISAH-BOU-0-101-20240425","[1363730, 1425238, 1363737, 1363731]"
"LISAH-BOU-0-104-20240502","[1361819, 1356276, 1356171, 1356464]"
"LISAH-BOU-0-105-20240502","[1356276, 1356171, 1362987, 1396261, 1356464]"
"LISAH-BOU-0-108-20240502","[1356276, 1356464, 1356171]"
"LISAH-BOU-0-109-20240502","[1392250, 1360385, 1360416, 1364173, 1356214, 1426068, 1364006]"
"LISAH-BOU-0-110-20240502","[1360416, 1360385, 1356276, 1360417, 1394580, 1356464]"
"LISAH-BOU-0-111-20240502","[1360416, 1360385, 1394580, 1392041, 1360417]"
"LISAH-BOU-0-113-20240502","[1356276, 1356464, 1356171, 1370072, 1356007, 1356455, 1363906, 1363173, 1360385]"
"LISAH-BOU-0-114-20240502","[1360416, 1360385, 1392041]"
"LISAH-BOU-0-117-20240502","[1360416, 1360385, 1360417]"
"LISAH-BOU-0-118-20240502","[1356008, 1356276, 1356007, 1356464, 1392594]"
"LISAH-BOU-0-14-20230511","[1361190, 1363468, 1363469, 1363476, 1364006, 1361207, 1363467, 1414353, 1392769, 1393522]"
"LISAH-BOU-0-15-20230511","[1364006, 1422217, 1361190, 1392769, 1363468, 1414353, 1358003, 1363476, 1363452, 1363409]"
"LISAH-BOU-0-153-20240502","[1364006, 1356008, 1355936, 1392250, 1361302]"
"LISAH-BOU-0-154-20240502","[1364006, 1356008, 1355881, 1363803, 1357351, 1355936]"
"LISAH-BOU-0-157-20240502","[1364006, 1392250, 1356008, 1363358, 1355936, 1355901, 1355992]"
"LISAH-BOU-0-16-20230511","[1363835, 1361190]"
"LISAH-BOU-0-160-20240502","[1356008, 1356007, 1357351, 1355881, 1363835, 1358671]"
"LISAH-BOU-0-163-20240502","[1356008, 1355992, 1356007, 1363944, 1364006, 1361306, 1361307, 1355994, 1388913]"
"LISAH-BOU-0-164-20240502","[1356008, 1363731, 1355870, 1359810, 1361307, 1359959, 1363835]"
"LISAH-BOU-0-165-20240502","[1356008, 1356066, 1363835, 1356007, 1360132, 1394627, 1356079, 1356078, 1395117]"
"LISAH-BOU-0-167-20240502","[1363731, 1359333, 1363730, 1363945]"
"LISAH-BOU-0-168-20240502","[1363731, 1361306, 1359333, 1363730, 1363945, 1363739, 1363740]"
"LISAH-BOU-0-170-20240502","[1356066, 1363731, 1359333, 1363730, 1359519]"
"LISAH-BOU-0-171-20240502","[1363731, 1359333, 1357351, 1356066, 1363730, 1363732, 1355881]"
"LISAH-BOU-0-172-20240502","[1363731, 1359333, 1363945, 1355881, 1356066]"
"LISAH-BOU-0-173-20240502","[1363731, 1359333, 1363945, 1356066, 1355881, 1359639]"
"LISAH-BOU-0-174-20240502","[1363731, 1361157, 1363737, 1359333, 1363730, 1361225, 1363739]"
"LISAH-BOU-0-175-20240502","[1363731, 1363945, 1363737, 1363730, 1356066, 1359333, 1741684]"
"LISAH-BOU-0-183-20240502","[1363731, 1363945, 1356066, 1356067, 1359333, 1363737, 1361307, 1646528]"
"LISAH-BOU-0-187-20240502","[1356066, 1363731, 1361307, 1359333, 1363945, 1359511, 1363730, 1363944]"
"LISAH-BOU-0-191-20240502","[1414353, 1363475, 1361306, 1738789, 1363526, 1363476, 1361157, 1395117, 1363803, 1359498]"
"LISAH-BOU-0-2-20240425","[1356276, 1361055, 1364006, 1363501]"
"LISAH-BOU-0-24-20230512","[1361002, 1360385, 1397356, 1364006, 1360416, 1360422, 1360354]"
"LISAH-BOU-0-24-20240425","[1360161, 1360354, 1356007, 1395477, 1356008]"
"LISAH-BOU-0-25-20230512","[1397356, 1360385, 1395477, 1360354, 1737565]"
"LISAH-BOU-0-25-20230711","[1363993, 1364006, 1363526, 1358003, 1356200, 1517561, 1363671, 1364173, 1363475, 1360354]"
"LISAH-BOU-0-28-20240425","[1360385, 1360416, 1360354, 1395477, 1360417]"
"LISAH-BOU-0-29-20230523","[1397356, 1422217, 1363467, 1414353, 1363469, 1363468, 1356314, 1364006, 1361302]"
"LISAH-BOU-0-29-20230621","[1363212, 1397356]"
"LISAH-BOU-0-29-20240425","[1397356, 1360385, 1360354, 1395477, 1360416]"
"LISAH-BOU-0-3-20230721","[1388990, 1364006, 1363434, 1363526, 1355870, 1363440, 1359485, 1363460, 1363452, 1361117]"
"LISAH-BOU-0-30-20230512","[1397356, 1356017, 1360354, 1398097, 1737565, 1395477]"
"LISAH-BOU-0-30-20240425","[1360385, 1356007, 1360416, 1356008, 1360614, 1360417, 1360354, 1395477]"
"LISAH-BOU-0-31-20230919","[1364006, 1390761, 1363526, 1363595, 1363468, 1425895, 1414353, 1363434]"
"LISAH-BOU-0-31-20240425","[1356007, 1356008, 1360385, 1360416, 1397356, 1360614, 1356017, 1358671]"
"LISAH-BOU-0-32-20230516","[1364006, 1355936, 1392250, 1363328]"
"LISAH-BOU-0-32-20240425","[1360614, 1356017, 1360385, 1397356, 1356200, 1363216]"
"LISAH-BOU-0-34-20230516","[1650353, 1364006, 1356297, 1360614, 1650228, 1363216]"
"LISAH-BOU-0-35-20240425","[1397356, 1360614, 1356017]"
"LISAH-BOU-0-36-20240425","[1397356, 1356017, 1391112, 1360614]"
"LISAH-BOU-0-37-20230512","[1397356, 1398097]"
"LISAH-BOU-0-37-20240425","[1397356, 1356017, 1356007, 1360614]"
"LISAH-BOU-0-38-20230516","[1364006, 1650353, 1363832, 1363835, 1356008, 1363328, 1355870]"
"LISAH-BOU-0-39-20230512","[1397356]"
"LISAH-BOU-0-4-20230511","[1361190, 1414353, 1357351, 1363328, 1363468, 1355881, 1363501, 1356201, 1363455, 1363275]"
"LISAH-BOU-0-4-20230711","[1364006, 1360354, 1359517, 1741625, 1356200]"
"LISAH-BOU-0-4-20240425","[1356008, 1394416, 1356007]"
"LISAH-BOU-0-40-20230512","[1397356, 1360614, 1361002]"
"LISAH-BOU-0-40-20240425","[1397356, 1360354, 1395477]"
"LISAH-BOU-0-41-20230512","[1397356]"
"LISAH-BOU-0-42-20230511","[1356007, 1360385, 1364006]"
"LISAH-BOU-0-43-20230512","[1397356, 1363835]"
"LISAH-BOU-0-44-20240425","[1363945, 1363173, 1359639, 1363944, 1356538]"
"LISAH-BOU-0-5-20230512","[1364006, 1356276, 1356464, 1356200]"
"LISAH-BOU-0-5-20230711","[1400177, 1360354, 1356066, 1358003, 1356200, 1391989]"
"LISAH-BOU-0-50-20230512","[1361306, 1356066, 1422217, 1363944, 1361307, 1359959, 1356286, 1361117, 1363504, 1356065]"
"LISAH-BOU-0-52-20230512","[1363945, 1361306, 1359639, 1363944, 1361307, 1363947, 1364006, 1361117]"
"LISAH-BOU-0-54-20230512","[1361306, 1422217, 1363944, 1356286, 1355870, 1359639, 1361307, 1360141, 1364006]"
"LISAH-BOU-0-55-20230512","[1363945, 1359639, 1363944, 1493744, 1363947]"
"LISAH-BOU-0-56-20230512","[1363945, 1361306, 1359639, 1356066, 1363944, 1361307, 1363738, 1356084, 1363386, 1356314]"
"LISAH-BOU-0-58-20230512","[1356066, 1361306, 1741625, 1361307, 1356065, 1394627, 1359959, 1363731, 1363386, 1360141]"
"LISAH-BOU-0-6-20240425","[1356276, 1650353, 1394580, 1364006, 1650228, 1393522]"
"LISAH-BOU-0-63-20230512","[1741625, 1356065, 1359959, 1356066]"
"LISAH-BOU-0-65-20230512","[1741625, 1361306, 1363944, 1361307, 1422217, 1361117, 1359639, 1356331, 1363945]"
"LISAH-BOU-0-75-20230516","[1361190, 1363468, 1358003, 1720968, 1422217, 1414353, 1364006, 1363476, 1361225, 1363467]"
"LISAH-BOU-0-79-20230512","[1359488, 1357711, 1361117]"
"LISAH-BOU-0-8-20240425","[1364006, 1355936]"
"LISAH-BOU-0-84-20230512","[1359525, 1422217, 1361117, 1361306]"
"LISAH-BOU-0-9-20240425","[1722433, 1393522, 1363501, 1364006, 1361055, 1722441]"
"LISAH-BOU-0-98-20240425","[1363730, 1363737, 1363731, 1425238]"
"LISAH-BVD-0-100-20230510","[1356066, 1363475, 1361306, 1356286, 1363501, 1361307, 1720971, 1411890, 1388809, 1394638]"
"LISAH-BVD-0-101-20230510","[1356066, 1364006, 1388809, 1654153, 1394638, 1396115]"
"LISAH-BVD-0-152-20230511","[1356066, 1363740, 1359517, 1394636, 1363993, 1394638, 1363526, 1363016, 1357317, 1363455]"
"LISAH-BVD-0-155-20230511","[1356066, 1363740, 1394638, 1396261, 1363455, 1359517]"
"LISAH-BVD-0-158-20230511","[1356066, 1363740, 1394638, 1356697]"
"LISAH-BVD-0-191-20230511","[1359497, 1363740, 1364006, 1361316, 1363508, 1363496, 1741625, 1356278, 1359517, 1359528]"
"LISAH-BVD-0-192-20230511","[1363455, 1363475, 1361316, 1363458, 1363452, 1363459, 1363740, 1363593, 1361133]"
"LISAH-BVD-0-195-20230511","[1363508, 1363740, 1364006, 1358003, 1361133, 1361316, 1356066, 1363475, 1363452, 1363595]"
"LISAH-BVD-0-196-20230511","[1361316, 1364006, 1356066, 1363740, 1359497, 1356277, 1363910, 1358003, 1361133]"
"LISAH-BVD-0-197-20230511","[1364006, 1356066, 1359497, 1394636, 1363731, 1356067, 1356278, 1363740, 1359498, 1646528]"
"LISAH-BVD-0-200-20230511","[1356066, 1363740, 1363739, 1356278, 1364006, 1359497, 1359517, 1394627, 1397514]"
"LISAH-BVD-0-203-20230511","[1363740, 1359497, 1364006, 1363739, 1356278, 1356084, 1363735, 1363460]"
"LISAH-BVD-0-205-20230511","[1363740, 1359517, 1363458, 1356067, 1363455, 1359497, 1356278, 1363475, 1363739]"
"LISAH-BVD-0-206-20230511","[1363740, 1359497, 1359528, 1356278, 1364006, 1359517]"
"LISAH-BVD-0-208-20230511","[1363740, 1364006, 1356278, 1361133, 1363452, 1359497, 1359528, 1359517, 1363475, 1363455]"
"LISAH-BVD-0-209-20230511","[1363740, 1356066, 1363739, 1359528, 1356278, 1359497, 1359517]"
"LISAH-BVD-0-25-20230510","[1364006, 1363740, 1361316, 1359517, 1363016, 1363543, 1363526, 1359497, 1363731, 1741625]"
"LISAH-BVD-0-275-20230516","[1363469, 1363460, 1363468, 1363452, 1361302, 1361133, 1356321, 1363467, 1363993, 1395920]"
"LISAH-BVD-0-277-20230516","[1363993, 1361133, 1363452, 1361307, 1422217, 1361190, 1363595, 1363460, 1414353, 1363487]"
"LISAH-BVD-0-278-20230516","[1363993, 1361307, 1361133, 1363460, 1360222, 1396261]"
"LISAH-BVD-0-281-20230516","[1363993, 1361133, 1361307, 1363452, 1422217]"
"LISAH-BVD-0-282-20230516","[1363993, 1363452, 1363468, 1361133, 1361190, 1363460, 1356321, 1363459, 1363475, 1422217]"
"LISAH-BVD-0-283-20230516","[1363993, 1361133, 1363460, 1363452, 1396261, 1364006, 1363475, 1379532]"
"LISAH-BVD-0-285-20230516","[1361133, 1363452, 1361306, 1361307, 1363475, 1363526, 1363993, 1363910, 1356321]"
"LISAH-BVD-0-287-20230516","[1361133, 1363468, 1363526, 1363460, 1363452, 1361307, 1363475, 1361306]"
"LISAH-BVD-0-288-20230516","[1361133, 1363460, 1363452, 1363475, 1361302, 1362951, 1363468, 1363458, 1363455, 1363459]"
"LISAH-BVD-0-292-20230516","[1363452, 1363468, 1361133, 1363526, 1361302, 1356321, 1363469, 1363455, 1361190, 1363595]"
"LISAH-BVD-0-293-20230516","[1361133, 1363452, 1363475, 1363455, 1363508, 1363526, 1396638, 1356321, 1363460, 1363501]"
"LISAH-BVD-0-294-20230516","[1363526, 1361302, 1363993, 1363469, 1363460, 1361133, 1363475, 1363496, 1363468, 1363543]"
"LISAH-BVD-0-295-20230516","[1363452, 1363993, 1363740, 1361133, 1359517, 1363739, 1363459, 1363475, 1395920, 1363460]"
"LISAH-BVD-0-296-20230516","[1363993, 1363452, 1361133, 1395920, 1363475, 1363991]"
"LISAH-BVD-0-297-20230516","[1363993, 1363740, 1359517, 1359497, 1395920, 1363739, 1356278, 1363475]"
"LISAH-BVD-0-298-20230516","[1363993, 1395920, 1363740, 1363739, 1363472, 1361133, 1363459, 1396871]"
"LISAH-BVD-0-299-20230516","[1363993, 1361133, 1363740, 1359497, 1396261, 1395920, 1363739, 1359517, 1363452, 1363472]"
"LISAH-BVD-0-300-20230516","[1363993, 1414353, 1422217, 1363475, 1360307, 1394884]"
"LISAH-BVD-0-301-20230516","[1363993, 1396261, 1356066, 1391330, 1363994, 1361316, 1363475]"
"LISAH-BVD-0-302-20230516","[1363993, 1363452, 1361133, 1394884, 1363475, 1391330, 1356200, 1360307]"
"LISAH-BVD-0-309-20230516","[1363993, 1395920, 1390780]"
"LISAH-BVD-0-310-20230516","[1363993, 1394884, 1358003, 1360307, 1361190, 1363475, 1391330, 1720968, 1395920]"
"LISAH-BVD-0-337-20230516","[1364006, 1359517, 1356286, 1361307, 1363476, 1359497, 1396871, 1363740, 1361308, 1361306]"
"LISAH-BVD-0-338-20230516","[1364006, 1356286, 1422217, 1363478, 1363501, 1414353, 1361206, 1363452, 1361306, 1649664]"
"LISAH-BVD-0-339-20230516","[1364006, 1359517, 1356286, 1397514, 1414353, 1363468, 1388809, 1361225, 1392299, 1363501]"
"LISAH-BVD-0-341-20230516","[1364006, 1363740, 1356286, 1392250, 1359497, 1363739]"
"LISAH-BVD-0-342-20230516","[1364006, 1356286, 1392250, 1356066, 1359517, 1356976]"
"LISAH-BVD-0-343-20230516","[1364006, 1356286, 1363740, 1359517, 1396871, 1361206, 1363478, 1363455, 1359497]"
"LISAH-BVD-0-344-20230516","[1364006, 1359517, 1356278, 1356286, 1397514, 1363735, 1392250, 1396871, 1361302, 1363468]"
"LISAH-BVD-0-345-20230516","[1364006, 1356066, 1356286, 1363501, 1363478, 1361133, 1741625, 1356976, 1363475, 1363452]"
"LISAH-BVD-0-346-20230516","[1364006, 1356286, 1363478, 1361206, 1363993, 1361302, 1363475, 1363740, 1359517]"
"LISAH-BVD-0-347-20230516","[1364006, 1356066, 1356286, 1741625, 1363478, 1363803, 1393522, 1650228, 1363476]"
"LISAH-BVD-0-348-20230516","[1364006, 1356286, 1741625, 1364173, 1363478, 1363460, 1363469, 1395169]"
"LISAH-BVD-0-349-20230516","[1364006, 1356286, 1356066, 1361206, 1363478, 1363474, 1363468, 1400177, 1363475, 1363469]"
"LISAH-BVD-0-35-20230510","[1364006, 1363526, 1361316, 1363740, 1363452, 1363475, 1363016, 1359528, 1363455, 1654153]"
"LISAH-BVD-0-350-20230516","[1364006, 1356286, 1356066, 1363475, 1363478, 1363476, 1363993, 1720968]"
"LISAH-BVD-0-351-20230516","[1364006, 1356066, 1394638, 1394627, 1356286, 1394630]"
"LISAH-BVD-0-352-20230516","[1364006, 1356066, 1356286, 1363475, 1363468, 1363501, 1363478, 1356278, 1361190, 1741625]"
"LISAH-BVD-0-353-20230516","[1364006, 1356066, 1356286, 1363740, 1363501, 1363458, 1363478, 1394627, 1363460, 1395169]"
"LISAH-BVD-0-354-20230516","[1364006, 1356066, 1391823, 1359517, 1363475, 1363501, 1394627, 1363803, 1356278, 1363468]"
"LISAH-BVD-0-364-20230516","[1363945, 1363526, 1361306, 1359639, 1361307, 1738610, 1363947, 1363944, 1363468, 1364006]"
"LISAH-BVD-0-372-20230516","[1363526, 1363468, 1361306, 1359525, 1422217, 1414353, 1361307, 1359483, 1361117, 1363016]"
"LISAH-BVD-0-379-20230516","[1361306, 1364006, 1361307, 1363469, 1356084, 1356286, 1394416, 1422217, 1363740, 1356278]"
"LISAH-BVD-0-380-20230516","[1361306, 1363475, 1414353, 1361307, 1364006, 1361302, 1363489, 1363595, 1649664, 1363476]"
"LISAH-BVD-0-383-20230516","[1363526, 1364006, 1357492, 1356314, 1359517, 1356082, 1517561, 1361307, 1363476, 1363475]"
"LISAH-BVD-0-392-20230516","[1364006, 1363740, 1355936, 1359517, 1359497, 1654153, 1363739, 1356331]"
"LISAH-BVD-0-397-20230517","[1414353, 1363526, 1363468, 1364006, 1356066, 1363016, 1654153, 1392250]"
"LISAH-BVD-0-398-20230517","[1356066, 1414353, 1355936, 1363740, 1359517, 1364006, 1363468, 1422217, 1654153, 1356201]"
"LISAH-BVD-0-412-20230517","[1363993, 1414353, 1363526, 1364006, 1422217, 1356066, 1363016, 1396261, 1737545]"
"LISAH-BVD-0-417-20230517","[1363740, 1356066, 1361307, 1361306, 1359517, 1737545, 1356286, 1356278, 1364006, 1363739]"
"LISAH-BVD-0-428-20230517","[1363740, 1361306, 1364006, 1654153, 1356286, 1361307, 1356066, 1363475, 1359517, 1356084]"
"LISAH-BVD-0-430-20230517","[1356286, 1363478, 1364006, 1363460, 1361302, 1363740, 1356078, 1363475, 1361206, 1359517]"
"LISAH-BVD-0-431-20230517","[1364006, 1356286, 1363475, 1363740, 1356084, 1356278]"
"LISAH-BVD-0-432-20230517","[1364006, 1356286, 1363460, 1361302, 1363452, 1363478, 1357635, 1422217, 1356084, 1363455]"
"LISAH-BVD-0-463-20230517","[1356066, 1363740, 1359517, 1363496, 1363526, 1364006, 1394638, 1363424, 1363543, 1356067]"
"LISAH-BVD-0-465-20230517","[1356066, 1363740, 1363475, 1654153, 1363455, 1363496, 1363526, 1394638, 1364006]"
"LISAH-BVD-0-471-20230517","[1356066, 1363526, 1356286, 1394638, 1363455, 1363475, 1394627]"
"LISAH-BVD-0-54-20230510","[1356314, 1363526, 1356078, 1359639, 1363945, 1363199, 1363944, 1741669]"
"LISAH-BVD-0-99-20230510","[1363501, 1356066, 1356286, 1363731, 1650228, 1650353, 1363328, 1361225, 1395169, 1363475]"
"LISAH-JAS-0-1-20220505","[1364006, 1363173, 1364065, 1355870, 1356331]"
"LISAH-JAS-0-11-20220505","[1357875, 1363740, 1363739, 1363735, 1359519, 1359497, 1357358, 1359517]"
"LISAH-JAS-0-12-20220505","[1359519, 1363740, 1363739, 1363730, 1359517, 1397514, 1359497, 1359511, 1363731, 1363737]"
"LISAH-JAS-0-13-20220505","[1359519, 1363731, 1363740, 1359497, 1363739, 1363738, 1356084, 1397048]"
"LISAH-JAS-0-15-20220505","[1422217, 1359519, 1364006, 1356084, 1397514, 1359575, 1414353, 1359517, 1363526, 1363731]"
"LISAH-JAS-0-16-20220505","[1359519, 1363731, 1397514, 1391360, 1363732, 1359517, 1359497]"
"LISAH-JAS-0-17-20220505","[1363740, 1356084, 1356066, 1359497, 1359517, 1363739, 1363731, 1359528, 1359519, 1363737]"
"LISAH-JAS-0-2-20220505","[1364065, 1397048]"
"LISAH-JAS-0-6-20220505","[1356084, 1364138, 1359519, 1363732, 1360116, 1357711, 1397514]"
"LISAH-JAS-0-7-20220505","[1356084, 1364138, 1741625, 1360116]"
"LISAH-JAS-0-9-20220505","[1359519, 1397048, 1364065, 1359517, 1397514, 1355870, 1364063, 1357546, 1355869]"
"LISAH-JAS-1-25-20220505","[1361302, 1363526, 1356066, 1361157, 1356065, 1359959, 1363475, 1422217]"
"LISAH-JAS-1-27-20220505","[1363740, 1361306, 1359296, 1356084, 1363730, 1363731, 1363737, 1359322, 1361307, 1412585]"
"LISAH-JAS-1-28-20220505","[1363740, 1363945, 1363739, 1356084, 1359639, 1363944, 1359517, 1363993, 1363947, 1743235]"
"LISAH-JAS-1-5-20220505","[1397048, 1355869, 1361307, 1364063, 1422217, 1364065, 1355870, 1397060]"
"LISAH-PEC-0-0-20220608","[1396055, 1362327, 1743313, 1422217, 1400177]"
"LISAH-PEC-0-1-20230411","[1356008, 1422217, 1361338, 1355994, 1363326, 1355992, 1356007, 1388913, 1356538, 1363944]"
"LISAH-PEC-0-10-20230405","[1364006, 1357635, 1424916, 1364138, 1363526, 1517561]"
"LISAH-PEC-0-11-20230405","[1517561, 1356083, 1364160, 1363526, 1424916, 1357635]"
"LISAH-PEC-0-11-20230411","[1356008, 1392594, 1360116]"
"LISAH-PEC-0-12-20230411","[1364006, 1363944, 1357546, 1355994, 1360127]"
"LISAH-PEC-0-13-20230411","[1364006, 1517561, 1358003]"
"LISAH-PEC-0-13-20230413","[1363676, 1364006, 1358003, 1360223, 1364154, 1394359, 1392250]"
"LISAH-PEC-0-14-20230407","[1364006, 1395477, 1357103, 1388990, 1363908, 1360354, 1363988, 1358003, 1363468]"
"LISAH-PEC-0-15-20230407","[1364006, 1361002, 1360422, 1392250, 1525142, 1355870]"
"LISAH-PEC-0-17-20230413","[1363676, 1363526, 1356171, 1741625, 1363732, 1364006, 1581623]"
"LISAH-PEC-0-18-20230411","[1517561, 1361338, 1392250, 1355870, 1357176]"
"LISAH-PEC-0-19-20230413","[1363676, 1356008, 1363732, 1361117]"
"LISAH-PEC-0-20-20230411","[1356008, 1517561, 1357176, 1363899]"
"LISAH-PEC-0-4-20230407","[1364006, 1392250, 1363526, 1363908, 1425420, 1363386]"
"LISAH-PEC-0-4-20230411","[1356008, 1361190, 1360141, 1361338, 1414367, 1356083, 1360127, 1363944, 1356084]"
"LISAH-PEC-0-6-20220608","[1361394, 1362429, 1363386, 1357401, 1358003, 1646477, 1356065, 1355885, 1359483, 1363452]"
"LISAH-PEC-0-6-20230411","[1356008, 1356083, 1398656, 1517561, 1359489, 1360127, 1356066, 1355994]"
"LISAH-PEC-0-8-20230405","[1517561]"
"LISAH-PEC-0-9-20230411","[1363944, 1356008, 1355992, 1355994, 1363945, 1364006, 1361190]"
"LISAH-PEC-0-9-20230413","[1357598, 1356008, 1363676, 1363908, 1357722]"
"LISAH-PEC-1-13-20230405","[1355870, 1357176]"
"LISAH-PEC-1-18-20230407","[1363901, 1356328, 1363878]"
"LISAH-PEC-2-0-20220609","[1422217, 1414353, 1361306, 1364151, 1361307, 1357465, 1360739, 1364006, 1364154, 1361437]"
"LISAH-PEC-2-11-20220609","[1422217, 1357351, 1355881, 1414353, 1722435, 1361307, 1361117]"
"LISAH-PEC-2-17-20230407","[1711782, 1361117, 1355991]"
"LISAH-PEC-2-2-20220609","[1361306, 1356008, 1422217, 1361307, 1414353, 1361190]"
"LISAH-PEC-2-20-20230407","[1356008, 1356007, 1358196]"
"LISAH-PEC-2-4-20220609","[1422217, 1414353, 1355881, 1361307, 1357351, 1722435, 1414367]"
"LISAH-PEC-2-5-20220609","[1422217, 1364151, 1355881, 1357351, 1357465, 1357598, 1361190, 1502064, 1361117]"
"LISAH-PEC-2-5-20230407","[1356538, 1356008, 1363326, 1356314, 1363878, 1363901]"
"LISAH-PEC-2-6-20220609","[1422217, 1414367, 1414353, 1355885, 1361307]"
"LISAH-PEC-3-10-20230407","[1363676, 1741625, 1363803, 1363889, 1741669, 1359551, 1364019, 1364145]"
"LISAH-PEC-3-16-20230407","[1363676, 1741625, 1356094, 1392250, 1359684, 1359575, 1363674, 1364006, 1359551, 1363732]"
"LISAH-PEC-3-20-20230407","[1363676, 1741625, 1363680, 1363732]"
"OPTMix-0108-P1-312-20231006","[1356404, 1394663, 1722340, 1394564, 1361801, 1397383]"
"OPTMix-0108-P1-422-20231006","[1361055, 1363475, 1361302, 1360222, 1388809, 1363460, 1363526]"
"OPTMix-0108-P1-427-20231006","[1356404, 1722340, 1394663, 1357413, 1396752, 1396512, 1737422, 1419076, 1358615]"
"OPTMix-0108-P1-533-20231006","[1361055, 1364006, 1357413, 1361302, 1363593, 1363475, 1362951, 1363526, 1358615]"
"OPTMix-0108-P1-95-20231006","[1361302, 1364157, 1394663, 1356404, 1361055, 1363526, 1361002, 1654153, 1361057]"
"OPTMix-012-P1-143-20231201","[1357413, 1392309, 1400084, 1397383, 1361091]"
"OPTMix-012-P1-208-20231201","[1359973, 1357413, 1419076, 1400084, 1397383]"
"OPTMix-012-P2-192-20231201","[1737422, 1363575, 1357413, 1397383, 1419076, 1356790, 1358610]"
"OPTMix-012-P2-207-20231201","[1394617, 1357413, 1419076, 1397460, 1397383]"
"OPTMix-012-P2-240-20231201","[1359973, 1397383, 1357413, 1392309, 1400084, 1737422, 1419076, 1390756]"
"OPTMix-012-P3-190-20231201","[1359973, 1392309, 1400084, 1361914, 1363328, 1390756, 1737422, 1361091]"
"OPTMix-012-P3-218-20231201","[1357413, 1390756, 1397383]"
"OPTMix-012-P3-220-20231201","[1359973, 1361914, 1400084, 1392309, 1397383, 1361376, 1361801, 1390756, 1357413]"
"OPTMix-0178-P1-1060-20231006","[1737422, 1722340, 1356404, 1363575, 1361801, 1356790, 1397383, 1395507, 1397459, 1396752]"
"OPTMix-0178-P1-1061-20231006","[1359973, 1359750, 1361801, 1397383, 1397459, 1356790, 1394564, 1357413]"
"OPTMix-0178-P1-552-20231006","[1356404, 1722340, 1362987, 1394564]"
"OPTMix-0178-P1-661-20231006","[1722340, 1356404, 1396752]"
"OPTMix-0178-P1-663-20231006","[1397383, 1359973, 1364157, 1359750, 1361801, 1394564, 1356404, 1722340]"
"OPTMix-0178-P1-669-20231006","[1397383, 1359750, 1394564, 1419076, 1357413]"
"OPTMix-0200-11006-20231009","[1357413, 1356404, 1722340, 1397383, 1358615, 1390887]"
"OPTMix-0200-P2-53-20231009","[1358501, 1361002]"
"OPTMix-0200-P2-54-20231009","[1361316, 1361057, 1390761, 1363477, 1731657, 1364006, 1392769, 1363595, 1363016]"
"OPTMix-0200-P2-68-20231009","[1358501, 1356082, 1357275]"
"OPTMix-0200-P3-108-20231009","[1356404, 1722340, 1363328, 1396752]"
"OPTMix-0200-P3-127-20231009","[1356404, 1388809, 1722340, 1737565, 1363475, 1395477, 1363526, 1361055, 1360354, 1395628]"
"OPTMix-0200-P3-139-20231009","[1394617, 1364157, 1361074, 1392587, 1389833]"
"OPTMix-0214-P1-207-20231010","[1400084, 1357413, 1390756, 1392309, 1419076]"
"OPTMix-0214-P1-208-20231010","[1361376, 1390756, 1397383, 1392309, 1358616]"
"OPTMix-0214-P1-235-20231010","[1359973, 1357413, 1397383, 1737422, 1419076]"
"OPTMix-0214-P2-22-20231010","[1358501, 1392025]"
"OPTMix-0214-P2-64-20231010","[1358501, 1394617, 1388990]"
"OPTMix-0214-P2-84-20231010","[1359973, 1397383, 1357413, 1397406]"
"OPTMix-0214-P3-186-20231010","[1361801, 1361376, 1394663, 1363328, 1359973, 1392309, 1400084]"
"OPTMix-0214-P3-196-20231010","[1357413, 1737422, 1361376, 1419076, 1361057, 1358615, 1392309, 1390756]"
"OPTMix-0214-P3-278-20231010","[1361057, 1361055, 1390761, 1391666, 1363526]"
"OPTMix-0216-P4-208-20231009","[1358501, 1356404, 1722340, 1396752, 1361302, 1394663, 1361055, 1364157]"
"OPTMix-0255-11233-20231009","[1361302, 1361376, 1654153, 1394663, 1388990]"
"OPTMix-0255-11372-20231009","[1394663, 1654153, 1397383]"
"OPTMix-0255-11382-20231009","[1361302, 1361055, 1654153, 1394663, 1363475, 1361376, 1363593]"
"OPTMix-033-P3-107-20231201","[1356404, 1722340, 1392769, 1361055]"
"OPTMix-0333-P1-107-20231212","[1356404, 1722340, 1392769, 1358003, 1363328, 1361801]"
"OPTMix-0333-P1-112-20231212","[1356404, 1722340]"
"OPTMix-0333-P2-108-20231212","[1356404, 1722340]"
"OPTMix-0333-P2-112-20231212","[1392769, 1356404]"
"OPTMix-0333-P2-115-20231212","[1392769, 1722340, 1356404, 1358003, 1389018, 1363933, 1394663]"
"OPTMix-0333-P3-100-20231201","[1356404, 1722340, 1396752]"
"OPTMix-0333-P3-76-20231201","[1356404, 1722340, 1358501]"
"OPTMix-057-P1-1699-20231010","[1356404, 1722340, 1394564]"
"OPTMix-057-P1-1901-20231010","[1356404, 1397383, 1722340, 1394564, 1361801, 1397301]"
"OPTMix-057-P1-1902-20231010","[1356404, 1722340, 1358616, 1394564]"
"OPTMix-057-P1-1913-20231010","[1356404, 1722340]"
"OPTMix-057-P1-1917-20231010","[1356404, 1722340, 1397383]"
"OPTMix-0593-P1-129-20231205","[1359973, 1357413, 1419076]"
"OPTMix-0593-P1-134-20231205","[1359973, 1397383, 1419076, 1394564]"
"OPTMix-0593-P1-86-20231205","[1361376, 1357413, 1397383, 1361914, 1361801, 1392309]"
"OPTMix-0593-P2-180-20231205","[1359973, 1397383, 1419076, 1396971, 1357413]"
"OPTMix-0593-P2-84-20231205","[1357413, 1361801, 1737422, 1356790, 1358615, 1356397, 1397383, 1419076]"
"OPTMix-0593-P2-92-20231205","[1400084, 1357413, 1397383, 1392309, 1361801, 1390756]"
"OPTMix-0593-P3-130-20231205","[1359973, 1397383, 1396971, 1390756, 1361801, 1400084, 1358610, 1363328, 1357413]"
"OPTMix-0593-P3-146-20231205","[1397383, 1392309, 1363328]"
"OPTMix-0593-P3-87-20231205","[1359973, 1397383, 1361801, 1359750]"
"OPTMix-0598-P1-118-20231205","[1358003, 1389018, 1392769, 1361376]"
"OPTMix-0598-P1-132-20231205","[1359973, 1397383, 1419076, 1358610, 1357413, 1358615]"
"OPTMix-0598-P1-133-20231205","[1397383, 1358003, 1363409, 1363468, 1357413]"
"OPTMix-0598-P1-149-20231205","[1359973, 1358501, 1357413, 1397383]"
"OPTMix-0598-P1-197-20231205","[1358501, 1364157, 1397383]"
"OPTMix-0598-P1-198-20231205","[1361376]"
"OPTMix-0598-P2-102-20231205","[1356404, 1722340]"
"OPTMix-0598-P2-139-20231207","[1356404, 1397383, 1722340, 1357413]"
"OPTMix-0598-P2-86-20231207","[1356404, 1722340, 1356790]"
"OPTMix-0598-P2-99-20231205","[1359973, 1359750, 1397383, 1356790, 1357413, 1361801, 1397459]"
"OPTMix-0598-P4-104-20231207","[1358501]"
"OPTMix-0598-P4-108-20231207","[1396971, 1397383, 1356790, 1737422, 1369309]"
"OPTMix-0598-P4-128-20231207","[1359973, 1397383, 1357413]"
"OPTMix-083-P3-139-20231110","[1356404, 1722340, 1394564]"
"OPTMix-083-P3-186-20231110","[1356404, 1722340]"
"OPTMix-083-P3-96-20231110","[1358501, 1392769, 1358003]"
"OPTMix-108-P1-000-20231006","[1356404, 1357413, 1364157, 1737422, 1397383, 1363575, 1722340, 1361801, 1396752, 1358615]"
"RNNB-1-1-20230512","[1722522, 1722625]"
"RNNB-1-1-20240117","[1722433, 1720968, 1737441, 1722441]"
"RNNB-1-10-20230512","[1722522, 1722625, 1452062, 1397505]"
"RNNB-1-10-20240117","[1722433, 1722441, 1363476, 1706074, 1361106]"
"RNNB-1-2-20230512","[1722522, 1722625]"
"RNNB-1-2-20240117","[1363455]"
"RNNB-1-3-20230512","[1722522, 1722625]"
"RNNB-1-3-20240117","[1363477]"
"RNNB-1-4-20230512","[1722522, 1722625]"
"RNNB-1-4-20240117","[1722433, 1390761]"
"RNNB-1-5-20230512","[1722522, 1722625, 1360127, 1360141, 1363165]"
"RNNB-1-5-20240117","[1722433, 1390761, 1356066, 1722441, 1737441]"
"RNNB-1-6-20230512","[1722522, 1722625, 1452062, 1397505, 1578171]"
"RNNB-1-6-20240117","[1722433, 1390761, 1737441]"
"RNNB-1-7-20230512","[1722522, 1722625]"
"RNNB-1-7-20240117","[1722433]"
"RNNB-1-8-20230512","[1722522, 1722625, 1356333, 1363526, 1363842]"
"RNNB-1-8-20240117","[1722433, 1722441]"
"RNNB-1-9-20230512","[1722522, 1722625]"
"RNNB-1-9-20240117","[1722433, 1722441, 1737441, 1388990, 1706074]"
"RNNB-2-1-20230512","[1722522, 1722625, 1426004, 1356084]"
"RNNB-2-1-20240117","[1722433, 1737441, 1390761]"
"RNNB-2-10-20230512","[1426004, 1360141, 1360127, 1360116]"
"RNNB-2-10-20240117","[1356083, 1364037, 1363199, 1364006]"
"RNNB-2-2-20230512","[1722522, 1426004, 1360141, 1722625, 1426005, 1360116, 1356084]"
"RNNB-2-2-20240117","[1413865]"
"RNNB-2-3-20230512","[1364006, 1426004, 1360127, 1360141, 1360363]"
"RNNB-2-3-20240117","[1364037]"
"RNNB-2-4-20230512","[1359627, 1426004, 1356084, 1360141]"
"RNNB-2-4-20240117","[1722433]"
"RNNB-2-5-20230512","[1356084, 1426004, 1578171]"
"RNNB-2-5-20240117","[1360711]"
"RNNB-2-6-20230512","[1426004, 1360141]"
"RNNB-2-6-20240117","[1413865]"
"RNNB-2-7-20230512","[1426004, 1356084, 1394944]"
"RNNB-2-7-20240117","[1722433]"
"RNNB-2-8-20230512","[1356084, 1426004, 1364006, 1360141]"
"RNNB-2-8-20240117","[1360711]"
"RNNB-2-9-20230512","[1426004, 1360141, 1364006]"
"RNNB-2-9-20240117","[1363328, 1364006, 1356083, 1722433]"
"RNNB-3-1-20230512","[1741625, 1363526, 1363016, 1364006, 1363424, 1356331, 1363497, 1363447, 1363409, 1356066]"
"RNNB-3-1-20240117","[1363477]"
"RNNB-3-10-20230512","[1722433, 1393522, 1650228, 1722441, 1356297]"
"RNNB-3-10-20240117","[1364037, 1356083, 1390761]"
"RNNB-3-11-20230512","[1722433, 1722441, 1743938, 1650228, 1393522]"
"RNNB-3-12-20230512","[1722433, 1356297, 1393522, 1722441, 1364006]"
"RNNB-3-2-20230512","[1741625, 1364006, 1426004, 1356084, 1356284, 1363526, 1356066]"
"RNNB-3-2-20240117","[1722433, 1722441, 1737441, 1390761]"
"RNNB-3-3-20240117","[1388990, 1425895, 1722433, 1360999, 1390761]"
"RNNB-3-4-20230512","[1364006, 1363526, 1650228]"
"RNNB-3-4-20240117","[1364037]"
"RNNB-3-5-20230512","[1722433, 1364006, 1650228, 1393522, 1356297, 1722441]"
"RNNB-3-5-20240117","[1356083, 1363199]"
"RNNB-3-6-20230512","[1722433, 1393522, 1722441, 1650228, 1356297]"
"RNNB-3-6-20240117","[1356083, 1364037]"
"RNNB-3-7-20230512","[1722433, 1722441, 1356297, 1393522, 1650228]"
"RNNB-3-7-20240117","[1360711]"
"RNNB-3-8-20230512","[1393522, 1722433, 1356297, 1650353, 1650228, 1722441]"
"RNNB-3-8-20240117","[1364037]"
"RNNB-3-9-20230512","[1722433, 1356297, 1393522, 1737447, 1722441, 1731657]"
"RNNB-3-9-20240117","[1363199, 1364037, 1356083]"
"RNNB-4-1-20240117","[1399677, 1357769]"
"RNNB-4-1-20240118","[1388990, 1357492, 1363526, 1358866]"
"RNNB-4-10-20240117","[1425895, 1364006, 1364037]"
"RNNB-4-10-20240118","[1357630, 1397398, 1361801, 1356538]"
"RNNB-4-2-20240117","[1361703]"
"RNNB-4-2-20240118","[1388990, 1363199, 1359973]"
"RNNB-4-3-20240117","[1363740]"
"RNNB-4-3-20240118","[1388990, 1363526, 1361437]"
"RNNB-4-4-20240117","[1390761]"
"RNNB-4-4-20240118","[1357492, 1357630, 1363433, 1393619]"
"RNNB-4-5-20240117","[1722433, 1394581, 1517561]"
"RNNB-4-5-20240118","[1355901]"
"RNNB-4-6-20240117","[1357492, 1356397, 1390761, 1425895]"
"RNNB-4-6-20240118","[1360422, 1392155]"
"RNNB-4-7-20240117","[1364037, 1357492, 1361703]"
"RNNB-4-7-20240118","[1392725, 1362488, 1357630, 1397398]"
"RNNB-4-8-20240117","[1355950, 1363740]"
"RNNB-4-8-20240118","[1357630, 1392725, 1397398]"
"RNNB-4-9-20240117","[1357848, 1722433, 1360711, 1425895]"
"RNNB-4-9-20240118","[1357630, 1392725, 1388990]"
"RNNB-5-1-20240117","[1399677, 1357630]"
"RNNB-5-1-20240118","[1356065, 1722441, 1363526, 1390761, 1356069]"
"RNNB-5-10-20240117","[1361057]"
"RNNB-5-10-20240118","[1388990, 1357630, 1359009, 1720968, 1364006]"
"RNNB-5-2-20240117","[1357630, 1362488, 1399677, 1358766]"
"RNNB-5-2-20240118","[1357630, 1743404, 1361019, 1722433, 1388990, 1364154, 1743220, 1363433]"
"RNNB-5-3-20240117","[1357630, 1358761, 1358766, 1397373, 1399677]"
"RNNB-5-3-20240118","[1363526, 1388990, 1361801, 1364037, 1517561, 1361703, 1360363]"
"RNNB-5-4-20240117","[1358761, 1357630, 1399677, 1358766]"
"RNNB-5-4-20240118","[1357630, 1364037, 1392725]"
"RNNB-5-5-20240117","[1357630, 1399677, 1358766]"
"RNNB-5-5-20240118","[1357630, 1392725]"
"RNNB-5-6-20240117","[1357630, 1358766, 1358761, 1399677]"
"RNNB-5-6-20240118","[1357630, 1392725]"
"RNNB-5-7-20240117","[1357099]"
"RNNB-5-7-20240118","[1357492, 1357630, 1359009, 1356397, 1397398, 1397344, 1363706, 1363433]"
"RNNB-5-8-20240117","[1363526, 1361057, 1388990]"
"RNNB-5-8-20240118","[1357492, 1388990, 1363434, 1364006, 1425895, 1363433, 1398721, 1706074]"
"RNNB-5-9-20240117","[1358003, 1388990]"
"RNNB-5-9-20240118","[1357492, 1363706, 1363475, 1361117]"
"RNNB-6-1-20240117","[1357560, 1397344, 1355885, 1374048]"
"RNNB-6-1-20240118","[1361703, 1364006]"
"RNNB-6-10-20240117","[1363526, 1390761, 1388990, 1363476, 1425420, 1355886, 1361055, 1359483, 1362429, 1400177]"
"RNNB-6-10-20240118","[1357630, 1392725, 1397398]"
"RNNB-6-2-20240117","[1388990, 1356083, 1422217, 1414353, 1355870, 1363526]"
"RNNB-6-2-20240118","[1390761, 1722441]"
"RNNB-6-3-20240117","[1388990, 1363526, 1720968, 1355870, 1363433]"
"RNNB-6-3-20240118","[1390761, 1425895, 1364006, 1355870, 1388990, 1361117]"
"RNNB-6-4-20240117","[1422217, 1388990, 1363433, 1361117, 1361019]"
"RNNB-6-4-20240118","[1396470, 1425895, 1355870, 1363433]"
"RNNB-6-5-20240117","[1363526, 1388990, 1361019, 1390761]"
"RNNB-6-5-20240118","[1425895, 1363433, 1722441, 1390761, 1360999, 1357492, 1722433]"
"RNNB-6-6-20240117","[1390761, 1414353, 1363433, 1388990]"
"RNNB-6-6-20240118","[1357630, 1361703]"
"RNNB-6-7-20240117","[1422217, 1388990, 1358003, 1363433]"
"RNNB-6-7-20240118","[1357630, 1358766]"
"RNNB-6-8-20240117","[1388990, 1414353, 1357379, 1355950, 1422217, 1363433, 1363526]"
"RNNB-6-8-20240118","[1357630, 1361703]"
"RNNB-6-9-20240117","[1414353, 1392769, 1361437, 1363433, 1364006, 1720968, 1358003, 1361124, 1422217, 1355870]"
"RNNB-6-9-20240118","[1364037, 1361703]"
"RNNB-7-1-20240118","[1388990, 1357630, 1356663, 1358761]"
"RNNB-7-10-20240118","[1388990, 1357630, 1363526]"
"RNNB-7-2-20240118","[1388990, 1357630, 1361437, 1363526]"
"RNNB-7-3-20240118","[1388990, 1361437, 1363526, 1357630, 1361117, 1390761, 1364037]"
"RNNB-7-4-20240118","[1388990, 1363434, 1743235, 1361437]"
"RNNB-7-5-20240118","[1388990, 1364006, 1358766, 1358761, 1362488, 1357630]"
"RNNB-7-6-20240118","[1388990, 1357630, 1363526, 1394414, 1393466, 1361124, 1392725, 1358766, 1363487, 1361127]"
"RNNB-7-7-20240118","[1388990, 1363433, 1361347]"
"RNNB-7-8-20240118","[1363908, 1361437, 1394414, 1361124, 1388990, 1361117, 1363433]"
"RNNB-7-9-20240118","[1388990, 1363908, 1361117, 1425895, 1361437]"
"RNNB-8-1-20240118","[1390761, 1722433, 1737441, 1706074]"
"RNNB-8-10-20240118","[1722441, 1390761, 1425895, 1722433, 1737441]"
"RNNB-8-2-20240118","[1737441, 1722433, 1390761, 1722441, 1413865]"
"RNNB-8-3-20240118","[1425895, 1722433, 1722441, 1390761, 1737441, 1393522]"
"RNNB-8-4-20240118","[1390761, 1722441, 1737441]"
"RNNB-8-5-20240118","[1390761]"
"RNNB-8-6-20240118","[1364037, 1364006]"
"RNNB-8-7-20240118","[1360711, 1357848]"
"RNNB-8-8-20240118","[1357465, 1390761, 1413865, 1397373, 1722433]"
"RNNB-8-9-20240118","[1390761, 1388990, 1361437, 1361117, 1722433, 1722441, 1364037, 1359344]"
