"quadrat_id","species_ids"
"2024-CEV3-20240602","[1360187, 1395045, 1362443, 1356275]"
"CBN-PdlC-A1-20130807","[1412857, 1394311, 1360299, 1394643]"
"CBN-PdlC-A1-20130903","[1412857, 1392608, 1394643, 1395807]"
"CBN-PdlC-A1-20140721","[1412857, 1394311, 1394542, 1396974]"
"CBN-PdlC-A1-20140811","[1412857, 1392608, 1362331, 1360299]"
"CBN-PdlC-A1-20140901","[1361099, 1412857, 1392608, 1360299]"
"CBN-PdlC-A1-20150701","[1360299, 1394311, 1396974, 1394641]"
"CBN-PdlC-A1-20150720","[1395807, 1392608, 1412857, 1394641]"
"CBN-PdlC-A1-20150831","[1412857, 1390793, 1394643, 1394641]"
"CBN-PdlC-A1-20160705","[1412857, 1390793, 1394911, 1360299]"
"CBN-PdlC-A1-20160726","[1392608, 1412857, 1392535, 1549015]"
"CBN-PdlC-A1-20170816","[1360299, 1412857, 1394641, 1362331]"
"CBN-PdlC-A1-20170906","[1412857, 1392608, 1395807, 1394641]"
"CBN-PdlC-A1-20180702","[1360981, 1397046, 1392534, 1392574]"
"CBN-PdlC-A1-20180815","[1412857, 1392608, 1394641, 1396974]"
"CBN-PdlC-A1-20180905","[1412857, 1394641, 1394311, 1394643]"
"CBN-PdlC-A1-20190701","[1397046, 1394311, 1741810, 1652226]"
"CBN-PdlC-A1-20190722","[1392608, 1412857, 1395807, 1390821]"
"CBN-PdlC-A1-20190812","[1412857, 1395807, 1360299, 1392608]"
"CBN-PdlC-A1-20190909","[1412857, 1737699, 1394311, 1395807]"
"CBN-PdlC-A1-20200629","[1360981, 1356424, 1653823, 1738796]"
"CBN-PdlC-A1-20200722","[1395807, 1392608, 1360299, 1549015]"
"CBN-PdlC-A1-20200812","[1412857, 1395807, 1360299, 1394641]"
"CBN-PdlC-A2-20130807","[1412857, 1395807, 1395974, 1393824]"
"CBN-PdlC-A2-20130903","[1395807, 1412857, 1394643, 1394641]"
"CBN-PdlC-A2-20140721","[1412857, 1356424, 1394065, 1396974]"
"CBN-PdlC-A2-20140901","[1412857, 1394911, 1492736, 1396682]"
"CBN-PdlC-A2-20150720","[1395807, 1412857, 1394641, 1519650]"
"CBN-PdlC-A2-20150810","[1412857, 1395807, 1394643, 1394641]"
"CBN-PdlC-A2-20150831","[1412857, 1395807, 1394643, 1393200]"
"CBN-PdlC-A2-20160705","[1412857, 1394911, 1418612, 1397046]"
"CBN-PdlC-A2-20160726","[1412857, 1395807, 1397500, 1393200]"
"CBN-PdlC-A2-20170816","[1395807, 1412857, 1394641, 1394643]"
"CBN-PdlC-A2-20180702","[1664563, 1391331, 1394311, 1393824]"
"CBN-PdlC-A2-20180723","[1395807, 1393200, 1397500, 1412857]"
"CBN-PdlC-A2-20180815","[1412857, 1395807, 1394641, 1397500]"
"CBN-PdlC-A2-20180905","[1412857, 1395807, 1390910, 1390793]"
"CBN-PdlC-A2-20190701","[1654153, 1394877, 1394999, 1394997]"
"CBN-PdlC-A2-20190722","[1392535, 1412857, 1549015, 1395807]"
"CBN-PdlC-A2-20190812","[1412857, 1395807, 1364071, 1394641]"
"CBN-PdlC-A2-20190909","[1412857, 1395807, 1393660, 1394643]"
"CBN-PdlC-A2-20200629","[1358627, 1393657, 1356424, 1394311]"
"CBN-PdlC-A2-20200722","[1395807, 1363622, 1358147, 1392535]"
"CBN-PdlC-A2-20200812","[1395807, 1654153, 1412857, 1364071]"
"CBN-PdlC-A3-20130807","[1412857, 1395807, 1360299, 1397046]"
"CBN-PdlC-A3-20130903","[1412857, 1395807, 1654153, 1394643]"
"CBN-PdlC-A3-20140721","[1412857, 1393200, 1362361, 1397046]"
"CBN-PdlC-A3-20140811","[1412857, 1395807, 1394641, 1392608]"
"CBN-PdlC-A3-20140901","[1412857, 1392608, 1394643, 1654153]"
"CBN-PdlC-A3-20150701","[1412857, 1394866, 1392608, 1394643]"
"CBN-PdlC-A3-20150720","[1412857, 1395807, 1519650, 1388793]"
"CBN-PdlC-A3-20150810","[1412857, 1392608, 1394643, 1395807]"
"CBN-PdlC-A3-20150831","[1412857, 1394643, 1390793, 1390910]"
"CBN-PdlC-A3-20160705","[1390793, 1412857, 1393200, 1394641]"
"CBN-PdlC-A3-20160726","[1412857, 1395807, 1392608, 1394643]"
"CBN-PdlC-A3-20170816","[1412857, 1395807, 1394641, 1394643]"
"CBN-PdlC-A3-20170906","[1412857, 1394366, 1394643, 1391881]"
"CBN-PdlC-A3-20180702","[1412857, 1664563, 1397046, 1741834]"
"CBN-PdlC-A3-20180723","[1412857, 1395807, 1392747, 1397046]"
"CBN-PdlC-A3-20180815","[1412857, 1394641, 1395807, 1395868]"
"CBN-PdlC-A3-20180905","[1412857, 1395807, 1394641, 1391881]"
"CBN-PdlC-A3-20190701","[1356424, 1423209, 1653823, 1687898]"
"CBN-PdlC-A3-20190722","[1412857, 1392608, 1397046, 1393200]"
"CBN-PdlC-A3-20190812","[1412857, 1360299, 1363403, 1395807]"
"CBN-PdlC-A3-20190909","[1412857, 1395807, 1394643, 1394311]"
"CBN-PdlC-A3-20200629","[1741834, 1390541, 1548508, 1668620]"
"CBN-PdlC-A3-20200722","[1412857, 1393660, 1392608, 1395807]"
"CBN-PdlC-A3-20200812","[1412857, 1395807, 1394643, 1394641]"
"CBN-PdlC-A4-20130807","[1395807, 1400101, 1392608, 1390927]"
"CBN-PdlC-A4-20130903","[1395807, 1395190, 1361585, 1392608]"
"CBN-PdlC-A4-20140811","[1393200, 1395807, 1392608, 1397475]"
"CBN-PdlC-A4-20140901","[1397475, 1392608, 1395190, 1390793]"
"CBN-PdlC-A4-20150701","[1393200, 1392608, 1395190, 1397475]"
"CBN-PdlC-A4-20150810","[1397475, 1392608, 1412857, 1360590]"
"CBN-PdlC-A4-20150831","[1397475, 1393200, 1412857, 1395190]"
"CBN-PdlC-A4-20160705","[1397475, 1393824, 1397500, 1392608]"
"CBN-PdlC-A4-20160726","[1392608, 1412857, 1396144, 1397475]"
"CBN-PdlC-A4-20170816","[1519650, 1392309, 1395807, 1390910]"
"CBN-PdlC-A4-20170906","[1391331, 1393200, 1361077, 1397475]"
"CBN-PdlC-A4-20180702","[1397475, 1356728, 1664563, 1395190]"
"CBN-PdlC-A4-20180723","[1393200, 1392608, 1397475, 1395190]"
"CBN-PdlC-A4-20180815","[1397475, 1395190, 1721513, 1395791]"
"CBN-PdlC-A4-20180905","[1395190, 1397475, 1390793, 1395791]"
"CBN-PdlC-A4-20190701","[1397475, 1390793, 1395190, 1391144]"
"CBN-PdlC-A4-20190722","[1392608, 1391648, 1397475, 1360591]"
"CBN-PdlC-A4-20190812","[1397475, 1392608, 1395807, 1361585]"
"CBN-PdlC-A4-20190909","[1397475, 1395190, 1394311, 1395807]"
"CBN-PdlC-A4-20200629","[1397475, 1392631, 1356424, 1391144]"
"CBN-PdlC-A4-20200722","[1397475, 1392608, 1393200, 1361914]"
"CBN-PdlC-A4-20200812","[1397475, 1361281, 1395190, 1361347]"
"CBN-PdlC-A5-20130807","[1395807, 1397475, 1393200, 1395190]"
"CBN-PdlC-A5-20130903","[1395807, 1397475, 1395870, 1395190]"
"CBN-PdlC-A5-20140721","[1397475, 1395807, 1395870, 1393679]"
"CBN-PdlC-A5-20140811","[1395807, 1393660, 1393824, 1396974]"
"CBN-PdlC-A5-20150701","[1397475, 1395807, 1358147, 1394663]"
"CBN-PdlC-A5-20150831","[1397475, 1396253, 1395807, 1395190]"
"CBN-PdlC-A5-20160705","[1397475, 1395807, 1395190, 1394603]"
"CBN-PdlC-A5-20160726","[1395807, 1392535, 1397046, 1396253]"
"CBN-PdlC-A5-20170816","[1397475, 1395807, 1395190, 1391881]"
"CBN-PdlC-A5-20170906","[1395807, 1394603, 1418688, 1654153]"
"CBN-PdlC-A5-20180815","[1395190, 1397475, 1397461, 1391648]"
"CBN-PdlC-A5-20180905","[1395807, 1395190, 1391881, 1418688]"
"CBN-PdlC-A5-20190909","[1397475, 1395190, 1362331, 1395807]"
"CBN-PdlC-A5-20200722","[1395807, 1393660, 1394630, 1397046]"
"CBN-PdlC-A6-20130807","[1395190, 1397475, 1395807, 1391648]"
"CBN-PdlC-A6-20130903","[1397475, 1395190, 1361572, 1358517]"
"CBN-PdlC-A6-20140630","[1397475, 1395190, 1391419, 1395805]"
"CBN-PdlC-A6-20140721","[1397475, 1395190, 1395870, 1741880]"
"CBN-PdlC-A6-20140901","[1397475, 1395190, 1393660, 1356729]"
"CBN-PdlC-A6-20150701","[1397475, 1395190, 1356728, 1356729]"
"CBN-PdlC-A6-20150810","[1397475, 1395190, 1395807, 1360590]"
"CBN-PdlC-A6-20150831","[1397475, 1395190, 1391648, 1395870]"
"CBN-PdlC-A6-20160705","[1397475, 1395190, 1391648, 1358517]"
"CBN-PdlC-A6-20160726","[1397475, 1395807, 1391648, 1360591]"
"CBN-PdlC-A6-20170816","[1397475, 1395190, 1391412, 1395862]"
"CBN-PdlC-A6-20170906","[1395190, 1397475, 1395791, 1360591]"
"CBN-PdlC-A6-20180702","[1397475, 1395190, 1395158, 1391412]"
"CBN-PdlC-A6-20180723","[1395190, 1397475, 1393200, 1395870]"
"CBN-PdlC-A6-20180815","[1395190, 1397475, 1395791, 1391648]"
"CBN-PdlC-A6-20180905","[1397475, 1395190, 1360268, 1391648]"
"CBN-PdlC-A6-20190701","[1395805, 1397475, 1395807, 1395862]"
"CBN-PdlC-A6-20190722","[1397475, 1395190, 1395807, 1360590]"
"CBN-PdlC-A6-20190812","[1397475, 1395190, 1395807, 1397065]"
"CBN-PdlC-A6-20190909","[1397475, 1393660, 1395190, 1395862]"
"CBN-PdlC-A6-20200722","[1397475, 1395190, 1395807, 1360590]"
"CBN-PdlC-A6-20200812","[1397475, 1395190, 1395807, 1393660]"
"CBN-PdlC-B1-20130807","[1393200, 1395807, 1412857, 1360299]"
"CBN-PdlC-B1-20130903","[1392608, 1393660, 1360299, 1355993]"
"CBN-PdlC-B1-20140721","[1392608, 1360299, 1395807, 1393200]"
"CBN-PdlC-B1-20140811","[1395807, 1392608, 1412857, 1360299]"
"CBN-PdlC-B1-20140901","[1412857, 1392608, 1360299, 1393660]"
"CBN-PdlC-B1-20150701","[1396261, 1393200, 1392608, 1394311]"
"CBN-PdlC-B1-20150720","[1395807, 1392608, 1360299, 1412857]"
"CBN-PdlC-B1-20150810","[1395807, 1412857, 1394643, 1392608]"
"CBN-PdlC-B1-20150831","[1412857, 1395807, 1360299, 1392608]"
"CBN-PdlC-B1-20160705","[1412857, 1393200, 1361077, 1390910]"
"CBN-PdlC-B1-20160726","[1392608, 1395807, 1360299, 1392612]"
"CBN-PdlC-B1-20170816","[1412857, 1395807, 1392608, 1360299]"
"CBN-PdlC-B1-20170906","[1412857, 1394643, 1392612, 1392608]"
"CBN-PdlC-B1-20180702","[1394581, 1393517, 1360981, 1360943]"
"CBN-PdlC-B1-20180723","[1412857, 1392608, 1395807, 1393679]"
"CBN-PdlC-B1-20180815","[1412857, 1394643, 1392612, 1362331]"
"CBN-PdlC-B1-20180905","[1412857, 1360299, 1394643, 1394641]"
"CBN-PdlC-B1-20190701","[1361382, 1412857, 1654153, 1363992]"
"CBN-PdlC-B1-20190722","[1395807, 1393660, 1392608, 1360299]"
"CBN-PdlC-B1-20190812","[1412857, 1360299, 1392608, 1355993]"
"CBN-PdlC-B1-20190909","[1412857, 1664563, 1394643, 1394311]"
"CBN-PdlC-B1-20200629","[1356424, 1361373, 1664563, 1360299]"
"CBN-PdlC-B1-20200722","[1412857, 1392608, 1395807, 1360299]"
"CBN-PdlC-B1-20200812","[1412857, 1392608, 1647128, 1394641]"
"CBN-PdlC-B2-20130807","[1392608, 1395807, 1392535, 1390657]"
"CBN-PdlC-B2-20130903","[1654153, 1392608, 1360299, 1392614]"
"CBN-PdlC-B2-20140721","[1392608, 1360299, 1364067, 1394911]"
"CBN-PdlC-B2-20140811","[1392608, 1360299, 1392614, 1741880]"
"CBN-PdlC-B2-20140901","[1392608, 1360299, 1392612, 1390910]"
"CBN-PdlC-B2-20150701","[1392608, 1396261, 1397043, 1363992]"
"CBN-PdlC-B2-20150720","[1392608, 1394911, 1395807, 1360299]"
"CBN-PdlC-B2-20150810","[1392608, 1390910, 1737693, 1393708]"
"CBN-PdlC-B2-20150831","[1390874, 1392608, 1390793, 1394311]"
"CBN-PdlC-B2-20160705","[1392608, 1390910, 1390793, 1397043]"
"CBN-PdlC-B2-20160726","[1392608, 1390793, 1360299, 1397043]"
"CBN-PdlC-B2-20170816","[1737693, 1362482, 1360299, 1392608]"
"CBN-PdlC-B2-20170906","[1737693, 1390874, 1394311, 1391881]"
"CBN-PdlC-B2-20180702","[1390793, 1390874, 1360981, 1395807]"
"CBN-PdlC-B2-20180723","[1400101, 1392608, 1392535, 1390657]"
"CBN-PdlC-B2-20180815","[1390874, 1394311, 1392612, 1412857]"
"CBN-PdlC-B2-20180905","[1361099, 1392608, 1391881, 1397528]"
"CBN-PdlC-B2-20190701","[1390793, 1356424, 1397043, 1394311]"
"CBN-PdlC-B2-20190722","[1400101, 1392608, 1392535, 1412857]"
"CBN-PdlC-B2-20190812","[1392608, 1412857, 1737693, 1390874]"
"CBN-PdlC-B2-20190909","[1412857, 1737693, 1360299, 1394311]"
"CBN-PdlC-B2-20200629","[1397528, 1393824, 1391143, 1356402]"
"CBN-PdlC-B2-20200722","[1392608, 1392612, 1360299, 1394311]"
"CBN-PdlC-B2-20200812","[1392608, 1390874, 1392612, 1360299]"
"CBN-PdlC-B3-20130807","[1394597, 1741880, 1397046, 1394911]"
"CBN-PdlC-B3-20130903","[1394910, 1397046, 1664563, 1393200]"
"CBN-PdlC-B3-20140721","[1364066, 1397046, 1397045, 1394311]"
"CBN-PdlC-B3-20140811","[1412857, 1390793, 1395807, 1741880]"
"CBN-PdlC-B3-20140901","[1412857, 1720959, 1395807, 1392535]"
"CBN-PdlC-B3-20150701","[1361585, 1395807, 1741880, 1397046]"
"CBN-PdlC-B3-20150810","[1412857, 1391331, 1395807, 1394641]"
"CBN-PdlC-B3-20150831","[1412857, 1393200, 1392535, 1394311]"
"CBN-PdlC-B3-20160705","[1394911, 1412857, 1393200, 1394603]"
"CBN-PdlC-B3-20160726","[1393200, 1397046, 1412857, 1394641]"
"CBN-PdlC-B3-20170816","[1412857, 1391331, 1393473, 1394641]"
"CBN-PdlC-B3-20170906","[1412857, 1394641, 1363056, 1394643]"
"CBN-PdlC-B3-20180702","[1394655, 1397046, 1654153, 1394643]"
"CBN-PdlC-B3-20180723","[1395807, 1393200, 1391881, 1397500]"
"CBN-PdlC-B3-20180815","[1412857, 1392535, 1392537, 1396974]"
"CBN-PdlC-B3-20180905","[1412857, 1394641, 1394638, 1393473]"
"CBN-PdlC-B3-20190701","[1741834, 1395974, 1647315, 1687898]"
"CBN-PdlC-B3-20190722","[1412857, 1394643, 1395807, 1742075]"
"CBN-PdlC-B3-20190812","[1412857, 1395807, 1396974, 1394643]"
"CBN-PdlC-B3-20190909","[1412857, 1395807, 1397468, 1394641]"
"CBN-PdlC-B3-20200629","[1394597, 1397513, 1366028, 1392394]"
"CBN-PdlC-B3-20200722","[1412857, 1395807, 1394641, 1393200]"
"CBN-PdlC-B3-20200812","[1412857, 1395807, 1393200, 1394641]"
"CBN-PdlC-B4-20130807","[1397475, 1395190, 1677641, 1391649]"
"CBN-PdlC-B4-20130903","[1397475, 1395190, 1360591, 1391881]"
"CBN-PdlC-B4-20140721","[1397475, 1412857, 1395190, 1391648]"
"CBN-PdlC-B4-20140811","[1395190, 1397475, 1360325, 1395169]"
"CBN-PdlC-B4-20140901","[1397475, 1395190, 1391680, 1505488]"
"CBN-PdlC-B4-20150701","[1397475, 1395190, 1360591, 1391648]"
"CBN-PdlC-B4-20150810","[1397475, 1395190, 1390674, 1356728]"
"CBN-PdlC-B4-20150831","[1397475, 1395190, 1391648, 1360591]"
"CBN-PdlC-B4-20160726","[1397475, 1395190, 1360591, 1391648]"
"CBN-PdlC-B4-20170816","[1397475, 1360591, 1395190, 1395758]"
"CBN-PdlC-B4-20170906","[1397475, 1395190, 1360591, 1391648]"
"CBN-PdlC-B4-20180702","[1397475, 1357103, 1360591, 1395190]"
"CBN-PdlC-B4-20180723","[1397475, 1395190, 1360591, 1395870]"
"CBN-PdlC-B4-20180815","[1397475, 1360591, 1395791, 1360268]"
"CBN-PdlC-B4-20180905","[1360591, 1397475, 1391648, 1395190]"
"CBN-PdlC-B4-20190701","[1397475, 1395805, 1360268, 1360591]"
"CBN-PdlC-B4-20190722","[1397475, 1395190, 1360591, 1391648]"
"CBN-PdlC-B4-20190812","[1395190, 1397475, 1362331, 1395990]"
"CBN-PdlC-B4-20190909","[1397475, 1395190, 1361045, 1395870]"
"CBN-PdlC-B4-20200629","[1397475, 1360591, 1395190, 1646703]"
"CBN-PdlC-B4-20200722","[1397475, 1395190, 1395758, 1395867]"
"CBN-PdlC-B4-20200812","[1397475, 1396169, 1395190, 1391648]"
"CBN-PdlC-B5-20130807","[1395807, 1397475, 1395190, 1395169]"
"CBN-PdlC-B5-20130903","[1395807, 1397475, 1395190, 1360591]"
"CBN-PdlC-B5-20140630","[1744526, 1390541, 1555195, 1391514]"
"CBN-PdlC-B5-20140721","[1395807, 1397475, 1360591, 1395190]"
"CBN-PdlC-B5-20140811","[1395807, 1395190, 1395870, 1505488]"
"CBN-PdlC-B5-20140901","[1395807, 1397475, 1395190, 1359662]"
"CBN-PdlC-B5-20150701","[1395807, 1397475, 1394911, 1395190]"
"CBN-PdlC-B5-20150720","[1395807, 1395190, 1397475, 1400101]"
"CBN-PdlC-B5-20150810","[1395807, 1395190, 1395870, 1360269]"
"CBN-PdlC-B5-20150831","[1395807, 1397475, 1400101, 1395190]"
"CBN-PdlC-B5-20160705","[1395807, 1397475, 1395190, 1395870]"
"CBN-PdlC-B5-20160726","[1395807, 1397475, 1395190, 1400101]"
"CBN-PdlC-B5-20170816","[1395807, 1395190, 1397475, 1394366]"
"CBN-PdlC-B5-20170906","[1395807, 1395190, 1397475, 1391881]"
"CBN-PdlC-B5-20180702","[1394663, 1394603, 1390910, 1394595]"
"CBN-PdlC-B5-20180723","[1395807, 1397475, 1395190, 1400101]"
"CBN-PdlC-B5-20180815","[1395807, 1397475, 1391648, 1395190]"
"CBN-PdlC-B5-20180905","[1395807, 1397475, 1395190, 1395758]"
"CBN-PdlC-B5-20190701","[1391881, 1391412, 1395990, 1395870]"
"CBN-PdlC-B5-20190722","[1397475, 1395807, 1395190, 1360591]"
"CBN-PdlC-B5-20190812","[1395807, 1397475, 1395990, 1400101]"
"CBN-PdlC-B5-20190909","[1395807, 1397475, 1400101, 1395190]"
"CBN-PdlC-B5-20200629","[1397475, 1395190, 1394595, 1394603]"
"CBN-PdlC-B5-20200722","[1395807, 1397475, 1400101, 1361801]"
"CBN-PdlC-B5-20200812","[1397475, 1395807, 1395190, 1400101]"
"CBN-PdlC-B6-20130807","[1395807, 1386773, 1654153, 1395870]"
"CBN-PdlC-B6-20130903","[1395807, 1393665, 1393708, 1361382]"
"CBN-PdlC-B6-20140630","[1393473, 1395974, 1397046, 1393200]"
"CBN-PdlC-B6-20140721","[1395807, 1361367, 1741880, 1393708]"
"CBN-PdlC-B6-20140811","[1395807, 1361382, 1654153, 1393660]"
"CBN-PdlC-B6-20140901","[1363266, 1395807, 1394542, 1654153]"
"CBN-PdlC-B6-20150701","[1395807, 1397213, 1397468, 1741880]"
"CBN-PdlC-B6-20150720","[1395807, 1361801, 1397450, 1519650]"
"CBN-PdlC-B6-20150810","[1395807, 1363266, 1397475, 1391331]"
"CBN-PdlC-B6-20150831","[1395807, 1393473, 1390910, 1419225]"
"CBN-PdlC-B6-20160705","[1395807, 1395190, 1397475, 1395870]"
"CBN-PdlC-B6-20160726","[1395807, 1741880, 1395870, 1564296]"
"CBN-PdlC-B6-20170816","[1395807, 1393473, 1395870, 1395868]"
"CBN-PdlC-B6-20170906","[1395807, 1393473, 1395868, 1394366]"
"CBN-PdlC-B6-20180702","[1390793, 1394911, 1393473, 1397046]"
"CBN-PdlC-B6-20180723","[1395807, 1400132, 1414270, 1364071]"
"CBN-PdlC-B6-20180905","[1395807, 1394311, 1397046, 1396253]"
"CBN-PdlC-B6-20190701","[1394911, 1395870, 1395807, 1394908]"
"CBN-PdlC-B6-20190722","[1395807, 1363266, 1397450, 1418688]"
"CBN-PdlC-B6-20190812","[1395807, 1361801, 1393679, 1393604]"
"CBN-PdlC-B6-20190909","[1395807, 1364068, 1687898, 1392315]"
"CBN-PdlC-B6-20200629","[1394603, 1394595, 1397475, 1393824]"
"CBN-PdlC-B6-20200722","[1395807, 1392535, 1393679, 1390674]"
"CBN-PdlC-B6-20200812","[1395807, 1361281, 1391878, 1394311]"
"CBN-PdlC-C1-20130807","[1395807, 1414270, 1397193, 1362729]"
"CBN-PdlC-C1-20130903","[1395807, 1741624, 1390802, 1397500]"
"CBN-PdlC-C1-20140721","[1397500, 1356424, 1402995, 1397108]"
"CBN-PdlC-C1-20140811","[1395807, 1393708, 1397500, 1360874]"
"CBN-PdlC-C1-20140901","[1395807, 1393708, 1364071, 1392747]"
"CBN-PdlC-C1-20150701","[1393200, 1397500, 1394603, 1397108]"
"CBN-PdlC-C1-20150720","[1395807, 1360878, 1392767, 1397043]"
"CBN-PdlC-C1-20150810","[1395807, 1360874, 1414270, 1393708]"
"CBN-PdlC-C1-20150831","[1395807, 1390874, 1394311, 1654153]"
"CBN-PdlC-C1-20160705","[1394603, 1397500, 1361347, 1397108]"
"CBN-PdlC-C1-20160726","[1364071, 1395807, 1390674, 1397046]"
"CBN-PdlC-C1-20170816","[1395807, 1393708, 1414270, 1361347]"
"CBN-PdlC-C1-20170906","[1395807, 1391881, 1390756, 1418688]"
"CBN-PdlC-C1-20180723","[1393200, 1395807, 1741706, 1393708]"
"CBN-PdlC-C1-20180815","[1395807, 1741706, 1393708, 1397432]"
"CBN-PdlC-C1-20180905","[1395807, 1397500, 1654153, 1361347]"
"CBN-PdlC-C1-20190701","[1356424, 1361703, 1393657, 1394603]"
"CBN-PdlC-C1-20190722","[1395807, 1393200, 1397500, 1414270]"
"CBN-PdlC-C1-20190812","[1395807, 1364071, 1360874, 1393708]"
"CBN-PdlC-C1-20190909","[1395807, 1741706, 1393708, 1391309]"
"CBN-PdlC-C1-20200722","[1393200, 1395807, 1392561, 1360748]"
"CBN-PdlC-C1-20200812","[1395807, 1393200, 1397500, 1361281]"
"CBN-PdlC-C2-20130903","[1395807, 1412857, 1397500, 1741880]"
"CBN-PdlC-C2-20140721","[1412857, 1361077, 1390874, 1361281]"
"CBN-PdlC-C2-20140811","[1392535, 1412857, 1395807, 1549015]"
"CBN-PdlC-C2-20140901","[1412857, 1395807, 1392535, 1390657]"
"CBN-PdlC-C2-20150701","[1707089, 1397513, 1361347, 1396180]"
"CBN-PdlC-C2-20150720","[1395807, 1412857, 1394641, 1397045]"
"CBN-PdlC-C2-20150810","[1412857, 1395807, 1397046, 1394641]"
"CBN-PdlC-C2-20150831","[1412857, 1395807, 1394641, 1394643]"
"CBN-PdlC-C2-20160705","[1412857, 1396144, 1390793, 1390910]"
"CBN-PdlC-C2-20160726","[1395807, 1392535, 1397500, 1392534]"
"CBN-PdlC-C2-20170816","[1395807, 1412857, 1394911, 1394641]"
"CBN-PdlC-C2-20170906","[1395807, 1412857, 1418688, 1397593]"
"CBN-PdlC-C2-20180723","[1395807, 1361347, 1395870, 1397500]"
"CBN-PdlC-C2-20180815","[1395807, 1397043, 1394630, 1391881]"
"CBN-PdlC-C2-20180905","[1395807, 1412857, 1394641, 1390793]"
"CBN-PdlC-C2-20190701","[1359937, 1361703, 1743986, 1744833]"
"CBN-PdlC-C2-20190722","[1395807, 1412857, 1393660, 1393200]"
"CBN-PdlC-C2-20190812","[1395807, 1412857, 1738627, 1391331]"
"CBN-PdlC-C2-20190909","[1395807, 1412857, 1395942, 1390874]"
"CBN-PdlC-C2-20200722","[1395807, 1412857, 1361347, 1394581]"
"CBN-PdlC-C2-20200812","[1395807, 1412857, 1391331, 1395870]"
"CBN-PdlC-C3-20130807","[1741880, 1395807, 1390927, 1395870]"
"CBN-PdlC-C3-20130903","[1394643, 1395807, 1361347, 1397461]"
"CBN-PdlC-C3-20140721","[1361281, 1362023, 1397046, 1651162]"
"CBN-PdlC-C3-20140811","[1395807, 1412857, 1394630, 1361281]"
"CBN-PdlC-C3-20140901","[1395807, 1393660, 1412857, 1361382]"
"CBN-PdlC-C3-20150701","[1361281, 1392340, 1397046, 1393824]"
"CBN-PdlC-C3-20150720","[1393660, 1395807, 1361347, 1390927]"
"CBN-PdlC-C3-20150831","[1395807, 1393660, 1361347, 1741880]"
"CBN-PdlC-C3-20160705","[1361347, 1609716, 1390910, 1741880]"
"CBN-PdlC-C3-20160726","[1395807, 1393660, 1362331, 1393665]"
"CBN-PdlC-C3-20170816","[1395807, 1741880, 1395870, 1361347]"
"CBN-PdlC-C3-20170906","[1395807, 1391881, 1390910, 1418688]"
"CBN-PdlC-C3-20180723","[1395807, 1741880, 1396733, 1395870]"
"CBN-PdlC-C3-20180815","[1363016, 1395807, 1396253, 1393708]"
"CBN-PdlC-C3-20180905","[1395807, 1361347, 1391881, 1362023]"
"CBN-PdlC-C3-20190701","[1394603, 1361703, 1359587, 1394598]"
"CBN-PdlC-C3-20190722","[1395807, 1393660, 1396307, 1362023]"
"CBN-PdlC-C3-20190812","[1395807, 1392299, 1741880, 1362023]"
"CBN-PdlC-C3-20190909","[1392299, 1395807, 1362331, 1362023]"
"CBN-PdlC-C3-20200722","[1395807, 1392299, 1362023, 1394630]"
"CBN-PdlC-C3-20200812","[1395807, 1361281, 1362023, 1393660]"
"CBN-PdlC-C4-20130807","[1395807, 1395868, 1397046, 1394910]"
"CBN-PdlC-C4-20130903","[1395807, 1395870, 1396974, 1394311]"
"CBN-PdlC-C4-20140721","[1390793, 1654153, 1390910, 1743957]"
"CBN-PdlC-C4-20140811","[1395807, 1394630, 1395870, 1364067]"
"CBN-PdlC-C4-20140901","[1395807, 1364067, 1397432, 1361382]"
"CBN-PdlC-C4-20150701","[1362331, 1394311, 1390874, 1393703]"
"CBN-PdlC-C4-20150720","[1395807, 1395870, 1392608, 1741880]"
"CBN-PdlC-C4-20150831","[1395807, 1362331, 1741880, 1395870]"
"CBN-PdlC-C4-20160705","[1390793, 1390910, 1687898, 1651061]"
"CBN-PdlC-C4-20160726","[1741880, 1395807, 1397043, 1364068]"
"CBN-PdlC-C4-20170816","[1395807, 1391881, 1395868, 1395870]"
"CBN-PdlC-C4-20170906","[1395807, 1397432, 1418688, 1391881]"
"CBN-PdlC-C4-20180723","[1395807, 1393708, 1741880, 1395870]"
"CBN-PdlC-C4-20180815","[1364067, 1397432, 1391881, 1395807]"
"CBN-PdlC-C4-20180905","[1395807, 1391881, 1651113, 1389687]"
"CBN-PdlC-C4-20190701","[1360981, 1359937, 1721729, 1505488]"
"CBN-PdlC-C4-20190722","[1395807, 1394630, 1390659, 1364066]"
"CBN-PdlC-C4-20190812","[1395807, 1397043, 1654153, 1361233]"
"CBN-PdlC-C4-20190909","[1395807, 1393660, 1393679, 1418688]"
"CBN-PdlC-C4-20200722","[1393660, 1395807, 1395870, 1741880]"
"CBN-PdlC-C4-20200812","[1395807, 1395870, 1393679, 1393660]"
"CBN-PdlC-C5-20130807","[1395807, 1397046, 1397043, 1395870]"
"CBN-PdlC-C5-20130903","[1395807, 1364067, 1397432, 1395870]"
"CBN-PdlC-C5-20140721","[1390910, 1390793, 1394663, 1361077]"
"CBN-PdlC-C5-20140811","[1395807, 1397193, 1390821, 1360878]"
"CBN-PdlC-C5-20140901","[1395807, 1361382, 1741880, 1361367]"
"CBN-PdlC-C5-20150701","[1654153, 1390910, 1396974, 1394311]"
"CBN-PdlC-C5-20150720","[1395807, 1392608, 1397045, 1364068]"
"CBN-PdlC-C5-20150810","[1395807, 1390802, 1392274, 1390874]"
"CBN-PdlC-C5-20150831","[1390793, 1395807, 1396253, 1392608]"
"CBN-PdlC-C5-20160705","[1390793, 1390910, 1391881, 1741880]"
"CBN-PdlC-C5-20160726","[1395807, 1394311, 1397046, 1397045]"
"CBN-PdlC-C5-20170816","[1395807, 1390793, 1395868, 1396253]"
"CBN-PdlC-C5-20170906","[1390793, 1395807, 1392067, 1391881]"
"CBN-PdlC-C5-20180723","[1395807, 1390910, 1395870, 1397065]"
"CBN-PdlC-C5-20180815","[1395807, 1393810, 1418688, 1391881]"
"CBN-PdlC-C5-20180905","[1395807, 1396253, 1394877, 1390910]"
"CBN-PdlC-C5-20190701","[1654153, 1363016, 1361233, 1398722]"
"CBN-PdlC-C5-20190722","[1395807, 1397045, 1392608, 1397046]"
"CBN-PdlC-C5-20190812","[1395807, 1397043, 1396253, 1359528]"
"CBN-PdlC-C5-20190909","[1395807, 1396253, 1418688, 1394311]"
"CBN-PdlC-C5-20200722","[1395807, 1741880, 1395870, 1390910]"
"CBN-PdlC-C5-20200812","[1395807, 1392608, 1390793, 1395868]"
"CBN-PdlC-C6-20130807","[1395807, 1396253, 1741880, 1364068]"
"CBN-PdlC-C6-20130903","[1395807, 1393200, 1397500, 1392274]"
"CBN-PdlC-C6-20140721","[1396169, 1396253, 1361077, 1390793]"
"CBN-PdlC-C6-20140811","[1395807, 1359511, 1393708, 1394877]"
"CBN-PdlC-C6-20140901","[1396253, 1395807, 1361382, 1394877]"
"CBN-PdlC-C6-20150701","[1654153, 1359937, 1361139, 1652226]"
"CBN-PdlC-C6-20150720","[1395807, 1397045, 1519650, 1396253]"
"CBN-PdlC-C6-20150810","[1395807, 1395870, 1364066, 1364067]"
"CBN-PdlC-C6-20150831","[1396253, 1395807, 1390793, 1420364]"
"CBN-PdlC-C6-20160705","[1393824, 1390793, 1654153, 1393200]"
"CBN-PdlC-C6-20160726","[1396253, 1360312, 1395807, 1359511]"
"CBN-PdlC-C6-20170816","[1395807, 1741880, 1397500, 1391881]"
"CBN-PdlC-C6-20170906","[1395807, 1394877, 1418688, 1396253]"
"CBN-PdlC-C6-20180723","[1395807, 1393200, 1393708, 1397450]"
"CBN-PdlC-C6-20180815","[1395807, 1393200, 1397500, 1359511]"
"CBN-PdlC-C6-20180905","[1395807, 1396253, 1394877, 1420364]"
"CBN-PdlC-C6-20190701","[1654153, 1390811, 1706074, 1361389]"
"CBN-PdlC-C6-20190722","[1393200, 1394877, 1361592, 1397500]"
"CBN-PdlC-C6-20190812","[1392608, 1396253, 1393708, 1395807]"
"CBN-PdlC-C6-20190909","[1395807, 1362331, 1396253, 1393824]"
"CBN-PdlC-C6-20200722","[1395807, 1392608, 1396253, 1420364]"
"CBN-PdlC-C6-20200812","[1395807, 1373840, 1364067, 1364068]"
"CBN-PdlC-D1-20130807","[1395807, 1396253, 1395868, 1414270]"
"CBN-PdlC-D1-20130903","[1395807, 1396253, 1418688, 1395868]"
"CBN-PdlC-D1-20140721","[1396253, 1356424, 1395807, 1741880]"
"CBN-PdlC-D1-20140811","[1395807, 1396253, 1363056, 1393708]"
"CBN-PdlC-D1-20140901","[1396253, 1395807, 1394877, 1392274]"
"CBN-PdlC-D1-20150701","[1390793, 1397046, 1654153, 1394877]"
"CBN-PdlC-D1-20150720","[1395807, 1392535, 1397046, 1396253]"
"CBN-PdlC-D1-20150810","[1396253, 1395807, 1741880, 1396733]"
"CBN-PdlC-D1-20150831","[1395807, 1396253, 1394311, 1396869]"
"CBN-PdlC-D1-20160705","[1395807, 1741880, 1361347, 1396253]"
"CBN-PdlC-D1-20160726","[1395807, 1392535, 1396253, 1392556]"
"CBN-PdlC-D1-20170816","[1395807, 1390793, 1395868, 1394311]"
"CBN-PdlC-D1-20170906","[1395807, 1391881, 1396253, 1390874]"
"CBN-PdlC-D1-20180723","[1395807, 1741880, 1397500, 1389810]"
"CBN-PdlC-D1-20180815","[1395807, 1395868, 1394311, 1418688]"
"CBN-PdlC-D1-20180905","[1396253, 1395807, 1390793, 1390874]"
"CBN-PdlC-D1-20190701","[1356424, 1394603, 1396253, 1359937]"
"CBN-PdlC-D1-20190722","[1395807, 1396253, 1389329, 1392274]"
"CBN-PdlC-D1-20190812","[1395807, 1396253, 1738627, 1391331]"
"CBN-PdlC-D1-20190909","[1395807, 1396253, 1394311, 1394877]"
"CBN-PdlC-D1-20200722","[1395807, 1392535, 1396253, 1394595]"
"CBN-PdlC-D1-20200812","[1395807, 1396253, 1361347, 1389329]"
"CBN-PdlC-D2-20130807","[1412857, 1395807, 1393473, 1399772]"
"CBN-PdlC-D2-20130903","[1412857, 1394643, 1395807, 1390793]"
"CBN-PdlC-D2-20140721","[1412857, 1361077, 1394311, 1356424]"
"CBN-PdlC-D2-20140811","[1412857, 1396253, 1395807, 1362729]"
"CBN-PdlC-D2-20140901","[1412857, 1390793, 1396253, 1390874]"
"CBN-PdlC-D2-20150720","[1412857, 1396253, 1395807, 1394643]"
"CBN-PdlC-D2-20150810","[1412857, 1396253, 1395807, 1361092]"
"CBN-PdlC-D2-20150831","[1412857, 1390837, 1395807, 1396253]"
"CBN-PdlC-D2-20160705","[1412857, 1361585, 1361077, 1361281]"
"CBN-PdlC-D2-20160726","[1395807, 1396253, 1412857, 1361077]"
"CBN-PdlC-D2-20170816","[1395807, 1390793, 1412857, 1394643]"
"CBN-PdlC-D2-20170906","[1396253, 1395807, 1412857, 1390793]"
"CBN-PdlC-D2-20180723","[1395807, 1396253, 1412857, 1654153]"
"CBN-PdlC-D2-20180815","[1396253, 1412857, 1394643, 1390874]"
"CBN-PdlC-D2-20180905","[1390793, 1412857, 1394643, 1395807]"
"CBN-PdlC-D2-20190701","[1356424, 1359587, 1362023, 1361281]"
"CBN-PdlC-D2-20190722","[1395807, 1396253, 1362023, 1412857]"
"CBN-PdlC-D2-20190812","[1412857, 1396253, 1395807, 1390793]"
"CBN-PdlC-D2-20190909","[1412857, 1396253, 1395807, 1394643]"
"CBN-PdlC-D2-20200722","[1395807, 1412857, 1394581, 1394641]"
"CBN-PdlC-D2-20200812","[1412857, 1395807, 1394643, 1361281]"
"CBN-PdlC-D3-20130807","[1395807, 1647128, 1394598, 1413349]"
"CBN-PdlC-D3-20130903","[1647128, 1397046, 1396441, 1390910]"
"CBN-PdlC-D3-20140721","[1396441, 1361077, 1412857, 1390910]"
"CBN-PdlC-D3-20140811","[1412857, 1390793, 1647128, 1396441]"
"CBN-PdlC-D3-20140901","[1647128, 1412857, 1413349, 1390793]"
"CBN-PdlC-D3-20150701","[1418612, 1391331, 1654153, 1412857]"
"CBN-PdlC-D3-20150720","[1412857, 1647128, 1390793, 1358463]"
"CBN-PdlC-D3-20150831","[1390793, 1413349, 1412857, 1390910]"
"CBN-PdlC-D3-20160705","[1390793, 1413349, 1396441, 1412857]"
"CBN-PdlC-D3-20160726","[1390793, 1392556, 1647128, 1396441]"
"CBN-PdlC-D3-20170816","[1390793, 1647128, 1396441, 1413349]"
"CBN-PdlC-D3-20170906","[1390793, 1413349, 1391881, 1412857]"
"CBN-PdlC-D3-20180723","[1395807, 1741880, 1647128, 1361233]"
"CBN-PdlC-D3-20180815","[1390793, 1391881, 1412857, 1361092]"
"CBN-PdlC-D3-20180905","[1390793, 1412857, 1391881, 1395807]"
"CBN-PdlC-D3-20190701","[1391775, 1356424, 1394595, 1361123]"
"CBN-PdlC-D3-20190722","[1390793, 1395807, 1647128, 1412857]"
"CBN-PdlC-D3-20190812","[1412857, 1390793, 1647128, 1395807]"
"CBN-PdlC-D3-20190909","[1390793, 1395807, 1647170, 1396441]"
"CBN-PdlC-D3-20200722","[1390793, 1412857, 1397461, 1392535]"
"CBN-PdlC-D3-20200812","[1390793, 1647128, 1358463, 1392535]"
"CBN-PdlC-D4-20130807","[1395807, 1396253, 1395870, 1361077]"
"CBN-PdlC-D4-20130903","[1395807, 1647128, 1397208, 1395870]"
"CBN-PdlC-D4-20140721","[1654153, 1741880, 1395870, 1728575]"
"CBN-PdlC-D4-20140811","[1412857, 1395807, 1392535, 1654153]"
"CBN-PdlC-D4-20140901","[1396253, 1395807, 1361382, 1359835]"
"CBN-PdlC-D4-20150701","[1392684, 1396169, 1394630, 1396974]"
"CBN-PdlC-D4-20150720","[1395807, 1392535, 1392558, 1394641]"
"CBN-PdlC-D4-20150831","[1395807, 1396253, 1654153, 1360299]"
"CBN-PdlC-D4-20160705","[1741880, 1654153, 1395870, 1361585]"
"CBN-PdlC-D4-20160726","[1392535, 1395807, 1741880, 1395870]"
"CBN-PdlC-D4-20170816","[1395807, 1396253, 1741880, 1394641]"
"CBN-PdlC-D4-20170906","[1395807, 1391881, 1412857, 1418688]"
"CBN-PdlC-D4-20180723","[1395807, 1741880, 1395870, 1396253]"
"CBN-PdlC-D4-20180815","[1395807, 1359511, 1358379, 1412857]"
"CBN-PdlC-D4-20180905","[1395807, 1396253, 1394877, 1420364]"
"CBN-PdlC-D4-20190701","[1397046, 1356424, 1361281, 1394597]"
"CBN-PdlC-D4-20190722","[1395807, 1392608, 1396253, 1400101]"
"CBN-PdlC-D4-20190812","[1395807, 1412857, 1394641, 1396253]"
"CBN-PdlC-D4-20190909","[1395807, 1394311, 1397432, 1396974]"
"CBN-PdlC-D4-20200722","[1395807, 1393604, 1396253, 1359511]"
"CBN-PdlC-D4-20200812","[1395807, 1412857, 1741880, 1394877]"
"CBN-PdlC-D5-20130807","[1395807, 1363056, 1361281, 1741880]"
"CBN-PdlC-D5-20130903","[1395807, 1392299, 1393708, 1392608]"
"CBN-PdlC-D5-20140721","[1397046, 1360299, 1392299, 1392309]"
"CBN-PdlC-D5-20140811","[1395807, 1363056, 1361077, 1390880]"
"CBN-PdlC-D5-20140901","[1395807, 1390756, 1361050, 1361080]"
"CBN-PdlC-D5-20150701","[1361077, 1390927, 1394595, 1361233]"
"CBN-PdlC-D5-20150720","[1395807, 1390910, 1392608, 1741880]"
"CBN-PdlC-D5-20150810","[1395807, 1741880, 1390910, 1390756]"
"CBN-PdlC-D5-20150831","[1395807, 1390910, 1391666, 1392299]"
"CBN-PdlC-D5-20160705","[1397046, 1361281, 1391881, 1390793]"
"CBN-PdlC-D5-20160726","[1395807, 1392608, 1741880, 1360299]"
"CBN-PdlC-D5-20170816","[1395807, 1390793, 1391881, 1396838]"
"CBN-PdlC-D5-20170906","[1395807, 1390874, 1396837, 1390793]"
"CBN-PdlC-D5-20180723","[1392608, 1400101, 1395807, 1395870]"
"CBN-PdlC-D5-20180815","[1395807, 1418688, 1392309, 1390874]"
"CBN-PdlC-D5-20180905","[1395807, 1391881, 1390874, 1390793]"
"CBN-PdlC-D5-20190701","[1390874, 1397046, 1361057, 1743957]"
"CBN-PdlC-D5-20190722","[1392608, 1392535, 1395807, 1390910]"
"CBN-PdlC-D5-20190812","[1395807, 1363056, 1392608, 1400101]"
"CBN-PdlC-D5-20190909","[1395807, 1363056, 1397065, 1394311]"
"CBN-PdlC-D5-20200722","[1361233, 1363056, 1395807, 1360299]"
"CBN-PdlC-D5-20200812","[1362482, 1395807, 1392608, 1392309]"
"CBN-PdlC-D6-20130807","[1395807, 1741880, 1395870, 1395868]"
"CBN-PdlC-D6-20130903","[1395807, 1397045, 1360874, 1397046]"
"CBN-PdlC-D6-20140721","[1390910, 1390793, 1519650, 1394655]"
"CBN-PdlC-D6-20140811","[1395807, 1397043, 1396253, 1394311]"
"CBN-PdlC-D6-20140901","[1395807, 1359835, 1393708, 1396253]"
"CBN-PdlC-D6-20150701","[1393703, 1396169, 1356424, 1393702]"
"CBN-PdlC-D6-20150720","[1395807, 1393679, 1393660, 1397528]"
"CBN-PdlC-D6-20150810","[1395807, 1393660, 1393473, 1396974]"
"CBN-PdlC-D6-20150831","[1395807, 1412857, 1362331, 1519650]"
"CBN-PdlC-D6-20160705","[1396169, 1396969, 1396974, 1390793]"
"CBN-PdlC-D6-20160726","[1395807, 1397524, 1396974, 1397046]"
"CBN-PdlC-D6-20170816","[1395807, 1741880, 1418688, 1395870]"
"CBN-PdlC-D6-20170906","[1395807, 1394877, 1391881, 1412857]"
"CBN-PdlC-D6-20180723","[1395807, 1393708, 1356704, 1741880]"
"CBN-PdlC-D6-20180815","[1359511, 1395807, 1396253, 1396974]"
"CBN-PdlC-D6-20180905","[1395807, 1418688, 1395862, 1412857]"
"CBN-PdlC-D6-20190701","[1356359, 1356442, 1356424, 1707089]"
"CBN-PdlC-D6-20190722","[1395807, 1397046, 1393660, 1393947]"
"CBN-PdlC-D6-20190812","[1395807, 1396974, 1519650, 1393660]"
"CBN-PdlC-D6-20190909","[1395807, 1394630, 1396974, 1391881]"
"CBN-PdlC-D6-20200722","[1395807, 1395855, 1390910, 1649856]"
"CBN-PdlC-D6-20200812","[1395807, 1395870, 1396974, 1393660]"
"CBN-PdlC-E1-20130723","[1390793, 1394603, 1394598, 1394597]"
"CBN-PdlC-E1-20130807","[1390793, 1393473, 1397046, 1394603]"
"CBN-PdlC-E1-20130903","[1390793, 1395807, 1392608, 1397046]"
"CBN-PdlC-E1-20140630","[1390793, 1737460, 1388766, 1743539]"
"CBN-PdlC-E1-20140721","[1390910, 1395855, 1395807, 1389346]"
"CBN-PdlC-E1-20140811","[1395807, 1396253, 1392608, 1412857]"
"CBN-PdlC-E1-20140901","[1390793, 1361080, 1394311, 1396253]"
"CBN-PdlC-E1-20150701","[1395807, 1392608, 1396253, 1392785]"
"CBN-PdlC-E1-20150720","[1395807, 1392608, 1397535, 1392558]"
"CBN-PdlC-E1-20150810","[1393200, 1392608, 1397500, 1397475]"
"CBN-PdlC-E1-20150831","[1390793, 1392608, 1395807, 1394311]"
"CBN-PdlC-E1-20160705","[1390793, 1392608, 1395807, 1395855]"
"CBN-PdlC-E1-20160726","[1390793, 1392608, 1395807, 1390910]"
"CBN-PdlC-E1-20170816","[1390793, 1394311, 1395807, 1667816]"
"CBN-PdlC-E1-20170906","[1390793, 1390874, 1390927, 1397046]"
"CBN-PdlC-E1-20180702","[1390910, 1390793, 1394597, 1394908]"
"CBN-PdlC-E1-20180723","[1392535, 1395807, 1392608, 1549015]"
"CBN-PdlC-E1-20180815","[1394311, 1392608, 1361347, 1390874]"
"CBN-PdlC-E1-20180905","[1390793, 1412857, 1397046, 1390910]"
"CBN-PdlC-E1-20190701","[1395807, 1390874, 1363056, 1741880]"
"CBN-PdlC-E1-20190812","[1396253, 1392608, 1390793, 1361281]"
"CBN-PdlC-E1-20190909","[1390793, 1363056, 1361281, 1361372]"
"CBN-PdlC-E1-20200629","[1394597, 1741880, 1394598, 1395807]"
"CBN-PdlC-E1-20200722","[1392608, 1395807, 1390793, 1397046]"
"CBN-PdlC-E1-20200812","[1395807, 1361281, 1390793, 1392608]"
"CBN-PdlC-E2-20130723","[1396974, 1395807, 1394603, 1361368]"
"CBN-PdlC-E2-20130807","[1395807, 1390874, 1394603, 1394595]"
"CBN-PdlC-E2-20130903","[1395807, 1361281, 1361284, 1395870]"
"CBN-PdlC-E2-20140630","[1396144, 1356422, 1394597, 1412857]"
"CBN-PdlC-E2-20140721","[1395807, 1741810, 1394311, 1362307]"
"CBN-PdlC-E2-20140811","[1412857, 1395807, 1392299, 1361914]"
"CBN-PdlC-E2-20140901","[1395807, 1412857, 1390874, 1394311]"
"CBN-PdlC-E2-20150720","[1395807, 1395870, 1397046, 1390756]"
"CBN-PdlC-E2-20150810","[1395807, 1412857, 1356397, 1395870]"
"CBN-PdlC-E2-20150831","[1395807, 1393619, 1394311, 1361585]"
"CBN-PdlC-E2-20160705","[1395807, 1394540, 1356764, 1397046]"
"CBN-PdlC-E2-20160726","[1412857, 1741880, 1395807, 1361347]"
"CBN-PdlC-E2-20170816","[1395807, 1390874, 1412857, 1361347]"
"CBN-PdlC-E2-20170906","[1395807, 1412857, 1418688, 1390874]"
"CBN-PdlC-E2-20180702","[1394911, 1412857, 1397542, 1390927]"
"CBN-PdlC-E2-20180723","[1395807, 1412857, 1390756, 1397045]"
"CBN-PdlC-E2-20180815","[1395807, 1412857, 1394641, 1394311]"
"CBN-PdlC-E2-20180905","[1390793, 1395807, 1412857, 1390910]"
"CBN-PdlC-E2-20190701","[1395807, 1394911, 1741880, 1397045]"
"CBN-PdlC-E2-20190812","[1395807, 1412857, 1390793, 1395868]"
"CBN-PdlC-E2-20190909","[1395807, 1390793, 1412857, 1361281]"
"CBN-PdlC-E2-20200629","[1390927, 1395807, 1741880, 1418688]"
"CBN-PdlC-E2-20200722","[1395807, 1394641, 1395870, 1412857]"
"CBN-PdlC-E2-20200812","[1395807, 1394311, 1390910, 1390874]"
"CBN-PdlC-E3-20130723","[1396253, 1394603, 1390910, 1391666]"
"CBN-PdlC-E3-20130807","[1363056, 1392299, 1395807, 1361284]"
"CBN-PdlC-E3-20130903","[1395807, 1392299, 1363056, 1361281]"
"CBN-PdlC-E3-20140630","[1361077, 1390910, 1390837, 1390927]"
"CBN-PdlC-E3-20140721","[1395807, 1397500, 1391666, 1396253]"
"CBN-PdlC-E3-20140811","[1395807, 1390910, 1363056, 1361233]"
"CBN-PdlC-E3-20140901","[1395807, 1392299, 1361281, 1361347]"
"CBN-PdlC-E3-20150701","[1395807, 1360874, 1361284, 1397500]"
"CBN-PdlC-E3-20150720","[1395807, 1362023, 1361347, 1361914]"
"CBN-PdlC-E3-20150810","[1392299, 1395807, 1361284, 1390874]"
"CBN-PdlC-E3-20150831","[1395807, 1361347, 1390874, 1361281]"
"CBN-PdlC-E3-20160705","[1395807, 1361592, 1361347, 1393665]"
"CBN-PdlC-E3-20160726","[1392299, 1395807, 1361284, 1390927]"
"CBN-PdlC-E3-20170816","[1395807, 1390793, 1390874, 1418688]"
"CBN-PdlC-E3-20170906","[1361347, 1390756, 1418688, 1362023]"
"CBN-PdlC-E3-20180702","[1394597, 1394598, 1394877, 1394603]"
"CBN-PdlC-E3-20180723","[1392299, 1395807, 1390910, 1397430]"
"CBN-PdlC-E3-20180815","[1363056, 1392299, 1361281, 1361284]"
"CBN-PdlC-E3-20180905","[1390910, 1392299, 1361284, 1390793]"
"CBN-PdlC-E3-20190701","[1395807, 1363056, 1397500, 1654153]"
"CBN-PdlC-E3-20190812","[1482204, 1390793, 1396253, 1364066]"
"CBN-PdlC-E3-20190909","[1390793, 1390874, 1361347, 1363282]"
"CBN-PdlC-E3-20200629","[1396253, 1390910, 1396464, 1361281]"
"CBN-PdlC-E3-20200722","[1395807, 1393665, 1361592, 1362331]"
"CBN-PdlC-E3-20200812","[1395807, 1397045, 1390786, 1361062]"
"CBN-PdlC-E4-20130807","[1396253, 1395807, 1360312, 1361585]"
"CBN-PdlC-E4-20130903","[1392608, 1395807, 1388766, 1361347]"
"CBN-PdlC-E4-20140630","[1361077, 1654153, 1360299, 1394311]"
"CBN-PdlC-E4-20140721","[1395807, 1390910, 1358147, 1741880]"
"CBN-PdlC-E4-20140811","[1395807, 1390910, 1395870, 1395868]"
"CBN-PdlC-E4-20140901","[1395807, 1392608, 1396253, 1361347]"
"CBN-PdlC-E4-20150701","[1395807, 1390910, 1392608, 1741880]"
"CBN-PdlC-E4-20150720","[1395807, 1396843, 1361596, 1393665]"
"CBN-PdlC-E4-20150810","[1395807, 1361281, 1393665, 1363056]"
"CBN-PdlC-E4-20160705","[1395807, 1361592, 1396976, 1361594]"
"CBN-PdlC-E4-20160726","[1741880, 1395807, 1390910, 1654153]"
"CBN-PdlC-E4-20170816","[1390764, 1395807, 1390910, 1390883]"
"CBN-PdlC-E4-20170906","[1418688, 1362331, 1392059, 1361585]"
"CBN-PdlC-E4-20180702","[1390793, 1394311, 1393665, 1390904]"
"CBN-PdlC-E4-20180723","[1390910, 1361592, 1393660, 1395807]"
"CBN-PdlC-E4-20180815","[1361099, 1395807, 1390910, 1418688]"
"CBN-PdlC-E4-20180905","[1362331, 1396969, 1363056, 1397430]"
"CBN-PdlC-E4-20190701","[1395807, 1390910, 1396253, 1418688]"
"CBN-PdlC-E4-20190812","[1395807, 1390764, 1390910, 1393665]"
"CBN-PdlC-E4-20190909","[1362331, 1392821, 1390910, 1363056]"
"CBN-PdlC-E4-20200629","[1361592, 1393665, 1363056, 1418688]"
"CBN-PdlC-E4-20200722","[1395807, 1393681, 1390910, 1397430]"
"CBN-PdlC-E4-20200812","[1395807, 1390910, 1363056, 1531145]"
"CBN-PdlC-E5-20130723","[1361077, 1388766, 1393231, 1394597]"
"CBN-PdlC-E5-20130807","[1395807, 1392608, 1390793, 1390846]"
"CBN-PdlC-E5-20130903","[1390793, 1392608, 1361057, 1395807]"
"CBN-PdlC-E5-20140630","[1390793, 1360299, 1393200, 1418612]"
"CBN-PdlC-E5-20140721","[1390793, 1393200, 1395807, 1390910]"
"CBN-PdlC-E5-20140811","[1393200, 1395807, 1390793, 1394311]"
"CBN-PdlC-E5-20150720","[1395807, 1392608, 1396843, 1392614]"
"CBN-PdlC-E5-20150810","[1392608, 1362331, 1395807, 1355993]"
"CBN-PdlC-E5-20150831","[1395807, 1390793, 1393200, 1392608]"
"CBN-PdlC-E5-20160705","[1392608, 1359528, 1393200, 1395807]"
"CBN-PdlC-E5-20160726","[1395807, 1396843, 1392608, 1390910]"
"CBN-PdlC-E5-20170816","[1390793, 1395807, 1396253, 1390910]"
"CBN-PdlC-E5-20170906","[1390793, 1395807, 1394366, 1390910]"
"CBN-PdlC-E5-20180702","[1394597, 1394598, 1360299, 1361077]"
"CBN-PdlC-E5-20180723","[1392608, 1360299, 1395807, 1360874]"
"CBN-PdlC-E5-20180815","[1395807, 1392608, 1390793, 1400132]"
"CBN-PdlC-E5-20180905","[1390793, 1654153, 1390910, 1360748]"
"CBN-PdlC-E5-20190722","[1360299, 1396253, 1392608, 1395807]"
"CBN-PdlC-E5-20190812","[1392608, 1390910, 1360299, 1390793]"
"CBN-PdlC-E5-20190909","[1390793, 1395807, 1390910, 1360748]"
"CBN-PdlC-E5-20200629","[1356424, 1393200, 1356422, 1360299]"
"CBN-PdlC-E5-20200722","[1392608, 1395807, 1390793, 1390910]"
"CBN-PdlC-E5-20200812","[1395807, 1392608, 1390793, 1360299]"
"CBN-PdlC-E6-20130723","[1361077, 1356424, 1390880, 1397046]"
"CBN-PdlC-E6-20130807","[1395807, 1390846, 1390793, 1396843]"
"CBN-PdlC-E6-20130903","[1395807, 1390793, 1396974, 1395870]"
"CBN-PdlC-E6-20140630","[1394597, 1390904, 1390927, 1393200]"
"CBN-PdlC-E6-20140721","[1395807, 1390793, 1396253, 1389346]"
"CBN-PdlC-E6-20140811","[1390793, 1395807, 1396253, 1390910]"
"CBN-PdlC-E6-20150701","[1395807, 1360874, 1396253, 1360312]"
"CBN-PdlC-E6-20150720","[1395807, 1396843, 1390793, 1390910]"
"CBN-PdlC-E6-20150810","[1395807, 1362331, 1390793, 1396843]"
"CBN-PdlC-E6-20150831","[1390793, 1395807, 1362331, 1396843]"
"CBN-PdlC-E6-20160705","[1390793, 1395807, 1392608, 1393708]"
"CBN-PdlC-E6-20160726","[1395807, 1396843, 1390793, 1390910]"
"CBN-PdlC-E6-20170816","[1395807, 1654153, 1394311, 1396253]"
"CBN-PdlC-E6-20170906","[1402995, 1395807, 1396253, 1363543]"
"CBN-PdlC-E6-20180702","[1394597, 1394598, 1394603, 1394663]"
"CBN-PdlC-E6-20180723","[1390910, 1394828, 1392534, 1392535]"
"CBN-PdlC-E6-20180815","[1395807, 1362331, 1517561, 1396253]"
"CBN-PdlC-E6-20180905","[1390793, 1394595, 1394655, 1517561]"
"CBN-PdlC-E6-20190722","[1390793, 1395807, 1390846, 1396253]"
"CBN-PdlC-E6-20190812","[1395807, 1390793, 1396843, 1390910]"
"CBN-PdlC-E6-20190909","[1395807, 1390793, 1654153, 1390910]"
"CBN-PdlC-E6-20200629","[1418612, 1394597, 1394598, 1395807]"
"CBN-PdlC-E6-20200722","[1395807, 1390793, 1396253, 1396843]"
"CBN-PdlC-E6-20200812","[1395807, 1396253, 1667445, 1394828]"
"CBN-PdlC-F1-20130723","[1394603, 1394598, 1395807, 1394595]"
"CBN-PdlC-F1-20130807","[1394311, 1395807, 1390793, 1394603]"
"CBN-PdlC-F1-20130903","[1395807, 1395870, 1397046, 1412857]"
"CBN-PdlC-F1-20140630","[1388766, 1394597, 1394598, 1741880]"
"CBN-PdlC-F1-20140721","[1395807, 1741810, 1394282, 1395855]"
"CBN-PdlC-F1-20140811","[1395807, 1394311, 1397046, 1741880]"
"CBN-PdlC-F1-20140901","[1395807, 1397043, 1363622, 1393245]"
"CBN-PdlC-F1-20150701","[1395807, 1395870, 1741810, 1389346]"
"CBN-PdlC-F1-20150720","[1395807, 1396253, 1720959, 1741880]"
"CBN-PdlC-F1-20150810","[1395807, 1362331, 1396974, 1395855]"
"CBN-PdlC-F1-20150831","[1395807, 1393245, 1741880, 1390793]"
"CBN-PdlC-F1-20160705","[1395807, 1395855, 1395870, 1394322]"
"CBN-PdlC-F1-20160726","[1395807, 1741880, 1396974, 1397043]"
"CBN-PdlC-F1-20170816","[1395807, 1396253, 1741880, 1396974]"
"CBN-PdlC-F1-20170906","[1397046, 1396253, 1395807, 1361077]"
"CBN-PdlC-F1-20180702","[1390793, 1395807, 1397046, 1361281]"
"CBN-PdlC-F1-20180723","[1395807, 1396253, 1741880, 1395870]"
"CBN-PdlC-F1-20180815","[1395807, 1394595, 1741880, 1361281]"
"CBN-PdlC-F1-20180905","[1390793, 1394603, 1396253, 1394598]"
"CBN-PdlC-F1-20190701","[1395807, 1741880, 1395870, 1390910]"
"CBN-PdlC-F1-20190812","[1395807, 1361281, 1361914, 1396253]"
"CBN-PdlC-F1-20190909","[1361281, 1390793, 1395807, 1390874]"
"CBN-PdlC-F1-20200629","[1395807, 1394603, 1741880, 1390910]"
"CBN-PdlC-F1-20200722","[1395807, 1390793, 1741880, 1390846]"
"CBN-PdlC-F1-20200812","[1390793, 1395807, 1361281, 1396974]"
"CBN-PdlC-F2-20130723","[1394603, 1356704, 1394598, 1395807]"
"CBN-PdlC-F2-20130807","[1360985, 1395807, 1360864, 1396974]"
"CBN-PdlC-F2-20130903","[1397046, 1390874, 1395807, 1361281]"
"CBN-PdlC-F2-20140630","[1361281, 1395807, 1397046, 1392535]"
"CBN-PdlC-F2-20140721","[1395807, 1397528, 1395855, 1412857]"
"CBN-PdlC-F2-20140811","[1395807, 1412857, 1396253, 1395868]"
"CBN-PdlC-F2-20140901","[1395807, 1390846, 1389627, 1395990]"
"CBN-PdlC-F2-20150701","[1412857, 1395807, 1390910, 1741880]"
"CBN-PdlC-F2-20150720","[1395807, 1412857, 1394641, 1720968]"
"CBN-PdlC-F2-20150810","[1412857, 1395807, 1390837, 1394641]"
"CBN-PdlC-F2-20150831","[1395807, 1412857, 1390874, 1737699]"
"CBN-PdlC-F2-20160705","[1395807, 1396253, 1362023, 1395855]"
"CBN-PdlC-F2-20160726","[1395807, 1412857, 1363944, 1390910]"
"CBN-PdlC-F2-20170906","[1412857, 1390874, 1390793, 1361281]"
"CBN-PdlC-F2-20180702","[1394597, 1394655, 1395943, 1394598]"
"CBN-PdlC-F2-20180723","[1395807, 1412857, 1397046, 1394375]"
"CBN-PdlC-F2-20180815","[1395807, 1412857, 1396253, 1664563]"
"CBN-PdlC-F2-20180905","[1395807, 1412857, 1390793, 1390874]"
"CBN-PdlC-F2-20190701","[1395807, 1741880, 1397046, 1396253]"
"CBN-PdlC-F2-20190812","[1395807, 1412857, 1391881, 1390793]"
"CBN-PdlC-F2-20190909","[1390793, 1395807, 1394311, 1390874]"
"CBN-PdlC-F2-20200629","[1390910, 1395807, 1394595, 1394603]"
"CBN-PdlC-F2-20200722","[1395807, 1390793, 1390910, 1392535]"
"CBN-PdlC-F2-20200812","[1395807, 1396974, 1390793, 1390874]"
"CBN-PdlC-F3-20130723","[1356424, 1390927, 1361077, 1361233]"
"CBN-PdlC-F3-20130807","[1361284, 1363056, 1393708, 1361233]"
"CBN-PdlC-F3-20130903","[1395807, 1392299, 1362331, 1392608]"
"CBN-PdlC-F3-20140630","[1390927, 1361077, 1654153, 1664563]"
"CBN-PdlC-F3-20140721","[1395807, 1392608, 1361074, 1391666]"
"CBN-PdlC-F3-20140811","[1395807, 1362023, 1390910, 1361281]"
"CBN-PdlC-F3-20140901","[1395807, 1361914, 1392299, 1361347]"
"CBN-PdlC-F3-20150701","[1395807, 1397046, 1390927, 1392299]"
"CBN-PdlC-F3-20150720","[1392608, 1395807, 1390910, 1361281]"
"CBN-PdlC-F3-20150810","[1392299, 1396838, 1390874, 1395807]"
"CBN-PdlC-F3-20150831","[1396838, 1395807, 1390910, 1362023]"
"CBN-PdlC-F3-20160705","[1395807, 1361592, 1362331, 1393660]"
"CBN-PdlC-F3-20160726","[1362023, 1392309, 1392608, 1361347]"
"CBN-PdlC-F3-20170816","[1395807, 1361347, 1390874, 1362023]"
"CBN-PdlC-F3-20170906","[1531145, 1390846, 1361347, 1390874]"
"CBN-PdlC-F3-20180702","[1390927, 1363056, 1361347, 1361281]"
"CBN-PdlC-F3-20180723","[1392299, 1395807, 1392535, 1390927]"
"CBN-PdlC-F3-20180815","[1392299, 1363056, 1361914, 1361233]"
"CBN-PdlC-F3-20180905","[1361335, 1361347, 1390874, 1394877]"
"CBN-PdlC-F3-20190701","[1395807, 1390927, 1394630, 1361233]"
"CBN-PdlC-F3-20190722","[1395807, 1390910, 1361284, 1361077]"
"CBN-PdlC-F3-20190812","[1361281, 1363056, 1362023, 1361914]"
"CBN-PdlC-F3-20190909","[1390793, 1531145, 1390874, 1395807]"
"CBN-PdlC-F3-20200629","[1397500, 1741880, 1395807, 1393200]"
"CBN-PdlC-F3-20200722","[1395807, 1393681, 1361914, 1361592]"
"CBN-PdlC-F3-20200812","[1361347, 1392299, 1396838, 1395807]"
"CBN-PdlC-F4-20130723","[1390927, 1396253, 1397500, 1654153]"
"CBN-PdlC-F4-20130807","[1396253, 1394603, 1397500, 1392608]"
"CBN-PdlC-F4-20130903","[1397430, 1395807, 1356772, 1360299]"
"CBN-PdlC-F4-20140630","[1393200, 1397108, 1361077, 1360299]"
"CBN-PdlC-F4-20140811","[1395807, 1396253, 1392608, 1360874]"
"CBN-PdlC-F4-20140901","[1397430, 1392608, 1395807, 1664563]"
"CBN-PdlC-F4-20150701","[1392608, 1361592, 1394630, 1360299]"
"CBN-PdlC-F4-20150720","[1392608, 1395807, 1394828, 1396253]"
"CBN-PdlC-F4-20150810","[1362331, 1360299, 1393660, 1361281]"
"CBN-PdlC-F4-20150831","[1395807, 1390910, 1392608, 1393200]"
"CBN-PdlC-F4-20160705","[1392608, 1395807, 1390910, 1361592]"
"CBN-PdlC-F4-20160726","[1362331, 1392608, 1395807, 1363056]"
"CBN-PdlC-F4-20170816","[1396253, 1395807, 1418688, 1360312]"
"CBN-PdlC-F4-20170906","[1390910, 1390756, 1390837, 1390927]"
"CBN-PdlC-F4-20180702","[1363056, 1654153, 1396253, 1390910]"
"CBN-PdlC-F4-20180723","[1362331, 1392608, 1360299, 1393200]"
"CBN-PdlC-F4-20180815","[1392299, 1393660, 1393665, 1361592]"
"CBN-PdlC-F4-20180905","[1741564, 1391666, 1392309, 1390910]"
"CBN-PdlC-F4-20190701","[1395807, 1393200, 1392608, 1394630]"
"CBN-PdlC-F4-20190722","[1396843, 1362331, 1392608, 1360943]"
"CBN-PdlC-F4-20190812","[1392608, 1360299, 1356275, 1361281]"
"CBN-PdlC-F4-20190909","[1363056, 1394311, 1392608, 1390874]"
"CBN-PdlC-F4-20200629","[1390910, 1397500, 1741880, 1361592]"
"CBN-PdlC-F4-20200722","[1393213, 1392608, 1362331, 1395807]"
"CBN-PdlC-F4-20200812","[1392608, 1363056, 1397430, 1361914]"
"CBN-PdlC-F5-20130723","[1396253, 1361077, 1362361, 1390880]"
"CBN-PdlC-F5-20130903","[1392608, 1390837, 1390761, 1395807]"
"CBN-PdlC-F5-20140630","[1390910, 1361077, 1664563, 1360299]"
"CBN-PdlC-F5-20140721","[1390793, 1390910, 1395807, 1396253]"
"CBN-PdlC-F5-20140811","[1395807, 1390793, 1390910, 1392608]"
"CBN-PdlC-F5-20150701","[1392608, 1395807, 1390910, 1396843]"
"CBN-PdlC-F5-20150720","[1392608, 1396253, 1395807, 1390910]"
"CBN-PdlC-F5-20150810","[1390793, 1392608, 1390910, 1360299]"
"CBN-PdlC-F5-20150831","[1390793, 1395807, 1396253, 1392608]"
"CBN-PdlC-F5-20160705","[1390910, 1395807, 1392608, 1390793]"
"CBN-PdlC-F5-20160726","[1390793, 1395807, 1390874, 1390910]"
"CBN-PdlC-F5-20170816","[1396253, 1390793, 1394375, 1394311]"
"CBN-PdlC-F5-20170906","[1390793, 1361077, 1396253, 1418688]"
"CBN-PdlC-F5-20180702","[1390910, 1360299, 1394663, 1394598]"
"CBN-PdlC-F5-20180723","[1392608, 1390880, 1395807, 1390910]"
"CBN-PdlC-F5-20180815","[1390793, 1395807, 1654153, 1390874]"
"CBN-PdlC-F5-20180905","[1396253, 1654153, 1390793, 1394828]"
"CBN-PdlC-F5-20190722","[1392608, 1396843, 1396253, 1363056]"
"CBN-PdlC-F5-20190812","[1396253, 1392608, 1390793, 1396869]"
"CBN-PdlC-F5-20190909","[1390793, 1395807, 1396253, 1362023]"
"CBN-PdlC-F5-20200629","[1390793, 1741880, 1390910, 1356424]"
"CBN-PdlC-F5-20200722","[1395807, 1363282, 1392608, 1741880]"
"CBN-PdlC-F5-20200812","[1390793, 1395807, 1390874, 1390846]"
"CBN-PdlC-F6-20130723","[1361077, 1390793, 1390910, 1390761]"
"CBN-PdlC-F6-20130807","[1390910, 1363282, 1396843, 1356275]"
"CBN-PdlC-F6-20130903","[1390793, 1743235, 1390910, 1363282]"
"CBN-PdlC-F6-20140630","[1390910, 1361077, 1390793, 1390846]"
"CBN-PdlC-F6-20140721","[1390793, 1390910, 1395807, 1394311]"
"CBN-PdlC-F6-20140811","[1390793, 1395807, 1390910, 1361047]"
"CBN-PdlC-F6-20150701","[1395807, 1396843, 1390910, 1390793]"
"CBN-PdlC-F6-20150720","[1394540, 1395807, 1396253, 1396843]"
"CBN-PdlC-F6-20150810","[1390793, 1390910, 1390761, 1361063]"
"CBN-PdlC-F6-20150831","[1390793, 1395807, 1396974, 1390910]"
"CBN-PdlC-F6-20160705","[1390793, 1390910, 1395855, 1395807]"
"CBN-PdlC-F6-20160726","[1390793, 1390910, 1396253, 1361077]"
"CBN-PdlC-F6-20170816","[1390793, 1395807, 1390910, 1396253]"
"CBN-PdlC-F6-20170906","[1390793, 1390910, 1390837, 1390904]"
"CBN-PdlC-F6-20180702","[1394597, 1390910, 1394598, 1361077]"
"CBN-PdlC-F6-20180723","[1390910, 1396253, 1390793, 1395807]"
"CBN-PdlC-F6-20180815","[1390793, 1394848, 1390837, 1390910]"
"CBN-PdlC-F6-20180905","[1390793, 1390837, 1394655, 1391331]"
"CBN-PdlC-F6-20190722","[1392608, 1390793, 1390910, 1396843]"
"CBN-PdlC-F6-20190812","[1390793, 1395807, 1390837, 1396843]"
"CBN-PdlC-F6-20190909","[1390793, 1390910, 1390874, 1394311]"
"CBN-PdlC-F6-20200629","[1390910, 1395807, 1390837, 1390793]"
"CBN-PdlC-F6-20200722","[1395807, 1390793, 1359835, 1396843]"
"CBN-PdlC-F6-20200812","[1390793, 1395807, 1392407, 1390874]"
"CBN-Pla-A1-20130808","[1395807, 1390793, 1360874, 1395855]"
"CBN-Pla-A1-20130904","[1395807, 1397475, 1390874, 1391144]"
"CBN-Pla-A1-20140722","[1397475, 1390793, 1397513, 1361077]"
"CBN-Pla-A1-20140812","[1395807, 1397475, 1395190, 1397500]"
"CBN-Pla-A1-20140902","[1395807, 1395190, 1394311, 1391648]"
"CBN-Pla-A1-20150702","[1390793, 1391144, 1394311, 1395190]"
"CBN-Pla-A1-20150723","[1395807, 1397475, 1395190, 1361333]"
"CBN-Pla-A1-20150811","[1395807, 1412857, 1397475, 1395190]"
"CBN-Pla-A1-20150901","[1412857, 1397475, 1395807, 1390793]"
"CBN-Pla-A1-20160707","[1390793, 1394311, 1391144, 1390910]"
"CBN-Pla-A1-20160728","[1395807, 1397500, 1397046, 1361281]"
"CBN-Pla-A1-20180724","[1390793, 1391144, 1396971, 1390874]"
"CBN-Pla-A1-20180816","[1395807, 1395190, 1397500, 1397475]"
"CBN-Pla-A1-20180906","[1395807, 1412857, 1392299, 1361914]"
"CBN-Pla-A1-20190723","[1395807, 1519650, 1391412, 1396971]"
"CBN-Pla-A1-20190814","[1395807, 1412857, 1395868, 1395870]"
"CBN-Pla-A1-20200630","[1361703, 1363625, 1738585, 1744833]"
"CBN-Pla-A1-20200723","[1395807, 1395190, 1397475, 1394641]"
"CBN-Pla-A1-20200814","[1392566, 1392552, 1395190, 1361914]"
"CBN-Pla-A2-20130724","[1390793, 1361281, 1394311, 1390846]"
"CBN-Pla-A2-20130808","[1395807, 1359835, 1397500, 1361077]"
"CBN-Pla-A2-20130904","[1395807, 1395870, 1394311, 1361281]"
"CBN-Pla-A2-20140722","[1390793, 1397513, 1394311, 1362023]"
"CBN-Pla-A2-20140812","[1395807, 1412857, 1390910, 1395868]"
"CBN-Pla-A2-20140902","[1395807, 1412857, 1394311, 1400084]"
"CBN-Pla-A2-20150702","[1390793, 1390927, 1396974, 1390910]"
"CBN-Pla-A2-20150723","[1395807, 1397043, 1412857, 1394311]"
"CBN-Pla-A2-20150811","[1395807, 1392558, 1356397, 1392552]"
"CBN-Pla-A2-20150901","[1395807, 1394311, 1390793, 1396974]"
"CBN-Pla-A2-20160707","[1390793, 1390910, 1395807, 1395949]"
"CBN-Pla-A2-20160728","[1395807, 1390793, 1390910, 1395868]"
"CBN-Pla-A2-20180724","[1395949, 1392407, 1390793, 1394311]"
"CBN-Pla-A2-20180816","[1395807, 1390793, 1397046, 1396015]"
"CBN-Pla-A2-20180906","[1395949, 1395807, 1361914, 1394311]"
"CBN-Pla-A2-20190723","[1395807, 1395868, 1394311, 1390910]"
"CBN-Pla-A2-20190814","[1395807, 1392299, 1395870, 1361284]"
"CBN-Pla-A2-20200723","[1395807, 1390793, 1390910, 1395949]"
"CBN-Pla-A2-20200814","[1395807, 1394311, 1392539, 1396144]"
"CBN-Pla-A3-20130724","[1359587, 1390793, 1396974, 1390874]"
"CBN-Pla-A3-20130808","[1395807, 1397500, 1390910, 1395870]"
"CBN-Pla-A3-20130904","[1395807, 1395870, 1741880, 1397046]"
"CBN-Pla-A3-20140722","[1396974, 1390793, 1361373, 1398644]"
"CBN-Pla-A3-20140812","[1395807, 1395870, 1390690, 1741880]"
"CBN-Pla-A3-20140902","[1395807, 1395870, 1394542, 1394311]"
"CBN-Pla-A3-20150702","[1390793, 1741880, 1396094, 1396169]"
"CBN-Pla-A3-20150723","[1395807, 1392407, 1741880, 1395870]"
"CBN-Pla-A3-20150811","[1395807, 1395870, 1394630, 1390910]"
"CBN-Pla-A3-20150901","[1395807, 1390793, 1395870, 1394311]"
"CBN-Pla-A3-20160707","[1741880, 1390793, 1396094, 1395870]"
"CBN-Pla-A3-20160728","[1395807, 1397043, 1397046, 1394311]"
"CBN-Pla-A3-20180724","[1741880, 1395870, 1361281, 1394311]"
"CBN-Pla-A3-20180816","[1395807, 1741880, 1395870, 1394630]"
"CBN-Pla-A3-20180906","[1396253, 1397528, 1395807, 1741880]"
"CBN-Pla-A3-20190723","[1395807, 1741880, 1395870, 1394311]"
"CBN-Pla-A3-20190814","[1395807, 1741880, 1395870, 1392407]"
"CBN-Pla-A3-20200723","[1395807, 1741880, 1390910, 1395870]"
"CBN-Pla-A3-20200814","[1395807, 1395870, 1741880, 1393679]"
"CBN-Pla-A4-20130724","[1361281, 1359011, 1396682, 1398722]"
"CBN-Pla-A4-20130808","[1395807, 1395870, 1741880, 1396974]"
"CBN-Pla-A4-20130904","[1395807, 1395870, 1741880, 1395990]"
"CBN-Pla-A4-20140722","[1362023, 1397513, 1390756, 1361281]"
"CBN-Pla-A4-20140812","[1395807, 1741880, 1395870, 1395868]"
"CBN-Pla-A4-20140902","[1395807, 1741880, 1395870, 1390874]"
"CBN-Pla-A4-20150702","[1741880, 1390874, 1390793, 1394311]"
"CBN-Pla-A4-20150723","[1395807, 1741880, 1395870, 1391881]"
"CBN-Pla-A4-20150811","[1395807, 1390874, 1394311, 1395870]"
"CBN-Pla-A4-20150901","[1395807, 1741880, 1395870, 1390874]"
"CBN-Pla-A4-20160707","[1390793, 1741880, 1395870, 1390874]"
"CBN-Pla-A4-20160728","[1395807, 1396843, 1397046, 1390874]"
"CBN-Pla-A4-20180724","[1394311, 1361347, 1390793, 1390874]"
"CBN-Pla-A4-20180816","[1395807, 1390793, 1395870, 1395868]"
"CBN-Pla-A4-20180906","[1395807, 1741880, 1395870, 1361347]"
"CBN-Pla-A4-20190723","[1395807, 1395870, 1741880, 1397500]"
"CBN-Pla-A4-20190814","[1395807, 1741880, 1390756, 1394311]"
"CBN-Pla-A4-20200723","[1395807, 1741880, 1395870, 1390910]"
"CBN-Pla-A4-20200814","[1395807, 1395868, 1395870, 1741880]"
"CBN-Pla-A5-20130724","[1394311, 1390793, 1361281, 1390874]"
"CBN-Pla-A5-20130808","[1741880, 1395870, 1395807, 1361281]"
"CBN-Pla-A5-20130904","[1741880, 1395807, 1395870, 1395990]"
"CBN-Pla-A5-20140722","[1361281, 1394311, 1390756, 1741880]"
"CBN-Pla-A5-20140812","[1395807, 1395870, 1741880, 1395868]"
"CBN-Pla-A5-20140902","[1395807, 1741880, 1395870, 1392628]"
"CBN-Pla-A5-20150702","[1741880, 1356424, 1390793, 1396169]"
"CBN-Pla-A5-20150723","[1741880, 1395807, 1395870, 1361444]"
"CBN-Pla-A5-20150811","[1395807, 1741880, 1395870, 1360269]"
"CBN-Pla-A5-20160707","[1390793, 1741880, 1395870, 1395949]"
"CBN-Pla-A5-20160728","[1395807, 1741880, 1395870, 1390910]"
"CBN-Pla-A5-20180724","[1394311, 1741880, 1390904, 1390793]"
"CBN-Pla-A5-20180816","[1395807, 1395870, 1741880, 1397500]"
"CBN-Pla-A5-20180906","[1741880, 1395807, 1395870, 1360269]"
"CBN-Pla-A5-20190723","[1395807, 1741880, 1395870, 1738690]"
"CBN-Pla-A5-20190814","[1395807, 1395870, 1741880, 1390793]"
"CBN-Pla-A5-20200723","[1395807, 1741880, 1395870, 1395868]"
"CBN-Pla-A5-20200814","[1395807, 1395870, 1741880, 1361281]"
"CBN-Pla-A6-20130724","[1609716, 1361077, 1390837, 1396733]"
"CBN-Pla-A6-20130808","[1395807, 1397500, 1741880, 1395870]"
"CBN-Pla-A6-20130904","[1395807, 1741880, 1519650, 1395870]"
"CBN-Pla-A6-20140722","[1390793, 1361077, 1396974, 1390904]"
"CBN-Pla-A6-20140812","[1395807, 1741880, 1395870, 1397500]"
"CBN-Pla-A6-20140902","[1395870, 1395807, 1741880, 1390910]"
"CBN-Pla-A6-20150702","[1390793, 1741880, 1356424, 1395949]"
"CBN-Pla-A6-20150723","[1741880, 1395807, 1395870, 1390910]"
"CBN-Pla-A6-20150811","[1395807, 1741880, 1390910, 1395870]"
"CBN-Pla-A6-20150901","[1390793, 1395807, 1395870, 1391881]"
"CBN-Pla-A6-20160707","[1741880, 1390793, 1395949, 1396144]"
"CBN-Pla-A6-20160728","[1395807, 1741880, 1397045, 1395870]"
"CBN-Pla-A6-20180724","[1390793, 1394311, 1390904, 1390874]"
"CBN-Pla-A6-20180816","[1395807, 1390793, 1395870, 1391666]"
"CBN-Pla-A6-20180906","[1395807, 1390793, 1397528, 1361077]"
"CBN-Pla-A6-20190723","[1395807, 1654153, 1741880, 1394311]"
"CBN-Pla-A6-20190814","[1395807, 1390793, 1741880, 1395870]"
"CBN-Pla-A6-20200723","[1395807, 1741880, 1395870, 1395868]"
"CBN-Pla-A6-20200814","[1395807, 1395870, 1390793, 1741880]"
"CBN-Pla-B1-20130724","[1361389, 1394542, 1390874, 1744170]"
"CBN-Pla-B1-20130808","[1390793, 1395807, 1395870, 1390846]"
"CBN-Pla-B1-20130904","[1395807, 1394311, 1390793, 1412857]"
"CBN-Pla-B1-20140722","[1392407, 1654153, 1394309, 1361077]"
"CBN-Pla-B1-20140812","[1395807, 1392407, 1394311, 1362331]"
"CBN-Pla-B1-20140902","[1395807, 1742052, 1720959, 1390910]"
"CBN-Pla-B1-20150702","[1418612, 1390910, 1395990, 1390367]"
"CBN-Pla-B1-20150723","[1395807, 1392407, 1363056, 1737699]"
"CBN-Pla-B1-20150811","[1395807, 1390793, 1395868, 1394311]"
"CBN-Pla-B1-20150901","[1390793, 1418612, 1412857, 1395807]"
"CBN-Pla-B1-20160707","[1390793, 1394311, 1412857, 1418612]"
"CBN-Pla-B1-20160728","[1412857, 1395807, 1390910, 1390874]"
"CBN-Pla-B1-20180724","[1390793, 1390846, 1394311, 1390910]"
"CBN-Pla-B1-20180816","[1395807, 1390793, 1394311, 1412857]"
"CBN-Pla-B1-20180906","[1361347, 1737693, 1390874, 1397528]"
"CBN-Pla-B1-20190723","[1395807, 1519650, 1390910, 1396733]"
"CBN-Pla-B1-20190814","[1392299, 1412857, 1394311, 1720959]"
"CBN-Pla-B1-20200630","[1356307, 1361703, 1397383, 1361723]"
"CBN-Pla-B1-20200723","[1395807, 1390910, 1394311, 1390793]"
"CBN-Pla-B1-20200814","[1390793, 1390910, 1390756, 1390837]"
"CBN-Pla-B2-20130724","[1395952, 1390846, 1720968, 1390793]"
"CBN-Pla-B2-20130808","[1395807, 1390793, 1397500, 1390910]"
"CBN-Pla-B2-20130904","[1395807, 1390874, 1361233, 1390793]"
"CBN-Pla-B2-20140722","[1390793, 1390756, 1394311, 1390904]"
"CBN-Pla-B2-20140812","[1395807, 1390793, 1390910, 1720959]"
"CBN-Pla-B2-20140902","[1395807, 1361281, 1361372, 1395868]"
"CBN-Pla-B2-20150702","[1390793, 1390910, 1390874, 1396974]"
"CBN-Pla-B2-20150723","[1395807, 1721729, 1395870, 1741880]"
"CBN-Pla-B2-20150811","[1395807, 1394311, 1392558, 1391881]"
"CBN-Pla-B2-20150901","[1395807, 1390793, 1531145, 1394311]"
"CBN-Pla-B2-20160707","[1390793, 1741880, 1390874, 1394311]"
"CBN-Pla-B2-20160728","[1395807, 1395870, 1390793, 1741880]"
"CBN-Pla-B2-20180724","[1743235, 1394311, 1390874, 1744855]"
"CBN-Pla-B2-20180816","[1395807, 1361130, 1395870, 1395868]"
"CBN-Pla-B2-20180906","[1395807, 1390793, 1390910, 1395870]"
"CBN-Pla-B2-20190723","[1395807, 1741880, 1390910, 1397500]"
"CBN-Pla-B2-20190814","[1395807, 1741880, 1395870, 1394542]"
"CBN-Pla-B2-20200723","[1395807, 1741880, 1390910, 1390793]"
"CBN-Pla-B2-20200814","[1395807, 1390793, 1395868, 1397500]"
"CBN-Pla-B3-20130724","[1359587, 1361281, 1361092, 1741589]"
"CBN-Pla-B3-20130808","[1395807, 1394311, 1390910, 1397500]"
"CBN-Pla-B3-20130904","[1395807, 1394311, 1390874, 1392407]"
"CBN-Pla-B3-20140722","[1390793, 1390904, 1361372, 1394311]"
"CBN-Pla-B3-20140812","[1395807, 1390910, 1390793, 1720959]"
"CBN-Pla-B3-20140902","[1395807, 1361333, 1393788, 1390764]"
"CBN-Pla-B3-20150811","[1395807, 1394311, 1395870, 1390910]"
"CBN-Pla-B3-20150901","[1395807, 1390793, 1390874, 1394311]"
"CBN-Pla-B3-20160707","[1390793, 1394311, 1741880, 1390874]"
"CBN-Pla-B3-20160728","[1395807, 1654153, 1741880, 1390793]"
"CBN-Pla-B3-20180724","[1390793, 1743235, 1394311, 1361347]"
"CBN-Pla-B3-20180816","[1395807, 1394311, 1395870, 1418688]"
"CBN-Pla-B3-20180906","[1395807, 1742052, 1390910, 1397528]"
"CBN-Pla-B3-20190723","[1395807, 1741880, 1394311, 1395870]"
"CBN-Pla-B3-20190814","[1395807, 1394311, 1362331, 1396974]"
"CBN-Pla-B3-20200723","[1395807, 1390793, 1390910, 1361347]"
"CBN-Pla-B3-20200814","[1395807, 1394311, 1395868, 1741880]"
"CBN-Pla-B4-20130724","[1390793, 1361092, 1361389, 1418612]"
"CBN-Pla-B4-20130808","[1392299, 1395807, 1393824, 1397500]"
"CBN-Pla-B4-20130904","[1395807, 1395870, 1390756, 1741880]"
"CBN-Pla-B4-20140722","[1654153, 1361281, 1362023, 1390904]"
"CBN-Pla-B4-20140812","[1395807, 1390910, 1395868, 1397500]"
"CBN-Pla-B4-20140902","[1395807, 1390793, 1361281, 1361284]"
"CBN-Pla-B4-20150702","[1390793, 1390756, 1392407, 1394311]"
"CBN-Pla-B4-20150723","[1395807, 1361281, 1392299, 1390880]"
"CBN-Pla-B4-20150811","[1390874, 1395807, 1741880, 1395868]"
"CBN-Pla-B4-20150901","[1395807, 1390910, 1390793, 1361347]"
"CBN-Pla-B4-20160707","[1390793, 1361077, 1396974, 1390910]"
"CBN-Pla-B4-20160728","[1395807, 1519650, 1654153, 1390756]"
"CBN-Pla-B4-20180724","[1361281, 1394311, 1654153, 1390904]"
"CBN-Pla-B4-20180816","[1395807, 1397046, 1394311, 1390837]"
"CBN-Pla-B4-20180906","[1395807, 1390910, 1396974, 1741880]"
"CBN-Pla-B4-20190723","[1395807, 1356422, 1741880, 1395870]"
"CBN-Pla-B4-20190814","[1395807, 1741880, 1392299, 1395870]"
"CBN-Pla-B4-20200723","[1395807, 1390910, 1390793, 1390756]"
"CBN-Pla-B4-20200814","[1395807, 1390793, 1395868, 1390910]"
"CBN-Pla-B5-20130724","[1390874, 1390846, 1390837, 1651061]"
"CBN-Pla-B5-20130808","[1395807, 1363622, 1397500, 1390910]"
"CBN-Pla-B5-20130904","[1395807, 1390659, 1390874, 1394311]"
"CBN-Pla-B5-20140722","[1359587, 1393703, 1390793, 1392407]"
"CBN-Pla-B5-20140812","[1395807, 1741880, 1390910, 1397500]"
"CBN-Pla-B5-20140902","[1393320, 1395807, 1361099, 1361347]"
"CBN-Pla-B5-20150702","[1390793, 1390904, 1390910, 1394311]"
"CBN-Pla-B5-20150723","[1395807, 1395758, 1391881, 1397043]"
"CBN-Pla-B5-20150811","[1395807, 1395870, 1720959, 1392299]"
"CBN-Pla-B5-20150901","[1395807, 1741880, 1395870, 1391312]"
"CBN-Pla-B5-20160707","[1390793, 1392407, 1394311, 1741880]"
"CBN-Pla-B5-20160728","[1362331, 1393496, 1397043, 1395807]"
"CBN-Pla-B5-20180724","[1395990, 1741880, 1390966, 1744643]"
"CBN-Pla-B5-20180816","[1395807, 1390910, 1395870, 1519650]"
"CBN-Pla-B5-20180906","[1390793, 1395807, 1392407, 1391881]"
"CBN-Pla-B5-20190723","[1395807, 1390910, 1479766, 1738785]"
"CBN-Pla-B5-20190814","[1395807, 1362331, 1394311, 1361045]"
"CBN-Pla-B5-20200723","[1395807, 1397043, 1390910, 1394910]"
"CBN-Pla-B5-20200814","[1395807, 1390793, 1394311, 1741880]"
"CBN-Pla-B6-20130724","[1390793, 1390846, 1394311, 1390874]"
"CBN-Pla-B6-20130808","[1395807, 1397500, 1395990, 1393824]"
"CBN-Pla-B6-20130904","[1395807, 1394311, 1361281, 1396144]"
"CBN-Pla-B6-20140722","[1390793, 1395949, 1396144, 1390756]"
"CBN-Pla-B6-20140812","[1397528, 1395807, 1395993, 1390910]"
"CBN-Pla-B6-20140902","[1395807, 1361281, 1395868, 1361347]"
"CBN-Pla-B6-20150702","[1390793, 1361077, 1361281, 1390910]"
"CBN-Pla-B6-20150723","[1395807, 1396145, 1396869, 1394311]"
"CBN-Pla-B6-20150811","[1395807, 1394311, 1390793, 1390910]"
"CBN-Pla-B6-20150901","[1390793, 1395807, 1395993, 1394311]"
"CBN-Pla-B6-20160707","[1390793, 1361077, 1396180, 1390927]"
"CBN-Pla-B6-20160728","[1395945, 1390927, 1397046, 1395807]"
"CBN-Pla-B6-20180816","[1395807, 1395993, 1395945, 1395868]"
"CBN-Pla-B6-20180906","[1395945, 1395807, 1392299, 1396015]"
"CBN-Pla-B6-20190723","[1395807, 1363056, 1397045, 1741880]"
"CBN-Pla-B6-20190814","[1395807, 1390756, 1392299, 1361347]"
"CBN-Pla-B6-20200723","[1395807, 1395868, 1741880, 1390793]"
"CBN-Pla-B6-20200814","[1395807, 1390756, 1394311, 1395868]"
"CBN-Pla-C1-20130808","[1397046, 1390910, 1390793, 1395807]"
"CBN-Pla-C1-20130904","[1397046, 1390756, 1395807, 1362592]"
"CBN-Pla-C1-20150702","[1397046, 1390793, 1390910, 1741880]"
"CBN-Pla-C1-20150723","[1654153, 1397046, 1395807, 1395870]"
"CBN-Pla-C1-20150811","[1395807, 1397046, 1390910, 1390837]"
"CBN-Pla-C1-20150901","[1395807, 1390793, 1397046, 1390910]"
"CBN-Pla-C1-20160707","[1390793, 1395807, 1397046, 1394311]"
"CBN-Pla-C1-20160728","[1391331, 1395807, 1397046, 1654153]"
"CBN-Pla-C1-20180816","[1395807, 1397046, 1390793, 1396974]"
"CBN-Pla-C1-20180906","[1395807, 1390837, 1397046, 1390756]"
"CBN-Pla-C1-20190723","[1395807, 1397046, 1397535, 1392535]"
"CBN-Pla-C1-20190814","[1395807, 1397046, 1395870, 1390910]"
"CBN-Pla-C1-20200723","[1395807, 1397046, 1397500, 1741810]"
"CBN-Pla-C1-20200814","[1395807, 1390910, 1397500, 1397542]"
"CBN-Pla-C2-20130808","[1390793, 1390910, 1390756, 1395807]"
"CBN-Pla-C2-20130904","[1395870, 1397046, 1390756, 1361281]"
"CBN-Pla-C2-20140722","[1390870, 1396169, 1397513, 1390756]"
"CBN-Pla-C2-20140902","[1654153, 1390756, 1395807, 1390874]"
"CBN-Pla-C2-20150702","[1390793, 1390904, 1390837, 1390756]"
"CBN-Pla-C2-20150723","[1395870, 1390756, 1741880, 1363056]"
"CBN-Pla-C2-20150811","[1395807, 1519650, 1654153, 1394643]"
"CBN-Pla-C2-20150901","[1394542, 1395870, 1390674, 1412857]"
"CBN-Pla-C2-20160707","[1390793, 1418612, 1390910, 1361281]"
"CBN-Pla-C2-20160728","[1519650, 1390874, 1390910, 1654153]"
"CBN-Pla-C2-20180724","[1390793, 1361281, 1390910, 1361347]"
"CBN-Pla-C2-20180816","[1396253, 1390756, 1394630, 1519650]"
"CBN-Pla-C2-20180906","[1412857, 1390756, 1390837, 1392299]"
"CBN-Pla-C2-20190723","[1390910, 1742052, 1412857, 1519650]"
"CBN-Pla-C2-20190814","[1390910, 1390756, 1412857, 1392299]"
"CBN-Pla-C2-20200723","[1395807, 1654153, 1394311, 1390756]"
"CBN-Pla-C2-20200814","[1361233, 1390910, 1390793, 1395807]"
"CBN-Pla-C3-20130808","[1395807, 1390793, 1392299, 1390910]"
"CBN-Pla-C3-20130904","[1390793, 1395807, 1395868, 1391666]"
"CBN-Pla-C3-20140722","[1390837, 1361389, 1390756, 1390793]"
"CBN-Pla-C3-20140902","[1395807, 1390793, 1390874, 1390756]"
"CBN-Pla-C3-20150702","[1390793, 1390910, 1361077, 1390904]"
"CBN-Pla-C3-20150723","[1395807, 1390793, 1519650, 1390910]"
"CBN-Pla-C3-20150811","[1395807, 1390756, 1390793, 1390910]"
"CBN-Pla-C3-20150901","[1390793, 1395807, 1390910, 1395870]"
"CBN-Pla-C3-20160707","[1390793, 1390910, 1394311, 1388766]"
"CBN-Pla-C3-20160728","[1395807, 1392299, 1390793, 1390910]"
"CBN-Pla-C3-20180724","[1390793, 1390910, 1390756, 1390904]"
"CBN-Pla-C3-20180816","[1395807, 1390793, 1519650, 1390910]"
"CBN-Pla-C3-20180906","[1390793, 1395807, 1396974, 1397528]"
"CBN-Pla-C3-20190723","[1395807, 1390910, 1390793, 1361233]"
"CBN-Pla-C3-20190814","[1390793, 1395807, 1654153, 1394311]"
"CBN-Pla-C3-20200723","[1395807, 1390793, 1393679, 1741880]"
"CBN-Pla-C3-20200814","[1395807, 1390793, 1519650, 1394311]"
"CBN-Pla-C4-20130808","[1395807, 1395000, 1394999, 1392631]"
"CBN-Pla-C4-20130904","[1395807, 1395868, 1361914, 1361092]"
"CBN-Pla-C4-20140902","[1395807, 1361077, 1361914, 1394311]"
"CBN-Pla-C4-20150702","[1361077, 1361281, 1390756, 1390837]"
"CBN-Pla-C4-20150723","[1395807, 1397046, 1361281, 1395868]"
"CBN-Pla-C4-20150811","[1395807, 1392407, 1395868, 1390910]"
"CBN-Pla-C4-20150901","[1395807, 1361585, 1390793, 1397500]"
"CBN-Pla-C4-20160707","[1395807, 1390910, 1390793, 1394311]"
"CBN-Pla-C4-20160728","[1395807, 1397043, 1397046, 1395868]"
"CBN-Pla-C4-20180724","[1390793, 1361281, 1390910, 1361077]"
"CBN-Pla-C4-20180816","[1395807, 1390910, 1418688, 1741880]"
"CBN-Pla-C4-20180906","[1395807, 1362331, 1390910, 1397500]"
"CBN-Pla-C4-20190723","[1395807, 1394311, 1390880, 1722440]"
"CBN-Pla-C4-20190814","[1395807, 1361281, 1395868, 1395870]"
"CBN-Pla-C4-20200723","[1395807, 1395868, 1390910, 1390880]"
"CBN-Pla-C4-20200814","[1395807, 1390910, 1395868, 1394641]"
"CBN-Pla-C5-20130808","[1395807, 1396144, 1390910, 1390793]"
"CBN-Pla-C5-20130904","[1395807, 1395868, 1396144, 1396145]"
"CBN-Pla-C5-20140722","[1390793, 1396144, 1396145, 1390756]"
"CBN-Pla-C5-20140902","[1395807, 1390910, 1395868, 1361281]"
"CBN-Pla-C5-20150702","[1397528, 1390910, 1390793, 1361585]"
"CBN-Pla-C5-20150723","[1395807, 1390910, 1654153, 1390880]"
"CBN-Pla-C5-20150811","[1395807, 1396869, 1395868, 1395870]"
"CBN-Pla-C5-20150901","[1395807, 1394311, 1390793, 1418688]"
"CBN-Pla-C5-20160707","[1390793, 1395807, 1390910, 1741880]"
"CBN-Pla-C5-20160728","[1395807, 1361281, 1394311, 1741880]"
"CBN-Pla-C5-20180724","[1390793, 1361281, 1390874, 1396144]"
"CBN-Pla-C5-20180816","[1390793, 1395807, 1390910, 1396974]"
"CBN-Pla-C5-20180906","[1395807, 1390793, 1394311, 1390910]"
"CBN-Pla-C5-20190723","[1395807, 1397500, 1390910, 1390793]"
"CBN-Pla-C5-20190814","[1395807, 1361914, 1394311, 1395868]"
"CBN-Pla-C5-20200723","[1390793, 1395807, 1412857, 1394641]"
"CBN-Pla-C5-20200814","[1395807, 1390874, 1395868, 1418688]"
"CBN-Pla-C6-20130808","[1395807, 1390756, 1361347, 1397500]"
"CBN-Pla-C6-20130904","[1395807, 1741880, 1361281, 1395870]"
"CBN-Pla-C6-20140902","[1395807, 1361077, 1390910, 1395868]"
"CBN-Pla-C6-20150702","[1390793, 1390910, 1390837, 1362023]"
"CBN-Pla-C6-20150723","[1395807, 1394311, 1395870, 1741880]"
"CBN-Pla-C6-20150811","[1395807, 1394311, 1390793, 1390910]"
"CBN-Pla-C6-20150901","[1390793, 1395807, 1390910, 1394311]"
"CBN-Pla-C6-20160707","[1361077, 1390910, 1396974, 1395807]"
"CBN-Pla-C6-20160728","[1395870, 1395807, 1390910, 1361077]"
"CBN-Pla-C6-20180724","[1390793, 1390910, 1390837, 1390756]"
"CBN-Pla-C6-20180816","[1395807, 1390793, 1390910, 1393824]"
"CBN-Pla-C6-20180906","[1395807, 1390793, 1394311, 1390910]"
"CBN-Pla-C6-20190723","[1395807, 1390910, 1363056, 1361281]"
"CBN-Pla-C6-20190814","[1395807, 1392299, 1741880, 1395870]"
"CBN-Pla-C6-20200723","[1395807, 1390793, 1390910, 1390756]"
"CBN-Pla-C6-20200814","[1395807, 1395868, 1741880, 1390793]"
"CBN-Pla-D1-20130808","[1395807, 1394311, 1390793, 1393824]"
"CBN-Pla-D1-20130904","[1395807, 1361077, 1361281, 1390837]"
"CBN-Pla-D1-20140722","[1390756, 1390793, 1394311, 1390837]"
"CBN-Pla-D1-20140902","[1395807, 1390756, 1361914, 1361077]"
"CBN-Pla-D1-20150702","[1390793, 1394311, 1390837, 1361281]"
"CBN-Pla-D1-20150723","[1395807, 1394311, 1394630, 1361281]"
"CBN-Pla-D1-20150811","[1395807, 1390910, 1390793, 1397500]"
"CBN-Pla-D1-20150901","[1395807, 1390874, 1394311, 1390793]"
"CBN-Pla-D1-20160707","[1394311, 1395807, 1390793, 1737699]"
"CBN-Pla-D1-20160728","[1390910, 1395807, 1390927, 1395868]"
"CBN-Pla-D1-20180724","[1390793, 1390910, 1390874, 1396974]"
"CBN-Pla-D1-20180816","[1395807, 1397500, 1390910, 1390756]"
"CBN-Pla-D1-20180906","[1395807, 1519650, 1394311, 1390756]"
"CBN-Pla-D1-20190723","[1395807, 1412857, 1397500, 1394311]"
"CBN-Pla-D1-20190814","[1395807, 1392299, 1390837, 1390756]"
"CBN-Pla-D1-20200723","[1395807, 1390910, 1395868, 1397500]"
"CBN-Pla-D1-20200814","[1390793, 1395807, 1394311, 1390910]"
"CBN-Pla-D2-20130808","[1395807, 1390793, 1397500, 1361281]"
"CBN-Pla-D2-20130904","[1395807, 1396843, 1359531, 1361281]"
"CBN-Pla-D2-20140722","[1361281, 1390756, 1361077, 1743235]"
"CBN-Pla-D2-20140902","[1390756, 1390837, 1361281, 1392309]"
"CBN-Pla-D2-20150702","[1390837, 1390927, 1390910, 1361077]"
"CBN-Pla-D2-20150723","[1396843, 1395807, 1361281, 1396869]"
"CBN-Pla-D2-20150811","[1412857, 1395807, 1394641, 1361281]"
"CBN-Pla-D2-20150901","[1395807, 1412857, 1394641, 1390793]"
"CBN-Pla-D2-20160707","[1412857, 1390837, 1361077, 1390756]"
"CBN-Pla-D2-20160728","[1412857, 1519650, 1395807, 1397500]"
"CBN-Pla-D2-20180724","[1390756, 1390793, 1412857, 1390837]"
"CBN-Pla-D2-20180816","[1397046, 1412857, 1397500, 1390756]"
"CBN-Pla-D2-20180906","[1412857, 1394641, 1390793, 1390756]"
"CBN-Pla-D2-20190723","[1395807, 1412857, 1394641, 1397500]"
"CBN-Pla-D2-20190814","[1412857, 1394641, 1392309, 1741880]"
"CBN-Pla-D2-20200723","[1395807, 1412857, 1396253, 1390756]"
"CBN-Pla-D2-20200814","[1412857, 1741624, 1390910, 1390756]"
"CBN-Pla-D3-20130808","[1741880, 1395870, 1395807, 1364068]"
"CBN-Pla-D3-20130904","[1395807, 1395870, 1741880, 1741706]"
"CBN-Pla-D3-20140722","[1390837, 1390756, 1359937, 1361091]"
"CBN-Pla-D3-20140902","[1395807, 1395870, 1741880, 1398644]"
"CBN-Pla-D3-20150702","[1361077, 1390910, 1741880, 1390837]"
"CBN-Pla-D3-20150723","[1741880, 1395807, 1361284, 1395870]"
"CBN-Pla-D3-20150811","[1395807, 1741880, 1395870, 1390910]"
"CBN-Pla-D3-20150901","[1741880, 1395807, 1395870, 1390793]"
"CBN-Pla-D3-20160707","[1741880, 1397500, 1395807, 1390904]"
"CBN-Pla-D3-20160728","[1395870, 1741880, 1361281, 1395807]"
"CBN-Pla-D3-20180724","[1390793, 1361347, 1390756, 1390837]"
"CBN-Pla-D3-20180816","[1395807, 1395870, 1741880, 1390756]"
"CBN-Pla-D3-20180906","[1395807, 1741880, 1390793, 1390910]"
"CBN-Pla-D3-20190723","[1356422, 1395807, 1390910, 1741880]"
"CBN-Pla-D3-20190814","[1395807, 1741880, 1395870, 1361077]"
"CBN-Pla-D3-20200723","[1741880, 1395807, 1395870, 1390910]"
"CBN-Pla-D3-20200814","[1741880, 1395807, 1395870, 1395868]"
"CBN-Pla-D4-20130808","[1395807, 1390793, 1395870, 1395000]"
"CBN-Pla-D4-20130904","[1395807, 1390793, 1395870, 1395868]"
"CBN-Pla-D4-20140722","[1390793, 1393703, 1394311, 1362331]"
"CBN-Pla-D4-20140902","[1395807, 1390793, 1361077, 1395870]"
"CBN-Pla-D4-20150702","[1390793, 1356424, 1361077, 1394065]"
"CBN-Pla-D4-20150723","[1395807, 1392299, 1361281, 1394311]"
"CBN-Pla-D4-20150811","[1395807, 1395870, 1390793, 1390874]"
"CBN-Pla-D4-20150901","[1395870, 1395807, 1390874, 1741880]"
"CBN-Pla-D4-20160707","[1390793, 1390846, 1654153, 1394311]"
"CBN-Pla-D4-20160728","[1392407, 1396974, 1395807, 1395868]"
"CBN-Pla-D4-20180724","[1390756, 1390910, 1390904, 1390793]"
"CBN-Pla-D4-20180816","[1395807, 1390910, 1395870, 1741880]"
"CBN-Pla-D4-20180906","[1392299, 1395807, 1395870, 1396974]"
"CBN-Pla-D4-20190723","[1395807, 1390910, 1390793, 1364066]"
"CBN-Pla-D4-20190814","[1395807, 1741880, 1395870, 1362331]"
"CBN-Pla-D4-20200723","[1395807, 1741880, 1360269, 1395870]"
"CBN-Pla-D4-20200814","[1395807, 1395870, 1390793, 1390910]"
"CBN-Pla-D5-20130808","[1395807, 1741880, 1390910, 1397500]"
"CBN-Pla-D5-20130904","[1390793, 1395807, 1396253, 1394311]"
"CBN-Pla-D5-20140722","[1390793, 1390910, 1397513, 1390811]"
"CBN-Pla-D5-20140902","[1395807, 1362331, 1361914, 1390910]"
"CBN-Pla-D5-20150702","[1390793, 1390811, 1396974, 1741880]"
"CBN-Pla-D5-20150723","[1395807, 1394311, 1394630, 1397500]"
"CBN-Pla-D5-20150811","[1395807, 1517561, 1390910, 1397500]"
"CBN-Pla-D5-20150901","[1395807, 1517561, 1741880, 1390910]"
"CBN-Pla-D5-20160707","[1741880, 1397500, 1390910, 1395807]"
"CBN-Pla-D5-20160728","[1395807, 1397500, 1361281, 1361914]"
"CBN-Pla-D5-20180724","[1390793, 1361281, 1361347, 1390904]"
"CBN-Pla-D5-20180816","[1395807, 1397046, 1397045, 1741880]"
"CBN-Pla-D5-20180906","[1395807, 1390793, 1390874, 1397046]"
"CBN-Pla-D5-20190723","[1395807, 1397500, 1741880, 1393824]"
"CBN-Pla-D5-20190814","[1395807, 1362729, 1390874, 1390910]"
"CBN-Pla-D5-20200723","[1395807, 1390910, 1396974, 1397500]"
"CBN-Pla-D6-20130808","[1395807, 1397500, 1359835, 1393824]"
"CBN-Pla-D6-20130904","[1395807, 1395870, 1396974, 1741880]"
"CBN-Pla-D6-20140722","[1395949, 1390756, 1397046, 1392407]"
"CBN-Pla-D6-20140902","[1395807, 1741880, 1397500, 1395870]"
"CBN-Pla-D6-20150702","[1394597, 1395990, 1741880, 1395807]"
"CBN-Pla-D6-20150723","[1395807, 1397500, 1396253, 1741880]"
"CBN-Pla-D6-20150811","[1395807, 1741880, 1397500, 1395870]"
"CBN-Pla-D6-20150901","[1395807, 1741880, 1397500, 1395868]"
"CBN-Pla-D6-20160707","[1741880, 1395807, 1395870, 1396974]"
"CBN-Pla-D6-20160728","[1395807, 1741880, 1395870, 1393708]"
"CBN-Pla-D6-20180724","[1394597, 1394598, 1396974, 1390793]"
"CBN-Pla-D6-20180816","[1395807, 1741880, 1395870, 1396974]"
"CBN-Pla-D6-20180906","[1395807, 1396974, 1741880, 1395870]"
"CBN-Pla-D6-20190723","[1395807, 1741880, 1397500, 1395870]"
"CBN-Pla-D6-20190814","[1395807, 1519650, 1394311, 1393824]"
"CBN-Pla-D6-20200723","[1395807, 1397500, 1395870, 1741880]"
"CBN-Pla-D6-20200814","[1395807, 1395868, 1741880, 1397046]"
"CBN-Pla-E1-20130808","[1390793, 1392407, 1396733, 1396253]"
"CBN-Pla-E1-20130904","[1741880, 1396253, 1390793, 1361281]"
"CBN-Pla-E1-20140722","[1390793, 1390910, 1390837, 1418612]"
"CBN-Pla-E1-20140902","[1738641, 1361281, 1390910, 1396733]"
"CBN-Pla-E1-20150702","[1361333, 1396733, 1390793, 1397046]"
"CBN-Pla-E1-20150723","[1396733, 1412857, 1361281, 1394311]"
"CBN-Pla-E1-20150901","[1396733, 1390793, 1412857, 1361585]"
"CBN-Pla-E1-20160707","[1390793, 1397046, 1390910, 1361281]"
"CBN-Pla-E1-20160728","[1396144, 1728573, 1741624, 1392679]"
"CBN-Pla-E1-20180816","[1390910, 1395990, 1741624, 1361281]"
"CBN-Pla-E1-20180906","[1647128, 1394542, 1390910, 1361281]"
"CBN-Pla-E1-20190723","[1392535, 1390910, 1396018, 1394630]"
"CBN-Pla-E1-20190814","[1741813, 1397046, 1396441, 1361281]"
"CBN-Pla-E1-20200630","[1397046, 1390756, 1390837, 1392407]"
"CBN-Pla-E1-20200723","[1741624, 1392407, 1412857, 1393679]"
"CBN-Pla-E1-20200814","[1394641, 1394311, 1647128, 1396253]"
"CBN-Pla-E2-20130808","[1390793, 1394630, 1390910, 1361281]"
"CBN-Pla-E2-20130904","[1396272, 1394866, 1394311, 1390927]"
"CBN-Pla-E2-20140722","[1396145, 1396144, 1361077, 1741880]"
"CBN-Pla-E2-20140902","[1361914, 1361077, 1390910, 1361281]"
"CBN-Pla-E2-20150702","[1390793, 1396144, 1390756, 1361077]"
"CBN-Pla-E2-20150723","[1361233, 1363056, 1390793, 1654153]"
"CBN-Pla-E2-20150901","[1390793, 1396733, 1396253, 1390756]"
"CBN-Pla-E2-20160707","[1390793, 1361077, 1390880, 1396253]"
"CBN-Pla-E2-20160728","[1396253, 1397208, 1741624, 1390874]"
"CBN-Pla-E2-20180724","[1390793, 1394641, 1412857, 1390910]"
"CBN-Pla-E2-20180816","[1741624, 1396253, 1394838, 1390910]"
"CBN-Pla-E2-20180906","[1396253, 1412857, 1390793, 1394641]"
"CBN-Pla-E2-20190723","[1412857, 1394641, 1396253, 1394311]"
"CBN-Pla-E2-20190814","[1412857, 1647128, 1396441, 1361281]"
"CBN-Pla-E2-20200630","[1394311, 1418612, 1687898, 1359199]"
"CBN-Pla-E2-20200723","[1390910, 1412857, 1396253, 1741624]"
"CBN-Pla-E2-20200814","[1390793, 1394311, 1363056, 1390910]"
"CBN-Pla-E3-20130808","[1396253, 1393660, 1390793, 1390910]"
"CBN-Pla-E3-20130904","[1390793, 1396253, 1394311, 1396144]"
"CBN-Pla-E3-20140722","[1390837, 1390756, 1390910, 1361077]"
"CBN-Pla-E3-20140902","[1392299, 1390756, 1390910, 1412857]"
"CBN-Pla-E3-20150702","[1390793, 1396253, 1390910, 1394311]"
"CBN-Pla-E3-20150723","[1396253, 1394311, 1412857, 1397046]"
"CBN-Pla-E3-20150811","[1396253, 1412857, 1390874, 1390910]"
"CBN-Pla-E3-20150901","[1394311, 1412857, 1396253, 1390793]"
"CBN-Pla-E3-20160707","[1390793, 1390910, 1394311, 1397528]"
"CBN-Pla-E3-20160728","[1396253, 1397046, 1392299, 1394311]"
"CBN-Pla-E3-20180724","[1390793, 1390837, 1390910, 1390756]"
"CBN-Pla-E3-20180816","[1396253, 1394641, 1397046, 1412857]"
"CBN-Pla-E3-20180906","[1412857, 1361281, 1390793, 1396733]"
"CBN-Pla-E3-20190723","[1396253, 1392535, 1412857, 1390910]"
"CBN-Pla-E3-20190814","[1396253, 1394311, 1361281, 1390910]"
"CBN-Pla-E3-20200630","[1393703, 1390837, 1390793, 1394311]"
"CBN-Pla-E3-20200723","[1396253, 1390910, 1412857, 1394641]"
"CBN-Pla-E3-20200814","[1390793, 1412857, 1390874, 1396733]"
"CBN-Pla-E4-20130808","[1390793, 1396253, 1390910, 1396733]"
"CBN-Pla-E4-20130904","[1396843, 1363056, 1394311, 1361281]"
"CBN-Pla-E4-20140722","[1390793, 1390846, 1361077, 1390910]"
"CBN-Pla-E4-20140902","[1396843, 1362331, 1393317, 1361367]"
"CBN-Pla-E4-20150702","[1390793, 1390910, 1390756, 1361347]"
"CBN-Pla-E4-20150811","[1361028, 1394828, 1396253, 1361281]"
"CBN-Pla-E4-20150901","[1390793, 1394311, 1362331, 1390910]"
"CBN-Pla-E4-20160707","[1390793, 1394311, 1390910, 1390874]"
"CBN-Pla-E4-20160728","[1390910, 1362023, 1356857, 1394311]"
"CBN-Pla-E4-20180724","[1390837, 1390793, 1390910, 1361057]"
"CBN-Pla-E4-20180816","[1396253, 1390793, 1390910, 1395807]"
"CBN-Pla-E4-20180906","[1396843, 1390756, 1390837, 1720959]"
"CBN-Pla-E4-20190723","[1396253, 1390910, 1394311, 1390793]"
"CBN-Pla-E4-20190814","[1361914, 1394311, 1363056, 1394630]"
"CBN-Pla-E4-20200630","[1361703, 1363409, 1360981, 1397376]"
"CBN-Pla-E4-20200723","[1390793, 1395807, 1741880, 1390756]"
"CBN-Pla-E4-20200814","[1390793, 1390910, 1396185, 1394311]"
"CBN-Pla-E5-20130808","[1394597, 1361347, 1361281, 1395807]"
"CBN-Pla-E5-20130904","[1395807, 1361077, 1361080, 1361281]"
"CBN-Pla-E5-20140722","[1356424, 1390793, 1390756, 1390837]"
"CBN-Pla-E5-20140902","[1397046, 1361077, 1361347, 1361080]"
"CBN-Pla-E5-20150702","[1390793, 1361585, 1390756, 1397046]"
"CBN-Pla-E5-20150723","[1397046, 1361281, 1363056, 1390756]"
"CBN-Pla-E5-20150811","[1395807, 1396838, 1390910, 1397046]"
"CBN-Pla-E5-20150901","[1394311, 1395807, 1412857, 1362023]"
"CBN-Pla-E5-20160707","[1394595, 1390793, 1741810, 1361347]"
"CBN-Pla-E5-20160728","[1390756, 1412857, 1361281, 1392309]"
"CBN-Pla-E5-20180724","[1361281, 1390793, 1394603, 1397046]"
"CBN-Pla-E5-20180816","[1395807, 1390756, 1390910, 1397046]"
"CBN-Pla-E5-20180906","[1395807, 1394911, 1397046, 1390756]"
"CBN-Pla-E5-20190723","[1390910, 1397046, 1390756, 1395807]"
"CBN-Pla-E5-20190814","[1392299, 1741880, 1395870, 1397046]"
"CBN-Pla-E5-20200630","[1361703, 1391143, 1361139, 1738585]"
"CBN-Pla-E5-20200723","[1395807, 1390793, 1390910, 1412857]"
"CBN-Pla-E5-20200814","[1390910, 1390793, 1397046, 1395807]"
"CBN-Pla-E6-20130808","[1390793, 1395807, 1390927, 1396974]"
"CBN-Pla-E6-20130904","[1412857, 1395807, 1363056, 1392309]"
"CBN-Pla-E6-20140722","[1390793, 1390756, 1361281, 1390846]"
"CBN-Pla-E6-20140902","[1395807, 1412857, 1361080, 1400084]"
"CBN-Pla-E6-20150702","[1412857, 1390793, 1390756, 1390837]"
"CBN-Pla-E6-20150723","[1361281, 1395807, 1363056, 1394311]"
"CBN-Pla-E6-20150811","[1395807, 1412857, 1390756, 1390793]"
"CBN-Pla-E6-20150901","[1412857, 1395807, 1390793, 1391881]"
"CBN-Pla-E6-20160707","[1412857, 1390793, 1361281, 1394311]"
"CBN-Pla-E6-20160728","[1395807, 1741880, 1390756, 1519650]"
"CBN-Pla-E6-20180724","[1390756, 1356424, 1361347, 1412857]"
"CBN-Pla-E6-20180816","[1412857, 1395807, 1361281, 1397046]"
"CBN-Pla-E6-20180906","[1395807, 1412857, 1361281, 1361347]"
"CBN-Pla-E6-20190723","[1395807, 1390910, 1390793, 1393824]"
"CBN-Pla-E6-20190814","[1741624, 1741880, 1390910, 1395807]"
"CBN-Pla-E6-20200723","[1394641, 1395807, 1390910, 1390793]"
"CBN-Pla-E6-20200814","[1390793, 1741624, 1395807, 1390756]"
"CBN-Pla-F1-20130808","[1393679, 1390756, 1361281, 1390837]"
"CBN-Pla-F1-20130904","[1396733, 1390837, 1363056, 1654153]"
"CBN-Pla-F1-20140722","[1390910, 1390837, 1361077, 1654153]"
"CBN-Pla-F1-20140902","[1361281, 1390910, 1361914, 1362023]"
"CBN-Pla-F1-20150702","[1390910, 1396018, 1394311, 1395948]"
"CBN-Pla-F1-20150723","[1363056, 1654153, 1651162, 1396253]"
"CBN-Pla-F1-20150901","[1394311, 1390793, 1390874, 1390910]"
"CBN-Pla-F1-20160707","[1393679, 1392407, 1393836, 1391148]"
"CBN-Pla-F1-20160728","[1741624, 1743159, 1396900, 1412585]"
"CBN-Pla-F1-20180724","[1390910, 1390793, 1361281, 1397528]"
"CBN-Pla-F1-20180816","[1741624, 1359296, 1395990, 1519650]"
"CBN-Pla-F1-20180906","[1390910, 1728573, 1392679, 1392407]"
"CBN-Pla-F1-20190723","[1363056, 1396733, 1390880, 1654153]"
"CBN-Pla-F1-20190814","[1654153, 1363056, 1392819, 1362592]"
"CBN-Pla-F1-20200630","[1654153, 1361304, 1390846, 1390756]"
"CBN-Pla-F1-20200723","[1741624, 1359296, 1391775, 1391359]"
"CBN-Pla-F1-20200814","[1361092, 1363056, 1362331, 1390874]"
"CBN-Pla-F2-20130808","[1390910, 1390793, 1743539, 1418612]"
"CBN-Pla-F2-20130904","[1361281, 1654153, 1394630, 1390756]"
"CBN-Pla-F2-20140722","[1390793, 1390910, 1395718, 1394630]"
"CBN-Pla-F2-20140902","[1361092, 1361382, 1390910, 1362592]"
"CBN-Pla-F2-20150702","[1392407, 1390846, 1390793, 1390910]"
"CBN-Pla-F2-20150723","[1412857, 1394050, 1394643, 1361281]"
"CBN-Pla-F2-20150901","[1390793, 1396733, 1390846, 1531145]"
"CBN-Pla-F2-20160707","[1418612, 1396018, 1390793, 1390910]"
"CBN-Pla-F2-20160728","[1390793, 1390910, 1394866, 1361281]"
"CBN-Pla-F2-20180724","[1390837, 1390910, 1390793, 1391161]"
"CBN-Pla-F2-20180816","[1741624, 1390910, 1390793, 1359296]"
"CBN-Pla-F2-20180906","[1390793, 1412857, 1396733, 1396253]"
"CBN-Pla-F2-20190723","[1390910, 1396733, 1389543, 1394866]"
"CBN-Pla-F2-20190814","[1390910, 1361281, 1359511, 1396733]"
"CBN-Pla-F2-20200630","[1720968, 1394311, 1361372, 1361347]"
"CBN-Pla-F2-20200723","[1396733, 1390910, 1720959, 1653823]"
"CBN-Pla-F2-20200814","[1390793, 1390756, 1390837, 1394311]"
"CBN-Pla-F3-20130808","[1361914, 1390910, 1394598, 1390756]"
"CBN-Pla-F3-20130904","[1361077, 1390756, 1394311, 1654153]"
"CBN-Pla-F3-20140722","[1390793, 1361077, 1394311, 1391666]"
"CBN-Pla-F3-20140902","[1412857, 1647128, 1741813, 1361077]"
"CBN-Pla-F3-20150702","[1390910, 1361281, 1720959, 1390756]"
"CBN-Pla-F3-20150723","[1394597, 1394643, 1741624, 1654153]"
"CBN-Pla-F3-20150811","[1361281, 1412857, 1394643, 1394641]"
"CBN-Pla-F3-20150901","[1394311, 1737699, 1412857, 1390910]"
"CBN-Pla-F3-20160707","[1361281, 1390793, 1397046, 1390910]"
"CBN-Pla-F3-20160728","[1394643, 1412857, 1397046, 1394311]"
"CBN-Pla-F3-20180724","[1390793, 1390756, 1397046, 1392407]"
"CBN-Pla-F3-20180816","[1390756, 1394597, 1394643, 1741624]"
"CBN-Pla-F3-20180906","[1392299, 1394643, 1392309, 1412857]"
"CBN-Pla-F3-20190723","[1412857, 1394643, 1390910, 1390793]"
"CBN-Pla-F3-20190814","[1412857, 1394911, 1392535, 1361099]"
"CBN-Pla-F3-20200630","[1393703, 1361281, 1397513, 1362023]"
"CBN-Pla-F3-20200723","[1394643, 1412857, 1396969, 1390910]"
"CBN-Pla-F3-20200814","[1412857, 1394643, 1390793, 1394443]"
"CBN-Pla-F4-20130808","[1390793, 1393824, 1395807, 1396974]"
"CBN-Pla-F4-20130904","[1361281, 1361077, 1390880, 1392333]"
"CBN-Pla-F4-20140722","[1361077, 1390837, 1394542, 1390910]"
"CBN-Pla-F4-20150723","[1395807, 1647128, 1390756, 1361914]"
"CBN-Pla-F4-20150811","[1741813, 1412857, 1394311, 1390910]"
"CBN-Pla-F4-20150901","[1390793, 1412857, 1394311, 1361585]"
"CBN-Pla-F4-20160707","[1390910, 1390793, 1394641, 1412857]"
"CBN-Pla-F4-20160728","[1412857, 1390910, 1394641, 1361281]"
"CBN-Pla-F4-20180724","[1390837, 1390793, 1412857, 1390756]"
"CBN-Pla-F4-20180816","[1412857, 1390756, 1394643, 1390793]"
"CBN-Pla-F4-20180906","[1412857, 1390756, 1394643, 1390910]"
"CBN-Pla-F4-20190723","[1412857, 1361077, 1397500, 1390910]"
"CBN-Pla-F4-20190814","[1412857, 1394641, 1361281, 1654153]"
"CBN-Pla-F4-20200630","[1361703, 1359937, 1363317, 1424208]"
"CBN-Pla-F4-20200723","[1412857, 1390910, 1394643, 1394641]"
"CBN-Pla-F4-20200814","[1412857, 1647128, 1394641, 1361281]"
"CBN-Pla-F5-20130808","[1394311, 1390793, 1390910, 1390756]"
"CBN-Pla-F5-20130904","[1388766, 1390756, 1394311, 1390910]"
"CBN-Pla-F5-20140722","[1390793, 1390870, 1390910, 1390756]"
"CBN-Pla-F5-20140902","[1400176, 1392299, 1396253, 1361077]"
"CBN-Pla-F5-20150702","[1390793, 1390910, 1394311, 1390870]"
"CBN-Pla-F5-20150723","[1363056, 1654153, 1361281, 1395807]"
"CBN-Pla-F5-20150811","[1390910, 1361281, 1395807, 1392309]"
"CBN-Pla-F5-20150901","[1395807, 1394311, 1356857, 1392299]"
"CBN-Pla-F5-20160707","[1395807, 1390837, 1390793, 1391666]"
"CBN-Pla-F5-20160728","[1395807, 1390910, 1361281, 1394311]"
"CBN-Pla-F5-20180724","[1390756, 1394311, 1390837, 1361281]"
"CBN-Pla-F5-20180816","[1390910, 1395807, 1397046, 1390756]"
"CBN-Pla-F5-20180906","[1390910, 1395807, 1392299, 1363056]"
"CBN-Pla-F5-20190723","[1395807, 1396253, 1390910, 1519650]"
"CBN-Pla-F5-20190814","[1654153, 1395807, 1394311, 1392299]"
"CBN-Pla-F5-20200723","[1395807, 1390910, 1390756, 1363056]"
"CBN-Pla-F5-20200814","[1395807, 1396253, 1363056, 1390910]"
"CBN-Pla-F6-20130808","[1390793, 1390910, 1395807, 1418612]"
"CBN-Pla-F6-20130904","[1519650, 1654153, 1363056, 1361233]"
"CBN-Pla-F6-20140722","[1360981, 1361281, 1609716, 1356424]"
"CBN-Pla-F6-20140902","[1390910, 1392309, 1361284, 1361281]"
"CBN-Pla-F6-20150702","[1390910, 1361077, 1390927, 1390870]"
"CBN-Pla-F6-20150723","[1390910, 1395807, 1396253, 1390880]"
"CBN-Pla-F6-20150811","[1396843, 1361281, 1390756, 1390910]"
"CBN-Pla-F6-20150901","[1361347, 1390837, 1517561, 1390910]"
"CBN-Pla-F6-20160707","[1390910, 1390837, 1390927, 1390756]"
"CBN-Pla-F6-20160728","[1395807, 1390910, 1741880, 1361347]"
"CBN-Pla-F6-20180724","[1361347, 1390793, 1390756, 1390910]"
"CBN-Pla-F6-20180816","[1390910, 1396253, 1412857, 1667816]"
"CBN-Pla-F6-20180906","[1390910, 1361347, 1361281, 1360312]"
"CBN-Pla-F6-20190723","[1396253, 1390910, 1394828, 1395855]"
"CBN-Pla-F6-20190814","[1654153, 1392309, 1741880, 1361281]"
"CBN-Pla-F6-20200723","[1395807, 1397045, 1741880, 1395870]"
"CBN-Pla-F6-20200814","[1395807, 1390910, 1396253, 1720959]"
"CBN-Pyr-01-20230706","[1396843, 1361284, 1392721, 1392299]"
"CBN-Pyr-03-20230706","[1741624, 1397512, 1395949, 1394311]"
"CBN-can-A1-20230705","[1412857, 1392608, 1395807, 1364071]"
"CBN-can-A2-20230705","[1395807, 1397045, 1393708, 1412857]"
"CBN-can-A3-20230705","[1360299, 1412857, 1393200, 1395807]"
"CBN-can-A5-20230705","[1397475, 1392767, 1395190, 1724565]"
"CBN-can-A6-20230705","[1397475, 1400101, 1360590, 1391648]"
"CBN-can-B1-20230705","[1392608, 1395807, 1360299, 1397500]"
"CBN-can-B2-20230705","[1392608, 1400101, 1361801, 1393708]"
"CBN-can-B3-20230705","[1412857, 1361914, 1395807, 1741880]"
"CBN-can-B4-20230705","[1397475, 1391648, 1395190, 1393200]"
"CBN-can-B5-20230705","[1397475, 1392535, 1395807, 1400101]"
"CBN-can-B6-20230705","[1397475, 1393679, 1395190, 1395807]"
"CBN-can-C1-20230705","[1395807, 1393200, 1397500, 1360874]"
"CBN-can-C2-20230705","[1395807, 1363933, 1393200, 1393708]"
"CBN-can-C3-20230705","[1395807, 1393679, 1363421, 1364071]"
"CBN-can-C4-20230705","[1395807, 1364066, 1393708, 1395870]"
"CBN-can-D1-20230705","[1395807, 1363056, 1393708, 1391666]"
"CBN-can-D2-20230705","[1412857, 1395807, 1392309, 1397500]"
"CBN-can-D3-20230705","[1395807, 1412857, 1363526, 1647128]"
"CBN-can-D4-20230705","[1400101, 1395807, 1364071, 1392767]"
"CBN-can-E1-20230706","[1392608, 1395807, 1392309, 1360299]"
"CBN-can-E2-20230706","[1395807, 1361284, 1395870, 1392299]"
"CBN-can-E3-20230706","[1397430, 1361080, 1394598, 1394730]"
"CBN-can-E4-20230706","[1394663, 1395807, 1356297, 1357392]"
"CBN-can-E5-20230706","[1392608, 1360299, 1392537, 1392535]"
"CBN-can-E6-20230706","[1395807, 1392539, 1392534, 1363282]"
"CBN-can-F1-20230705","[1395807, 1392539, 1396253, 1392535]"
"CBN-can-F2-20230706","[1395807, 1392299, 1394655, 1392309]"
"CBN-can-F3-20230706","[1391666, 1393604, 1392309, 1361080]"
"CBN-can-F4-20230706","[1361284, 1397430, 1360312, 1392299]"
"CBN-can-F5-20230706","[1361077, 1392299, 1392608, 1363056]"
"GUARDEN-AMB-CF04-1-10-20240325","[1359344, 1363302, 1359297, 1360965]"
"GUARDEN-AMB-CF04-1-5-20240325","[1363302, 1363882, 1356839, 1358358]"
"GUARDEN-AMB-CF21-1-1-20240326","[1388812, 1358711, 1359962, 1399148]"
"GUARDEN-AMB-CF21-1-10-20240326","[1363302, 1722619, 1393466, 1356521]"
"GUARDEN-AMB-CF21-1-2-20240326","[1363302, 1361703, 1356228, 1360719]"
"GUARDEN-AMB-CF21-1-3-20240326","[1359344, 1363302, 1364037, 1359297]"
"GUARDEN-AMB-CF21-1-4-20240326","[1363302, 1359344, 1359297, 1360978]"
"GUARDEN-AMB-CF21-1-5-20240326","[1359344, 1359297, 1722619, 1363733]"
"GUARDEN-AMB-CF21-1-6-20240326","[1359344, 1722619, 1356228, 1359297]"
"GUARDEN-AMB-CF21-1-7-20240326","[1722619, 1363302, 1359297, 1359006]"
"GUARDEN-AMB-CF21-1-8-20240326","[1359344, 1722619, 1363302, 1399739]"
"GUARDEN-AMB-CF21-1-9-20240326","[1722619, 1358766, 1399739, 1743403]"
"GUARDEN-AMB-GV04-1-3-20240326","[1359297, 1359298, 1359344, 1361412]"
"GUARDEN-AMB-GV04-1-4-20240326","[1359297, 1359298, 1687898, 1358118]"
"GUARDEN-AMB-GV04-1-5-20240326","[1359297, 1359298, 1358118, 1687898]"
"GUARDEN-AMB-GV04-1-6-20240326","[1359297, 1359298, 1359169, 1397317]"
"GUARDEN-AMB-GV04-1-7-20240326","[1359297, 1743245, 1359169, 1359298]"
"GUARDEN-AMB-PR13-1-10-20240417","[1359297, 1359298, 1359344, 1359813]"
"GUARDEN-AMB-PR13-1-2-20240417","[1721018, 1364037, 1360701, 1359297]"
"GUARDEN-AMB-PR13-1-3-20240417","[1360701, 1721018, 1359297, 1364037]"
"GUARDEN-AMB-PR13-1-4-20240417","[1364037, 1722433, 1721018, 1359665]"
"GUARDEN-AMB-PR13-1-8-20240417","[1359344, 1359297, 1359298, 1359813]"
"GUARDEN-AMB-PR20-1-1-20240424","[1722441, 1737441, 1722433, 1393522]"
"GUARDEN-AMB-PR20-1-10-20240424","[1359297, 1743245, 1359298, 1359296]"
"GUARDEN-AMB-PR20-1-8-20240424","[1391491, 1359297, 1359344, 1363302]"
"GUARDEN-AMB-SA03-1-1-20240626","[1722441, 1359297, 1722433, 1359344]"
"GUARDEN-AMB-SA03-1-10-20240626","[1361703, 1742852, 1359952, 1356228]"
"GUARDEN-AMB-SA03-1-2-20240626","[1722441, 1359297, 1359344, 1399739]"
"GUARDEN-AMB-SA03-1-3-20240626","[1359344, 1359297, 1358203, 1393268]"
"GUARDEN-AMB-SA03-1-4-20240626","[1359297, 1359344, 1722441, 1359650]"
"GUARDEN-AMB-SA03-1-5-20240626","[1359344, 1360978, 1359424, 1359297]"
"GUARDEN-AMB-SA03-1-9-20240626","[1359297, 1359298, 1361703, 1356228]"
"GUARDEN-AMB-VC03-1-3-20240417","[1359344, 1356905, 1363733, 1359297]"
"GUARDEN-AMB-VC03-1-4-20240417","[1359344, 1356905, 1359297, 1359169]"
"GUARDEN-AMB-VC03-1-5-20240417","[1359297, 1356905, 1393645, 1359298]"
"GUARDEN-AMB-VC03-1-6-20240417","[1359297, 1359344, 1359437, 1359298]"
"GUARDEN-CBNMed-10-1-16-34-20240429","[1358503, 1358509, 1392024, 1358504]"
"GUARDEN-CBNMed-10-10-17-19-20240429","[1358613, 1548459, 1743299, 1360327]"
"GUARDEN-CBNMed-10-5-16-55-20240429","[1356785, 1358503, 1392024, 1358613]"
"GUARDEN-CBNMed-10-6-17-02-20240429","[1356785, 1358613, 1398657, 1356145]"
"GUARDEN-CBNMed-10-7-17-05-20240429","[1358613, 1357111, 1495413, 1356117]"
"GUARDEN-CBNMed-10-8-17-11-20240429","[1358613, 1548459, 1356576, 1743957]"
"GUARDEN-CBNMed-10-9-17-16-20240429","[1358613, 1359029, 1548459, 1358503]"
"GUARDEN-CBNMed-14-3-9-45-20240429","[1356728, 1356729, 1360578, 1646703]"
"GUARDEN-CBNMed-14-4-9-49-20240429","[1359676, 1356728, 1422538, 1362990]"
"GUARDEN-CBNMed-14-9-10-09-20240429","[1743299, 1359677, 1359676, 1360267]"
"GUARDEN-CBNMed-15-10-12-17-20240429","[1363731, 1363489, 1359268, 1393466]"
"GUARDEN-CBNMed-15-5-11-44-20240429","[1363467, 1361190, 1364171, 1363468]"
"GUARDEN-CBNMed-15-7-12-02-20240429","[1361190, 1363468, 1359662, 1361302]"
"GUARDEN-CBNMed-15-9-12-15-20240429","[1393403, 1363526, 1361129, 1361315]"
"GUARDEN-CBNMed-16-1-13-37-20240429","[1722409, 1388990, 1357120, 1744243]"
"GUARDEN-CBNMed-16-10-14-33-20240429","[1744243, 1359548, 1361002, 1722409]"
"GUARDEN-CBNMed-16-2-13-45-20240429","[1359548, 1388990, 1361127, 1363707]"
"GUARDEN-CBNMed-16-3-13-51-20240429","[1359548, 1744243, 1363707, 1722409]"
"GUARDEN-CBNMed-16-4-13-57-20240429","[1359548, 1361002, 1744243, 1722409]"
"GUARDEN-CBNMed-16-6-14-07-20240429","[1359548, 1722409, 1744243, 1361002]"
"GUARDEN-CBNMed-16-7-14-1-20240429","[1744243, 1722409, 1359435, 1399148]"
"GUARDEN-CBNMed-16-8-14-14-20240429","[1360999, 1744243, 1722409, 1357098]"
"GUARDEN-CBNMed-17-3-10-56-20240429","[1361106, 1360407, 1363303, 1419245]"
"GUARDEN-CBNMed-17-5-11-2-20240429","[1722435, 1363292, 1361106, 1391355]"
"GUARDEN-CBNMed-19-1-15-24-20240429","[1396063, 1357743, 1396055, 1361190]"
"GUARDEN-CBNMed-19-10-16-02-20240429","[1396055, 1396063, 1396057, 1361926]"
"GUARDEN-CBNMed-19-2-15-31-20240429","[1363413, 1361315, 1359266, 1361369]"
"GUARDEN-CBNMed-19-3-15-35-20240429","[1393397, 1361190, 1363467, 1361315]"
"GUARDEN-CBNMed-19-4-15-39-20240429","[1396063, 1358477, 1396057, 1359570]"
"GUARDEN-CBNMed-19-5-15-44-20240429","[1396055, 1363413, 1396063, 1391763]"
"GUARDEN-CBNMed-19-6-15-48-20240429","[1396063, 1361389, 1363413, 1363522]"
"GUARDEN-CBNMed-19-7-15-51-20240429","[1396063, 1361315, 1397487, 1363522]"
"GUARDEN-CBNMed-19-8-15-53-20240429","[1364168, 1359506, 1359268, 1357815]"
"GUARDEN-CBNMed-19-9-15-58-20240429","[1396055, 1360345, 1363492, 1396063]"
"GUARDEN-CBNMed-20-1-9-35-20240428","[1360443, 1364040, 1357911, 1743245]"
"GUARDEN-CBNMed-20-10-10-31-20240428","[1357114, 1359216, 1397376, 1357117]"
"GUARDEN-CBNMed-20-8-10-19-20240428","[1360999, 1397376, 1361092, 1363275]"
"GUARDEN-CBNMed-20-9-10-23-20240428","[1357114, 1359216, 1357117, 1397376]"
"GUARDEN-CBNMed-21-10-11-42-20240428","[1388990, 1357277, 1397376, 1360999]"
"GUARDEN-CBNMed-21-2-11-07-20240428","[1357122, 1397376, 1357117, 1361281]"
"GUARDEN-CBNMed-21-3-11-09-20240428","[1357122, 1393365, 1388770, 1388990]"
"GUARDEN-CBNMed-21-6-11-17-20240428","[1706074, 1357122, 1356271, 1356281]"
"GUARDEN-CBNMed-21-8-11-23-20240428","[1357122, 1388990, 1357114, 1388794]"
"GUARDEN-CBNMed-21-9-11-32-20240428","[1388990, 1361127, 1360443, 1361412]"
"GUARDEN-CBNMed-22-1-13-39-20240428","[1722625, 1356228, 1360054, 1722522]"
"GUARDEN-CBNMed-22-10-14-48-20240428","[1426004, 1356086, 1394944, 1449488]"
"GUARDEN-CBNMed-22-2-14-05-20240428","[1722522, 1363200, 1722625, 1722521]"
"GUARDEN-CBNMed-22-5-14-21-20240428","[1722522, 1722521, 1722625, 1363200]"
"GUARDEN-CBNMed-22-6-14-23-20240428","[1722522, 1722521, 1722625, 1363200]"
"GUARDEN-CBNMed-22-7-14-25-20240428","[1722522, 1356086, 1722625, 1722521]"
"GUARDEN-CBNMed-22-9-14-42-20240428","[1426004, 1722625, 1722522, 1356086]"
"GUARDEN-CBNMed-23-1-9-56-20240428","[1360999, 1361092, 1419245, 1363275]"
"GUARDEN-CBNMed-23-10-10-42-20240428","[1357630, 1357911, 1358318, 1360267]"
"GUARDEN-CBNMed-23-3-10-14-20240428","[1357911, 1360637, 1357630, 1358968]"
"GUARDEN-CBNMed-23-4-10-17-20240428","[1356108, 1357911, 1393466, 1360006]"
"GUARDEN-CBNMed-23-5-10-21-20240428","[1360711, 1357769, 1357911, 1737651]"
"GUARDEN-CBNMed-23-6-10-24-20240428","[1393365, 1361092, 1363275, 1397871]"
"GUARDEN-CBNMed-23-7-10-28-20240428","[1360999, 1393365, 1357911, 1357630]"
"GUARDEN-CBNMed-23-8-10-34-20240428","[1396759, 1357911, 1356108, 1357769]"
"GUARDEN-CBNMed-23-9-10-39-20240428","[1356271, 1356108, 1361002, 1394640]"
"GUARDEN-CBNMed-24-10-13-06-20240428","[1388990, 1397376, 1393268, 1392299]"
"GUARDEN-CBNMed-24-2-12-04-20240428","[1362462, 1393299, 1360978, 1360640]"
"GUARDEN-CBNMed-24-3-12-15-20240428","[1357351, 1360437, 1355881, 1390734]"
"GUARDEN-CBNMed-24-5-12-36-20240428","[1426088, 1738641, 1397699, 1741619]"
"GUARDEN-CBNMed-24-6-12-46-20240428","[1364038, 1360715, 1360711, 1360437]"
"GUARDEN-CBNMed-24-7-12-54-20240428","[1360715, 1360437, 1364006, 1426088]"
"GUARDEN-CBNMed-24-8-14-58-20240428","[1360715, 1426088, 1502064, 1722501]"
"GUARDEN-CBNMed-24-9-13-02-20240428","[1722501, 1388990, 1357130, 1360715]"
"GUARDEN-CBNMed-25-1-13-52-20240428","[1394527, 1360739, 1360798, 1358849]"
"GUARDEN-CBNMed-25-10-14-49-20240428","[1357981, 1357743, 1394527, 1357293]"
"GUARDEN-CBNMed-25-2-13-57-20240428","[1388990, 1398644, 1394527, 1363499]"
"GUARDEN-CBNMed-25-3-14-06-20240428","[1394527, 1361127, 1357815, 1393418]"
"GUARDEN-CBNMed-25-4-14-15-20240428","[1425172, 1357743, 1394527, 1388990]"
"GUARDEN-CBNMed-25-7-14-28-20240428","[1357981, 1360578, 1360443, 1722590]"
"GUARDEN-CBNMed-25-8-14-39-20240428","[1357981, 1356069, 1357293, 1357743]"
"GUARDEN-CBNMed-25-9-14-43-20240428","[1357981, 1356069, 1357968, 1742109]"
"GUARDEN-CBNMed-26-10-10-01-20240428","[1359344, 1363506, 1356310, 1363434]"
"GUARDEN-CBNMed-26-6-9-34-20240428","[1738652, 1743249, 1722478, 1361028]"
"GUARDEN-CBNMed-26-8-9-45-20240428","[1359344, 1358164, 1722441, 1743246]"
"GUARDEN-CBNMed-26-9-9-48-20240428","[1359344, 1359297, 1722441, 1359169]"
"GUARDEN-CBNMed-27-1-11-17-20240428","[1360054, 1722522, 1390967, 1389796]"
"GUARDEN-CBNMed-27-10-11-55-20240428","[1722522, 1359029, 1360070, 1722625]"
"GUARDEN-CBNMed-27-2-11-32-20240428","[1360054, 1370637, 1359980, 1357705]"
"GUARDEN-CBNMed-27-3-11-36-20240428","[1722522, 1722625, 1360054, 1363200]"
"GUARDEN-CBNMed-27-4-11-39-20240428","[1722522, 1722625, 1363200, 1722521]"
"GUARDEN-CBNMed-27-5-11-4-20240428","[1722522, 1722625, 1363200, 1722521]"
"GUARDEN-CBNMed-27-6-11-42-20240428","[1722625, 1722522, 1449488, 1363200]"
"GUARDEN-CBNMed-27-7-11-43-20240428","[1722522, 1722625, 1722521, 1363200]"
"GUARDEN-CBNMed-27-8-11-45-20240428","[1722522, 1722625, 1363200, 1393546]"
"GUARDEN-CBNMed-27-9-11-47-20240428","[1360054, 1363191, 1722625, 1391427]"
"GUARDEN-CBNMed-28-1-12-46-20240428","[1722522, 1722625, 1722521, 1363191]"
"GUARDEN-CBNMed-28-10-13-23-20240428","[1357705, 1396764, 1396769, 1418701]"
"GUARDEN-CBNMed-28-2-12-48-20240428","[1722522, 1363200, 1722625, 1360006]"
"GUARDEN-CBNMed-28-3-12-51-20240428","[1722522, 1363200, 1722625, 1363191]"
"GUARDEN-CBNMed-28-4-12-52-20240428","[1360054, 1357705, 1722522, 1722625]"
"GUARDEN-CBNMed-28-5-13-02-20240428","[1360054, 1357705, 1370637, 1425420]"
"GUARDEN-CBNMed-28-6-13-06-20240428","[1722522, 1357705, 1722625, 1722521]"
"GUARDEN-CBNMed-28-7-13-11-20240428","[1357705, 1722522, 1361412, 1363200]"
"GUARDEN-CBNMed-28-8-13-14-20240428","[1357705, 1397505, 1722522, 1360558]"
"GUARDEN-CBNMed-28-9-13-17-20240428","[1722522, 1357705, 1722625, 1361127]"
"GUARDEN-CBNMed-29-6-14-31-20240428","[1359344, 1360719, 1357227, 1722433]"
"GUARDEN-CBNMed-29-7-14-34-20240428","[1360701, 1360719, 1361412, 1361703]"
"GUARDEN-CBNMed-30-1-16-07-20240428","[1393770, 1361959, 1737458, 1357401]"
"GUARDEN-CBNMed-30-10-16-41-20240428","[1357227, 1359344, 1361412, 1359297]"
"GUARDEN-CBNMed-30-2-16-23-20240428","[1359344, 1357227, 1394664, 1357236]"
"GUARDEN-CBNMed-30-4-16-3-20240428","[1357227, 1357236, 1394664, 1357220]"
"GUARDEN-CBNMed-30-6-16-34-20240428","[1394664, 1359344, 1357227, 1357236]"
"GUARDEN-CBNMed-30-7-16-35-20240428","[1357227, 1394664, 1359344, 1359297]"
"GUARDEN-CBNMed-30-8-16-37-20240428","[1357227, 1359344, 1394664, 1357514]"
"GUARDEN-CBNMed-30-9-16-4-20240428","[1359344, 1357227, 1394664, 1396883]"
"GUARDEN-CBNMed-31-1-9-37-20240428","[1359952, 1393770, 1359356, 1363734]"
"GUARDEN-CBNMed-31-10-10-06-20240428","[1738610, 1722444, 1393770, 1422217]"
"GUARDEN-CBNMed-31-2-9-4-20240428","[1355977, 1393770, 1363433, 1363734]"
"GUARDEN-CBNMed-31-3-9-44-20240428","[1393770, 1738610, 1396726, 1359437]"
"GUARDEN-CBNMed-31-4-9-48-20240428","[1396726, 1393770, 1355977, 1357227]"
"GUARDEN-CBNMed-31-5-9-51-20240428","[1393770, 1396726, 1363734, 1359356]"
"GUARDEN-CBNMed-31-6-9-54-20240428","[1738610, 1393770, 1396726, 1364037]"
"GUARDEN-CBNMed-31-7-9-56-20240428","[1722578, 1393770, 1738610, 1399623]"
"GUARDEN-CBNMed-31-8-10-20240428","[1396726, 1738610, 1722578, 1359009]"
"GUARDEN-CBNMed-31-9-10-02-20240428","[1738610, 1393770, 1398319, 1722444]"
"GUARDEN-CBNMed-32-1-11-46-20240428","[1396726, 1399609, 1357630, 1397398]"
"GUARDEN-CBNMed-32-10-13-12-20240428","[1359952, 1393770, 1396726, 1359356]"
"GUARDEN-CBNMed-32-2-11-58-20240428","[1359952, 1396726, 1359009, 1358968]"
"GUARDEN-CBNMed-32-3-12-01-20240428","[1393770, 1396726, 1358968, 1359009]"
"GUARDEN-CBNMed-32-4-12-12-20240428","[1396726, 1359009, 1358968, 1390466]"
"GUARDEN-CBNMed-32-9-13-07-20240428","[1359952, 1393770, 1396063, 1359965]"
"GUARDEN-CBNMed-33-1-14-48-20240428","[1399609, 1397398, 1357630, 1509616]"
"GUARDEN-CBNMed-33-10-15-59-20240428","[1363882, 1357023, 1390761, 1357004]"
"GUARDEN-CBNMed-33-2-15-01-20240428","[1357630, 1363499, 1397398, 1399609]"
"GUARDEN-CBNMed-33-3-15-04-20240428","[1399609, 1357630, 1397398, 1363447]"
"GUARDEN-CBNMed-33-4-15-26-20240428","[1361412, 1742400, 1742109, 1356975]"
"GUARDEN-CBNMed-33-5-15-29-20240428","[1397398, 1358111, 1357630, 1399609]"
"GUARDEN-CBNMed-33-6-15-36-20240428","[1399609, 1357630, 1397398, 1509616]"
"GUARDEN-CBNMed-33-7-15-43-20240428","[1357023, 1422218, 1357004, 1509616]"
"GUARDEN-CBNMed-33-8-15-5-20240428","[1357630, 1399609, 1397398, 1737651]"
"GUARDEN-CBNMed-33-9-15-56-20240428","[1358349, 1422218, 1399609, 1363882]"
"GUARDEN-CBNMed-38-1-12-58-20240428","[1395162, 1395169, 1356654, 1437245]"
"GUARDEN-CBNMed-38-4-14-39-20240428","[1395162, 1437245, 1395169, 1397248]"
"GUARDEN-CBNMed-38-6-15-04-20240428","[1395162, 1437245, 1395169, 1395168]"
"GUARDEN-CBNMed-39-10-12-02-20240531","[1395867, 1414354, 1394627, 1741625]"
"GUARDEN-CBNMed-39-7-11-3-20240531","[1414354, 1394627, 1363056, 1356072]"
"GUARDEN-CBNMed-39-8-11-39-20240531","[1361308, 1361165, 1363056, 1396055]"
"GUARDEN-CBNMed-39-9-11-5-20240531","[1392587, 1363056, 1391412, 1358491]"
"GUARDEN-CBNMed-44-7-12-03-20240629","[1392059, 1737428, 1392066, 1392067]"
"GUARDEN-CBNMed-5-1-12-38-20240430","[1414366, 1414367, 1361316, 1720968]"
"GUARDEN-CBNMed-5-10-13-32-20240430","[1414366, 1361042, 1414367, 1363281]"
"GUARDEN-CBNMed-5-2-12-45-20240430","[1414366, 1414367, 1720971, 1422217]"
"GUARDEN-CBNMed-5-3-12-56-20240430","[1414366, 1720971, 1424916, 1363477]"
"GUARDEN-CBNMed-5-4-13-20240430","[1361316, 1414366, 1361302, 1411890]"
"GUARDEN-CBNMed-5-5-13-04-20240430","[1424916, 1397416, 1361316, 1363492]"
"GUARDEN-CBNMed-5-6-13-07-20240430","[1414366, 1414367, 1422217, 1363472]"
"GUARDEN-CBNMed-5-7-13-17-20240430","[1414366, 1361316, 1361153, 1414356]"
"GUARDEN-CBNMed-5-8-13-22-20240430","[1361316, 1414367, 1414366, 1397331]"
"GUARDEN-CBNMed-5-9-13-27-20240430","[1361316, 1363489, 1361225, 1363477]"
"GUARDEN-CBNMed-6-9-15-28-20240430","[1360399, 1392438, 1390269, 1673274]"
"GUARDEN-CBNMed-8-10-12-59-20240429","[1358613, 1548459, 1360260, 1356576]"
"GUARDEN-CBNMed-8-4-12-33-20240429","[1744243, 1361002, 1722409, 1362498]"
"GUARDEN-CBNMed-8-8-12-51-20240429","[1361002, 1359548, 1361000, 1363707]"
"GUARDEN-CBNMed-8-9-12-56-20240429","[1361000, 1358613, 1548459, 1361002]"
"GUARDEN-CBNMed-9-10-16-16-20240429","[1361002, 1363707, 1359548, 1361005]"
"GUARDEN-CBNMed-9-2-15-46-20240429","[1358511, 1358509, 1418701, 1357098]"
"GUARDEN-CBNMed-9-6-16-04-20240429","[1358613, 1548459, 1356576, 1400037]"
"GUARDEN-CBNMed-9-7-16-06-20240429","[1358613, 1548459, 1743299, 1356145]"
"GUARDEN-CBNMed-9-8-16-08-20240429","[1358613, 1422538, 1548459, 1743299]"
"GUARDEN-CBNMed-9-9-16-14-20240429","[1361002, 1359548, 1361005, 1548459]"
"LISAH-BOU-0-10-20230523","[1363835, 1361333, 1363832, 1356611]"
"LISAH-BOU-0-101-20240425","[1425238, 1363737, 1363730, 1359526]"
"LISAH-BOU-0-104-20240502","[1356276, 1397608, 1391724, 1394246]"
"LISAH-BOU-0-105-20240502","[1356276, 1388806, 1706074, 1394580]"
"LISAH-BOU-0-108-20240502","[1359772, 1397301, 1356276, 1359767]"
"LISAH-BOU-0-109-20240502","[1360417, 1355990, 1364169, 1388806]"
"LISAH-BOU-0-110-20240502","[1360416, 1360417, 1356276, 1360385]"
"LISAH-BOU-0-111-20240502","[1360417, 1355908, 1388806, 1360416]"
"LISAH-BOU-0-113-20240502","[1356276, 1363180, 1388806, 1399572]"
"LISAH-BOU-0-114-20240502","[1360416, 1360417, 1360385, 1355908]"
"LISAH-BOU-0-117-20240502","[1360417, 1360385, 1360416, 1357875]"
"LISAH-BOU-0-118-20240502","[1356276, 1356013, 1396319, 1394580]"
"LISAH-BOU-0-14-20230511","[1361190, 1361207, 1392819, 1414367]"
"LISAH-BOU-0-15-20230511","[1426088, 1363441, 1363467, 1361587]"
"LISAH-BOU-0-153-20240502","[1357351, 1364006, 1390949, 1357951]"
"LISAH-BOU-0-154-20240502","[1357351, 1356013, 1364162, 1390637]"
"LISAH-BOU-0-157-20240502","[1358643, 1356013, 1357351, 1364006]"
"LISAH-BOU-0-16-20230511","[1363835, 1400186, 1363832, 1356619]"
"LISAH-BOU-0-160-20240502","[1357351, 1363835, 1356008, 1358643]"
"LISAH-BOU-0-163-20240502","[1363944, 1361306, 1358643, 1358257]"
"LISAH-BOU-0-164-20240502","[1363992, 1363835, 1358643, 1364162]"
"LISAH-BOU-0-165-20240502","[1363835, 1397476, 1356008, 1356066]"
"LISAH-BOU-0-167-20240502","[1363731, 1359639, 1359347, 1363945]"
"LISAH-BOU-0-168-20240502","[1363731, 1361308, 1359639, 1359347]"
"LISAH-BOU-0-170-20240502","[1356066, 1363731, 1394638, 1356072]"
"LISAH-BOU-0-171-20240502","[1357351, 1363731, 1737633, 1355881]"
"LISAH-BOU-0-172-20240502","[1357351, 1363731, 1355881, 1363945]"
"LISAH-BOU-0-173-20240502","[1357351, 1355993, 1363731, 1363945]"
"LISAH-BOU-0-174-20240502","[1359506, 1363731, 1361157, 1361225]"
"LISAH-BOU-0-175-20240502","[1363731, 1363945, 1362102, 1359347]"
"LISAH-BOU-0-183-20240502","[1363731, 1356066, 1363945, 1362102]"
"LISAH-BOU-0-187-20240502","[1356066, 1361308, 1363945, 1361307]"
"LISAH-BOU-0-191-20240502","[1414353, 1359268, 1359570, 1363475]"
"LISAH-BOU-0-2-20240425","[1356276, 1394580, 1388794, 1360935]"
"LISAH-BOU-0-24-20230512","[1361000, 1360416, 1360417, 1389311]"
"LISAH-BOU-0-24-20240425","[1389311, 1356013, 1738870, 1360161]"
"LISAH-BOU-0-25-20230512","[1360385, 1389311, 1360354, 1360416]"
"LISAH-BOU-0-25-20230711","[1363993, 1357635, 1364160, 1395477]"
"LISAH-BOU-0-28-20240425","[1361000, 1360417, 1389311, 1360385]"
"LISAH-BOU-0-29-20230523","[1397356, 1422217, 1363534, 1363468]"
"LISAH-BOU-0-29-20230621","[1363212, 1706074, 1360816, 1363255]"
"LISAH-BOU-0-29-20240425","[1361000, 1389311, 1397356, 1360385]"
"LISAH-BOU-0-3-20230721","[1360378, 1363212, 1361127, 1364157]"
"LISAH-BOU-0-30-20230512","[1356012, 1356017, 1397356, 1389311]"
"LISAH-BOU-0-30-20240425","[1389311, 1356013, 1360417, 1668953]"
"LISAH-BOU-0-31-20230919","[1363434, 1360814, 1392805, 1396812]"
"LISAH-BOU-0-31-20240425","[1389311, 1356013, 1360816, 1360385]"
"LISAH-BOU-0-32-20230516","[1390934, 1390933, 1361068, 1390879]"
"LISAH-BOU-0-32-20240425","[1356012, 1360614, 1389311, 1356017]"
"LISAH-BOU-0-34-20230516","[1391190, 1650353, 1356297, 1390933]"
"LISAH-BOU-0-35-20240425","[1389311, 1356012, 1397356, 1356017]"
"LISAH-BOU-0-36-20240425","[1356017, 1356012, 1360613, 1361889]"
"LISAH-BOU-0-37-20230512","[1397356, 1361000, 1737565, 1398097]"
"LISAH-BOU-0-37-20240425","[1356012, 1361000, 1389311, 1397356]"
"LISAH-BOU-0-38-20230516","[1357542, 1356013, 1363835, 1650353]"
"LISAH-BOU-0-39-20230512","[1397356, 1398197, 1391354, 1393519]"
"LISAH-BOU-0-4-20230511","[1414353, 1363467, 1422218, 1414366]"
"LISAH-BOU-0-4-20230711","[1356803, 1397322, 1388941, 1364006]"
"LISAH-BOU-0-4-20240425","[1356013, 1358672, 1356397, 1356008]"
"LISAH-BOU-0-40-20230512","[1361000, 1397356, 1361889, 1360614]"
"LISAH-BOU-0-40-20240425","[1397356, 1389311, 1360816, 1394037]"
"LISAH-BOU-0-41-20230512","[1397356, 1363212, 1414353, 1398197]"
"LISAH-BOU-0-42-20230511","[1356012, 1358671, 1360417, 1509735]"
"LISAH-BOU-0-43-20230512","[1363835, 1397356, 1400186, 1394037]"
"LISAH-BOU-0-44-20240425","[1363945, 1362102, 1359639, 1355993]"
"LISAH-BOU-0-5-20230512","[1356276, 1356318, 1394580, 1364007]"
"LISAH-BOU-0-5-20230711","[1356803, 1388941, 1398097, 1364160]"
"LISAH-BOU-0-50-20230512","[1361306, 1356066, 1422217, 1422218]"
"LISAH-BOU-0-52-20230512","[1355993, 1363945, 1363944, 1361306]"
"LISAH-BOU-0-54-20230512","[1361306, 1364171, 1363504, 1356286]"
"LISAH-BOU-0-55-20230512","[1363945, 1359639, 1362102, 1355993]"
"LISAH-BOU-0-56-20230512","[1363945, 1359639, 1361306, 1363944]"
"LISAH-BOU-0-58-20230512","[1361306, 1356066, 1393770, 1392594]"
"LISAH-BOU-0-6-20240425","[1356276, 1396319, 1650353, 1650228]"
"LISAH-BOU-0-63-20230512","[1358257, 1392155, 1364162, 1393770]"
"LISAH-BOU-0-65-20230512","[1361306, 1363945, 1361307, 1359639]"
"LISAH-BOU-0-75-20230516","[1363468, 1363467, 1722435, 1360407]"
"LISAH-BOU-0-79-20230512","[1359488, 1425238, 1357142, 1359502]"
"LISAH-BOU-0-8-20240425","[1393522, 1360935, 1411890, 1357351]"
"LISAH-BOU-0-84-20230512","[1425238, 1360753, 1359502, 1361361]"
"LISAH-BOU-0-9-20240425","[1393522, 1356396, 1722441, 1650228]"
"LISAH-BOU-0-98-20240425","[1425238, 1363730, 1359320, 1363731]"
"LISAH-BVD-0-100-20230510","[1356066, 1394638, 1356286, 1744194]"
"LISAH-BVD-0-101-20230510","[1356066, 1361369, 1394627, 1728709]"
"LISAH-BVD-0-152-20230511","[1356066, 1394360, 1394627, 1363740]"
"LISAH-BVD-0-155-20230511","[1356066, 1356072, 1394627, 1394638]"
"LISAH-BVD-0-158-20230511","[1356066, 1356072, 1646528, 1394638]"
"LISAH-BVD-0-191-20230511","[1363498, 1359497, 1359511, 1424916]"
"LISAH-BVD-0-192-20230511","[1363522, 1397048, 1363933, 1363593]"
"LISAH-BVD-0-195-20230511","[1394395, 1718548, 1363508, 1363498]"
"LISAH-BVD-0-196-20230511","[1363555, 1361316, 1359511, 1397763]"
"LISAH-BVD-0-197-20230511","[1356066, 1646528, 1394636, 1424916]"
"LISAH-BVD-0-200-20230511","[1356066, 1363740, 1363739, 1646528]"
"LISAH-BVD-0-203-20230511","[1363740, 1396857, 1363739, 1363472]"
"LISAH-BVD-0-205-20230511","[1363740, 1363555, 1363522, 1359528]"
"LISAH-BVD-0-206-20230511","[1359497, 1363740, 1363739, 1359528]"
"LISAH-BVD-0-208-20230511","[1359528, 1363740, 1363555, 1394677]"
"LISAH-BVD-0-209-20230511","[1356066, 1363739, 1363740, 1359528]"
"LISAH-BVD-0-25-20230510","[1359497, 1363740, 1359322, 1363421]"
"LISAH-BVD-0-275-20230516","[1363469, 1356321, 1363468, 1363459]"
"LISAH-BVD-0-277-20230516","[1363993, 1356321, 1360304, 1361133]"
"LISAH-BVD-0-278-20230516","[1363993, 1360304, 1361307, 1360307]"
"LISAH-BVD-0-281-20230516","[1363993, 1360304, 1395667, 1356321]"
"LISAH-BVD-0-282-20230516","[1356321, 1363458, 1363468, 1363467]"
"LISAH-BVD-0-283-20230516","[1356321, 1360304, 1363993, 1361133]"
"LISAH-BVD-0-285-20230516","[1361129, 1356321, 1361306, 1361307]"
"LISAH-BVD-0-287-20230516","[1356321, 1361133, 1361306, 1361307]"
"LISAH-BVD-0-288-20230516","[1363468, 1363467, 1363458, 1361133]"
"LISAH-BVD-0-292-20230516","[1356321, 1360307, 1360304, 1363993]"
"LISAH-BVD-0-293-20230516","[1356321, 1360304, 1361133, 1363455]"
"LISAH-BVD-0-294-20230516","[1363526, 1361302, 1356321, 1360304]"
"LISAH-BVD-0-295-20230516","[1363452, 1356321, 1361133, 1363739]"
"LISAH-BVD-0-296-20230516","[1363993, 1391330, 1361133, 1394884]"
"LISAH-BVD-0-297-20230516","[1363740, 1359497, 1396871, 1363458]"
"LISAH-BVD-0-298-20230516","[1363993, 1394884, 1363739, 1420364]"
"LISAH-BVD-0-299-20230516","[1359497, 1363993, 1394677, 1361316]"
"LISAH-BVD-0-300-20230516","[1394884, 1363993, 1422217, 1722436]"
"LISAH-BVD-0-301-20230516","[1363993, 1363459, 1360304, 1394884]"
"LISAH-BVD-0-302-20230516","[1363993, 1394884, 1420364, 1360304]"
"LISAH-BVD-0-309-20230516","[1363993, 1394884, 1360304, 1363459]"
"LISAH-BVD-0-310-20230516","[1363993, 1394884, 1360304, 1358003]"
"LISAH-BVD-0-337-20230516","[1356286, 1364037, 1364006, 1361308]"
"LISAH-BVD-0-338-20230516","[1356286, 1364006, 1361302, 1363474]"
"LISAH-BVD-0-339-20230516","[1364006, 1397514, 1414367, 1414353]"
"LISAH-BVD-0-341-20230516","[1364006, 1426068, 1363740, 1722501]"
"LISAH-BVD-0-342-20230516","[1364006, 1356286, 1721018, 1426068]"
"LISAH-BVD-0-343-20230516","[1356286, 1363740, 1363522, 1396871]"
"LISAH-BVD-0-344-20230516","[1397514, 1356286, 1359517, 1361302]"
"LISAH-BVD-0-345-20230516","[1364006, 1356286, 1646528, 1356066]"
"LISAH-BVD-0-346-20230516","[1356286, 1364037, 1364006, 1363803]"
"LISAH-BVD-0-347-20230516","[1356286, 1364006, 1741625, 1397524]"
"LISAH-BVD-0-348-20230516","[1356286, 1364006, 1357875, 1362380]"
"LISAH-BVD-0-349-20230516","[1356286, 1364006, 1361207, 1407739]"
"LISAH-BVD-0-35-20230510","[1363555, 1363526, 1361316, 1363458]"
"LISAH-BVD-0-350-20230516","[1356286, 1363478, 1363476, 1357635]"
"LISAH-BVD-0-351-20230516","[1356066, 1364006, 1356072, 1394638]"
"LISAH-BVD-0-352-20230516","[1356286, 1646528, 1356066, 1363501]"
"LISAH-BVD-0-353-20230516","[1356066, 1356286, 1394638, 1646528]"
"LISAH-BVD-0-354-20230516","[1356066, 1646528, 1394638, 1424916]"
"LISAH-BVD-0-364-20230516","[1363945, 1359639, 1363944, 1357875]"
"LISAH-BVD-0-372-20230516","[1361306, 1361307, 1422217, 1359525]"
"LISAH-BVD-0-379-20230516","[1361307, 1361306, 1361308, 1359284]"
"LISAH-BVD-0-380-20230516","[1361306, 1361302, 1392805, 1361307]"
"LISAH-BVD-0-383-20230516","[1356314, 1363526, 1356278, 1394477]"
"LISAH-BVD-0-392-20230516","[1355936, 1359497, 1364006, 1363740]"
"LISAH-BVD-0-397-20230517","[1414353, 1363526, 1356321, 1363551]"
"LISAH-BVD-0-398-20230517","[1414353, 1356066, 1363740, 1389018]"
"LISAH-BVD-0-412-20230517","[1363526, 1363993, 1355869, 1355872]"
"LISAH-BVD-0-417-20230517","[1361307, 1363740, 1390356, 1356066]"
"LISAH-BVD-0-428-20230517","[1363403, 1356286, 1356066, 1720971]"
"LISAH-BVD-0-430-20230517","[1356286, 1356321, 1364006, 1363551]"
"LISAH-BVD-0-431-20230517","[1364006, 1356321, 1359284, 1363475]"
"LISAH-BVD-0-432-20230517","[1356286, 1364006, 1362289, 1363551]"
"LISAH-BVD-0-463-20230517","[1363496, 1394638, 1356066, 1393975]"
"LISAH-BVD-0-465-20230517","[1356066, 1363496, 1363421, 1394638]"
"LISAH-BVD-0-471-20230517","[1356066, 1356286, 1356072, 1363424]"
"LISAH-BVD-0-54-20230510","[1356314, 1359639, 1363946, 1356078]"
"LISAH-BVD-0-99-20230510","[1356066, 1356286, 1394627, 1394759]"
"LISAH-JAS-0-1-20220505","[1356331, 1359981, 1357538, 1364065]"
"LISAH-JAS-0-11-20220505","[1357875, 1355881, 1359497, 1357303]"
"LISAH-JAS-0-12-20220505","[1359519, 1363739, 1359528, 1361157]"
"LISAH-JAS-0-13-20220505","[1359519, 1363739, 1359342, 1359497]"
"LISAH-JAS-0-15-20220505","[1422217, 1359802, 1359519, 1360116]"
"LISAH-JAS-0-16-20220505","[1359519, 1391360, 1391763, 1359530]"
"LISAH-JAS-0-17-20220505","[1359802, 1359497, 1363739, 1359528]"
"LISAH-JAS-0-2-20220505","[1359981, 1356111, 1364065, 1364061]"
"LISAH-JAS-0-6-20220505","[1364138, 1356084, 1357862, 1360116]"
"LISAH-JAS-0-7-20220505","[1364138, 1357862, 1356084, 1357868]"
"LISAH-JAS-0-9-20220505","[1359519, 1357538, 1359981, 1364061]"
"LISAH-JAS-1-25-20220505","[1361157, 1361302, 1363421, 1363467]"
"LISAH-JAS-1-27-20220505","[1361306, 1359322, 1412585, 1359296]"
"LISAH-JAS-1-28-20220505","[1363740, 1363945, 1363944, 1359988]"
"LISAH-JAS-1-5-20220505","[1364063, 1359981, 1360400, 1364169]"
"LISAH-PEC-0-0-20220608","[1396055, 1396063, 1358478, 1743313]"
"LISAH-PEC-0-1-20230411","[1422217, 1355993, 1356013, 1356919]"
"LISAH-PEC-0-10-20230405","[1357635, 1391455, 1741599, 1357654]"
"LISAH-PEC-0-11-20230405","[1363791, 1424916, 1426088, 1722501]"
"LISAH-PEC-0-11-20230411","[1363915, 1741690, 1363899, 1359636]"
"LISAH-PEC-0-12-20230411","[1392699, 1355993, 1358654, 1426085]"
"LISAH-PEC-0-13-20230411","[1364006, 1363915, 1355993, 1363899]"
"LISAH-PEC-0-13-20230413","[1358003, 1364151, 1363676, 1398319]"
"LISAH-PEC-0-14-20230407","[1737565, 1360290, 1397114, 1393702]"
"LISAH-PEC-0-15-20230407","[1358561, 1392491, 1395477, 1361000]"
"LISAH-PEC-0-17-20230413","[1396879, 1363676, 1363674, 1363680]"
"LISAH-PEC-0-18-20230411","[1363899, 1363915, 1741690, 1426088]"
"LISAH-PEC-0-19-20230413","[1363676, 1356013, 1391823, 1392805]"
"LISAH-PEC-0-20-20230411","[1363899, 1363522, 1358552, 1392699]"
"LISAH-PEC-0-4-20230407","[1395477, 1362985, 1395507, 1389311]"
"LISAH-PEC-0-4-20230411","[1355993, 1741690, 1391887, 1356013]"
"LISAH-PEC-0-6-20220608","[1363402, 1357401, 1361394, 1362429]"
"LISAH-PEC-0-6-20230411","[1355993, 1358654, 1360127, 1738180]"
"LISAH-PEC-0-8-20230405","[1363791, 1363899, 1358264, 1741690]"
"LISAH-PEC-0-9-20230411","[1355993, 1364016, 1356013, 1394360]"
"LISAH-PEC-0-9-20230413","[1357598, 1392096, 1363896, 1363899]"
"LISAH-PEC-1-13-20230405","[1391455, 1357635, 1363915, 1363878]"
"LISAH-PEC-1-18-20230407","[1363878, 1360035, 1363915, 1363875]"
"LISAH-PEC-2-0-20220609","[1422217, 1361306, 1361437, 1364151]"
"LISAH-PEC-2-11-20220609","[1357351, 1355881, 1422217, 1422218]"
"LISAH-PEC-2-17-20230407","[1360407, 1364162, 1390637, 1360400]"
"LISAH-PEC-2-2-20220609","[1361306, 1361307, 1356013, 1356307]"
"LISAH-PEC-2-20-20230407","[1356013, 1360400, 1360407, 1363878]"
"LISAH-PEC-2-4-20220609","[1422217, 1414366, 1361306, 1355881]"
"LISAH-PEC-2-5-20220609","[1355881, 1364151, 1398319, 1502064]"
"LISAH-PEC-2-5-20230407","[1363878, 1360400, 1358321, 1362019]"
"LISAH-PEC-2-6-20220609","[1422217, 1422218, 1361306, 1414367]"
"LISAH-PEC-3-10-20230407","[1363676, 1363889, 1737463, 1393458]"
"LISAH-PEC-3-16-20230407","[1363734, 1363676, 1359268, 1359266]"
"LISAH-PEC-3-20-20230407","[1363676, 1363674, 1396879, 1397095]"
"OPTMix-0108-P1-312-20231006","[1356404, 1722693, 1356433, 1391810]"
"OPTMix-0108-P1-422-20231006","[1394759, 1361055, 1389018, 1388809]"
"OPTMix-0108-P1-427-20231006","[1356404, 1419076, 1361516, 1357413]"
"OPTMix-0108-P1-533-20231006","[1362951, 1357413, 1419076, 1363501]"
"OPTMix-0108-P1-95-20231006","[1361055, 1361376, 1363501, 1361932]"
"OPTMix-012-P1-143-20231201","[1419076, 1392309, 1548458, 1390756]"
"OPTMix-012-P1-208-20231201","[1419076, 1359973, 1396168, 1392309]"
"OPTMix-012-P2-192-20231201","[1419076, 1737422, 1548458, 1397383]"
"OPTMix-012-P2-207-20231201","[1419076, 1394616, 1394613, 1548458]"
"OPTMix-012-P2-240-20231201","[1392309, 1359973, 1419076, 1548458]"
"OPTMix-012-P3-190-20231201","[1359973, 1392309, 1361914, 1419076]"
"OPTMix-012-P3-218-20231201","[1419076, 1548458, 1392309, 1363332]"
"OPTMix-012-P3-220-20231201","[1392309, 1400084, 1390756, 1548458]"
"OPTMix-0178-P1-1060-20231006","[1396752, 1722340, 1722693, 1356404]"
"OPTMix-0178-P1-1061-20231006","[1390038, 1419076, 1357413, 1394616]"
"OPTMix-0178-P1-552-20231006","[1356404, 1356369, 1391810, 1391805]"
"OPTMix-0178-P1-661-20231006","[1356404, 1391810, 1722340, 1391805]"
"OPTMix-0178-P1-663-20231006","[1419076, 1356404, 1356433, 1391975]"
"OPTMix-0178-P1-669-20231006","[1390756, 1392309, 1419076, 1394616]"
"OPTMix-0200-11006-20231009","[1396752, 1395035, 1419076, 1395020]"
"OPTMix-0200-P2-53-20231009","[1358507, 1361002, 1361800, 1361000]"
"OPTMix-0200-P2-54-20231009","[1360257, 1361316, 1731657, 1400132]"
"OPTMix-0200-P2-68-20231009","[1358501, 1358511, 1358503, 1357277]"
"OPTMix-0200-P3-108-20231009","[1363413, 1396752, 1394503, 1356404]"
"OPTMix-0200-P3-127-20231009","[1396752, 1363544, 1396416, 1722340]"
"OPTMix-0200-P3-139-20231009","[1394617, 1361050, 1388809, 1363508]"
"OPTMix-0214-P1-207-20231010","[1392309, 1357413, 1395026, 1548458]"
"OPTMix-0214-P1-208-20231010","[1390756, 1392309, 1398644, 1419076]"
"OPTMix-0214-P1-235-20231010","[1419076, 1391480, 1397383, 1357413]"
"OPTMix-0214-P2-22-20231010","[1358501, 1358511, 1361800, 1358514]"
"OPTMix-0214-P2-64-20231010","[1358501, 1394617, 1361800, 1358503]"
"OPTMix-0214-P2-84-20231010","[1419076, 1396169, 1357413, 1358616]"
"OPTMix-0214-P3-186-20231010","[1390756, 1392309, 1392704, 1361376]"
"OPTMix-0214-P3-196-20231010","[1392309, 1419076, 1357413, 1548458]"
"OPTMix-0214-P3-278-20231010","[1391680, 1392774, 1361050, 1389833]"
"OPTMix-0216-P4-208-20231009","[1358501, 1356364, 1394503, 1360931]"
"OPTMix-0255-11233-20231009","[1361376, 1393397, 1400084, 1654010]"
"OPTMix-0255-11372-20231009","[1389603, 1389018, 1361315, 1363501]"
"OPTMix-0255-11382-20231009","[1361055, 1654153, 1363593, 1393397]"
"OPTMix-033-P3-107-20231201","[1356404, 1356375, 1396752, 1650353]"
"OPTMix-0333-P1-107-20231212","[1356404, 1396752, 1356375, 1722693]"
"OPTMix-0333-P1-112-20231212","[1396752, 1356404, 1356428, 1722693]"
"OPTMix-0333-P2-108-20231212","[1356373, 1356432, 1356404, 1361704]"
"OPTMix-0333-P2-112-20231212","[1392769, 1361914, 1741589, 1363409]"
"OPTMix-0333-P2-115-20231212","[1392769, 1396752, 1356404, 1722340]"
"OPTMix-0333-P3-100-20231201","[1356404, 1396752, 1356375, 1722693]"
"OPTMix-0333-P3-76-20231201","[1356404, 1396752, 1358501, 1722340]"
"OPTMix-057-P1-1699-20231010","[1356404, 1722693, 1356364, 1356373]"
"OPTMix-057-P1-1901-20231010","[1356404, 1396752, 1360257, 1358515]"
"OPTMix-057-P1-1902-20231010","[1356382, 1722693, 1396752, 1391810]"
"OPTMix-057-P1-1913-20231010","[1356404, 1396752, 1722340, 1391810]"
"OPTMix-057-P1-1917-20231010","[1356404, 1356369, 1722340, 1391810]"
"OPTMix-0593-P1-129-20231205","[1419076, 1397383, 1548458, 1358612]"
"OPTMix-0593-P1-134-20231205","[1359973, 1419076, 1397383, 1356402]"
"OPTMix-0593-P1-86-20231205","[1392309, 1397383, 1548458, 1361914]"
"OPTMix-0593-P2-180-20231205","[1419076, 1396167, 1396169, 1395035]"
"OPTMix-0593-P2-84-20231205","[1548458, 1419076, 1744168, 1393241]"
"OPTMix-0593-P2-92-20231205","[1393473, 1392309, 1400084, 1419076]"
"OPTMix-0593-P3-130-20231205","[1419076, 1391144, 1397383, 1361092]"
"OPTMix-0593-P3-146-20231205","[1396167, 1419076, 1390756, 1361077]"
"OPTMix-0593-P3-87-20231205","[1359973, 1390756, 1419076, 1390870]"
"OPTMix-0598-P1-118-20231205","[1390870, 1390208, 1389018, 1363593]"
"OPTMix-0598-P1-132-20231205","[1359973, 1419076, 1397383, 1358612]"
"OPTMix-0598-P1-133-20231205","[1356307, 1419076, 1548458, 1357413]"
"OPTMix-0598-P1-149-20231205","[1358501, 1419076, 1548458, 1356404]"
"OPTMix-0598-P1-197-20231205","[1358501, 1358511, 1358507, 1358503]"
"OPTMix-0598-P1-198-20231205","[1389603, 1397331, 1390208, 1720968]"
"OPTMix-0598-P2-102-20231205","[1356404, 1396752, 1398640, 1722693]"
"OPTMix-0598-P2-139-20231207","[1356404, 1419076, 1737672, 1396752]"
"OPTMix-0598-P2-86-20231207","[1356790, 1356404, 1396752, 1722340]"
"OPTMix-0598-P2-99-20231205","[1419076, 1548458, 1396752, 1548289]"
"OPTMix-0598-P4-104-20231207","[1358501, 1390870, 1419076, 1389018]"
"OPTMix-0598-P4-108-20231207","[1669279, 1397383, 1737672, 1395495]"
"OPTMix-0598-P4-128-20231207","[1397383, 1359973, 1419076, 1548458]"
"OPTMix-083-P3-139-20231110","[1722693, 1356432, 1396752, 1361143]"
"OPTMix-083-P3-186-20231110","[1356404, 1396752, 1722340, 1722693]"
"OPTMix-083-P3-96-20231110","[1358501, 1358507, 1389603, 1358514]"
"OPTMix-108-P1-000-20231006","[1737422, 1419076, 1356404, 1389018]"
"RNNB-1-1-20230512","[1722522, 1722625, 1722521, 1363200]"
"RNNB-1-1-20240117","[1737441, 1722441, 1722433, 1720968]"
"RNNB-1-10-20230512","[1722625, 1722522, 1397505, 1486726]"
"RNNB-1-10-20240117","[1722441, 1361581, 1722433, 1737441]"
"RNNB-1-2-20230512","[1722522, 1722521, 1722625, 1363191]"
"RNNB-1-2-20240117","[1363477, 1361703, 1390680, 1722441]"
"RNNB-1-3-20230512","[1722522, 1722521, 1722625, 1363191]"
"RNNB-1-3-20240117","[1363477, 1610809, 1481527, 1722704]"
"RNNB-1-4-20230512","[1722522, 1722625, 1722521, 1363191]"
"RNNB-1-4-20240117","[1722441, 1722433, 1363302, 1737441]"
"RNNB-1-5-20230512","[1722522, 1363165, 1722625, 1363191]"
"RNNB-1-5-20240117","[1722441, 1737441, 1390761, 1722433]"
"RNNB-1-6-20230512","[1722522, 1397505, 1722625, 1452062]"
"RNNB-1-6-20240117","[1722441, 1722433, 1390761, 1737441]"
"RNNB-1-7-20230512","[1722522, 1722625, 1363191, 1722521]"
"RNNB-1-7-20240117","[1722433, 1722441, 1737441, 1393790]"
"RNNB-1-8-20230512","[1722625, 1722522, 1722521, 1451777]"
"RNNB-1-8-20240117","[1722441, 1722433, 1390761, 1391491]"
"RNNB-1-9-20230512","[1722522, 1722625, 1722521, 1363191]"
"RNNB-1-9-20240117","[1722441, 1722433, 1396464, 1737441]"
"RNNB-2-1-20230512","[1722522, 1426004, 1722521, 1722625]"
"RNNB-2-1-20240117","[1357227, 1390761, 1722433, 1722441]"
"RNNB-2-10-20230512","[1426004, 1356086, 1360116, 1363165]"
"RNNB-2-10-20240117","[1356083, 1357227, 1364037, 1359665]"
"RNNB-2-2-20230512","[1426004, 1722522, 1722625, 1722521]"
"RNNB-2-2-20240117","[1357227, 1363477, 1720968, 1363434]"
"RNNB-2-3-20230512","[1426004, 1426005, 1356086, 1360578]"
"RNNB-2-3-20240117","[1357227, 1364037, 1396330, 1363892]"
"RNNB-2-4-20230512","[1426004, 1356086, 1360006, 1360116]"
"RNNB-2-4-20240117","[1357227, 1722433, 1722441, 1363302]"
"RNNB-2-5-20230512","[1426004, 1356086, 1360116, 1360006]"
"RNNB-2-5-20240117","[1357227, 1359344, 1364037, 1359297]"
"RNNB-2-6-20230512","[1426004, 1356086, 1360116, 1360006]"
"RNNB-2-6-20240117","[1357227, 1359344, 1363302, 1722671]"
"RNNB-2-7-20230512","[1426004, 1426005, 1356086, 1359873]"
"RNNB-2-7-20240117","[1357227, 1722441, 1722433, 1737441]"
"RNNB-2-8-20230512","[1426004, 1426005, 1356086, 1360116]"
"RNNB-2-8-20240117","[1360701, 1359297, 1360381, 1357023]"
"RNNB-2-9-20230512","[1426004, 1361753, 1426005, 1356086]"
"RNNB-2-9-20240117","[1357227, 1356083, 1722433, 1392805]"
"RNNB-3-1-20230512","[1741625, 1363447, 1426005, 1363526]"
"RNNB-3-1-20240117","[1359344, 1722433, 1359297, 1722619]"
"RNNB-3-10-20230512","[1650228, 1393522, 1356297, 1722433]"
"RNNB-3-10-20240117","[1722433, 1364037, 1721018, 1722441]"
"RNNB-3-11-20230512","[1722441, 1743938, 1650228, 1737441]"
"RNNB-3-12-20230512","[1722433, 1722441, 1743938, 1737441]"
"RNNB-3-2-20230512","[1426088, 1426004, 1356284, 1426005]"
"RNNB-3-2-20240117","[1722441, 1359344, 1722433, 1363302]"
"RNNB-3-3-20240117","[1359344, 1722441, 1388990, 1722433]"
"RNNB-3-4-20230512","[1360925, 1360971, 1360938, 1361418]"
"RNNB-3-4-20240117","[1722619, 1359344, 1359297, 1390761]"
"RNNB-3-5-20230512","[1722433, 1722441, 1650228, 1360926]"
"RNNB-3-5-20240117","[1356083, 1361703, 1722619, 1722441]"
"RNNB-3-6-20230512","[1722433, 1360926, 1361969, 1650228]"
"RNNB-3-6-20240117","[1355977, 1361703, 1356083, 1360130]"
"RNNB-3-7-20230512","[1722433, 1722441, 1356297, 1743938]"
"RNNB-3-7-20240117","[1355977, 1361703, 1359344, 1359297]"
"RNNB-3-8-20230512","[1393522, 1650228, 1722441, 1650353]"
"RNNB-3-8-20240117","[1361703, 1363477, 1356083, 1722441]"
"RNNB-3-9-20230512","[1393522, 1722441, 1393790, 1737441]"
"RNNB-3-9-20240117","[1363302, 1360701, 1356083, 1364037]"
"RNNB-4-1-20240117","[1361703, 1357769, 1356228, 1357911]"
"RNNB-4-1-20240118","[1361412, 1388990, 1363006, 1363045]"
"RNNB-4-10-20240117","[1722441, 1364037, 1360978, 1722433]"
"RNNB-4-10-20240118","[1518245, 1357004, 1357630, 1397398]"
"RNNB-4-2-20240117","[1361703, 1722619, 1356228, 1359297]"
"RNNB-4-2-20240118","[1361953, 1396272, 1394019, 1388990]"
"RNNB-4-3-20240117","[1722441, 1361703, 1363302, 1737441]"
"RNNB-4-3-20240118","[1396272, 1357004, 1361412, 1363526]"
"RNNB-4-4-20240117","[1361703, 1722441, 1364037, 1356228]"
"RNNB-4-4-20240118","[1361412, 1357325, 1357630, 1397398]"
"RNNB-4-5-20240117","[1361703, 1722441, 1722433, 1363302]"
"RNNB-4-5-20240118","[1396769, 1357630, 1357004, 1396764]"
"RNNB-4-6-20240117","[1359344, 1363302, 1722433, 1359297]"
"RNNB-4-6-20240118","[1358766, 1396769, 1359009, 1357630]"
"RNNB-4-7-20240117","[1361703, 1722441, 1737441, 1390761]"
"RNNB-4-7-20240118","[1357705, 1357630, 1392725, 1361703]"
"RNNB-4-8-20240117","[1361703, 1355950, 1722441, 1359344]"
"RNNB-4-8-20240118","[1357630, 1399609, 1393466, 1392725]"
"RNNB-4-9-20240117","[1357848, 1722441, 1359344, 1722433]"
"RNNB-4-9-20240118","[1357630, 1399609, 1392725, 1518245]"
"RNNB-5-1-20240117","[1360542, 1391354, 1357630, 1392356]"
"RNNB-5-1-20240118","[1722441, 1357630, 1392725, 1361412]"
"RNNB-5-10-20240117","[1356328, 1391122, 1722619, 1360981]"
"RNNB-5-10-20240118","[1357630, 1722441, 1388794, 1392725]"
"RNNB-5-2-20240117","[1357630, 1399609, 1397398, 1392356]"
"RNNB-5-2-20240118","[1357630, 1360978, 1362719, 1392483]"
"RNNB-5-3-20240117","[1357630, 1399609, 1364019, 1360542]"
"RNNB-5-3-20240118","[1360497, 1360015, 1363499, 1364037]"
"RNNB-5-4-20240117","[1357630, 1399609, 1393466, 1397398]"
"RNNB-5-4-20240118","[1357630, 1364037, 1399609, 1392725]"
"RNNB-5-5-20240117","[1357630, 1399609, 1397398, 1358766]"
"RNNB-5-5-20240118","[1357630, 1392725, 1397398, 1737651]"
"RNNB-5-6-20240117","[1399609, 1357630, 1360542, 1358766]"
"RNNB-5-6-20240118","[1357630, 1361703, 1392725, 1399609]"
"RNNB-5-7-20240117","[1360542, 1722501, 1742852, 1426088]"
"RNNB-5-7-20240118","[1722441, 1363706, 1357630, 1425895]"
"RNNB-5-8-20240117","[1396197, 1363526, 1357770, 1359959]"
"RNNB-5-8-20240118","[1722441, 1722433, 1397376, 1361127]"
"RNNB-5-9-20240117","[1396197, 1360981, 1493740, 1357031]"
"RNNB-5-9-20240118","[1357004, 1722441, 1356397, 1722433]"
"RNNB-6-1-20240117","[1357560, 1364127, 1396210, 1388801]"
"RNNB-6-1-20240118","[1361703, 1355991, 1357049, 1722619]"
"RNNB-6-10-20240117","[1393921, 1363526, 1361437, 1363302]"
"RNNB-6-10-20240118","[1357630, 1358386, 1397398, 1417760]"
"RNNB-6-2-20240117","[1356083, 1422217, 1388990, 1363302]"
"RNNB-6-2-20240118","[1722441, 1363875, 1363302, 1722433]"
"RNNB-6-3-20240117","[1741690, 1391148, 1396765, 1363526]"
"RNNB-6-3-20240118","[1722441, 1390761, 1364037, 1722433]"
"RNNB-6-4-20240117","[1363302, 1361127, 1361514, 1388990]"
"RNNB-6-4-20240118","[1722441, 1358477, 1357023, 1722433]"
"RNNB-6-5-20240117","[1361412, 1356317, 1360978, 1363526]"
"RNNB-6-5-20240118","[1722441, 1722433, 1361326, 1390761]"
"RNNB-6-6-20240117","[1422217, 1363526, 1390761, 1414353]"
"RNNB-6-6-20240118","[1722619, 1357630, 1361703, 1396726]"
"RNNB-6-7-20240117","[1361412, 1363434, 1388990, 1722435]"
"RNNB-6-7-20240118","[1357630, 1399609, 1392725, 1397398]"
"RNNB-6-8-20240117","[1422217, 1355950, 1357848, 1722437]"
"RNNB-6-8-20240118","[1361703, 1357630, 1399609, 1722619]"
"RNNB-6-9-20240117","[1720968, 1357004, 1361124, 1392769]"
"RNNB-6-9-20240118","[1361703, 1364037, 1356228, 1361723]"
"RNNB-7-1-20240118","[1357630, 1392725, 1361127, 1399609]"
"RNNB-7-10-20240118","[1361412, 1357004, 1388990, 1361127]"
"RNNB-7-2-20240118","[1361412, 1357630, 1388990, 1741589]"
"RNNB-7-3-20240118","[1357630, 1361412, 1361437, 1392725]"
"RNNB-7-4-20240118","[1361412, 1388990, 1360130, 1364037]"
"RNNB-7-5-20240118","[1361412, 1361437, 1388990, 1399609]"
"RNNB-7-6-20240118","[1361412, 1399609, 1361124, 1388990]"
"RNNB-7-7-20240118","[1722441, 1388990, 1361412, 1396055]"
"RNNB-7-8-20240118","[1361437, 1361124, 1363901, 1480628]"
"RNNB-7-9-20240118","[1358003, 1388990, 1364024, 1361127]"
"RNNB-8-1-20240118","[1359344, 1359297, 1722441, 1390761]"
"RNNB-8-10-20240118","[1722441, 1363302, 1390761, 1356294]"
"RNNB-8-2-20240118","[1357227, 1722441, 1737441, 1390761]"
"RNNB-8-3-20240118","[1722441, 1737441, 1722433, 1363302]"
"RNNB-8-4-20240118","[1722441, 1737441, 1390761, 1363302]"
"RNNB-8-5-20240118","[1363302, 1359344, 1361703, 1359297]"
"RNNB-8-6-20240118","[1359344, 1361703, 1722619, 1359297]"
"RNNB-8-7-20240118","[1359344, 1357848, 1357227, 1722619]"
"RNNB-8-8-20240118","[1357227, 1359344, 1363892, 1364037]"
"RNNB-8-9-20240118","[1722441, 1359344, 1390761, 1361412]"
