"quadrat_id","species_ids"
"2024-CEV3-20240602","[1362443, 1360187, 1395045, 1360203]"
"CBN-PdlC-A1-20130807","[1412857, 1360299, 1395807, 1392608]"
"CBN-PdlC-A1-20130903","[1395807, 1394643, 1392608, 1412857]"
"CBN-PdlC-A1-20140721","[1412857, 1394542, 1390837, 1394311]"
"CBN-PdlC-A1-20140811","[1412857, 1392608, 1360299, 1394643]"
"CBN-PdlC-A1-20140901","[1361099, 1412857, 1392608, 1390793]"
"CBN-PdlC-A1-20150701","[1360299, 1390793, 1396974, 1394311]"
"CBN-PdlC-A1-20150720","[1395807, 1392608, 1394641, 1412857]"
"CBN-PdlC-A1-20150831","[1412857, 1390756, 1394643, 1360299]"
"CBN-PdlC-A1-20160705","[1412857, 1394911, 1390793, 1360299]"
"CBN-PdlC-A1-20160726","[1392535, 1412857, 1392608, 1395807]"
"CBN-PdlC-A1-20170816","[1412857, 1360299, 1394311, 1394643]"
"CBN-PdlC-A1-20170906","[1412857, 1392608, 1394643, 1360299]"
"CBN-PdlC-A1-20180702","[1390837, 1393473, 1397046, 1361382]"
"CBN-PdlC-A1-20180815","[1412857, 1394641, 1392608, 1390756]"
"CBN-PdlC-A1-20180905","[1412857, 1394641, 1394311, 1394643]"
"CBN-PdlC-A1-20190701","[1394311, 1364071, 1397500, 1741880]"
"CBN-PdlC-A1-20190722","[1392608, 1395807, 1359835, 1412857]"
"CBN-PdlC-A1-20190812","[1412857, 1392608, 1395807, 1355993]"
"CBN-PdlC-A1-20190909","[1394311, 1737699, 1412857, 1394655]"
"CBN-PdlC-A1-20200629","[1391796, 1356424, 1360981, 1361617]"
"CBN-PdlC-A1-20200722","[1395807, 1392608, 1549015, 1392535]"
"CBN-PdlC-A1-20200812","[1395807, 1412857, 1360299, 1392608]"
"CBN-PdlC-A2-20130807","[1395807, 1412857, 1393824, 1397500]"
"CBN-PdlC-A2-20130903","[1395807, 1412857, 1360874, 1391755]"
"CBN-PdlC-A2-20140721","[1412857, 1356424, 1396974, 1394643]"
"CBN-PdlC-A2-20140901","[1412857, 1394641, 1392317, 1651061]"
"CBN-PdlC-A2-20150720","[1395807, 1360874, 1412857, 1394311]"
"CBN-PdlC-A2-20150810","[1395807, 1412857, 1394643, 1390846]"
"CBN-PdlC-A2-20150831","[1412857, 1395807, 1394643, 1393200]"
"CBN-PdlC-A2-20160705","[1412857, 1394911, 1397046, 1418688]"
"CBN-PdlC-A2-20160726","[1395807, 1393200, 1395870, 1397500]"
"CBN-PdlC-A2-20170816","[1412857, 1395807, 1394643, 1390793]"
"CBN-PdlC-A2-20180702","[1664563, 1391775, 1687898, 1743786]"
"CBN-PdlC-A2-20180723","[1393200, 1395807, 1397500, 1364071]"
"CBN-PdlC-A2-20180815","[1412857, 1395807, 1418688, 1360476]"
"CBN-PdlC-A2-20180905","[1395807, 1412857, 1390793, 1394641]"
"CBN-PdlC-A2-20190701","[1654153, 1361647, 1392655, 1359528]"
"CBN-PdlC-A2-20190722","[1392535, 1412857, 1395807, 1549015]"
"CBN-PdlC-A2-20190812","[1395807, 1360874, 1412857, 1360878]"
"CBN-PdlC-A2-20190909","[1395807, 1412857, 1394643, 1393660]"
"CBN-PdlC-A2-20200629","[1358627, 1361708, 1393657, 1358515]"
"CBN-PdlC-A2-20200722","[1395807, 1363622, 1397465, 1397045]"
"CBN-PdlC-A2-20200812","[1395807, 1364071, 1654153, 1393708]"
"CBN-PdlC-A3-20130807","[1412857, 1395807, 1360299, 1397500]"
"CBN-PdlC-A3-20130903","[1412857, 1395807, 1394643, 1654153]"
"CBN-PdlC-A3-20140721","[1393200, 1412857, 1393619, 1397108]"
"CBN-PdlC-A3-20140811","[1412857, 1395807, 1393200, 1394643]"
"CBN-PdlC-A3-20140901","[1412857, 1392608, 1394643, 1360299]"
"CBN-PdlC-A3-20150701","[1412857, 1392608, 1394643, 1362361]"
"CBN-PdlC-A3-20150720","[1412857, 1396640, 1395807, 1394643]"
"CBN-PdlC-A3-20150810","[1412857, 1394643, 1392608, 1393619]"
"CBN-PdlC-A3-20150831","[1390793, 1412857, 1394643, 1390910]"
"CBN-PdlC-A3-20160705","[1390793, 1412857, 1393200, 1394641]"
"CBN-PdlC-A3-20160726","[1412857, 1395807, 1394643, 1390793]"
"CBN-PdlC-A3-20170816","[1412857, 1395807, 1394641, 1394866]"
"CBN-PdlC-A3-20170906","[1412857, 1394366, 1395807, 1394643]"
"CBN-PdlC-A3-20180702","[1664563, 1412857, 1397046, 1741834]"
"CBN-PdlC-A3-20180723","[1412857, 1397046, 1395807, 1397045]"
"CBN-PdlC-A3-20180815","[1412857, 1395807, 1397046, 1395868]"
"CBN-PdlC-A3-20180905","[1412857, 1391881, 1394638, 1394641]"
"CBN-PdlC-A3-20190701","[1356424, 1397046, 1743957, 1505488]"
"CBN-PdlC-A3-20190722","[1412857, 1392608, 1393200, 1394643]"
"CBN-PdlC-A3-20190812","[1412857, 1721637, 1395807, 1360299]"
"CBN-PdlC-A3-20190909","[1412857, 1395807, 1394643, 1394311]"
"CBN-PdlC-A3-20200629","[1741834, 1398722, 1744368, 1744833]"
"CBN-PdlC-A3-20200722","[1412857, 1393660, 1361596, 1396261]"
"CBN-PdlC-A3-20200812","[1412857, 1394643, 1397500, 1394641]"
"CBN-PdlC-A4-20130807","[1395807, 1397065, 1392608, 1400101]"
"CBN-PdlC-A4-20130903","[1395807, 1360299, 1395868, 1392608]"
"CBN-PdlC-A4-20140811","[1393200, 1395807, 1392608, 1397475]"
"CBN-PdlC-A4-20140901","[1397475, 1395190, 1392608, 1393224]"
"CBN-PdlC-A4-20150701","[1393200, 1392608, 1360325, 1654153]"
"CBN-PdlC-A4-20150810","[1397475, 1412857, 1392608, 1390674]"
"CBN-PdlC-A4-20150831","[1397475, 1395190, 1390793, 1393200]"
"CBN-PdlC-A4-20160705","[1397475, 1393824, 1397500, 1394595]"
"CBN-PdlC-A4-20160726","[1392608, 1396144, 1393200, 1397475]"
"CBN-PdlC-A4-20170816","[1397475, 1392309, 1395190, 1519650]"
"CBN-PdlC-A4-20170906","[1395791, 1361077, 1519650, 1393200]"
"CBN-PdlC-A4-20180702","[1397475, 1394595, 1394603, 1395190]"
"CBN-PdlC-A4-20180723","[1393200, 1392608, 1395190, 1362361]"
"CBN-PdlC-A4-20180815","[1397475, 1395791, 1395190, 1721513]"
"CBN-PdlC-A4-20180905","[1395190, 1412857, 1395791, 1397475]"
"CBN-PdlC-A4-20190701","[1397475, 1360299, 1395190, 1357103]"
"CBN-PdlC-A4-20190722","[1392608, 1397475, 1395190, 1391648]"
"CBN-PdlC-A4-20190812","[1397475, 1395807, 1392608, 1395190]"
"CBN-PdlC-A4-20190909","[1397475, 1395190, 1395807, 1393824]"
"CBN-PdlC-A4-20200629","[1397475, 1356424, 1392631, 1395190]"
"CBN-PdlC-A4-20200722","[1397475, 1393200, 1360590, 1360748]"
"CBN-PdlC-A4-20200812","[1397475, 1361281, 1395190, 1394311]"
"CBN-PdlC-A5-20130807","[1395807, 1397475, 1393200, 1395190]"
"CBN-PdlC-A5-20130903","[1395807, 1397475, 1397432, 1395190]"
"CBN-PdlC-A5-20140721","[1397475, 1395807, 1395870, 1393679]"
"CBN-PdlC-A5-20140811","[1395807, 1393660, 1361382, 1418688]"
"CBN-PdlC-A5-20150701","[1397475, 1395807, 1356424, 1394663]"
"CBN-PdlC-A5-20150831","[1397475, 1395807, 1395190, 1395870]"
"CBN-PdlC-A5-20160705","[1397475, 1395807, 1395190, 1394603]"
"CBN-PdlC-A5-20160726","[1395807, 1392535, 1395190, 1397046]"
"CBN-PdlC-A5-20170816","[1395807, 1397475, 1395190, 1391881]"
"CBN-PdlC-A5-20170906","[1395807, 1394603, 1395190, 1394595]"
"CBN-PdlC-A5-20180815","[1391648, 1395807, 1395190, 1397461]"
"CBN-PdlC-A5-20180905","[1395807, 1418688, 1395190, 1361914]"
"CBN-PdlC-A5-20190909","[1397475, 1362331, 1395190, 1395807]"
"CBN-PdlC-A5-20200722","[1395807, 1393660, 1394630, 1363421]"
"CBN-PdlC-A6-20130807","[1395190, 1397475, 1395807, 1360591]"
"CBN-PdlC-A6-20130903","[1397475, 1395190, 1361572, 1358517]"
"CBN-PdlC-A6-20140630","[1397475, 1391419, 1395190, 1395758]"
"CBN-PdlC-A6-20140721","[1397475, 1395190, 1395870, 1360591]"
"CBN-PdlC-A6-20140901","[1397475, 1395190, 1356729, 1393660]"
"CBN-PdlC-A6-20150701","[1397475, 1391494, 1356728, 1395190]"
"CBN-PdlC-A6-20150810","[1397475, 1395807, 1395190, 1360590]"
"CBN-PdlC-A6-20150831","[1397475, 1395190, 1395870, 1391648]"
"CBN-PdlC-A6-20160705","[1397475, 1395190, 1391648, 1360590]"
"CBN-PdlC-A6-20160726","[1397475, 1395807, 1391648, 1395190]"
"CBN-PdlC-A6-20170816","[1397475, 1395190, 1391412, 1395870]"
"CBN-PdlC-A6-20170906","[1395190, 1397475, 1395791, 1395870]"
"CBN-PdlC-A6-20180702","[1395190, 1397475, 1391412, 1395158]"
"CBN-PdlC-A6-20180723","[1395190, 1395791, 1397475, 1393200]"
"CBN-PdlC-A6-20180815","[1395190, 1397475, 1395791, 1395805]"
"CBN-PdlC-A6-20180905","[1397475, 1395190, 1395870, 1397871]"
"CBN-PdlC-A6-20190701","[1397475, 1395190, 1395805, 1360591]"
"CBN-PdlC-A6-20190722","[1397475, 1395807, 1360590, 1395190]"
"CBN-PdlC-A6-20190812","[1397475, 1395190, 1395807, 1360874]"
"CBN-PdlC-A6-20190909","[1397475, 1395190, 1395862, 1395870]"
"CBN-PdlC-A6-20200722","[1397475, 1395807, 1395190, 1395870]"
"CBN-PdlC-A6-20200812","[1397475, 1395807, 1395190, 1393660]"
"CBN-PdlC-B1-20130807","[1395807, 1392608, 1393200, 1360299]"
"CBN-PdlC-B1-20130903","[1392608, 1393660, 1360299, 1492736]"
"CBN-PdlC-B1-20140721","[1360299, 1395807, 1392608, 1393200]"
"CBN-PdlC-B1-20140811","[1412857, 1392608, 1360299, 1395807]"
"CBN-PdlC-B1-20140901","[1412857, 1392608, 1360299, 1395807]"
"CBN-PdlC-B1-20150701","[1396261, 1360299, 1393200, 1392608]"
"CBN-PdlC-B1-20150720","[1392608, 1395807, 1360299, 1358654]"
"CBN-PdlC-B1-20150810","[1395807, 1412857, 1394643, 1392608]"
"CBN-PdlC-B1-20150831","[1412857, 1395807, 1394643, 1392608]"
"CBN-PdlC-B1-20160705","[1412857, 1361077, 1390910, 1394655]"
"CBN-PdlC-B1-20160726","[1395807, 1392608, 1360299, 1395868]"
"CBN-PdlC-B1-20170816","[1395807, 1412857, 1394643, 1392608]"
"CBN-PdlC-B1-20170906","[1412857, 1394643, 1392608, 1394641]"
"CBN-PdlC-B1-20180702","[1393517, 1360910, 1360943, 1398435]"
"CBN-PdlC-B1-20180723","[1392608, 1412857, 1360299, 1393679]"
"CBN-PdlC-B1-20180815","[1412857, 1394643, 1360299, 1392612]"
"CBN-PdlC-B1-20180905","[1412857, 1394643, 1394311, 1392608]"
"CBN-PdlC-B1-20190701","[1412857, 1654153, 1728592, 1667816]"
"CBN-PdlC-B1-20190722","[1392608, 1395807, 1393660, 1360299]"
"CBN-PdlC-B1-20190812","[1412857, 1392608, 1360299, 1395807]"
"CBN-PdlC-B1-20190909","[1412857, 1664563, 1394311, 1392608]"
"CBN-PdlC-B1-20200629","[1356424, 1360299, 1664563, 1358627]"
"CBN-PdlC-B1-20200722","[1412857, 1392608, 1360299, 1395807]"
"CBN-PdlC-B1-20200812","[1392608, 1412857, 1647128, 1360299]"
"CBN-PdlC-B2-20130807","[1392608, 1360299, 1392535, 1395807]"
"CBN-PdlC-B2-20130903","[1654153, 1392608, 1360299, 1741880]"
"CBN-PdlC-B2-20140721","[1392608, 1394911, 1360299, 1391881]"
"CBN-PdlC-B2-20140811","[1392608, 1395807, 1360299, 1392614]"
"CBN-PdlC-B2-20140901","[1392608, 1360299, 1392612, 1392317]"
"CBN-PdlC-B2-20150701","[1392608, 1396261, 1363992, 1397043]"
"CBN-PdlC-B2-20150720","[1392608, 1360299, 1395807, 1390793]"
"CBN-PdlC-B2-20150810","[1392608, 1390874, 1389627, 1360299]"
"CBN-PdlC-B2-20150831","[1737693, 1394311, 1392608, 1390793]"
"CBN-PdlC-B2-20160705","[1392608, 1390910, 1360299, 1394911]"
"CBN-PdlC-B2-20160726","[1392608, 1390793, 1390837, 1360299]"
"CBN-PdlC-B2-20170816","[1737693, 1360299, 1392608, 1394311]"
"CBN-PdlC-B2-20170906","[1737693, 1390874, 1360300, 1395807]"
"CBN-PdlC-B2-20180702","[1360981, 1390793, 1390874, 1397046]"
"CBN-PdlC-B2-20180723","[1392608, 1400101, 1392535, 1392558]"
"CBN-PdlC-B2-20180815","[1390874, 1737693, 1360299, 1394311]"
"CBN-PdlC-B2-20180905","[1361099, 1519650, 1361281, 1390874]"
"CBN-PdlC-B2-20190701","[1390793, 1394311, 1390904, 1364066]"
"CBN-PdlC-B2-20190722","[1400101, 1392535, 1392608, 1392534]"
"CBN-PdlC-B2-20190812","[1412857, 1392608, 1360299, 1390874]"
"CBN-PdlC-B2-20190909","[1412857, 1737693, 1394311, 1360299]"
"CBN-PdlC-B2-20200629","[1364150, 1361708, 1356355, 1744480]"
"CBN-PdlC-B2-20200722","[1392608, 1392612, 1360299, 1394311]"
"CBN-PdlC-B2-20200812","[1392608, 1360299, 1390874, 1390910]"
"CBN-PdlC-B3-20130807","[1394597, 1412857, 1395807, 1741880]"
"CBN-PdlC-B3-20130903","[1394910, 1394603, 1397046, 1394595]"
"CBN-PdlC-B3-20140721","[1397045, 1397046, 1394603, 1395807]"
"CBN-PdlC-B3-20140811","[1412857, 1395807, 1397046, 1393200]"
"CBN-PdlC-B3-20140901","[1412857, 1395807, 1720959, 1737699]"
"CBN-PdlC-B3-20150701","[1361585, 1395807, 1394603, 1741880]"
"CBN-PdlC-B3-20150810","[1412857, 1394641, 1394643, 1397468]"
"CBN-PdlC-B3-20150831","[1412857, 1393200, 1390793, 1397046]"
"CBN-PdlC-B3-20160705","[1394911, 1393200, 1394603, 1412857]"
"CBN-PdlC-B3-20160726","[1393200, 1412857, 1397046, 1394311]"
"CBN-PdlC-B3-20170816","[1412857, 1391331, 1395807, 1394641]"
"CBN-PdlC-B3-20170906","[1412857, 1363056, 1394641, 1395807]"
"CBN-PdlC-B3-20180702","[1394603, 1390756, 1394598, 1391881]"
"CBN-PdlC-B3-20180723","[1395807, 1393200, 1412857, 1391881]"
"CBN-PdlC-B3-20180815","[1412857, 1392535, 1737699, 1394643]"
"CBN-PdlC-B3-20180905","[1412857, 1390674, 1394641, 1394638]"
"CBN-PdlC-B3-20190701","[1397045, 1397046, 1400084, 1395807]"
"CBN-PdlC-B3-20190722","[1412857, 1394643, 1395807, 1361914]"
"CBN-PdlC-B3-20190812","[1412857, 1394641, 1394643, 1394655]"
"CBN-PdlC-B3-20190909","[1412857, 1395807, 1394641, 1418688]"
"CBN-PdlC-B3-20200629","[1361703, 1467324, 1396682, 1744937]"
"CBN-PdlC-B3-20200722","[1412857, 1395807, 1393200, 1394643]"
"CBN-PdlC-B3-20200812","[1412857, 1395807, 1393200, 1394641]"
"CBN-PdlC-B4-20130807","[1397475, 1395190, 1357103, 1677641]"
"CBN-PdlC-B4-20130903","[1397475, 1395190, 1360325, 1360591]"
"CBN-PdlC-B4-20140721","[1397475, 1412857, 1395190, 1395758]"
"CBN-PdlC-B4-20140811","[1395190, 1397475, 1360325, 1395169]"
"CBN-PdlC-B4-20140901","[1397475, 1395190, 1392136, 1389593]"
"CBN-PdlC-B4-20150701","[1397475, 1395190, 1391648, 1360591]"
"CBN-PdlC-B4-20150810","[1397475, 1390674, 1395190, 1391680]"
"CBN-PdlC-B4-20150831","[1397475, 1395190, 1391648, 1360591]"
"CBN-PdlC-B4-20160726","[1397475, 1395190, 1392608, 1391648]"
"CBN-PdlC-B4-20170816","[1397475, 1395190, 1360591, 1395758]"
"CBN-PdlC-B4-20170906","[1397475, 1360591, 1395190, 1391648]"
"CBN-PdlC-B4-20180702","[1357103, 1397475, 1395190, 1360591]"
"CBN-PdlC-B4-20180723","[1397475, 1395190, 1395870, 1395805]"
"CBN-PdlC-B4-20180815","[1395791, 1395778, 1360591, 1397475]"
"CBN-PdlC-B4-20180905","[1360591, 1397475, 1391648, 1395190]"
"CBN-PdlC-B4-20190701","[1392681, 1397475, 1395805, 1395791]"
"CBN-PdlC-B4-20190722","[1397475, 1395190, 1391648, 1360591]"
"CBN-PdlC-B4-20190812","[1397475, 1395190, 1395990, 1360591]"
"CBN-PdlC-B4-20190909","[1397475, 1395190, 1395870, 1361045]"
"CBN-PdlC-B4-20200629","[1397475, 1395190, 1360590, 1360591]"
"CBN-PdlC-B4-20200722","[1397475, 1395190, 1395867, 1390690]"
"CBN-PdlC-B4-20200812","[1397475, 1395190, 1391648, 1397046]"
"CBN-PdlC-B5-20130807","[1395807, 1397475, 1395190, 1395169]"
"CBN-PdlC-B5-20130903","[1397475, 1395190, 1395807, 1395870]"
"CBN-PdlC-B5-20140630","[1358537, 1390541, 1743786, 1743825]"
"CBN-PdlC-B5-20140721","[1395807, 1397475, 1395190, 1741880]"
"CBN-PdlC-B5-20140811","[1395807, 1395190, 1395870, 1362113]"
"CBN-PdlC-B5-20140901","[1395807, 1397475, 1395190, 1359662]"
"CBN-PdlC-B5-20150701","[1395807, 1397475, 1394911, 1395190]"
"CBN-PdlC-B5-20150720","[1395807, 1395190, 1397475, 1395870]"
"CBN-PdlC-B5-20150810","[1395807, 1395190, 1397548, 1395870]"
"CBN-PdlC-B5-20150831","[1395807, 1397475, 1395190, 1400101]"
"CBN-PdlC-B5-20160705","[1395807, 1397475, 1395190, 1395870]"
"CBN-PdlC-B5-20160726","[1395807, 1397475, 1395190, 1361801]"
"CBN-PdlC-B5-20170816","[1395190, 1395807, 1397475, 1395791]"
"CBN-PdlC-B5-20170906","[1395807, 1395190, 1395870, 1397475]"
"CBN-PdlC-B5-20180702","[1394663, 1394603, 1390910, 1395791]"
"CBN-PdlC-B5-20180723","[1395190, 1395807, 1397475, 1395791]"
"CBN-PdlC-B5-20180815","[1395807, 1397475, 1391881, 1395190]"
"CBN-PdlC-B5-20180905","[1395807, 1397475, 1395190, 1395867]"
"CBN-PdlC-B5-20190701","[1395870, 1395791, 1395990, 1397046]"
"CBN-PdlC-B5-20190722","[1397475, 1395807, 1395190, 1391648]"
"CBN-PdlC-B5-20190812","[1397475, 1395807, 1395990, 1400101]"
"CBN-PdlC-B5-20190909","[1395807, 1397475, 1395190, 1397065]"
"CBN-PdlC-B5-20200629","[1397475, 1394603, 1395190, 1394595]"
"CBN-PdlC-B5-20200722","[1395807, 1397475, 1400101, 1395190]"
"CBN-PdlC-B5-20200812","[1397475, 1395807, 1395190, 1397065]"
"CBN-PdlC-B6-20130807","[1395807, 1395870, 1361596, 1393200]"
"CBN-PdlC-B6-20130903","[1395807, 1393708, 1360748, 1393604]"
"CBN-PdlC-B6-20140630","[1393473, 1359937, 1359587, 1394595]"
"CBN-PdlC-B6-20140721","[1395807, 1741880, 1396253, 1418688]"
"CBN-PdlC-B6-20140811","[1395807, 1362331, 1654153, 1361801]"
"CBN-PdlC-B6-20140901","[1363266, 1395807, 1394542, 1397432]"
"CBN-PdlC-B6-20150701","[1395807, 1741880, 1397213, 1396289]"
"CBN-PdlC-B6-20150720","[1395807, 1361801, 1397450, 1393708]"
"CBN-PdlC-B6-20150810","[1395807, 1397475, 1361914, 1360874]"
"CBN-PdlC-B6-20150831","[1395807, 1390910, 1393473, 1397432]"
"CBN-PdlC-B6-20160705","[1395807, 1395190, 1397475, 1395870]"
"CBN-PdlC-B6-20160726","[1395807, 1741880, 1395870, 1395190]"
"CBN-PdlC-B6-20170816","[1395807, 1395870, 1741880, 1418688]"
"CBN-PdlC-B6-20170906","[1395807, 1395868, 1418688, 1393604]"
"CBN-PdlC-B6-20180702","[1390793, 1394911, 1395190, 1394908]"
"CBN-PdlC-B6-20180723","[1395807, 1400132, 1360748, 1393225]"
"CBN-PdlC-B6-20180905","[1395807, 1402995, 1394311, 1397046]"
"CBN-PdlC-B6-20190701","[1394911, 1395807, 1394908, 1395870]"
"CBN-PdlC-B6-20190722","[1395807, 1397450, 1360864, 1418688]"
"CBN-PdlC-B6-20190812","[1395807, 1361801, 1397450, 1363622]"
"CBN-PdlC-B6-20190909","[1395807, 1397432, 1360748, 1393708]"
"CBN-PdlC-B6-20200629","[1394603, 1397475, 1361077, 1394595]"
"CBN-PdlC-B6-20200722","[1395807, 1392535, 1393679, 1390674]"
"CBN-PdlC-B6-20200812","[1395807, 1361281, 1397450, 1418688]"
"CBN-PdlC-C1-20130807","[1395807, 1391161, 1393708, 1414270]"
"CBN-PdlC-C1-20130903","[1395807, 1741706, 1397432, 1397500]"
"CBN-PdlC-C1-20140721","[1397500, 1402995, 1394603, 1356424]"
"CBN-PdlC-C1-20140811","[1395807, 1414270, 1360874, 1389329]"
"CBN-PdlC-C1-20140901","[1395807, 1393708, 1393225, 1364067]"
"CBN-PdlC-C1-20150701","[1397500, 1393200, 1356424, 1394603]"
"CBN-PdlC-C1-20150720","[1395807, 1360878, 1397045, 1397193]"
"CBN-PdlC-C1-20150810","[1360874, 1395807, 1398675, 1397432]"
"CBN-PdlC-C1-20150831","[1395807, 1393708, 1397432, 1362331]"
"CBN-PdlC-C1-20160705","[1394603, 1361347, 1397500, 1394598]"
"CBN-PdlC-C1-20160726","[1364071, 1392767, 1395807, 1397046]"
"CBN-PdlC-C1-20170816","[1395807, 1390756, 1418688, 1741706]"
"CBN-PdlC-C1-20170906","[1391881, 1395807, 1390756, 1361944]"
"CBN-PdlC-C1-20180723","[1393200, 1395807, 1393708, 1397500]"
"CBN-PdlC-C1-20180815","[1395807, 1393708, 1741706, 1393604]"
"CBN-PdlC-C1-20180905","[1395807, 1397500, 1391881, 1364071]"
"CBN-PdlC-C1-20190701","[1356424, 1361703, 1394603, 1393657]"
"CBN-PdlC-C1-20190722","[1395807, 1414270, 1393200, 1393708]"
"CBN-PdlC-C1-20190812","[1395807, 1360874, 1393708, 1364071]"
"CBN-PdlC-C1-20190909","[1395807, 1393708, 1362729, 1418688]"
"CBN-PdlC-C1-20200722","[1395807, 1393200, 1392561, 1357317]"
"CBN-PdlC-C1-20200812","[1395807, 1392309, 1396733, 1361281]"
"CBN-PdlC-C2-20130903","[1395807, 1412857, 1741880, 1395870]"
"CBN-PdlC-C2-20140721","[1412857, 1361077, 1397046, 1361281]"
"CBN-PdlC-C2-20140811","[1392535, 1412857, 1395807, 1393708]"
"CBN-PdlC-C2-20140901","[1412857, 1395807, 1361281, 1395943]"
"CBN-PdlC-C2-20150701","[1412857, 1707089, 1393703, 1396169]"
"CBN-PdlC-C2-20150720","[1395807, 1412857, 1397046, 1391092]"
"CBN-PdlC-C2-20150810","[1412857, 1395807, 1355926, 1397046]"
"CBN-PdlC-C2-20150831","[1412857, 1395807, 1394641, 1394643]"
"CBN-PdlC-C2-20160705","[1412857, 1396144, 1390793, 1396180]"
"CBN-PdlC-C2-20160726","[1395807, 1392535, 1392534, 1412857]"
"CBN-PdlC-C2-20170816","[1395807, 1412857, 1394911, 1392535]"
"CBN-PdlC-C2-20170906","[1395807, 1412857, 1395868, 1394643]"
"CBN-PdlC-C2-20180723","[1395807, 1361347, 1394597, 1395870]"
"CBN-PdlC-C2-20180815","[1395807, 1394630, 1741880, 1395868]"
"CBN-PdlC-C2-20180905","[1395807, 1412857, 1394643, 1390793]"
"CBN-PdlC-C2-20190701","[1361703, 1356307, 1393310, 1744833]"
"CBN-PdlC-C2-20190722","[1395807, 1393200, 1412857, 1364068]"
"CBN-PdlC-C2-20190812","[1395807, 1412857, 1738627, 1394643]"
"CBN-PdlC-C2-20190909","[1395807, 1412857, 1395942, 1358147]"
"CBN-PdlC-C2-20200722","[1395807, 1412857, 1395868, 1361281]"
"CBN-PdlC-C2-20200812","[1395807, 1412857, 1395870, 1393660]"
"CBN-PdlC-C3-20130807","[1395807, 1396253, 1741880, 1361347]"
"CBN-PdlC-C3-20130903","[1412857, 1397046, 1395807, 1394630]"
"CBN-PdlC-C3-20140721","[1361281, 1362023, 1394595, 1361347]"
"CBN-PdlC-C3-20140811","[1395807, 1412857, 1361281, 1364067]"
"CBN-PdlC-C3-20140901","[1395807, 1393660, 1412857, 1728709]"
"CBN-PdlC-C3-20150701","[1361281, 1362620, 1394603, 1361347]"
"CBN-PdlC-C3-20150720","[1395807, 1393660, 1361347, 1393679]"
"CBN-PdlC-C3-20150831","[1393660, 1395807, 1361347, 1741880]"
"CBN-PdlC-C3-20160705","[1361347, 1390910, 1609716, 1362023]"
"CBN-PdlC-C3-20160726","[1741880, 1395807, 1362023, 1393660]"
"CBN-PdlC-C3-20170816","[1395807, 1361347, 1741880, 1396838]"
"CBN-PdlC-C3-20170906","[1391881, 1395807, 1390910, 1361347]"
"CBN-PdlC-C3-20180723","[1395807, 1395870, 1361281, 1362023]"
"CBN-PdlC-C3-20180815","[1363016, 1395807, 1364067, 1393708]"
"CBN-PdlC-C3-20180905","[1395807, 1394630, 1391881, 1361347]"
"CBN-PdlC-C3-20190701","[1361703, 1394603, 1364037, 1359587]"
"CBN-PdlC-C3-20190722","[1395807, 1393660, 1396307, 1362023]"
"CBN-PdlC-C3-20190812","[1392299, 1395807, 1741880, 1362023]"
"CBN-PdlC-C3-20190909","[1395807, 1362023, 1361281, 1390874]"
"CBN-PdlC-C3-20200722","[1395807, 1362023, 1393660, 1394630]"
"CBN-PdlC-C3-20200812","[1395807, 1393660, 1362023, 1361281]"
"CBN-PdlC-C4-20130807","[1395807, 1395868, 1418688, 1397046]"
"CBN-PdlC-C4-20130903","[1395807, 1395870, 1396974, 1361077]"
"CBN-PdlC-C4-20140721","[1390793, 1361373, 1654153, 1394311]"
"CBN-PdlC-C4-20140811","[1395807, 1395870, 1402995, 1364067]"
"CBN-PdlC-C4-20140901","[1395807, 1364066, 1364067, 1395870]"
"CBN-PdlC-C4-20150701","[1362331, 1536355, 1394311, 1411820]"
"CBN-PdlC-C4-20150720","[1395807, 1392608, 1395870, 1741880]"
"CBN-PdlC-C4-20150831","[1395807, 1362331, 1395868, 1395870]"
"CBN-PdlC-C4-20160705","[1390793, 1390910, 1743235, 1742054]"
"CBN-PdlC-C4-20160726","[1395807, 1741880, 1395870, 1397049]"
"CBN-PdlC-C4-20170816","[1395807, 1391881, 1395870, 1418688]"
"CBN-PdlC-C4-20170906","[1395807, 1397432, 1391881, 1364067]"
"CBN-PdlC-C4-20180723","[1395807, 1393708, 1395870, 1397048]"
"CBN-PdlC-C4-20180815","[1395807, 1414270, 1364067, 1397432]"
"CBN-PdlC-C4-20180905","[1395807, 1391881, 1364067, 1418688]"
"CBN-PdlC-C4-20190701","[1359937, 1651061, 1398722, 1396682]"
"CBN-PdlC-C4-20190722","[1395807, 1360269, 1395870, 1402995]"
"CBN-PdlC-C4-20190812","[1395807, 1364067, 1397043, 1359835]"
"CBN-PdlC-C4-20190909","[1395807, 1391881, 1393660, 1358147]"
"CBN-PdlC-C4-20200722","[1395807, 1393660, 1395870, 1394630]"
"CBN-PdlC-C4-20200812","[1395807, 1395870, 1393679, 1393660]"
"CBN-PdlC-C5-20130807","[1395807, 1396289, 1397046, 1395870]"
"CBN-PdlC-C5-20130903","[1395807, 1364067, 1360269, 1361077]"
"CBN-PdlC-C5-20140721","[1394630, 1390910, 1390793, 1361077]"
"CBN-PdlC-C5-20140811","[1395807, 1390910, 1397046, 1393708]"
"CBN-PdlC-C5-20140901","[1395807, 1361367, 1397432, 1741880]"
"CBN-PdlC-C5-20150701","[1654153, 1390793, 1390846, 1390874]"
"CBN-PdlC-C5-20150720","[1395807, 1392608, 1364068, 1392274]"
"CBN-PdlC-C5-20150810","[1395807, 1390793, 1395870, 1390802]"
"CBN-PdlC-C5-20150831","[1395807, 1390793, 1396253, 1394311]"
"CBN-PdlC-C5-20160705","[1390793, 1390910, 1390756, 1396169]"
"CBN-PdlC-C5-20160726","[1395807, 1741880, 1397500, 1397046]"
"CBN-PdlC-C5-20170816","[1395807, 1390793, 1395868, 1394877]"
"CBN-PdlC-C5-20170906","[1390793, 1392067, 1395807, 1418688]"
"CBN-PdlC-C5-20180723","[1395807, 1390910, 1400132, 1395870]"
"CBN-PdlC-C5-20180815","[1395807, 1418688, 1741880, 1391881]"
"CBN-PdlC-C5-20180905","[1395807, 1390793, 1394877, 1396253]"
"CBN-PdlC-C5-20190701","[1654153, 1360981, 1563496, 1399589]"
"CBN-PdlC-C5-20190722","[1395807, 1392608, 1397045, 1397193]"
"CBN-PdlC-C5-20190812","[1395807, 1397432, 1396253, 1395868]"
"CBN-PdlC-C5-20190909","[1395807, 1390793, 1394311, 1418688]"
"CBN-PdlC-C5-20200722","[1395807, 1741880, 1390910, 1396253]"
"CBN-PdlC-C5-20200812","[1395807, 1392608, 1395868, 1390793]"
"CBN-PdlC-C6-20130807","[1395807, 1741880, 1396253, 1364068]"
"CBN-PdlC-C6-20130903","[1395807, 1394877, 1393200, 1654153]"
"CBN-PdlC-C6-20140721","[1390793, 1390910, 1396169, 1393824]"
"CBN-PdlC-C6-20140811","[1395807, 1394877, 1361367, 1392274]"
"CBN-PdlC-C6-20140901","[1395807, 1396253, 1394877, 1420364]"
"CBN-PdlC-C6-20150701","[1359937, 1396169, 1418688, 1564296]"
"CBN-PdlC-C6-20150720","[1395807, 1396253, 1519650, 1397045]"
"CBN-PdlC-C6-20150810","[1395807, 1397432, 1395870, 1360985]"
"CBN-PdlC-C6-20150831","[1395807, 1390793, 1396253, 1394877]"
"CBN-PdlC-C6-20160705","[1390793, 1393824, 1741880, 1654153]"
"CBN-PdlC-C6-20160726","[1396253, 1360312, 1360874, 1359835]"
"CBN-PdlC-C6-20170816","[1395807, 1741880, 1391881, 1395870]"
"CBN-PdlC-C6-20170906","[1418688, 1394877, 1395807, 1391881]"
"CBN-PdlC-C6-20180723","[1393200, 1395807, 1393708, 1397450]"
"CBN-PdlC-C6-20180815","[1394729, 1394877, 1360874, 1397500]"
"CBN-PdlC-C6-20180905","[1394877, 1395807, 1396253, 1420364]"
"CBN-PdlC-C6-20190701","[1390811, 1361389, 1654153, 1363434]"
"CBN-PdlC-C6-20190722","[1393200, 1394877, 1360748, 1389329]"
"CBN-PdlC-C6-20190812","[1392608, 1360874, 1396253, 1395807]"
"CBN-PdlC-C6-20190909","[1395807, 1394877, 1395868, 1360985]"
"CBN-PdlC-C6-20200722","[1392608, 1395807, 1364068, 1360874]"
"CBN-PdlC-C6-20200812","[1395807, 1721637, 1360299, 1364067]"
"CBN-PdlC-D1-20130807","[1395807, 1396253, 1393708, 1395868]"
"CBN-PdlC-D1-20130903","[1395807, 1396253, 1394877, 1395868]"
"CBN-PdlC-D1-20140721","[1356424, 1396253, 1741880, 1395807]"
"CBN-PdlC-D1-20140811","[1395807, 1396253, 1394877, 1393708]"
"CBN-PdlC-D1-20140901","[1395807, 1396253, 1394877, 1395868]"
"CBN-PdlC-D1-20150701","[1397046, 1394877, 1393824, 1394603]"
"CBN-PdlC-D1-20150720","[1395807, 1396253, 1392535, 1392556]"
"CBN-PdlC-D1-20150810","[1395807, 1396253, 1396733, 1394877]"
"CBN-PdlC-D1-20150831","[1395807, 1396253, 1390874, 1737699]"
"CBN-PdlC-D1-20160705","[1395807, 1741880, 1397500, 1651061]"
"CBN-PdlC-D1-20160726","[1395807, 1396253, 1392535, 1392537]"
"CBN-PdlC-D1-20170816","[1395807, 1394311, 1395868, 1418688]"
"CBN-PdlC-D1-20170906","[1395807, 1391881, 1394366, 1361281]"
"CBN-PdlC-D1-20180723","[1395807, 1741880, 1395870, 1395868]"
"CBN-PdlC-D1-20180815","[1395807, 1362023, 1361281, 1394311]"
"CBN-PdlC-D1-20180905","[1396253, 1395807, 1390793, 1394877]"
"CBN-PdlC-D1-20190701","[1394603, 1361077, 1356424, 1396253]"
"CBN-PdlC-D1-20190722","[1395807, 1396253, 1390793, 1420364]"
"CBN-PdlC-D1-20190812","[1395807, 1396253, 1361233, 1720959]"
"CBN-PdlC-D1-20190909","[1395807, 1396253, 1394877, 1397416]"
"CBN-PdlC-D1-20200722","[1395807, 1396253, 1392535, 1394595]"
"CBN-PdlC-D1-20200812","[1395807, 1396253, 1400132, 1395870]"
"CBN-PdlC-D2-20130807","[1395807, 1412857, 1399772, 1393473]"
"CBN-PdlC-D2-20130903","[1394643, 1396253, 1412857, 1395807]"
"CBN-PdlC-D2-20140721","[1412857, 1394603, 1361077, 1394311]"
"CBN-PdlC-D2-20140811","[1412857, 1396253, 1362729, 1393708]"
"CBN-PdlC-D2-20140901","[1412857, 1390793, 1390874, 1394866]"
"CBN-PdlC-D2-20150720","[1412857, 1395807, 1394643, 1396253]"
"CBN-PdlC-D2-20150810","[1412857, 1395807, 1361092, 1396253]"
"CBN-PdlC-D2-20150831","[1412857, 1395807, 1396253, 1390793]"
"CBN-PdlC-D2-20160705","[1412857, 1361585, 1361077, 1361281]"
"CBN-PdlC-D2-20160726","[1396253, 1395807, 1412857, 1361077]"
"CBN-PdlC-D2-20170816","[1390793, 1395807, 1394643, 1390837]"
"CBN-PdlC-D2-20170906","[1395807, 1412857, 1396253, 1394643]"
"CBN-PdlC-D2-20180723","[1395807, 1394866, 1396253, 1362023]"
"CBN-PdlC-D2-20180815","[1412857, 1396253, 1394643, 1361281]"
"CBN-PdlC-D2-20180905","[1412857, 1395807, 1390793, 1394643]"
"CBN-PdlC-D2-20190701","[1394603, 1356424, 1359587, 1394598]"
"CBN-PdlC-D2-20190722","[1395807, 1396253, 1361077, 1362023]"
"CBN-PdlC-D2-20190812","[1412857, 1396253, 1390793, 1395807]"
"CBN-PdlC-D2-20190909","[1395807, 1396253, 1412857, 1394643]"
"CBN-PdlC-D2-20200722","[1395807, 1361281, 1412857, 1394643]"
"CBN-PdlC-D2-20200812","[1395807, 1412857, 1394643, 1361281]"
"CBN-PdlC-D3-20130807","[1395807, 1394603, 1394598, 1413349]"
"CBN-PdlC-D3-20130903","[1647128, 1397046, 1396441, 1395807]"
"CBN-PdlC-D3-20140721","[1741880, 1394595, 1361077, 1418612]"
"CBN-PdlC-D3-20140811","[1412857, 1390793, 1396441, 1390910]"
"CBN-PdlC-D3-20140901","[1647128, 1413349, 1412857, 1390910]"
"CBN-PdlC-D3-20150701","[1418612, 1654153, 1397046, 1412857]"
"CBN-PdlC-D3-20150720","[1412857, 1647128, 1390910, 1358463]"
"CBN-PdlC-D3-20150831","[1390793, 1412857, 1394641, 1390910]"
"CBN-PdlC-D3-20160705","[1390793, 1413349, 1361347, 1412857]"
"CBN-PdlC-D3-20160726","[1390793, 1392556, 1647128, 1413349]"
"CBN-PdlC-D3-20170816","[1390793, 1395807, 1396441, 1647128]"
"CBN-PdlC-D3-20170906","[1390793, 1391881, 1412857, 1413349]"
"CBN-PdlC-D3-20180723","[1395807, 1396441, 1647128, 1654153]"
"CBN-PdlC-D3-20180815","[1390793, 1361092, 1412857, 1418612]"
"CBN-PdlC-D3-20180905","[1390793, 1412857, 1418612, 1391881]"
"CBN-PdlC-D3-20190701","[1394595, 1359937, 1394603, 1654153]"
"CBN-PdlC-D3-20190722","[1390793, 1647128, 1395807, 1412857]"
"CBN-PdlC-D3-20190812","[1412857, 1390793, 1647128, 1396063]"
"CBN-PdlC-D3-20190909","[1390793, 1395807, 1396441, 1412857]"
"CBN-PdlC-D3-20200722","[1390793, 1412857, 1395807, 1392535]"
"CBN-PdlC-D3-20200812","[1390793, 1358463, 1395807, 1647128]"
"CBN-PdlC-D4-20130807","[1395807, 1361077, 1360222, 1396253]"
"CBN-PdlC-D4-20130903","[1395807, 1647128, 1397208, 1400132]"
"CBN-PdlC-D4-20140721","[1654153, 1741880, 1356424, 1395807]"
"CBN-PdlC-D4-20140811","[1395807, 1412857, 1654153, 1397535]"
"CBN-PdlC-D4-20140901","[1395807, 1396253, 1654153, 1359835]"
"CBN-PdlC-D4-20150701","[1396169, 1392684, 1394603, 1396974]"
"CBN-PdlC-D4-20150720","[1395807, 1392535, 1392541, 1412857]"
"CBN-PdlC-D4-20150831","[1395807, 1396253, 1360299, 1362331]"
"CBN-PdlC-D4-20160705","[1741880, 1654153, 1395870, 1390910]"
"CBN-PdlC-D4-20160726","[1392535, 1395807, 1395870, 1741880]"
"CBN-PdlC-D4-20170816","[1395807, 1396253, 1741880, 1395870]"
"CBN-PdlC-D4-20170906","[1395807, 1391881, 1418688, 1412857]"
"CBN-PdlC-D4-20180723","[1395807, 1741880, 1395870, 1364067]"
"CBN-PdlC-D4-20180815","[1395807, 1412857, 1394877, 1396253]"
"CBN-PdlC-D4-20180905","[1395807, 1396253, 1394877, 1420364]"
"CBN-PdlC-D4-20190701","[1394598, 1361281, 1356424, 1394597]"
"CBN-PdlC-D4-20190722","[1395807, 1392608, 1396253, 1395870]"
"CBN-PdlC-D4-20190812","[1395807, 1412857, 1396253, 1741880]"
"CBN-PdlC-D4-20190909","[1395807, 1397432, 1394311, 1395868]"
"CBN-PdlC-D4-20200722","[1395807, 1393604, 1364067, 1396253]"
"CBN-PdlC-D4-20200812","[1395807, 1394877, 1395870, 1741880]"
"CBN-PdlC-D5-20130807","[1395807, 1362023, 1392309, 1363056]"
"CBN-PdlC-D5-20130903","[1395807, 1392299, 1363056, 1395868]"
"CBN-PdlC-D5-20140721","[1360299, 1392299, 1361077, 1397046]"
"CBN-PdlC-D5-20140811","[1395807, 1363056, 1361077, 1361080]"
"CBN-PdlC-D5-20140901","[1395807, 1361050, 1741706, 1361080]"
"CBN-PdlC-D5-20150701","[1361077, 1654153, 1528543, 1394603]"
"CBN-PdlC-D5-20150720","[1395807, 1390910, 1741880, 1392608]"
"CBN-PdlC-D5-20150810","[1395807, 1390910, 1741880, 1390756]"
"CBN-PdlC-D5-20150831","[1395807, 1519650, 1363056, 1361281]"
"CBN-PdlC-D5-20160705","[1390793, 1361281, 1391881, 1397046]"
"CBN-PdlC-D5-20160726","[1395807, 1392608, 1392309, 1360299]"
"CBN-PdlC-D5-20170816","[1395807, 1391881, 1390874, 1396838]"
"CBN-PdlC-D5-20170906","[1395807, 1396838, 1390874, 1391881]"
"CBN-PdlC-D5-20180723","[1392608, 1395807, 1400101, 1418688]"
"CBN-PdlC-D5-20180815","[1395807, 1363016, 1392309, 1395862]"
"CBN-PdlC-D5-20180905","[1395807, 1391881, 1361347, 1390793]"
"CBN-PdlC-D5-20190701","[1361373, 1397046, 1738592, 1390874]"
"CBN-PdlC-D5-20190722","[1395807, 1392608, 1392535, 1392534]"
"CBN-PdlC-D5-20190812","[1395807, 1363056, 1392608, 1400101]"
"CBN-PdlC-D5-20190909","[1395807, 1397065, 1392067, 1394311]"
"CBN-PdlC-D5-20200722","[1395807, 1363056, 1390894, 1360299]"
"CBN-PdlC-D5-20200812","[1395807, 1363056, 1362482, 1361284]"
"CBN-PdlC-D6-20130807","[1395807, 1395870, 1741880, 1395868]"
"CBN-PdlC-D6-20130903","[1395807, 1397045, 1397046, 1395870]"
"CBN-PdlC-D6-20140721","[1390793, 1390910, 1390785, 1738690]"
"CBN-PdlC-D6-20140811","[1395807, 1396253, 1397043, 1362331]"
"CBN-PdlC-D6-20140901","[1395807, 1359835, 1396253, 1395000]"
"CBN-PdlC-D6-20150701","[1654153, 1418688, 1397513, 1743957]"
"CBN-PdlC-D6-20150720","[1395807, 1393679, 1393660, 1397450]"
"CBN-PdlC-D6-20150810","[1395807, 1393660, 1396974, 1362331]"
"CBN-PdlC-D6-20150831","[1395807, 1412857, 1393473, 1359835]"
"CBN-PdlC-D6-20160705","[1363933, 1412857, 1396169, 1397406]"
"CBN-PdlC-D6-20160726","[1395807, 1360864, 1359835, 1397450]"
"CBN-PdlC-D6-20170816","[1395807, 1741880, 1394630, 1395870]"
"CBN-PdlC-D6-20170906","[1395807, 1418688, 1395868, 1391881]"
"CBN-PdlC-D6-20180723","[1395807, 1397432, 1393708, 1364067]"
"CBN-PdlC-D6-20180815","[1396253, 1394630, 1396974, 1395807]"
"CBN-PdlC-D6-20180905","[1395807, 1418688, 1395862, 1412857]"
"CBN-PdlC-D6-20190701","[1397376, 1361520, 1356424, 1391322]"
"CBN-PdlC-D6-20190722","[1395807, 1397046, 1361647, 1397043]"
"CBN-PdlC-D6-20190812","[1395807, 1720968, 1359835, 1395000]"
"CBN-PdlC-D6-20190909","[1395807, 1394630, 1394311, 1393473]"
"CBN-PdlC-D6-20200722","[1395807, 1649856, 1395000, 1395855]"
"CBN-PdlC-D6-20200812","[1395807, 1393660, 1738690, 1548508]"
"CBN-PdlC-E1-20130723","[1390793, 1394603, 1394598, 1390910]"
"CBN-PdlC-E1-20130807","[1390793, 1393473, 1394603, 1395807]"
"CBN-PdlC-E1-20130903","[1390793, 1395807, 1392608, 1390910]"
"CBN-PdlC-E1-20140630","[1743539, 1394597, 1390874, 1390793]"
"CBN-PdlC-E1-20140721","[1390910, 1389346, 1395855, 1395531]"
"CBN-PdlC-E1-20140811","[1412857, 1396253, 1395807, 1392608]"
"CBN-PdlC-E1-20140901","[1390793, 1394311, 1737652, 1395807]"
"CBN-PdlC-E1-20150701","[1392608, 1395807, 1741880, 1396253]"
"CBN-PdlC-E1-20150720","[1395807, 1392608, 1418688, 1361281]"
"CBN-PdlC-E1-20150810","[1393200, 1392608, 1395807, 1397475]"
"CBN-PdlC-E1-20150831","[1390793, 1392608, 1395807, 1394311]"
"CBN-PdlC-E1-20160705","[1395807, 1390793, 1392608, 1395855]"
"CBN-PdlC-E1-20160726","[1390793, 1392608, 1390910, 1741880]"
"CBN-PdlC-E1-20170816","[1390793, 1395807, 1390846, 1394877]"
"CBN-PdlC-E1-20170906","[1390793, 1390927, 1396253, 1394910]"
"CBN-PdlC-E1-20180702","[1394597, 1390793, 1394603, 1394910]"
"CBN-PdlC-E1-20180723","[1392535, 1395807, 1392534, 1392608]"
"CBN-PdlC-E1-20180815","[1394311, 1394850, 1360299, 1393862]"
"CBN-PdlC-E1-20180905","[1390793, 1412857, 1390874, 1397046]"
"CBN-PdlC-E1-20190701","[1395807, 1390874, 1363056, 1741880]"
"CBN-PdlC-E1-20190812","[1390793, 1392309, 1360299, 1394311]"
"CBN-PdlC-E1-20190909","[1390793, 1394311, 1397046, 1361372]"
"CBN-PdlC-E1-20200629","[1394597, 1741880, 1395807, 1394598]"
"CBN-PdlC-E1-20200722","[1392608, 1395807, 1395868, 1390793]"
"CBN-PdlC-E1-20200812","[1395807, 1361281, 1392608, 1390793]"
"CBN-PdlC-E2-20130723","[1394603, 1396974, 1395807, 1394598]"
"CBN-PdlC-E2-20130807","[1395807, 1394603, 1395868, 1361347]"
"CBN-PdlC-E2-20130903","[1395807, 1395868, 1361281, 1361914]"
"CBN-PdlC-E2-20140630","[1391868, 1654153, 1394311, 1356422]"
"CBN-PdlC-E2-20140721","[1395807, 1741810, 1394311, 1394282]"
"CBN-PdlC-E2-20140811","[1395807, 1412857, 1397046, 1361914]"
"CBN-PdlC-E2-20140901","[1395807, 1412857, 1390793, 1390874]"
"CBN-PdlC-E2-20150720","[1395807, 1390756, 1395870, 1361347]"
"CBN-PdlC-E2-20150810","[1395807, 1412857, 1395870, 1396838]"
"CBN-PdlC-E2-20150831","[1395807, 1393619, 1395870, 1361281]"
"CBN-PdlC-E2-20160705","[1395807, 1361347, 1393604, 1394866]"
"CBN-PdlC-E2-20160726","[1412857, 1395807, 1361347, 1741880]"
"CBN-PdlC-E2-20170816","[1395807, 1412857, 1361347, 1390874]"
"CBN-PdlC-E2-20170906","[1395807, 1412857, 1418688, 1361347]"
"CBN-PdlC-E2-20180702","[1394911, 1412857, 1390927, 1394910]"
"CBN-PdlC-E2-20180723","[1395807, 1412857, 1397045, 1394542]"
"CBN-PdlC-E2-20180815","[1395807, 1412857, 1395868, 1394641]"
"CBN-PdlC-E2-20180905","[1390793, 1412857, 1395807, 1390874]"
"CBN-PdlC-E2-20190701","[1395807, 1394911, 1397045, 1394311]"
"CBN-PdlC-E2-20190812","[1395807, 1412857, 1395870, 1741880]"
"CBN-PdlC-E2-20190909","[1395807, 1390793, 1412857, 1394643]"
"CBN-PdlC-E2-20200629","[1390927, 1418688, 1395807, 1412857]"
"CBN-PdlC-E2-20200722","[1395807, 1394641, 1395870, 1412857]"
"CBN-PdlC-E2-20200812","[1395807, 1390793, 1390874, 1394311]"
"CBN-PdlC-E3-20130723","[1396253, 1394603, 1390927, 1363056]"
"CBN-PdlC-E3-20130807","[1395807, 1361284, 1362023, 1361281]"
"CBN-PdlC-E3-20130903","[1395807, 1361281, 1392299, 1363056]"
"CBN-PdlC-E3-20140630","[1361077, 1390837, 1390927, 1390910]"
"CBN-PdlC-E3-20140721","[1395807, 1391666, 1397500, 1360874]"
"CBN-PdlC-E3-20140811","[1395807, 1361079, 1390910, 1356275]"
"CBN-PdlC-E3-20140901","[1392299, 1360874, 1361281, 1362023]"
"CBN-PdlC-E3-20150701","[1395807, 1360874, 1361347, 1390910]"
"CBN-PdlC-E3-20150720","[1395807, 1362023, 1360874, 1361347]"
"CBN-PdlC-E3-20150810","[1395807, 1392299, 1390795, 1361284]"
"CBN-PdlC-E3-20150831","[1395807, 1390874, 1361347, 1362023]"
"CBN-PdlC-E3-20160705","[1395807, 1392299, 1361592, 1361596]"
"CBN-PdlC-E3-20160726","[1392299, 1395807, 1361284, 1390927]"
"CBN-PdlC-E3-20170816","[1395807, 1394877, 1397430, 1395000]"
"CBN-PdlC-E3-20170906","[1390756, 1361347, 1362023, 1396969]"
"CBN-PdlC-E3-20180702","[1394597, 1394603, 1394598, 1390910]"
"CBN-PdlC-E3-20180723","[1392299, 1395807, 1390910, 1394877]"
"CBN-PdlC-E3-20180815","[1363056, 1361281, 1363282, 1390756]"
"CBN-PdlC-E3-20180905","[1390756, 1396969, 1356275, 1361284]"
"CBN-PdlC-E3-20190701","[1363056, 1395807, 1397500, 1361233]"
"CBN-PdlC-E3-20190812","[1482204, 1363056, 1394759, 1364066]"
"CBN-PdlC-E3-20190909","[1390793, 1361347, 1362023, 1390786]"
"CBN-PdlC-E3-20200629","[1396253, 1390910, 1396464, 1390756]"
"CBN-PdlC-E3-20200722","[1395807, 1362331, 1393665, 1361592]"
"CBN-PdlC-E3-20200812","[1395807, 1390786, 1361062, 1393660]"
"CBN-PdlC-E4-20130807","[1360312, 1395807, 1360874, 1396253]"
"CBN-PdlC-E4-20130903","[1395807, 1392608, 1361347, 1396089]"
"CBN-PdlC-E4-20140630","[1361077, 1390927, 1360299, 1394311]"
"CBN-PdlC-E4-20140721","[1395807, 1396253, 1390910, 1364071]"
"CBN-PdlC-E4-20140811","[1395807, 1394877, 1390782, 1395870]"
"CBN-PdlC-E4-20140901","[1395807, 1392608, 1360299, 1361347]"
"CBN-PdlC-E4-20150701","[1395807, 1741880, 1390910, 1395870]"
"CBN-PdlC-E4-20150720","[1395807, 1396843, 1393665, 1361596]"
"CBN-PdlC-E4-20150810","[1395807, 1361281, 1722436, 1363056]"
"CBN-PdlC-E4-20160705","[1395807, 1361592, 1396253, 1361594]"
"CBN-PdlC-E4-20160726","[1741880, 1395807, 1390910, 1359835]"
"CBN-PdlC-E4-20170816","[1395807, 1390764, 1390910, 1390801]"
"CBN-PdlC-E4-20170906","[1362331, 1392059, 1392067, 1361281]"
"CBN-PdlC-E4-20180702","[1394630, 1390793, 1396253, 1390756]"
"CBN-PdlC-E4-20180723","[1390910, 1397430, 1393681, 1359526]"
"CBN-PdlC-E4-20180815","[1395807, 1362331, 1390764, 1390786]"
"CBN-PdlC-E4-20180905","[1392059, 1391881, 1363553, 1361596]"
"CBN-PdlC-E4-20190701","[1395807, 1390910, 1418688, 1364068]"
"CBN-PdlC-E4-20190812","[1395807, 1393665, 1356275, 1363056]"
"CBN-PdlC-E4-20190909","[1362331, 1390764, 1392821, 1650228]"
"CBN-PdlC-E4-20200629","[1418688, 1361592, 1361596, 1741880]"
"CBN-PdlC-E4-20200722","[1395807, 1393681, 1390910, 1397430]"
"CBN-PdlC-E4-20200812","[1395807, 1363056, 1390910, 1390811]"
"CBN-PdlC-E5-20130723","[1361077, 1394597, 1664563, 1390793]"
"CBN-PdlC-E5-20130807","[1392608, 1395807, 1390793, 1393200]"
"CBN-PdlC-E5-20130903","[1390793, 1360874, 1361057, 1392608]"
"CBN-PdlC-E5-20140630","[1390793, 1393200, 1360299, 1390910]"
"CBN-PdlC-E5-20140721","[1390793, 1395807, 1390910, 1392608]"
"CBN-PdlC-E5-20140811","[1393200, 1395807, 1390793, 1360299]"
"CBN-PdlC-E5-20150720","[1395807, 1392608, 1396843, 1390793]"
"CBN-PdlC-E5-20150810","[1395807, 1392608, 1390786, 1393845]"
"CBN-PdlC-E5-20150831","[1395807, 1390793, 1393200, 1392608]"
"CBN-PdlC-E5-20160705","[1392608, 1393200, 1360299, 1395807]"
"CBN-PdlC-E5-20160726","[1395807, 1360874, 1392608, 1396843]"
"CBN-PdlC-E5-20170816","[1395807, 1390793, 1396253, 1360312]"
"CBN-PdlC-E5-20170906","[1390793, 1363424, 1390910, 1361233]"
"CBN-PdlC-E5-20180702","[1394597, 1394603, 1360299, 1394598]"
"CBN-PdlC-E5-20180723","[1392608, 1360299, 1362745, 1360874]"
"CBN-PdlC-E5-20180815","[1395807, 1392608, 1395868, 1360312]"
"CBN-PdlC-E5-20180905","[1390793, 1654153, 1390910, 1361233]"
"CBN-PdlC-E5-20190722","[1360299, 1420364, 1392608, 1360874]"
"CBN-PdlC-E5-20190812","[1390793, 1390910, 1392608, 1393200]"
"CBN-PdlC-E5-20190909","[1390793, 1395807, 1390910, 1394366]"
"CBN-PdlC-E5-20200629","[1393200, 1360154, 1356422, 1360299]"
"CBN-PdlC-E5-20200722","[1392608, 1390793, 1395807, 1390910]"
"CBN-PdlC-E5-20200812","[1395807, 1392608, 1390793, 1396253]"
"CBN-PdlC-E6-20130723","[1361077, 1394603, 1394597, 1392407]"
"CBN-PdlC-E6-20130807","[1395807, 1390846, 1360874, 1394828]"
"CBN-PdlC-E6-20130903","[1395807, 1390793, 1396974, 1390910]"
"CBN-PdlC-E6-20140630","[1394597, 1361077, 1390927, 1356424]"
"CBN-PdlC-E6-20140721","[1395807, 1390793, 1396253, 1390910]"
"CBN-PdlC-E6-20140811","[1390793, 1395807, 1390846, 1396253]"
"CBN-PdlC-E6-20150701","[1395807, 1394828, 1396253, 1360874]"
"CBN-PdlC-E6-20150720","[1395807, 1396843, 1390793, 1390910]"
"CBN-PdlC-E6-20150810","[1395807, 1362331, 1390846, 1390793]"
"CBN-PdlC-E6-20150831","[1390793, 1395807, 1396253, 1395870]"
"CBN-PdlC-E6-20160705","[1392608, 1395807, 1392612, 1397043]"
"CBN-PdlC-E6-20160726","[1395807, 1390793, 1390910, 1363424]"
"CBN-PdlC-E6-20170816","[1396253, 1395807, 1654153, 1394311]"
"CBN-PdlC-E6-20170906","[1395807, 1402995, 1363543, 1396253]"
"CBN-PdlC-E6-20180702","[1394598, 1394603, 1394597, 1394663]"
"CBN-PdlC-E6-20180723","[1394828, 1395807, 1390910, 1392552]"
"CBN-PdlC-E6-20180815","[1395807, 1361944, 1396253, 1358379]"
"CBN-PdlC-E6-20180905","[1402995, 1394655, 1363543, 1393878]"
"CBN-PdlC-E6-20190722","[1390793, 1395807, 1396253, 1394828]"
"CBN-PdlC-E6-20190812","[1395807, 1396843, 1390793, 1393604]"
"CBN-PdlC-E6-20190909","[1363543, 1395807, 1390793, 1654153]"
"CBN-PdlC-E6-20200629","[1418612, 1394598, 1390910, 1394603]"
"CBN-PdlC-E6-20200722","[1395807, 1390793, 1402995, 1363543]"
"CBN-PdlC-E6-20200812","[1395807, 1389810, 1396253, 1397193]"
"CBN-PdlC-F1-20130723","[1394603, 1394598, 1394595, 1395807]"
"CBN-PdlC-F1-20130807","[1390793, 1395807, 1394603, 1391881]"
"CBN-PdlC-F1-20130903","[1395807, 1395870, 1397046, 1741880]"
"CBN-PdlC-F1-20140630","[1394597, 1396180, 1394598, 1397046]"
"CBN-PdlC-F1-20140721","[1395807, 1394282, 1395855, 1741810]"
"CBN-PdlC-F1-20140811","[1395807, 1394311, 1397046, 1741880]"
"CBN-PdlC-F1-20140901","[1395807, 1741880, 1396733, 1397043]"
"CBN-PdlC-F1-20150701","[1395807, 1395870, 1395855, 1392556]"
"CBN-PdlC-F1-20150720","[1395807, 1396253, 1395868, 1720959]"
"CBN-PdlC-F1-20150810","[1395807, 1389627, 1362331, 1393824]"
"CBN-PdlC-F1-20150831","[1395807, 1393245, 1394311, 1395870]"
"CBN-PdlC-F1-20160705","[1395807, 1395855, 1395870, 1741810]"
"CBN-PdlC-F1-20160726","[1395807, 1741880, 1395868, 1396974]"
"CBN-PdlC-F1-20170816","[1395807, 1396253, 1741880, 1356424]"
"CBN-PdlC-F1-20170906","[1394603, 1390837, 1361233, 1395807]"
"CBN-PdlC-F1-20180702","[1390793, 1395807, 1741880, 1394603]"
"CBN-PdlC-F1-20180723","[1395807, 1741880, 1395870, 1396253]"
"CBN-PdlC-F1-20180815","[1395807, 1394595, 1361077, 1361281]"
"CBN-PdlC-F1-20180905","[1394603, 1390793, 1396253, 1394595]"
"CBN-PdlC-F1-20190701","[1395807, 1741880, 1395870, 1395868]"
"CBN-PdlC-F1-20190812","[1395807, 1390793, 1361914, 1396253]"
"CBN-PdlC-F1-20190909","[1390793, 1395807, 1361281, 1394311]"
"CBN-PdlC-F1-20200629","[1395807, 1394603, 1390910, 1741880]"
"CBN-PdlC-F1-20200722","[1395807, 1390846, 1390910, 1390793]"
"CBN-PdlC-F1-20200812","[1390793, 1395807, 1361281, 1390846]"
"CBN-PdlC-F2-20130723","[1394603, 1394598, 1394595, 1395807]"
"CBN-PdlC-F2-20130807","[1395807, 1361092, 1395000, 1360985]"
"CBN-PdlC-F2-20130903","[1393245, 1395807, 1397046, 1391331]"
"CBN-PdlC-F2-20140630","[1361281, 1395807, 1394603, 1397046]"
"CBN-PdlC-F2-20140721","[1395807, 1394322, 1395855, 1412857]"
"CBN-PdlC-F2-20140811","[1412857, 1395807, 1395868, 1396253]"
"CBN-PdlC-F2-20140901","[1395807, 1361338, 1389627, 1361281]"
"CBN-PdlC-F2-20150701","[1395807, 1412857, 1390927, 1741880]"
"CBN-PdlC-F2-20150720","[1395807, 1412857, 1394641, 1741880]"
"CBN-PdlC-F2-20150810","[1395807, 1412857, 1364037, 1390874]"
"CBN-PdlC-F2-20150831","[1395807, 1412857, 1390874, 1394641]"
"CBN-PdlC-F2-20160705","[1395807, 1396253, 1741810, 1362023]"
"CBN-PdlC-F2-20160726","[1395807, 1412857, 1363944, 1391881]"
"CBN-PdlC-F2-20170906","[1412857, 1390874, 1390793, 1396253]"
"CBN-PdlC-F2-20180702","[1394597, 1394598, 1394603, 1360299]"
"CBN-PdlC-F2-20180723","[1395807, 1397045, 1397046, 1393584]"
"CBN-PdlC-F2-20180815","[1395807, 1396253, 1412857, 1394643]"
"CBN-PdlC-F2-20180905","[1412857, 1390793, 1390874, 1664563]"
"CBN-PdlC-F2-20190701","[1395807, 1397046, 1394877, 1390910]"
"CBN-PdlC-F2-20190812","[1412857, 1395807, 1390793, 1361914]"
"CBN-PdlC-F2-20190909","[1390793, 1395807, 1390874, 1394311]"
"CBN-PdlC-F2-20200629","[1390910, 1395807, 1394595, 1394603]"
"CBN-PdlC-F2-20200722","[1395807, 1390793, 1396253, 1390910]"
"CBN-PdlC-F2-20200812","[1395807, 1390793, 1390874, 1394311]"
"CBN-PdlC-F3-20130723","[1361233, 1391666, 1361347, 1394663]"
"CBN-PdlC-F3-20130807","[1394877, 1420364, 1356275, 1363056]"
"CBN-PdlC-F3-20130903","[1392299, 1390756, 1390874, 1361347]"
"CBN-PdlC-F3-20140630","[1390927, 1360299, 1361077, 1654153]"
"CBN-PdlC-F3-20140721","[1392608, 1391666, 1361074, 1395807]"
"CBN-PdlC-F3-20140811","[1395807, 1362023, 1390910, 1392608]"
"CBN-PdlC-F3-20140901","[1395807, 1361347, 1361281, 1361284]"
"CBN-PdlC-F3-20150701","[1391666, 1395807, 1397046, 1390910]"
"CBN-PdlC-F3-20150720","[1392608, 1395807, 1362023, 1390910]"
"CBN-PdlC-F3-20150810","[1392299, 1396838, 1395807, 1390874]"
"CBN-PdlC-F3-20150831","[1395807, 1396838, 1390910, 1361347]"
"CBN-PdlC-F3-20160705","[1395807, 1361592, 1390760, 1362023]"
"CBN-PdlC-F3-20160726","[1362023, 1392309, 1361594, 1395807]"
"CBN-PdlC-F3-20170816","[1395807, 1361347, 1390874, 1361281]"
"CBN-PdlC-F3-20170906","[1531145, 1361347, 1395807, 1362023]"
"CBN-PdlC-F3-20180702","[1390927, 1363056, 1391666, 1361347]"
"CBN-PdlC-F3-20180723","[1392299, 1392309, 1392608, 1395807]"
"CBN-PdlC-F3-20180815","[1392299, 1361077, 1395807, 1361284]"
"CBN-PdlC-F3-20180905","[1390874, 1362023, 1361335, 1361347]"
"CBN-PdlC-F3-20190701","[1395807, 1361233, 1361284, 1363056]"
"CBN-PdlC-F3-20190722","[1395807, 1390910, 1393681, 1361077]"
"CBN-PdlC-F3-20190812","[1363056, 1395807, 1361914, 1393660]"
"CBN-PdlC-F3-20190909","[1390874, 1531145, 1390793, 1362592]"
"CBN-PdlC-F3-20200629","[1397500, 1390927, 1395807, 1390910]"
"CBN-PdlC-F3-20200722","[1395807, 1390659, 1361592, 1393681]"
"CBN-PdlC-F3-20200812","[1396838, 1395807, 1390874, 1394311]"
"CBN-PdlC-F4-20130723","[1390927, 1396253, 1393200, 1397500]"
"CBN-PdlC-F4-20130807","[1396253, 1397500, 1360874, 1390690]"
"CBN-PdlC-F4-20130903","[1397430, 1393200, 1356772, 1361914]"
"CBN-PdlC-F4-20140630","[1393200, 1664563, 1361077, 1360299]"
"CBN-PdlC-F4-20140811","[1395807, 1392608, 1361077, 1396253]"
"CBN-PdlC-F4-20140901","[1397430, 1395807, 1360874, 1392608]"
"CBN-PdlC-F4-20150701","[1392608, 1394630, 1397430, 1360299]"
"CBN-PdlC-F4-20150720","[1395807, 1392608, 1394828, 1393660]"
"CBN-PdlC-F4-20150810","[1360299, 1361281, 1393660, 1392608]"
"CBN-PdlC-F4-20150831","[1394630, 1390910, 1395807, 1728709]"
"CBN-PdlC-F4-20160705","[1392608, 1395807, 1390910, 1361592]"
"CBN-PdlC-F4-20160726","[1392608, 1362331, 1395807, 1363056]"
"CBN-PdlC-F4-20170816","[1395807, 1396253, 1420364, 1360312]"
"CBN-PdlC-F4-20170906","[1390910, 1390837, 1392309, 1394866]"
"CBN-PdlC-F4-20180702","[1363056, 1392608, 1393200, 1360299]"
"CBN-PdlC-F4-20180723","[1392608, 1362331, 1360299, 1361099]"
"CBN-PdlC-F4-20180815","[1361914, 1392299, 1395807, 1356275]"
"CBN-PdlC-F4-20180905","[1363056, 1391666, 1390910, 1390927]"
"CBN-PdlC-F4-20190701","[1395807, 1392608, 1394630, 1390910]"
"CBN-PdlC-F4-20190722","[1396843, 1362331, 1741754, 1392608]"
"CBN-PdlC-F4-20190812","[1392608, 1356275, 1360299, 1361281]"
"CBN-PdlC-F4-20190909","[1392608, 1390874, 1361281, 1393679]"
"CBN-PdlC-F4-20200629","[1397500, 1390910, 1393200, 1360299]"
"CBN-PdlC-F4-20200722","[1362331, 1393213, 1361592, 1360299]"
"CBN-PdlC-F4-20200812","[1361914, 1363056, 1361389, 1397430]"
"CBN-PdlC-F5-20130723","[1361077, 1420364, 1390880, 1667816]"
"CBN-PdlC-F5-20130903","[1395807, 1390761, 1392608, 1390910]"
"CBN-PdlC-F5-20140630","[1361077, 1390910, 1360299, 1664563]"
"CBN-PdlC-F5-20140721","[1390793, 1390910, 1395807, 1392608]"
"CBN-PdlC-F5-20140811","[1395807, 1390910, 1390793, 1392608]"
"CBN-PdlC-F5-20150701","[1392608, 1395807, 1390910, 1361077]"
"CBN-PdlC-F5-20150720","[1392608, 1396253, 1395807, 1394542]"
"CBN-PdlC-F5-20150810","[1392608, 1390910, 1395807, 1390793]"
"CBN-PdlC-F5-20150831","[1390793, 1395807, 1390910, 1396253]"
"CBN-PdlC-F5-20160705","[1395807, 1390910, 1360299, 1392608]"
"CBN-PdlC-F5-20160726","[1390793, 1395807, 1390910, 1390874]"
"CBN-PdlC-F5-20170816","[1396253, 1390793, 1390910, 1394877]"
"CBN-PdlC-F5-20170906","[1390793, 1361077, 1396253, 1418688]"
"CBN-PdlC-F5-20180702","[1360299, 1390910, 1361077, 1390782]"
"CBN-PdlC-F5-20180723","[1392608, 1390910, 1395807, 1392614]"
"CBN-PdlC-F5-20180815","[1390793, 1395807, 1390874, 1741880]"
"CBN-PdlC-F5-20180905","[1654153, 1390793, 1391331, 1396253]"
"CBN-PdlC-F5-20190722","[1392608, 1363282, 1359274, 1396843]"
"CBN-PdlC-F5-20190812","[1396253, 1363282, 1392608, 1390910]"
"CBN-PdlC-F5-20190909","[1390793, 1395807, 1390874, 1361347]"
"CBN-PdlC-F5-20200629","[1390910, 1741880, 1390793, 1395807]"
"CBN-PdlC-F5-20200722","[1395807, 1390910, 1741880, 1363282]"
"CBN-PdlC-F5-20200812","[1390793, 1395807, 1390874, 1392608]"
"CBN-PdlC-F6-20130723","[1363282, 1390910, 1361077, 1394877]"
"CBN-PdlC-F6-20130807","[1390910, 1356275, 1363282, 1396843]"
"CBN-PdlC-F6-20130903","[1390793, 1390910, 1363282, 1743235]"
"CBN-PdlC-F6-20140630","[1390910, 1361077, 1390846, 1390927]"
"CBN-PdlC-F6-20140721","[1390793, 1390910, 1395807, 1361050]"
"CBN-PdlC-F6-20140811","[1390793, 1395807, 1390910, 1392556]"
"CBN-PdlC-F6-20150701","[1390910, 1395807, 1396843, 1390793]"
"CBN-PdlC-F6-20150720","[1394540, 1396253, 1395807, 1402995]"
"CBN-PdlC-F6-20150810","[1390793, 1390761, 1390910, 1361057]"
"CBN-PdlC-F6-20150831","[1390793, 1395807, 1390910, 1418688]"
"CBN-PdlC-F6-20160705","[1390793, 1390910, 1361077, 1397168]"
"CBN-PdlC-F6-20160726","[1396253, 1390793, 1390910, 1390837]"
"CBN-PdlC-F6-20170816","[1390793, 1395807, 1396253, 1390910]"
"CBN-PdlC-F6-20170906","[1390793, 1391797, 1395807, 1390910]"
"CBN-PdlC-F6-20180702","[1394597, 1390910, 1394598, 1390793]"
"CBN-PdlC-F6-20180723","[1390910, 1390837, 1361077, 1390793]"
"CBN-PdlC-F6-20180815","[1390793, 1390874, 1394866, 1390910]"
"CBN-PdlC-F6-20180905","[1390793, 1390837, 1390910, 1391331]"
"CBN-PdlC-F6-20190722","[1392608, 1390756, 1390793, 1390910]"
"CBN-PdlC-F6-20190812","[1390793, 1390910, 1395807, 1390837]"
"CBN-PdlC-F6-20190909","[1390793, 1390910, 1362331, 1390874]"
"CBN-PdlC-F6-20200629","[1390910, 1394597, 1395000, 1395807]"
"CBN-PdlC-F6-20200722","[1395807, 1390793, 1390910, 1359835]"
"CBN-PdlC-F6-20200812","[1390793, 1395807, 1392407, 1390874]"
"CBN-Pla-A1-20130808","[1395807, 1395855, 1360590, 1390793]"
"CBN-Pla-A1-20130904","[1395807, 1391144, 1361281, 1362023]"
"CBN-Pla-A1-20140722","[1397475, 1396974, 1654153, 1390793]"
"CBN-Pla-A1-20140812","[1395807, 1397475, 1395190, 1390910]"
"CBN-Pla-A1-20140902","[1395807, 1395190, 1397475, 1390756]"
"CBN-Pla-A1-20150702","[1390793, 1412857, 1391144, 1394311]"
"CBN-Pla-A1-20150723","[1395807, 1397475, 1395190, 1397392]"
"CBN-Pla-A1-20150811","[1395807, 1397475, 1390756, 1412857]"
"CBN-Pla-A1-20150901","[1412857, 1395807, 1397475, 1390793]"
"CBN-Pla-A1-20160707","[1390793, 1394311, 1395190, 1390910]"
"CBN-Pla-A1-20160728","[1395807, 1361281, 1390793, 1390910]"
"CBN-Pla-A1-20180724","[1390793, 1391144, 1396971, 1361347]"
"CBN-Pla-A1-20180816","[1395807, 1397500, 1395190, 1397475]"
"CBN-Pla-A1-20180906","[1395807, 1395870, 1390756, 1361914]"
"CBN-Pla-A1-20190723","[1395807, 1396971, 1390793, 1397500]"
"CBN-Pla-A1-20190814","[1395807, 1361281, 1395868, 1412857]"
"CBN-Pla-A1-20200630","[1361703, 1651061, 1738690, 1744643]"
"CBN-Pla-A1-20200723","[1395807, 1397500, 1395190, 1519650]"
"CBN-Pla-A1-20200814","[1361914, 1395190, 1392552, 1392566]"
"CBN-Pla-A2-20130724","[1390793, 1361281, 1390904, 1394311]"
"CBN-Pla-A2-20130808","[1395807, 1397500, 1359835, 1361281]"
"CBN-Pla-A2-20130904","[1395807, 1359835, 1392407, 1361281]"
"CBN-Pla-A2-20140722","[1390793, 1361347, 1397513, 1361077]"
"CBN-Pla-A2-20140812","[1395807, 1390910, 1395868, 1397043]"
"CBN-Pla-A2-20140902","[1395807, 1397500, 1390874, 1394311]"
"CBN-Pla-A2-20150702","[1390910, 1390837, 1390756, 1390793]"
"CBN-Pla-A2-20150723","[1395807, 1361281, 1394641, 1395868]"
"CBN-Pla-A2-20150811","[1395807, 1390910, 1392558, 1392552]"
"CBN-Pla-A2-20150901","[1395807, 1390793, 1394311, 1396974]"
"CBN-Pla-A2-20160707","[1390793, 1395993, 1395807, 1394311]"
"CBN-Pla-A2-20160728","[1395807, 1395870, 1390910, 1395868]"
"CBN-Pla-A2-20180724","[1395949, 1394311, 1390793, 1396015]"
"CBN-Pla-A2-20180816","[1395807, 1395949, 1397046, 1394311]"
"CBN-Pla-A2-20180906","[1395807, 1395949, 1361914, 1392299]"
"CBN-Pla-A2-20190723","[1395807, 1390910, 1394311, 1418688]"
"CBN-Pla-A2-20190814","[1395807, 1395868, 1394311, 1395949]"
"CBN-Pla-A2-20200723","[1395807, 1390793, 1390910, 1394877]"
"CBN-Pla-A2-20200814","[1395807, 1394311, 1741880, 1396144]"
"CBN-Pla-A3-20130724","[1359937, 1390793, 1361281, 1744643]"
"CBN-Pla-A3-20130808","[1395807, 1397500, 1395870, 1390910]"
"CBN-Pla-A3-20130904","[1395807, 1395870, 1741880, 1397500]"
"CBN-Pla-A3-20140722","[1361373, 1397491, 1394311, 1390793]"
"CBN-Pla-A3-20140812","[1395807, 1395870, 1363622, 1396253]"
"CBN-Pla-A3-20140902","[1395807, 1361333, 1396974, 1397046]"
"CBN-Pla-A3-20150702","[1390793, 1396094, 1741880, 1397513]"
"CBN-Pla-A3-20150723","[1395807, 1395870, 1394311, 1741880]"
"CBN-Pla-A3-20150811","[1395807, 1395870, 1390910, 1390874]"
"CBN-Pla-A3-20150901","[1395807, 1390793, 1395870, 1479766]"
"CBN-Pla-A3-20160707","[1390793, 1741880, 1395870, 1396094]"
"CBN-Pla-A3-20160728","[1395807, 1391881, 1395870, 1394311]"
"CBN-Pla-A3-20180724","[1741880, 1361281, 1392632, 1738699]"
"CBN-Pla-A3-20180816","[1395807, 1395870, 1394630, 1361281]"
"CBN-Pla-A3-20180906","[1395807, 1396253, 1741880, 1395870]"
"CBN-Pla-A3-20190723","[1395807, 1395870, 1741880, 1394848]"
"CBN-Pla-A3-20190814","[1395807, 1395870, 1392407, 1741880]"
"CBN-Pla-A3-20200723","[1395807, 1359835, 1390910, 1741880]"
"CBN-Pla-A3-20200814","[1395807, 1395870, 1741880, 1362482]"
"CBN-Pla-A4-20130724","[1361281, 1361573, 1362023, 1392315]"
"CBN-Pla-A4-20130808","[1395807, 1395870, 1741880, 1397500]"
"CBN-Pla-A4-20130904","[1395807, 1741880, 1395870, 1395990]"
"CBN-Pla-A4-20140722","[1361281, 1362023, 1390756, 1361347]"
"CBN-Pla-A4-20140812","[1395807, 1741880, 1395870, 1390756]"
"CBN-Pla-A4-20140902","[1395807, 1395870, 1397500, 1741880]"
"CBN-Pla-A4-20150702","[1741880, 1395990, 1390874, 1390756]"
"CBN-Pla-A4-20150723","[1395807, 1395870, 1395868, 1741880]"
"CBN-Pla-A4-20150811","[1395807, 1395870, 1361347, 1360269]"
"CBN-Pla-A4-20150901","[1395807, 1395870, 1741880, 1360269]"
"CBN-Pla-A4-20160707","[1390793, 1396144, 1741880, 1395870]"
"CBN-Pla-A4-20160728","[1395807, 1390874, 1397046, 1395870]"
"CBN-Pla-A4-20180724","[1361347, 1394311, 1361281, 1390756]"
"CBN-Pla-A4-20180816","[1395807, 1395870, 1390793, 1395868]"
"CBN-Pla-A4-20180906","[1395807, 1395870, 1741880, 1361347]"
"CBN-Pla-A4-20190723","[1395807, 1393708, 1395870, 1741880]"
"CBN-Pla-A4-20190814","[1395807, 1390756, 1741880, 1395870]"
"CBN-Pla-A4-20200723","[1395807, 1741880, 1390793, 1395870]"
"CBN-Pla-A4-20200814","[1395807, 1741880, 1397500, 1395868]"
"CBN-Pla-A5-20130724","[1361281, 1361092, 1390756, 1390793]"
"CBN-Pla-A5-20130808","[1741880, 1395807, 1395870, 1361281]"
"CBN-Pla-A5-20130904","[1395807, 1741880, 1395870, 1390793]"
"CBN-Pla-A5-20140722","[1361281, 1396167, 1395949, 1394311]"
"CBN-Pla-A5-20140812","[1395807, 1395870, 1741880, 1392407]"
"CBN-Pla-A5-20140902","[1395807, 1741880, 1395870, 1360269]"
"CBN-Pla-A5-20150702","[1396169, 1390793, 1741880, 1393703]"
"CBN-Pla-A5-20150723","[1395807, 1741880, 1395870, 1397500]"
"CBN-Pla-A5-20150811","[1395807, 1741880, 1395870, 1360269]"
"CBN-Pla-A5-20160707","[1390793, 1741880, 1395949, 1392407]"
"CBN-Pla-A5-20160728","[1395807, 1395870, 1741880, 1364068]"
"CBN-Pla-A5-20180724","[1394311, 1741880, 1361281, 1361914]"
"CBN-Pla-A5-20180816","[1395807, 1395870, 1741880, 1397500]"
"CBN-Pla-A5-20180906","[1395807, 1741880, 1395870, 1395868]"
"CBN-Pla-A5-20190723","[1395807, 1741880, 1395870, 1364068]"
"CBN-Pla-A5-20190814","[1395807, 1390793, 1395870, 1741880]"
"CBN-Pla-A5-20200723","[1395807, 1395870, 1741880, 1360269]"
"CBN-Pla-A5-20200814","[1395807, 1395870, 1361281, 1741880]"
"CBN-Pla-A6-20130724","[1390793, 1609716, 1390874, 1397528]"
"CBN-Pla-A6-20130808","[1395807, 1397500, 1395870, 1741880]"
"CBN-Pla-A6-20130904","[1395807, 1390793, 1395870, 1741880]"
"CBN-Pla-A6-20140722","[1390793, 1396167, 1361077, 1390837]"
"CBN-Pla-A6-20140812","[1395807, 1363622, 1397500, 1741880]"
"CBN-Pla-A6-20140902","[1741880, 1395807, 1395870, 1390910]"
"CBN-Pla-A6-20150702","[1390793, 1356424, 1741880, 1395949]"
"CBN-Pla-A6-20150723","[1395807, 1395870, 1741880, 1390910]"
"CBN-Pla-A6-20150811","[1395807, 1390793, 1395870, 1741880]"
"CBN-Pla-A6-20150901","[1390793, 1395807, 1395870, 1741880]"
"CBN-Pla-A6-20160707","[1390793, 1741880, 1395949, 1397045]"
"CBN-Pla-A6-20160728","[1395807, 1741880, 1395870, 1360269]"
"CBN-Pla-A6-20180724","[1390793, 1394311, 1390874, 1396180]"
"CBN-Pla-A6-20180816","[1395807, 1390793, 1395870, 1397500]"
"CBN-Pla-A6-20180906","[1395807, 1390793, 1397500, 1362729]"
"CBN-Pla-A6-20190723","[1395807, 1654153, 1395870, 1741880]"
"CBN-Pla-A6-20190814","[1395807, 1390793, 1741880, 1395870]"
"CBN-Pla-A6-20200723","[1395807, 1395870, 1741880, 1390910]"
"CBN-Pla-A6-20200814","[1390793, 1395807, 1395870, 1397500]"
"CBN-Pla-B1-20130724","[1390793, 1390874, 1651061, 1743927]"
"CBN-Pla-B1-20130808","[1390793, 1395807, 1395001, 1390846]"
"CBN-Pla-B1-20130904","[1395807, 1390793, 1394311, 1390846]"
"CBN-Pla-B1-20140722","[1654153, 1392407, 1394309, 1363526]"
"CBN-Pla-B1-20140812","[1395807, 1390910, 1394311, 1362331]"
"CBN-Pla-B1-20140902","[1390910, 1395807, 1742052, 1397500]"
"CBN-Pla-B1-20150702","[1418612, 1743235, 1390910, 1361281]"
"CBN-Pla-B1-20150723","[1395807, 1362348, 1394309, 1363056]"
"CBN-Pla-B1-20150811","[1395807, 1390793, 1390910, 1395868]"
"CBN-Pla-B1-20150901","[1390793, 1412857, 1395807, 1418612]"
"CBN-Pla-B1-20160707","[1390793, 1394311, 1394309, 1390874]"
"CBN-Pla-B1-20160728","[1412857, 1395807, 1390874, 1390910]"
"CBN-Pla-B1-20180724","[1390793, 1390910, 1390756, 1361347]"
"CBN-Pla-B1-20180816","[1395807, 1361113, 1390910, 1393473]"
"CBN-Pla-B1-20180906","[1390874, 1361099, 1737693, 1361347]"
"CBN-Pla-B1-20190723","[1395807, 1412857, 1519650, 1390910]"
"CBN-Pla-B1-20190814","[1395868, 1519650, 1394311, 1361914]"
"CBN-Pla-B1-20200630","[1356307, 1361703, 1364037, 1720968]"
"CBN-Pla-B1-20200723","[1395807, 1394311, 1390910, 1390793]"
"CBN-Pla-B1-20200814","[1390874, 1390837, 1390756, 1390910]"
"CBN-Pla-B2-20130724","[1720968, 1356440, 1390846, 1356371]"
"CBN-Pla-B2-20130808","[1395807, 1390793, 1397500, 1390910]"
"CBN-Pla-B2-20130904","[1395807, 1390874, 1741880, 1654153]"
"CBN-Pla-B2-20140722","[1390793, 1393703, 1361281, 1394311]"
"CBN-Pla-B2-20140812","[1395807, 1390793, 1390910, 1390846]"
"CBN-Pla-B2-20140902","[1395807, 1361281, 1361372, 1737693]"
"CBN-Pla-B2-20150702","[1390793, 1390910, 1390756, 1393702]"
"CBN-Pla-B2-20150723","[1395807, 1356397, 1721729, 1395870]"
"CBN-Pla-B2-20150811","[1395807, 1394311, 1395868, 1390756]"
"CBN-Pla-B2-20150901","[1395807, 1390910, 1394311, 1390793]"
"CBN-Pla-B2-20160707","[1390793, 1741880, 1395870, 1390874]"
"CBN-Pla-B2-20160728","[1395807, 1390793, 1396843, 1741880]"
"CBN-Pla-B2-20180724","[1390874, 1743235, 1394311, 1651061]"
"CBN-Pla-B2-20180816","[1395807, 1395868, 1395870, 1362745]"
"CBN-Pla-B2-20180906","[1395807, 1390793, 1390910, 1395868]"
"CBN-Pla-B2-20190723","[1395807, 1390910, 1395868, 1390880]"
"CBN-Pla-B2-20190814","[1395807, 1395870, 1363056, 1394311]"
"CBN-Pla-B2-20200723","[1395807, 1741880, 1390793, 1390910]"
"CBN-Pla-B2-20200814","[1395807, 1395870, 1361914, 1395868]"
"CBN-Pla-B3-20130724","[1359587, 1361281, 1361092, 1361347]"
"CBN-Pla-B3-20130808","[1395807, 1394311, 1397500, 1395000]"
"CBN-Pla-B3-20130904","[1395807, 1390874, 1394311, 1392407]"
"CBN-Pla-B3-20140722","[1390793, 1390756, 1361092, 1390904]"
"CBN-Pla-B3-20140812","[1395807, 1390793, 1390910, 1394311]"
"CBN-Pla-B3-20140902","[1395807, 1361333, 1393788, 1395868]"
"CBN-Pla-B3-20150811","[1395807, 1394311, 1390874, 1654153]"
"CBN-Pla-B3-20150901","[1395807, 1390793, 1390910, 1390874]"
"CBN-Pla-B3-20160707","[1390793, 1394311, 1741880, 1390846]"
"CBN-Pla-B3-20160728","[1395807, 1394311, 1654153, 1361281]"
"CBN-Pla-B3-20180724","[1743235, 1390793, 1390874, 1397234]"
"CBN-Pla-B3-20180816","[1395807, 1395870, 1418688, 1741880]"
"CBN-Pla-B3-20180906","[1395807, 1742052, 1390793, 1390910]"
"CBN-Pla-B3-20190723","[1395807, 1741880, 1395870, 1392407]"
"CBN-Pla-B3-20190814","[1395807, 1394311, 1390874, 1392299]"
"CBN-Pla-B3-20200723","[1395807, 1390793, 1391881, 1390910]"
"CBN-Pla-B3-20200814","[1395807, 1394311, 1741880, 1395868]"
"CBN-Pla-B4-20130724","[1361092, 1390793, 1361347, 1361281]"
"CBN-Pla-B4-20130808","[1395807, 1392299, 1361284, 1397500]"
"CBN-Pla-B4-20130904","[1395807, 1392299, 1361281, 1397046]"
"CBN-Pla-B4-20140722","[1361281, 1390793, 1390756, 1362023]"
"CBN-Pla-B4-20140812","[1395807, 1390910, 1395868, 1395870]"
"CBN-Pla-B4-20140902","[1395807, 1361099, 1390793, 1390756]"
"CBN-Pla-B4-20150702","[1390793, 1390756, 1390837, 1361347]"
"CBN-Pla-B4-20150723","[1395807, 1361281, 1392299, 1390880]"
"CBN-Pla-B4-20150811","[1390874, 1390910, 1395807, 1395868]"
"CBN-Pla-B4-20150901","[1395807, 1361347, 1390910, 1390874]"
"CBN-Pla-B4-20160707","[1390910, 1390793, 1361347, 1390756]"
"CBN-Pla-B4-20160728","[1395807, 1397046, 1390793, 1390910]"
"CBN-Pla-B4-20180724","[1390756, 1390910, 1361281, 1361347]"
"CBN-Pla-B4-20180816","[1395807, 1397046, 1394311, 1397045]"
"CBN-Pla-B4-20180906","[1395807, 1390793, 1390910, 1390756]"
"CBN-Pla-B4-20190723","[1395807, 1395870, 1390910, 1395868]"
"CBN-Pla-B4-20190814","[1395807, 1390756, 1397500, 1392299]"
"CBN-Pla-B4-20200723","[1395807, 1390910, 1390793, 1390756]"
"CBN-Pla-B4-20200814","[1395807, 1390793, 1395868, 1390756]"
"CBN-Pla-B5-20130724","[1390756, 1390837, 1390874, 1390846]"
"CBN-Pla-B5-20130808","[1395807, 1363622, 1397500, 1395870]"
"CBN-Pla-B5-20130904","[1395807, 1360435, 1395870, 1394311]"
"CBN-Pla-B5-20140722","[1356424, 1393703, 1390846, 1390793]"
"CBN-Pla-B5-20140812","[1395807, 1390910, 1397500, 1363622]"
"CBN-Pla-B5-20140902","[1393320, 1395807, 1361195, 1390659]"
"CBN-Pla-B5-20150702","[1390793, 1390904, 1390910, 1361281]"
"CBN-Pla-B5-20150723","[1395807, 1395758, 1395870, 1397043]"
"CBN-Pla-B5-20150811","[1395807, 1395870, 1390910, 1720959]"
"CBN-Pla-B5-20150901","[1395870, 1390874, 1395807, 1361284]"
"CBN-Pla-B5-20160707","[1390793, 1395870, 1741880, 1392407]"
"CBN-Pla-B5-20160728","[1395870, 1395807, 1393496, 1395758]"
"CBN-Pla-B5-20180724","[1395990, 1397500, 1361347, 1523597]"
"CBN-Pla-B5-20180816","[1395807, 1390910, 1390659, 1395870]"
"CBN-Pla-B5-20180906","[1390793, 1397500, 1392407, 1737693]"
"CBN-Pla-B5-20190723","[1395807, 1390910, 1397123, 1479766]"
"CBN-Pla-B5-20190814","[1395807, 1362331, 1361281, 1363056]"
"CBN-Pla-B5-20200723","[1395807, 1397043, 1395870, 1390659]"
"CBN-Pla-B5-20200814","[1395807, 1361233, 1395870, 1741880]"
"CBN-Pla-B6-20130724","[1390793, 1361092, 1397513, 1390874]"
"CBN-Pla-B6-20130808","[1395807, 1393824, 1395990, 1361281]"
"CBN-Pla-B6-20130904","[1395807, 1361281, 1396180, 1392299]"
"CBN-Pla-B6-20140722","[1390793, 1395949, 1390756, 1395945]"
"CBN-Pla-B6-20140812","[1396144, 1394311, 1395945, 1395993]"
"CBN-Pla-B6-20140902","[1395807, 1395868, 1361281, 1741589]"
"CBN-Pla-B6-20150702","[1390793, 1396169, 1393702, 1390910]"
"CBN-Pla-B6-20150723","[1395807, 1395940, 1361281, 1395868]"
"CBN-Pla-B6-20150811","[1395807, 1361092, 1390910, 1360269]"
"CBN-Pla-B6-20150901","[1390793, 1395807, 1395993, 1395945]"
"CBN-Pla-B6-20160707","[1395949, 1396180, 1361077, 1390756]"
"CBN-Pla-B6-20160728","[1394311, 1390927, 1395945, 1395807]"
"CBN-Pla-B6-20180816","[1395807, 1395993, 1395945, 1390756]"
"CBN-Pla-B6-20180906","[1395807, 1395940, 1396015, 1392299]"
"CBN-Pla-B6-20190723","[1395807, 1390910, 1363056, 1390793]"
"CBN-Pla-B6-20190814","[1390756, 1395807, 1390910, 1392299]"
"CBN-Pla-B6-20200723","[1395807, 1392299, 1654153, 1741880]"
"CBN-Pla-B6-20200814","[1395807, 1390756, 1390793, 1397376]"
"CBN-Pla-C1-20130808","[1390910, 1395807, 1397046, 1390793]"
"CBN-Pla-C1-20130904","[1395000, 1361281, 1397046, 1394910]"
"CBN-Pla-C1-20150702","[1390793, 1390910, 1397046, 1741880]"
"CBN-Pla-C1-20150723","[1397046, 1741706, 1654153, 1361284]"
"CBN-Pla-C1-20150811","[1395807, 1394311, 1395870, 1390756]"
"CBN-Pla-C1-20150901","[1395807, 1390793, 1390910, 1397046]"
"CBN-Pla-C1-20160707","[1390793, 1394311, 1395807, 1397046]"
"CBN-Pla-C1-20160728","[1395807, 1397046, 1654153, 1394910]"
"CBN-Pla-C1-20180816","[1395807, 1397046, 1390793, 1390910]"
"CBN-Pla-C1-20180906","[1395807, 1361092, 1397046, 1390837]"
"CBN-Pla-C1-20190723","[1395807, 1397046, 1390910, 1394911]"
"CBN-Pla-C1-20190814","[1395807, 1390910, 1397046, 1360269]"
"CBN-Pla-C1-20200723","[1395807, 1361914, 1397046, 1397500]"
"CBN-Pla-C1-20200814","[1395807, 1390910, 1397542, 1397500]"
"CBN-Pla-C2-20130808","[1390910, 1390793, 1390756, 1394311]"
"CBN-Pla-C2-20130904","[1395870, 1361281, 1363056, 1390756]"
"CBN-Pla-C2-20140722","[1390870, 1390837, 1393703, 1361281]"
"CBN-Pla-C2-20140902","[1390756, 1654153, 1390894, 1395807]"
"CBN-Pla-C2-20150702","[1390756, 1390904, 1390837, 1361281]"
"CBN-Pla-C2-20150723","[1395870, 1390756, 1395807, 1361233]"
"CBN-Pla-C2-20150811","[1395807, 1361099, 1741880, 1395870]"
"CBN-Pla-C2-20150901","[1390674, 1394542, 1395870, 1397042]"
"CBN-Pla-C2-20160707","[1390793, 1390910, 1390756, 1361281]"
"CBN-Pla-C2-20160728","[1390910, 1390874, 1390756, 1519650]"
"CBN-Pla-C2-20180724","[1390793, 1390756, 1390910, 1361092]"
"CBN-Pla-C2-20180816","[1390756, 1394630, 1361077, 1395807]"
"CBN-Pla-C2-20180906","[1390756, 1412857, 1390837, 1361284]"
"CBN-Pla-C2-20190723","[1390910, 1363056, 1390793, 1742052]"
"CBN-Pla-C2-20190814","[1392299, 1412857, 1390756, 1394311]"
"CBN-Pla-C2-20200723","[1395807, 1390910, 1390756, 1361077]"
"CBN-Pla-C2-20200814","[1361233, 1390756, 1361281, 1390793]"
"CBN-Pla-C3-20130808","[1395807, 1390793, 1390910, 1390874]"
"CBN-Pla-C3-20130904","[1390793, 1395807, 1654153, 1394311]"
"CBN-Pla-C3-20140722","[1356359, 1390837, 1359937, 1390756]"
"CBN-Pla-C3-20140902","[1395807, 1361233, 1390793, 1390874]"
"CBN-Pla-C3-20150702","[1390793, 1390837, 1390910, 1394595]"
"CBN-Pla-C3-20150723","[1395807, 1519650, 1390756, 1390880]"
"CBN-Pla-C3-20150811","[1395807, 1390756, 1390874, 1741880]"
"CBN-Pla-C3-20150901","[1390793, 1395807, 1390910, 1391881]"
"CBN-Pla-C3-20160707","[1390793, 1395807, 1390874, 1394311]"
"CBN-Pla-C3-20160728","[1395807, 1741880, 1390793, 1390910]"
"CBN-Pla-C3-20180724","[1390793, 1390837, 1390904, 1390756]"
"CBN-Pla-C3-20180816","[1390793, 1395807, 1390910, 1519650]"
"CBN-Pla-C3-20180906","[1390793, 1395807, 1395000, 1391881]"
"CBN-Pla-C3-20190723","[1395807, 1390910, 1361077, 1361233]"
"CBN-Pla-C3-20190814","[1395807, 1390793, 1390756, 1397046]"
"CBN-Pla-C3-20200723","[1395807, 1390793, 1741880, 1395868]"
"CBN-Pla-C3-20200814","[1395807, 1390793, 1397046, 1390756]"
"CBN-Pla-C4-20130808","[1395807, 1360874, 1395000, 1361585]"
"CBN-Pla-C4-20130904","[1395807, 1361914, 1395868, 1361708]"
"CBN-Pla-C4-20140902","[1395807, 1363454, 1361077, 1361914]"
"CBN-Pla-C4-20150702","[1390756, 1390837, 1361077, 1361281]"
"CBN-Pla-C4-20150723","[1395807, 1395870, 1361077, 1390756]"
"CBN-Pla-C4-20150811","[1395807, 1395868, 1390910, 1390756]"
"CBN-Pla-C4-20150901","[1395807, 1390793, 1395868, 1390910]"
"CBN-Pla-C4-20160707","[1395807, 1361077, 1397500, 1394542]"
"CBN-Pla-C4-20160728","[1395807, 1397500, 1395868, 1361077]"
"CBN-Pla-C4-20180724","[1390756, 1361077, 1390793, 1390837]"
"CBN-Pla-C4-20180816","[1395807, 1390910, 1390793, 1361077]"
"CBN-Pla-C4-20180906","[1395807, 1390910, 1391881, 1397500]"
"CBN-Pla-C4-20190723","[1395807, 1654153, 1359835, 1741880]"
"CBN-Pla-C4-20190814","[1395807, 1361281, 1395868, 1395870]"
"CBN-Pla-C4-20200723","[1395807, 1395868, 1741880, 1390910]"
"CBN-Pla-C4-20200814","[1395807, 1390910, 1395868, 1392067]"
"CBN-Pla-C5-20130808","[1395807, 1390793, 1394311, 1390910]"
"CBN-Pla-C5-20130904","[1395807, 1396144, 1395868, 1397491]"
"CBN-Pla-C5-20140722","[1390793, 1390756, 1390904, 1361347]"
"CBN-Pla-C5-20140902","[1395807, 1390793, 1395868, 1390910]"
"CBN-Pla-C5-20150702","[1397528, 1390910, 1390837, 1390793]"
"CBN-Pla-C5-20150723","[1395807, 1390910, 1395870, 1397500]"
"CBN-Pla-C5-20150811","[1395807, 1395868, 1395949, 1396838]"
"CBN-Pla-C5-20150901","[1395807, 1390793, 1394311, 1395868]"
"CBN-Pla-C5-20160707","[1390793, 1395807, 1395870, 1738641]"
"CBN-Pla-C5-20160728","[1395807, 1361281, 1390756, 1362023]"
"CBN-Pla-C5-20180724","[1390793, 1390756, 1390874, 1397491]"
"CBN-Pla-C5-20180816","[1395807, 1390793, 1390910, 1394366]"
"CBN-Pla-C5-20180906","[1395807, 1390793, 1390756, 1390910]"
"CBN-Pla-C5-20190723","[1395807, 1397500, 1397046, 1359835]"
"CBN-Pla-C5-20190814","[1395807, 1359835, 1390793, 1395868]"
"CBN-Pla-C5-20200723","[1395807, 1390793, 1412857, 1390910]"
"CBN-Pla-C5-20200814","[1395807, 1395868, 1390874, 1390756]"
"CBN-Pla-C6-20130808","[1395807, 1361347, 1390756, 1395000]"
"CBN-Pla-C6-20130904","[1395807, 1361281, 1394311, 1395870]"
"CBN-Pla-C6-20140902","[1395807, 1395868, 1361077, 1361281]"
"CBN-Pla-C6-20150702","[1390793, 1390837, 1394311, 1362023]"
"CBN-Pla-C6-20150723","[1395807, 1361281, 1395000, 1395870]"
"CBN-Pla-C6-20150811","[1395807, 1390910, 1390793, 1361281]"
"CBN-Pla-C6-20150901","[1390793, 1395807, 1390846, 1394311]"
"CBN-Pla-C6-20160707","[1390910, 1390837, 1390756, 1361077]"
"CBN-Pla-C6-20160728","[1395807, 1390910, 1395870, 1390927]"
"CBN-Pla-C6-20180724","[1390793, 1390837, 1390910, 1361281]"
"CBN-Pla-C6-20180816","[1395807, 1361347, 1390756, 1391666]"
"CBN-Pla-C6-20180906","[1395807, 1390910, 1390793, 1395868]"
"CBN-Pla-C6-20190723","[1395807, 1390910, 1363056, 1361281]"
"CBN-Pla-C6-20190814","[1395807, 1741880, 1392299, 1390756]"
"CBN-Pla-C6-20200723","[1395807, 1390910, 1390793, 1390756]"
"CBN-Pla-C6-20200814","[1395807, 1395868, 1390910, 1390793]"
"CBN-Pla-D1-20130808","[1395807, 1390793, 1394311, 1396974]"
"CBN-Pla-D1-20130904","[1361281, 1395807, 1397500, 1394311]"
"CBN-Pla-D1-20140722","[1390793, 1361092, 1361281, 1361077]"
"CBN-Pla-D1-20140902","[1395807, 1361914, 1361281, 1361284]"
"CBN-Pla-D1-20150702","[1390793, 1390837, 1361281, 1741880]"
"CBN-Pla-D1-20150723","[1395807, 1394630, 1361281, 1394311]"
"CBN-Pla-D1-20150811","[1395807, 1390756, 1390793, 1361281]"
"CBN-Pla-D1-20150901","[1390793, 1395807, 1394311, 1390874]"
"CBN-Pla-D1-20160707","[1390793, 1395807, 1395949, 1397500]"
"CBN-Pla-D1-20160728","[1390910, 1395807, 1390927, 1361077]"
"CBN-Pla-D1-20180724","[1390793, 1390910, 1361347, 1390837]"
"CBN-Pla-D1-20180816","[1395807, 1390793, 1390756, 1390910]"
"CBN-Pla-D1-20180906","[1395807, 1361281, 1394311, 1390756]"
"CBN-Pla-D1-20190723","[1360748, 1395807, 1397500, 1397123]"
"CBN-Pla-D1-20190814","[1395807, 1390756, 1392299, 1361284]"
"CBN-Pla-D1-20200723","[1395807, 1390910, 1397500, 1390793]"
"CBN-Pla-D1-20200814","[1390793, 1390910, 1394311, 1395807]"
"CBN-Pla-D2-20130808","[1394311, 1395807, 1361347, 1390846]"
"CBN-Pla-D2-20130904","[1395807, 1361281, 1396843, 1362023]"
"CBN-Pla-D2-20140722","[1390756, 1361077, 1361281, 1390904]"
"CBN-Pla-D2-20140902","[1390756, 1395807, 1392299, 1390837]"
"CBN-Pla-D2-20150702","[1390837, 1390927, 1361585, 1390756]"
"CBN-Pla-D2-20150723","[1396843, 1395807, 1361281, 1397500]"
"CBN-Pla-D2-20150811","[1412857, 1395807, 1397500, 1394641]"
"CBN-Pla-D2-20150901","[1395807, 1412857, 1390756, 1394641]"
"CBN-Pla-D2-20160707","[1412857, 1390837, 1390927, 1361077]"
"CBN-Pla-D2-20160728","[1412857, 1395807, 1390756, 1397500]"
"CBN-Pla-D2-20180724","[1390793, 1390756, 1412857, 1390837]"
"CBN-Pla-D2-20180816","[1397046, 1390756, 1412857, 1395807]"
"CBN-Pla-D2-20180906","[1412857, 1390756, 1394641, 1395807]"
"CBN-Pla-D2-20190723","[1395807, 1363056, 1390910, 1390756]"
"CBN-Pla-D2-20190814","[1412857, 1394641, 1392309, 1395807]"
"CBN-Pla-D2-20200723","[1395807, 1412857, 1361077, 1363056]"
"CBN-Pla-D2-20200814","[1412857, 1394641, 1741624, 1390756]"
"CBN-Pla-D3-20130808","[1395870, 1741880, 1364068, 1395807]"
"CBN-Pla-D3-20130904","[1741880, 1395807, 1395870, 1390837]"
"CBN-Pla-D3-20140722","[1390756, 1361091, 1390837, 1395807]"
"CBN-Pla-D3-20140902","[1395807, 1741880, 1395870, 1394877]"
"CBN-Pla-D3-20150702","[1361077, 1390756, 1390837, 1390910]"
"CBN-Pla-D3-20150723","[1741880, 1395870, 1390756, 1395807]"
"CBN-Pla-D3-20150811","[1395807, 1741880, 1395868, 1395870]"
"CBN-Pla-D3-20150901","[1390793, 1395870, 1741880, 1395807]"
"CBN-Pla-D3-20160707","[1741880, 1390756, 1397500, 1390904]"
"CBN-Pla-D3-20160728","[1395870, 1390756, 1741880, 1395807]"
"CBN-Pla-D3-20180724","[1390793, 1361347, 1390837, 1390756]"
"CBN-Pla-D3-20180816","[1395807, 1741880, 1395870, 1361281]"
"CBN-Pla-D3-20180906","[1395807, 1361347, 1362023, 1390793]"
"CBN-Pla-D3-20190723","[1356422, 1395807, 1390910, 1741880]"
"CBN-Pla-D3-20190814","[1395807, 1392274, 1741880, 1391797]"
"CBN-Pla-D3-20200723","[1395807, 1741880, 1390910, 1395870]"
"CBN-Pla-D3-20200814","[1395807, 1741880, 1395868, 1395870]"
"CBN-Pla-D4-20130808","[1395807, 1390793, 1395870, 1395000]"
"CBN-Pla-D4-20130904","[1395807, 1390793, 1361281, 1395870]"
"CBN-Pla-D4-20140722","[1390793, 1362331, 1394311, 1392407]"
"CBN-Pla-D4-20140902","[1390793, 1361914, 1361077, 1395870]"
"CBN-Pla-D4-20150702","[1390793, 1356424, 1394603, 1361077]"
"CBN-Pla-D4-20150723","[1395807, 1392299, 1361281, 1390793]"
"CBN-Pla-D4-20150811","[1395807, 1395870, 1390793, 1390874]"
"CBN-Pla-D4-20150901","[1395807, 1390874, 1741880, 1392299]"
"CBN-Pla-D4-20160707","[1390793, 1394311, 1396733, 1394542]"
"CBN-Pla-D4-20160728","[1395807, 1395870, 1397046, 1396974]"
"CBN-Pla-D4-20180724","[1390793, 1361347, 1390904, 1390846]"
"CBN-Pla-D4-20180816","[1395807, 1395870, 1390910, 1741880]"
"CBN-Pla-D4-20180906","[1392299, 1395807, 1395870, 1390910]"
"CBN-Pla-D4-20190723","[1395807, 1390910, 1390793, 1395870]"
"CBN-Pla-D4-20190814","[1395807, 1395870, 1362331, 1390793]"
"CBN-Pla-D4-20200723","[1395807, 1741880, 1395870, 1390910]"
"CBN-Pla-D4-20200814","[1395807, 1390793, 1395868, 1395870]"
"CBN-Pla-D5-20130808","[1395807, 1741880, 1397500, 1395000]"
"CBN-Pla-D5-20130904","[1390793, 1395807, 1395870, 1396253]"
"CBN-Pla-D5-20140722","[1390793, 1390837, 1390910, 1390756]"
"CBN-Pla-D5-20140902","[1395807, 1361281, 1361914, 1390880]"
"CBN-Pla-D5-20150702","[1390811, 1390793, 1394597, 1394598]"
"CBN-Pla-D5-20150723","[1395807, 1517561, 1394630, 1397500]"
"CBN-Pla-D5-20150811","[1395807, 1360874, 1359835, 1741880]"
"CBN-Pla-D5-20150901","[1395807, 1517561, 1390846, 1396974]"
"CBN-Pla-D5-20160707","[1741880, 1397500, 1395870, 1390793]"
"CBN-Pla-D5-20160728","[1395807, 1361281, 1360874, 1397500]"
"CBN-Pla-D5-20180724","[1361347, 1390793, 1361281, 1390756]"
"CBN-Pla-D5-20180816","[1395807, 1397046, 1395868, 1396974]"
"CBN-Pla-D5-20180906","[1395807, 1390793, 1390910, 1397046]"
"CBN-Pla-D5-20190723","[1395807, 1397500, 1741880, 1360985]"
"CBN-Pla-D5-20190814","[1395807, 1390874, 1390910, 1395870]"
"CBN-Pla-D5-20200723","[1395807, 1359835, 1390910, 1397500]"
"CBN-Pla-D6-20130808","[1395807, 1359835, 1397500, 1393824]"
"CBN-Pla-D6-20130904","[1395807, 1397500, 1741880, 1395870]"
"CBN-Pla-D6-20140722","[1395949, 1394910, 1397513, 1390837]"
"CBN-Pla-D6-20140902","[1395807, 1741880, 1397500, 1360154]"
"CBN-Pla-D6-20150702","[1741880, 1394598, 1395807, 1394597]"
"CBN-Pla-D6-20150723","[1395807, 1397500, 1396253, 1744380]"
"CBN-Pla-D6-20150811","[1395807, 1741880, 1397524, 1395870]"
"CBN-Pla-D6-20150901","[1395807, 1393824, 1397500, 1395868]"
"CBN-Pla-D6-20160707","[1741880, 1395807, 1395870, 1396144]"
"CBN-Pla-D6-20160728","[1395807, 1393708, 1741880, 1395870]"
"CBN-Pla-D6-20180724","[1394598, 1394603, 1394597, 1396974]"
"CBN-Pla-D6-20180816","[1395807, 1741880, 1395870, 1397046]"
"CBN-Pla-D6-20180906","[1395807, 1741880, 1358118, 1722704]"
"CBN-Pla-D6-20190723","[1395807, 1741880, 1397500, 1744855]"
"CBN-Pla-D6-20190814","[1395807, 1393824, 1395868, 1397500]"
"CBN-Pla-D6-20200723","[1395807, 1397500, 1741880, 1395870]"
"CBN-Pla-D6-20200814","[1395807, 1397046, 1395868, 1741880]"
"CBN-Pla-E1-20130808","[1396253, 1390793, 1396180, 1392407]"
"CBN-Pla-E1-20130904","[1361281, 1741880, 1395940, 1361077]"
"CBN-Pla-E1-20140722","[1390793, 1390910, 1390837, 1654153]"
"CBN-Pla-E1-20140902","[1361281, 1390756, 1738641, 1389627]"
"CBN-Pla-E1-20150702","[1361333, 1394311, 1396733, 1361281]"
"CBN-Pla-E1-20150723","[1412857, 1361281, 1394866, 1396253]"
"CBN-Pla-E1-20150901","[1396733, 1390793, 1412857, 1394643]"
"CBN-Pla-E1-20160707","[1361281, 1390910, 1397046, 1390756]"
"CBN-Pla-E1-20160728","[1396144, 1392679, 1361347, 1396733]"
"CBN-Pla-E1-20180816","[1395990, 1390910, 1741624, 1396144]"
"CBN-Pla-E1-20180906","[1647128, 1394542, 1397045, 1394911]"
"CBN-Pla-E1-20190723","[1392535, 1394630, 1394311, 1647128]"
"CBN-Pla-E1-20190814","[1741813, 1396253, 1361281, 1396063]"
"CBN-Pla-E1-20200630","[1397046, 1390756, 1392407, 1361281]"
"CBN-Pla-E1-20200723","[1741624, 1390910, 1412857, 1394630]"
"CBN-Pla-E1-20200814","[1394641, 1396253, 1396439, 1647128]"
"CBN-Pla-E2-20130808","[1390793, 1390910, 1361281, 1394311]"
"CBN-Pla-E2-20130904","[1396272, 1412857, 1394311, 1394866]"
"CBN-Pla-E2-20140722","[1393679, 1361077, 1396144, 1738749]"
"CBN-Pla-E2-20140902","[1361281, 1361914, 1396733, 1361092]"
"CBN-Pla-E2-20150702","[1390793, 1396144, 1390756, 1390910]"
"CBN-Pla-E2-20150723","[1394866, 1361233, 1363056, 1357130]"
"CBN-Pla-E2-20150901","[1390793, 1396733, 1390756, 1390910]"
"CBN-Pla-E2-20160707","[1390793, 1390910, 1390846, 1394311]"
"CBN-Pla-E2-20160728","[1396253, 1397208, 1361281, 1362023]"
"CBN-Pla-E2-20180724","[1390793, 1412857, 1394641, 1390756]"
"CBN-Pla-E2-20180816","[1741624, 1396253, 1395990, 1390910]"
"CBN-Pla-E2-20180906","[1396253, 1390793, 1390756, 1394641]"
"CBN-Pla-E2-20190723","[1412857, 1394641, 1390880, 1396253]"
"CBN-Pla-E2-20190814","[1412857, 1647128, 1390756, 1394641]"
"CBN-Pla-E2-20200630","[1394311, 1743957, 1738690, 1450786]"
"CBN-Pla-E2-20200723","[1741624, 1412857, 1390910, 1390793]"
"CBN-Pla-E2-20200814","[1396253, 1390793, 1363056, 1394311]"
"CBN-Pla-E3-20130808","[1390756, 1390910, 1390793, 1390837]"
"CBN-Pla-E3-20130904","[1390793, 1394311, 1396253, 1390874]"
"CBN-Pla-E3-20140722","[1390837, 1361077, 1390910, 1390793]"
"CBN-Pla-E3-20140902","[1356857, 1392299, 1390910, 1361281]"
"CBN-Pla-E3-20150702","[1390793, 1390910, 1361281, 1390837]"
"CBN-Pla-E3-20150723","[1396253, 1397046, 1390910, 1440300]"
"CBN-Pla-E3-20150811","[1396253, 1394311, 1412857, 1390756]"
"CBN-Pla-E3-20150901","[1394311, 1390793, 1396253, 1412857]"
"CBN-Pla-E3-20160707","[1390793, 1390910, 1394311, 1394840]"
"CBN-Pla-E3-20160728","[1396253, 1394311, 1361281, 1390756]"
"CBN-Pla-E3-20180724","[1390837, 1390793, 1390756, 1390910]"
"CBN-Pla-E3-20180816","[1396253, 1397046, 1394641, 1361099]"
"CBN-Pla-E3-20180906","[1412857, 1361281, 1390793, 1390756]"
"CBN-Pla-E3-20190723","[1390910, 1392535, 1396253, 1396733]"
"CBN-Pla-E3-20190814","[1396253, 1361281, 1390793, 1412857]"
"CBN-Pla-E3-20200630","[1393703, 1390837, 1360981, 1397513]"
"CBN-Pla-E3-20200723","[1396253, 1390910, 1412857, 1390793]"
"CBN-Pla-E3-20200814","[1390793, 1412857, 1390874, 1400176]"
"CBN-Pla-E4-20130808","[1390910, 1390793, 1394311, 1390874]"
"CBN-Pla-E4-20130904","[1396843, 1394311, 1361281, 1363056]"
"CBN-Pla-E4-20140722","[1390793, 1390910, 1390846, 1361077]"
"CBN-Pla-E4-20140902","[1361914, 1363056, 1361367, 1396253]"
"CBN-Pla-E4-20150702","[1390793, 1361347, 1390910, 1390837]"
"CBN-Pla-E4-20150811","[1361281, 1390756, 1361028, 1396253]"
"CBN-Pla-E4-20150901","[1394311, 1390793, 1737699, 1390756]"
"CBN-Pla-E4-20160707","[1390793, 1390837, 1390910, 1396253]"
"CBN-Pla-E4-20160728","[1390910, 1394577, 1361281, 1519650]"
"CBN-Pla-E4-20180724","[1390837, 1390793, 1361057, 1361347]"
"CBN-Pla-E4-20180816","[1390793, 1396253, 1390910, 1395807]"
"CBN-Pla-E4-20180906","[1396843, 1390756, 1390793, 1664443]"
"CBN-Pla-E4-20190723","[1390910, 1395807, 1741880, 1390793]"
"CBN-Pla-E4-20190814","[1363056, 1390756, 1394630, 1394311]"
"CBN-Pla-E4-20200630","[1361703, 1743923, 1363409, 1361092]"
"CBN-Pla-E4-20200723","[1390793, 1390910, 1395807, 1741880]"
"CBN-Pla-E4-20200814","[1390793, 1390910, 1361585, 1664443]"
"CBN-Pla-E5-20130808","[1394597, 1394598, 1390793, 1361347]"
"CBN-Pla-E5-20130904","[1395807, 1361077, 1361281, 1392309]"
"CBN-Pla-E5-20140722","[1390756, 1390837, 1361347, 1361281]"
"CBN-Pla-E5-20140902","[1397046, 1361077, 1390756, 1389627]"
"CBN-Pla-E5-20150702","[1390793, 1397046, 1361585, 1390910]"
"CBN-Pla-E5-20150723","[1361281, 1363056, 1362023, 1397046]"
"CBN-Pla-E5-20150811","[1395807, 1361347, 1362023, 1390910]"
"CBN-Pla-E5-20150901","[1362023, 1394311, 1412857, 1395807]"
"CBN-Pla-E5-20160707","[1361077, 1390756, 1390793, 1390837]"
"CBN-Pla-E5-20160728","[1390756, 1412857, 1397046, 1394603]"
"CBN-Pla-E5-20180724","[1361347, 1361281, 1397046, 1394603]"
"CBN-Pla-E5-20180816","[1390756, 1392309, 1390910, 1395807]"
"CBN-Pla-E5-20180906","[1395807, 1397046, 1363282, 1400084]"
"CBN-Pla-E5-20190723","[1390910, 1390756, 1395807, 1394911]"
"CBN-Pla-E5-20190814","[1392299, 1741880, 1390756, 1395807]"
"CBN-Pla-E5-20200630","[1361703, 1364037, 1357023, 1742571]"
"CBN-Pla-E5-20200723","[1390793, 1395807, 1390910, 1390756]"
"CBN-Pla-E5-20200814","[1390793, 1390910, 1397046, 1395807]"
"CBN-Pla-E6-20130808","[1390793, 1395807, 1390910, 1395855]"
"CBN-Pla-E6-20130904","[1412857, 1363056, 1395807, 1361347]"
"CBN-Pla-E6-20140722","[1390793, 1390756, 1361281, 1390910]"
"CBN-Pla-E6-20140902","[1395807, 1396470, 1361080, 1392309]"
"CBN-Pla-E6-20150702","[1390756, 1390793, 1412857, 1390837]"
"CBN-Pla-E6-20150723","[1395807, 1363056, 1361281, 1412857]"
"CBN-Pla-E6-20150811","[1395807, 1412857, 1390910, 1361347]"
"CBN-Pla-E6-20150901","[1395807, 1412857, 1390793, 1390756]"
"CBN-Pla-E6-20160707","[1361281, 1412857, 1390793, 1390874]"
"CBN-Pla-E6-20160728","[1395807, 1390756, 1741880, 1361281]"
"CBN-Pla-E6-20180724","[1361347, 1390756, 1412857, 1394643]"
"CBN-Pla-E6-20180816","[1395807, 1412857, 1397046, 1361281]"
"CBN-Pla-E6-20180906","[1395807, 1396838, 1394643, 1361281]"
"CBN-Pla-E6-20190723","[1395807, 1390910, 1390793, 1361444]"
"CBN-Pla-E6-20190814","[1395807, 1741880, 1390910, 1741624]"
"CBN-Pla-E6-20200723","[1395807, 1394641, 1390910, 1394643]"
"CBN-Pla-E6-20200814","[1741624, 1395807, 1390793, 1390910]"
"CBN-Pla-F1-20130808","[1361281, 1390756, 1396253, 1390793]"
"CBN-Pla-F1-20130904","[1654153, 1361092, 1361281, 1390756]"
"CBN-Pla-F1-20140722","[1390910, 1391161, 1654153, 1390793]"
"CBN-Pla-F1-20140902","[1362023, 1361281, 1394311, 1720959]"
"CBN-Pla-F1-20150702","[1396018, 1390910, 1390793, 1390756]"
"CBN-Pla-F1-20150723","[1363056, 1738641, 1394311, 1361315]"
"CBN-Pla-F1-20150901","[1396733, 1394311, 1390793, 1720959]"
"CBN-Pla-F1-20160707","[1393679, 1361281, 1392333, 1392407]"
"CBN-Pla-F1-20160728","[1741624, 1396900, 1358703, 1394479]"
"CBN-Pla-F1-20180724","[1390910, 1390756, 1390793, 1361347]"
"CBN-Pla-F1-20180816","[1741624, 1359296, 1519650, 1363056]"
"CBN-Pla-F1-20180906","[1361092, 1728573, 1390910, 1392679]"
"CBN-Pla-F1-20190723","[1361077, 1396733, 1363056, 1390880]"
"CBN-Pla-F1-20190814","[1361092, 1363056, 1361281, 1654153]"
"CBN-Pla-F1-20200630","[1390756, 1361437, 1394595, 1356424]"
"CBN-Pla-F1-20200723","[1741624, 1359296, 1393646, 1390910]"
"CBN-Pla-F1-20200814","[1361092, 1390756, 1361281, 1363056]"
"CBN-Pla-F2-20130808","[1390910, 1396733, 1394866, 1412857]"
"CBN-Pla-F2-20130904","[1361281, 1390756, 1654153, 1394630]"
"CBN-Pla-F2-20140722","[1390793, 1390910, 1361077, 1390837]"
"CBN-Pla-F2-20140902","[1390910, 1361092, 1362361, 1361281]"
"CBN-Pla-F2-20150702","[1361281, 1390846, 1361347, 1390793]"
"CBN-Pla-F2-20150723","[1412857, 1361281, 1394866, 1394643]"
"CBN-Pla-F2-20150901","[1531145, 1390910, 1390793, 1396733]"
"CBN-Pla-F2-20160707","[1390910, 1396733, 1392407, 1390846]"
"CBN-Pla-F2-20160728","[1390793, 1390910, 1361281, 1362023]"
"CBN-Pla-F2-20180724","[1390756, 1390837, 1390910, 1361077]"
"CBN-Pla-F2-20180816","[1390793, 1396733, 1390910, 1356417]"
"CBN-Pla-F2-20180906","[1412857, 1390756, 1392487, 1396253]"
"CBN-Pla-F2-20190723","[1390910, 1654153, 1390793, 1396097]"
"CBN-Pla-F2-20190814","[1396733, 1361914, 1361281, 1392407]"
"CBN-Pla-F2-20200630","[1743235, 1720968, 1361347, 1390837]"
"CBN-Pla-F2-20200723","[1396733, 1390910, 1720959, 1669707]"
"CBN-Pla-F2-20200814","[1390793, 1394311, 1390837, 1390910]"
"CBN-Pla-F3-20130808","[1361914, 1394603, 1394595, 1390910]"
"CBN-Pla-F3-20130904","[1394643, 1361077, 1361281, 1390837]"
"CBN-Pla-F3-20140722","[1391666, 1361077, 1390910, 1390756]"
"CBN-Pla-F3-20140902","[1412857, 1647128, 1392309, 1361914]"
"CBN-Pla-F3-20150702","[1390793, 1361585, 1390910, 1361281]"
"CBN-Pla-F3-20150723","[1394643, 1654153, 1394840, 1359296]"
"CBN-Pla-F3-20150811","[1412857, 1361281, 1361092, 1394643]"
"CBN-Pla-F3-20150901","[1394643, 1737699, 1390910, 1394311]"
"CBN-Pla-F3-20160707","[1361281, 1390756, 1394910, 1394643]"
"CBN-Pla-F3-20160728","[1412857, 1394643, 1361281, 1394311]"
"CBN-Pla-F3-20180724","[1390793, 1390756, 1390837, 1361347]"
"CBN-Pla-F3-20180816","[1390756, 1390837, 1394643, 1390910]"
"CBN-Pla-F3-20180906","[1394643, 1392299, 1390756, 1392309]"
"CBN-Pla-F3-20190723","[1394643, 1390764, 1412857, 1390910]"
"CBN-Pla-F3-20190814","[1412857, 1394643, 1361099, 1390756]"
"CBN-Pla-F3-20200630","[1361914, 1361281, 1390756, 1356424]"
"CBN-Pla-F3-20200723","[1394643, 1412857, 1390756, 1361281]"
"CBN-Pla-F3-20200814","[1397046, 1390793, 1394643, 1394443]"
"CBN-Pla-F4-20130808","[1395807, 1390793, 1397231, 1390756]"
"CBN-Pla-F4-20130904","[1361281, 1394641, 1394595, 1390756]"
"CBN-Pla-F4-20140722","[1390837, 1361092, 1361077, 1390756]"
"CBN-Pla-F4-20150723","[1647128, 1395807, 1361914, 1394638]"
"CBN-Pla-F4-20150811","[1412857, 1396355, 1741813, 1361092]"
"CBN-Pla-F4-20150901","[1412857, 1394311, 1390874, 1390793]"
"CBN-Pla-F4-20160707","[1412857, 1390756, 1361281, 1394641]"
"CBN-Pla-F4-20160728","[1412857, 1390756, 1390910, 1392309]"
"CBN-Pla-F4-20180724","[1412857, 1390837, 1390793, 1390756]"
"CBN-Pla-F4-20180816","[1390756, 1412857, 1394643, 1390837]"
"CBN-Pla-F4-20180906","[1412857, 1390756, 1394641, 1390910]"
"CBN-Pla-F4-20190723","[1412857, 1390756, 1361077, 1394641]"
"CBN-Pla-F4-20190814","[1412857, 1654153, 1361281, 1395807]"
"CBN-Pla-F4-20200630","[1361703, 1363317, 1359937, 1424208]"
"CBN-Pla-F4-20200723","[1394641, 1394643, 1412857, 1390910]"
"CBN-Pla-F4-20200814","[1412857, 1647128, 1390910, 1395807]"
"CBN-Pla-F5-20130808","[1390910, 1390793, 1394311, 1397504]"
"CBN-Pla-F5-20130904","[1359587, 1394595, 1363056, 1394311]"
"CBN-Pla-F5-20140722","[1390756, 1390837, 1390910, 1390870]"
"CBN-Pla-F5-20140902","[1392299, 1400176, 1396253, 1390756]"
"CBN-Pla-F5-20150702","[1390910, 1361077, 1390793, 1390756]"
"CBN-Pla-F5-20150723","[1363056, 1395807, 1394311, 1392309]"
"CBN-Pla-F5-20150811","[1392309, 1361281, 1390910, 1395807]"
"CBN-Pla-F5-20150901","[1395807, 1391697, 1356857, 1392299]"
"CBN-Pla-F5-20160707","[1390756, 1395807, 1397500, 1390910]"
"CBN-Pla-F5-20160728","[1390910, 1395807, 1390894, 1361281]"
"CBN-Pla-F5-20180724","[1390756, 1390837, 1361281, 1394311]"
"CBN-Pla-F5-20180816","[1395807, 1390756, 1390910, 1390837]"
"CBN-Pla-F5-20180906","[1392299, 1519650, 1395807, 1390756]"
"CBN-Pla-F5-20190723","[1395807, 1396253, 1390910, 1664443]"
"CBN-Pla-F5-20190814","[1395807, 1394311, 1654153, 1390880]"
"CBN-Pla-F5-20200723","[1395807, 1390910, 1390756, 1361914]"
"CBN-Pla-F5-20200814","[1395807, 1390910, 1390846, 1363056]"
"CBN-Pla-F6-20130808","[1390793, 1390910, 1418612, 1361057]"
"CBN-Pla-F6-20130904","[1654153, 1363056, 1394848, 1390910]"
"CBN-Pla-F6-20140722","[1394603, 1359587, 1356424, 1390756]"
"CBN-Pla-F6-20140902","[1394877, 1392309, 1390756, 1361284]"
"CBN-Pla-F6-20150702","[1361585, 1390756, 1390910, 1396733]"
"CBN-Pla-F6-20150723","[1396253, 1361077, 1394311, 1390880]"
"CBN-Pla-F6-20150811","[1396843, 1361281, 1361347, 1396976]"
"CBN-Pla-F6-20150901","[1396253, 1361281, 1362023, 1390910]"
"CBN-Pla-F6-20160707","[1390910, 1390927, 1390837, 1741880]"
"CBN-Pla-F6-20160728","[1395807, 1741880, 1362023, 1390837]"
"CBN-Pla-F6-20180724","[1361347, 1390756, 1390793, 1390910]"
"CBN-Pla-F6-20180816","[1396253, 1360312, 1390910, 1359835]"
"CBN-Pla-F6-20180906","[1361347, 1517561, 1363056, 1362023]"
"CBN-Pla-F6-20190723","[1395000, 1390910, 1396253, 1396843]"
"CBN-Pla-F6-20190814","[1654153, 1392309, 1363056, 1741880]"
"CBN-Pla-F6-20200723","[1356321, 1397535, 1400084, 1392558]"
"CBN-Pla-F6-20200814","[1395807, 1394848, 1390910, 1394866]"
"CBN-Pyr-01-20230706","[1396843, 1363282, 1392721, 1427744]"
"CBN-Pyr-03-20230706","[1397512, 1741624, 1395949, 1394311]"
"CBN-can-A1-20230705","[1412857, 1392608, 1395807, 1364071]"
"CBN-can-A2-20230705","[1395807, 1393708, 1397123, 1397045]"
"CBN-can-A3-20230705","[1412857, 1393200, 1360299, 1392608]"
"CBN-can-A5-20230705","[1397475, 1395190, 1392574, 1395807]"
"CBN-can-A6-20230705","[1397475, 1400101, 1393200, 1360590]"
"CBN-can-B1-20230705","[1360299, 1392608, 1395807, 1397500]"
"CBN-can-B2-20230705","[1392608, 1400101, 1361801, 1393708]"
"CBN-can-B3-20230705","[1412857, 1361914, 1394643, 1741880]"
"CBN-can-B4-20230705","[1397475, 1391648, 1395190, 1393200]"
"CBN-can-B5-20230705","[1397475, 1395807, 1392535, 1400101]"
"CBN-can-B6-20230705","[1397475, 1393679, 1395190, 1395807]"
"CBN-can-C1-20230705","[1395807, 1360874, 1397500, 1393200]"
"CBN-can-C2-20230705","[1395807, 1363424, 1363933, 1393708]"
"CBN-can-C3-20230705","[1395807, 1363421, 1364066, 1393679]"
"CBN-can-C4-20230705","[1395807, 1393708, 1364066, 1392608]"
"CBN-can-D1-20230705","[1395807, 1393708, 1363056, 1364071]"
"CBN-can-D2-20230705","[1412857, 1395807, 1392309, 1362023]"
"CBN-can-D3-20230705","[1395807, 1412857, 1391294, 1360874]"
"CBN-can-D4-20230705","[1400101, 1395807, 1392767, 1364071]"
"CBN-can-E1-20230706","[1741880, 1361898, 1360299, 1360874]"
"CBN-can-E2-20230706","[1395807, 1361284, 1360164, 1393708]"
"CBN-can-E3-20230706","[1397430, 1396115, 1361080, 1393340]"
"CBN-can-E4-20230706","[1394663, 1360874, 1393929, 1356297]"
"CBN-can-E5-20230706","[1392608, 1392537, 1360874, 1360299]"
"CBN-can-E6-20230706","[1392539, 1395807, 1392534, 1361077]"
"CBN-can-F1-20230705","[1395807, 1392539, 1392309, 1394877]"
"CBN-can-F2-20230706","[1392309, 1395807, 1361080, 1361281]"
"CBN-can-F3-20230706","[1392309, 1391666, 1393708, 1390851]"
"CBN-can-F4-20230706","[1397430, 1360312, 1361284, 1361598]"
"CBN-can-F5-20230706","[1361077, 1392608, 1390820, 1394877]"
"GUARDEN-AMB-CF04-1-10-20240325","[1359344, 1363302, 1360965, 1360971]"
"GUARDEN-AMB-CF04-1-5-20240325","[1363302, 1363882, 1362452, 1356839]"
"GUARDEN-AMB-CF21-1-1-20240326","[1388812, 1363302, 1363477, 1396682]"
"GUARDEN-AMB-CF21-1-10-20240326","[1363302, 1722619, 1393466, 1390761]"
"GUARDEN-AMB-CF21-1-2-20240326","[1363302, 1361703, 1356228, 1722441]"
"GUARDEN-AMB-CF21-1-3-20240326","[1359344, 1363302, 1359297, 1363477]"
"GUARDEN-AMB-CF21-1-4-20240326","[1359344, 1363302, 1359297, 1360978]"
"GUARDEN-AMB-CF21-1-5-20240326","[1359344, 1359297, 1722619, 1357227]"
"GUARDEN-AMB-CF21-1-6-20240326","[1359344, 1722619, 1359297, 1363477]"
"GUARDEN-AMB-CF21-1-7-20240326","[1722619, 1363302, 1356228, 1390761]"
"GUARDEN-AMB-CF21-1-8-20240326","[1359344, 1722619, 1363302, 1399739]"
"GUARDEN-AMB-CF21-1-9-20240326","[1722619, 1358766, 1359082, 1743403]"
"GUARDEN-AMB-GV04-1-3-20240326","[1359297, 1359344, 1359298, 1363477]"
"GUARDEN-AMB-GV04-1-4-20240326","[1359297, 1359298, 1412585, 1359344]"
"GUARDEN-AMB-GV04-1-5-20240326","[1359297, 1359298, 1358118, 1687898]"
"GUARDEN-AMB-GV04-1-6-20240326","[1359297, 1359298, 1359169, 1394944]"
"GUARDEN-AMB-GV04-1-7-20240326","[1359297, 1743245, 1359169, 1359298]"
"GUARDEN-AMB-PR13-1-10-20240417","[1359297, 1359298, 1359344, 1396860]"
"GUARDEN-AMB-PR13-1-2-20240417","[1721018, 1364037, 1359297, 1356333]"
"GUARDEN-AMB-PR13-1-3-20240417","[1359297, 1360701, 1721018, 1364037]"
"GUARDEN-AMB-PR13-1-4-20240417","[1364037, 1722433, 1721018, 1361326]"
"GUARDEN-AMB-PR13-1-8-20240417","[1359344, 1359297, 1359298, 1359813]"
"GUARDEN-AMB-PR20-1-1-20240424","[1722441, 1737441, 1722433, 1650228]"
"GUARDEN-AMB-PR20-1-10-20240424","[1359297, 1743245, 1359298, 1359344]"
"GUARDEN-AMB-PR20-1-8-20240424","[1359297, 1391491, 1359344, 1359437]"
"GUARDEN-AMB-SA03-1-1-20240626","[1722441, 1359297, 1722433, 1359344]"
"GUARDEN-AMB-SA03-1-10-20240626","[1361703, 1356228, 1742852, 1361723]"
"GUARDEN-AMB-SA03-1-2-20240626","[1722441, 1359297, 1359344, 1737441]"
"GUARDEN-AMB-SA03-1-3-20240626","[1359344, 1359297, 1358203, 1393268]"
"GUARDEN-AMB-SA03-1-4-20240626","[1359297, 1359344, 1360978, 1722441]"
"GUARDEN-AMB-SA03-1-5-20240626","[1359344, 1360978, 1359424, 1359297]"
"GUARDEN-AMB-SA03-1-9-20240626","[1359297, 1361703, 1359298, 1356228]"
"GUARDEN-AMB-VC03-1-3-20240417","[1359344, 1356905, 1359297, 1363733]"
"GUARDEN-AMB-VC03-1-4-20240417","[1356905, 1359344, 1359297, 1359169]"
"GUARDEN-AMB-VC03-1-5-20240417","[1359297, 1356905, 1393645, 1359298]"
"GUARDEN-AMB-VC03-1-6-20240417","[1359297, 1359344, 1359437, 1357227]"
"GUARDEN-CBNMed-10-1-16-34-20240429","[1358503, 1358509, 1392024, 1358504]"
"GUARDEN-CBNMed-10-10-17-19-20240429","[1358613, 1548459, 1360327, 1743299]"
"GUARDEN-CBNMed-10-5-16-55-20240429","[1356785, 1358503, 1392024, 1358613]"
"GUARDEN-CBNMed-10-6-17-02-20240429","[1356785, 1358613, 1356145, 1360260]"
"GUARDEN-CBNMed-10-7-17-05-20240429","[1358613, 1357111, 1357099, 1360272]"
"GUARDEN-CBNMed-10-8-17-11-20240429","[1358613, 1356576, 1548459, 1360260]"
"GUARDEN-CBNMed-10-9-17-16-20240429","[1358613, 1359029, 1548459, 1358503]"
"GUARDEN-CBNMed-14-3-9-45-20240429","[1356728, 1356729, 1360578, 1360272]"
"GUARDEN-CBNMed-14-4-9-49-20240429","[1359676, 1356728, 1422538, 1363733]"
"GUARDEN-CBNMed-14-9-10-09-20240429","[1359677, 1359676, 1360267, 1722416]"
"GUARDEN-CBNMed-15-10-12-17-20240429","[1359268, 1363489, 1741625, 1358552]"
"GUARDEN-CBNMed-15-5-11-44-20240429","[1363467, 1361190, 1363468, 1363469]"
"GUARDEN-CBNMed-15-7-12-02-20240429","[1361190, 1363468, 1364171, 1359662]"
"GUARDEN-CBNMed-15-9-12-15-20240429","[1363489, 1361394, 1393403, 1487694]"
"GUARDEN-CBNMed-16-1-13-37-20240429","[1388990, 1722409, 1744243, 1357114]"
"GUARDEN-CBNMed-16-10-14-33-20240429","[1744243, 1359548, 1722409, 1361002]"
"GUARDEN-CBNMed-16-2-13-45-20240429","[1359548, 1388990, 1363707, 1361127]"
"GUARDEN-CBNMed-16-3-13-51-20240429","[1359548, 1363707, 1722409, 1744243]"
"GUARDEN-CBNMed-16-4-13-57-20240429","[1359548, 1361002, 1722409, 1744243]"
"GUARDEN-CBNMed-16-6-14-07-20240429","[1359548, 1744243, 1361002, 1722409]"
"GUARDEN-CBNMed-16-7-14-1-20240429","[1744243, 1722409, 1359435, 1395213]"
"GUARDEN-CBNMed-16-8-14-14-20240429","[1360999, 1744243, 1357098, 1722409]"
"GUARDEN-CBNMed-17-3-10-56-20240429","[1361106, 1363303, 1360417, 1360407]"
"GUARDEN-CBNMed-17-5-11-2-20240429","[1722435, 1361106, 1363292, 1363212]"
"GUARDEN-CBNMed-19-1-15-24-20240429","[1357743, 1396063, 1396055, 1361190]"
"GUARDEN-CBNMed-19-10-16-02-20240429","[1396055, 1396063, 1361926, 1743313]"
"GUARDEN-CBNMed-19-2-15-31-20240429","[1363413, 1361369, 1361394, 1361315]"
"GUARDEN-CBNMed-19-3-15-35-20240429","[1393397, 1363467, 1361190, 1363468]"
"GUARDEN-CBNMed-19-4-15-39-20240429","[1396063, 1359570, 1361190, 1396055]"
"GUARDEN-CBNMed-19-5-15-44-20240429","[1396055, 1391763, 1396063, 1743313]"
"GUARDEN-CBNMed-19-6-15-48-20240429","[1396063, 1363522, 1361389, 1360217]"
"GUARDEN-CBNMed-19-7-15-51-20240429","[1396063, 1396055, 1361315, 1361926]"
"GUARDEN-CBNMed-19-8-15-53-20240429","[1363522, 1357815, 1363413, 1359506]"
"GUARDEN-CBNMed-19-9-15-58-20240429","[1396055, 1360345, 1360350, 1396063]"
"GUARDEN-CBNMed-20-1-9-35-20240428","[1360443, 1357911, 1364040, 1362429]"
"GUARDEN-CBNMed-20-10-10-31-20240428","[1357114, 1397376, 1357117, 1393418]"
"GUARDEN-CBNMed-20-8-10-19-20240428","[1360999, 1397376, 1363434, 1363275]"
"GUARDEN-CBNMed-20-9-10-23-20240428","[1359216, 1357114, 1361005, 1397376]"
"GUARDEN-CBNMed-21-10-11-42-20240428","[1388990, 1397376, 1357277, 1358968]"
"GUARDEN-CBNMed-21-2-11-07-20240428","[1357122, 1397376, 1356397, 1357114]"
"GUARDEN-CBNMed-21-3-11-09-20240428","[1357122, 1393365, 1388770, 1388990]"
"GUARDEN-CBNMed-21-6-11-17-20240428","[1388990, 1706074, 1356108, 1356271]"
"GUARDEN-CBNMed-21-8-11-23-20240428","[1357122, 1388990, 1357114, 1362454]"
"GUARDEN-CBNMed-21-9-11-32-20240428","[1388990, 1361127, 1356108, 1358968]"
"GUARDEN-CBNMed-22-1-13-39-20240428","[1722625, 1360054, 1370637, 1722522]"
"GUARDEN-CBNMed-22-10-14-48-20240428","[1426004, 1356086, 1394944, 1360006]"
"GUARDEN-CBNMed-22-2-14-05-20240428","[1722522, 1363200, 1722625, 1722521]"
"GUARDEN-CBNMed-22-5-14-21-20240428","[1722522, 1722521, 1722625, 1363200]"
"GUARDEN-CBNMed-22-6-14-23-20240428","[1722522, 1722625, 1722521, 1363200]"
"GUARDEN-CBNMed-22-7-14-25-20240428","[1722522, 1722625, 1356086, 1722521]"
"GUARDEN-CBNMed-22-9-14-42-20240428","[1426004, 1722625, 1722522, 1356086]"
"GUARDEN-CBNMed-23-1-9-56-20240428","[1360999, 1363275, 1361092, 1356145]"
"GUARDEN-CBNMed-23-10-10-42-20240428","[1357630, 1357911, 1360267, 1360558]"
"GUARDEN-CBNMed-23-3-10-14-20240428","[1357911, 1357630, 1358968, 1357114]"
"GUARDEN-CBNMed-23-4-10-17-20240428","[1356108, 1357911, 1393466, 1394640]"
"GUARDEN-CBNMed-23-5-10-21-20240428","[1360711, 1356108, 1737651, 1360715]"
"GUARDEN-CBNMed-23-6-10-24-20240428","[1363275, 1397871, 1393365, 1396759]"
"GUARDEN-CBNMed-23-7-10-28-20240428","[1393365, 1360999, 1357911, 1357630]"
"GUARDEN-CBNMed-23-8-10-34-20240428","[1396759, 1357769, 1357911, 1356108]"
"GUARDEN-CBNMed-23-9-10-39-20240428","[1743245, 1356108, 1356271, 1358968]"
"GUARDEN-CBNMed-24-10-13-06-20240428","[1388990, 1397376, 1392299, 1426088]"
"GUARDEN-CBNMed-24-2-12-04-20240428","[1362462, 1360978, 1360640, 1556750]"
"GUARDEN-CBNMed-24-3-12-15-20240428","[1360437, 1357351, 1741625, 1355881]"
"GUARDEN-CBNMed-24-5-12-36-20240428","[1426088, 1357351, 1738641, 1397699]"
"GUARDEN-CBNMed-24-6-12-46-20240428","[1364038, 1360715, 1360711, 1357351]"
"GUARDEN-CBNMed-24-7-12-54-20240428","[1426088, 1360715, 1364006, 1360437]"
"GUARDEN-CBNMed-24-8-14-58-20240428","[1426088, 1360715, 1357351, 1360711]"
"GUARDEN-CBNMed-24-9-13-02-20240428","[1388990, 1361412, 1363434, 1396355]"
"GUARDEN-CBNMed-25-1-13-52-20240428","[1394527, 1360739, 1360798, 1398553]"
"GUARDEN-CBNMed-25-10-14-49-20240428","[1357981, 1394527, 1357743, 1357293]"
"GUARDEN-CBNMed-25-2-13-57-20240428","[1363499, 1388990, 1394527, 1363016]"
"GUARDEN-CBNMed-25-3-14-06-20240428","[1394527, 1357815, 1356069, 1361127]"
"GUARDEN-CBNMed-25-4-14-15-20240428","[1357743, 1394527, 1425172, 1388990]"
"GUARDEN-CBNMed-25-7-14-28-20240428","[1357981, 1360578, 1360443, 1357968]"
"GUARDEN-CBNMed-25-8-14-39-20240428","[1357981, 1356069, 1357743, 1357293]"
"GUARDEN-CBNMed-25-9-14-43-20240428","[1357981, 1356069, 1363875, 1357968]"
"GUARDEN-CBNMed-26-10-10-01-20240428","[1359344, 1356310, 1363506, 1394479]"
"GUARDEN-CBNMed-26-6-9-34-20240428","[1738652, 1743249, 1722478, 1481437]"
"GUARDEN-CBNMed-26-8-9-45-20240428","[1359344, 1397317, 1358164, 1743245]"
"GUARDEN-CBNMed-26-9-9-48-20240428","[1359344, 1359297, 1722441, 1359169]"
"GUARDEN-CBNMed-27-1-11-17-20240428","[1360054, 1722522, 1370637, 1360652]"
"GUARDEN-CBNMed-27-10-11-55-20240428","[1722522, 1360558, 1390954, 1359029]"
"GUARDEN-CBNMed-27-2-11-32-20240428","[1360054, 1359980, 1370637, 1357705]"
"GUARDEN-CBNMed-27-3-11-36-20240428","[1722522, 1360054, 1722625, 1722521]"
"GUARDEN-CBNMed-27-4-11-39-20240428","[1722522, 1722625, 1363200, 1722521]"
"GUARDEN-CBNMed-27-5-11-4-20240428","[1722522, 1722625, 1363200, 1722521]"
"GUARDEN-CBNMed-27-6-11-42-20240428","[1722625, 1722522, 1449488, 1722521]"
"GUARDEN-CBNMed-27-7-11-43-20240428","[1722522, 1722625, 1722521, 1363191]"
"GUARDEN-CBNMed-27-8-11-45-20240428","[1722522, 1722625, 1363200, 1363191]"
"GUARDEN-CBNMed-27-9-11-47-20240428","[1360054, 1363191, 1722625, 1722522]"
"GUARDEN-CBNMed-28-1-12-46-20240428","[1722522, 1722625, 1722521, 1363200]"
"GUARDEN-CBNMed-28-10-13-23-20240428","[1357705, 1359435, 1677641, 1395940]"
"GUARDEN-CBNMed-28-2-12-48-20240428","[1722522, 1722625, 1363200, 1360006]"
"GUARDEN-CBNMed-28-3-12-51-20240428","[1722522, 1722625, 1363200, 1363191]"
"GUARDEN-CBNMed-28-4-12-52-20240428","[1360054, 1357705, 1722625, 1722522]"
"GUARDEN-CBNMed-28-5-13-02-20240428","[1360054, 1357705, 1370637, 1356086]"
"GUARDEN-CBNMed-28-6-13-06-20240428","[1722522, 1357705, 1722521, 1722625]"
"GUARDEN-CBNMed-28-7-13-11-20240428","[1357705, 1722522, 1361412, 1737429]"
"GUARDEN-CBNMed-28-8-13-14-20240428","[1357705, 1360558, 1722625, 1722522]"
"GUARDEN-CBNMed-28-9-13-17-20240428","[1722522, 1357705, 1722625, 1737429]"
"GUARDEN-CBNMed-29-6-14-31-20240428","[1359344, 1360719, 1357227, 1722433]"
"GUARDEN-CBNMed-29-7-14-34-20240428","[1361412, 1360701, 1360719, 1364037]"
"GUARDEN-CBNMed-30-1-16-07-20240428","[1393770, 1361986, 1361959, 1394019]"
"GUARDEN-CBNMed-30-10-16-41-20240428","[1357227, 1359344, 1361412, 1359297]"
"GUARDEN-CBNMed-30-2-16-23-20240428","[1359344, 1357227, 1394664, 1357236]"
"GUARDEN-CBNMed-30-4-16-3-20240428","[1357227, 1357236, 1357220, 1394664]"
"GUARDEN-CBNMed-30-6-16-34-20240428","[1394664, 1357227, 1359344, 1357236]"
"GUARDEN-CBNMed-30-7-16-35-20240428","[1357227, 1359344, 1394664, 1357236]"
"GUARDEN-CBNMed-30-8-16-37-20240428","[1357227, 1359344, 1394664, 1357514]"
"GUARDEN-CBNMed-30-9-16-4-20240428","[1359344, 1357227, 1394664, 1396883]"
"GUARDEN-CBNMed-31-1-9-37-20240428","[1359952, 1393770, 1359965, 1359356]"
"GUARDEN-CBNMed-31-10-10-06-20240428","[1738610, 1722444, 1393770, 1722578]"
"GUARDEN-CBNMed-31-2-9-4-20240428","[1355977, 1363433, 1393770, 1358581]"
"GUARDEN-CBNMed-31-3-9-44-20240428","[1393770, 1396726, 1738610, 1359437]"
"GUARDEN-CBNMed-31-4-9-48-20240428","[1393770, 1355977, 1396726, 1358581]"
"GUARDEN-CBNMed-31-5-9-51-20240428","[1393770, 1396726, 1363734, 1359347]"
"GUARDEN-CBNMed-31-6-9-54-20240428","[1738610, 1393770, 1364037, 1396726]"
"GUARDEN-CBNMed-31-7-9-56-20240428","[1722578, 1393770, 1738610, 1722444]"
"GUARDEN-CBNMed-31-8-10-20240428","[1738610, 1396726, 1359009, 1722578]"
"GUARDEN-CBNMed-31-9-10-02-20240428","[1738610, 1393770, 1722444, 1364154]"
"GUARDEN-CBNMed-32-1-11-46-20240428","[1396726, 1357630, 1399609, 1359009]"
"GUARDEN-CBNMed-32-10-13-12-20240428","[1359952, 1396726, 1393770, 1359009]"
"GUARDEN-CBNMed-32-2-11-58-20240428","[1359952, 1396726, 1359009, 1358968]"
"GUARDEN-CBNMed-32-3-12-01-20240428","[1393770, 1396726, 1359009, 1358968]"
"GUARDEN-CBNMed-32-4-12-12-20240428","[1396726, 1359009, 1358968, 1359627]"
"GUARDEN-CBNMed-32-9-13-07-20240428","[1359952, 1393770, 1396063, 1359342]"
"GUARDEN-CBNMed-33-1-14-48-20240428","[1399609, 1397398, 1357630, 1509616]"
"GUARDEN-CBNMed-33-10-15-59-20240428","[1357023, 1357004, 1363526, 1362275]"
"GUARDEN-CBNMed-33-2-15-01-20240428","[1357630, 1397398, 1363526, 1399609]"
"GUARDEN-CBNMed-33-3-15-04-20240428","[1399609, 1357630, 1397398, 1509616]"
"GUARDEN-CBNMed-33-4-15-26-20240428","[1742400, 1361412, 1742109, 1509616]"
"GUARDEN-CBNMed-33-5-15-29-20240428","[1397398, 1742109, 1742400, 1509616]"
"GUARDEN-CBNMed-33-6-15-36-20240428","[1399609, 1357630, 1397398, 1737651]"
"GUARDEN-CBNMed-33-7-15-43-20240428","[1357023, 1422218, 1397398, 1357031]"
"GUARDEN-CBNMed-33-8-15-5-20240428","[1357630, 1399609, 1397398, 1392725]"
"GUARDEN-CBNMed-33-9-15-56-20240428","[1358349, 1363882, 1422218, 1399609]"
"GUARDEN-CBNMed-38-1-12-58-20240428","[1395162, 1356654, 1395169, 1437245]"
"GUARDEN-CBNMed-38-4-14-39-20240428","[1395162, 1437245, 1395169, 1395168]"
"GUARDEN-CBNMed-38-6-15-04-20240428","[1395162, 1437245, 1395169, 1395168]"
"GUARDEN-CBNMed-39-10-12-02-20240531","[1414354, 1360711, 1741625, 1361047]"
"GUARDEN-CBNMed-39-7-11-3-20240531","[1414354, 1363056, 1356072, 1391697]"
"GUARDEN-CBNMed-39-8-11-39-20240531","[1361308, 1358350, 1363056, 1400086]"
"GUARDEN-CBNMed-39-9-11-5-20240531","[1392587, 1362232, 1722436, 1390856]"
"GUARDEN-CBNMed-44-7-12-03-20240629","[1392059, 1737428, 1392067, 1390802]"
"GUARDEN-CBNMed-5-1-12-38-20240430","[1414366, 1361316, 1414367, 1720968]"
"GUARDEN-CBNMed-5-10-13-32-20240430","[1414366, 1414367, 1361294, 1363595]"
"GUARDEN-CBNMed-5-2-12-45-20240430","[1414366, 1414367, 1720971, 1422217]"
"GUARDEN-CBNMed-5-3-12-56-20240430","[1414366, 1720971, 1411890, 1363593]"
"GUARDEN-CBNMed-5-4-13-20240430","[1361316, 1411890, 1361302, 1388809]"
"GUARDEN-CBNMed-5-5-13-04-20240430","[1424916, 1397416, 1363492, 1362325]"
"GUARDEN-CBNMed-5-6-13-07-20240430","[1414366, 1414367, 1422217, 1363472]"
"GUARDEN-CBNMed-5-7-13-17-20240430","[1414366, 1361316, 1388809, 1414356]"
"GUARDEN-CBNMed-5-8-13-22-20240430","[1361316, 1414367, 1414366, 1397331]"
"GUARDEN-CBNMed-5-9-13-27-20240430","[1361316, 1363477, 1363489, 1361225]"
"GUARDEN-CBNMed-6-9-15-28-20240430","[1360399, 1392438, 1390269, 1673274]"
"GUARDEN-CBNMed-8-10-12-59-20240429","[1358613, 1548459, 1360260, 1356576]"
"GUARDEN-CBNMed-8-4-12-33-20240429","[1744243, 1722409, 1361002, 1359548]"
"GUARDEN-CBNMed-8-8-12-51-20240429","[1361000, 1361002, 1359548, 1363707]"
"GUARDEN-CBNMed-8-9-12-56-20240429","[1361000, 1358613, 1548459, 1361002]"
"GUARDEN-CBNMed-9-10-16-16-20240429","[1361002, 1363707, 1359548, 1361005]"
"GUARDEN-CBNMed-9-2-15-46-20240429","[1358511, 1358509, 1418701, 1357098]"
"GUARDEN-CBNMed-9-6-16-04-20240429","[1358613, 1548459, 1356576, 1400037]"
"GUARDEN-CBNMed-9-7-16-06-20240429","[1358613, 1360327, 1743299, 1548459]"
"GUARDEN-CBNMed-9-8-16-08-20240429","[1358613, 1356576, 1364133, 1548459]"
"GUARDEN-CBNMed-9-9-16-14-20240429","[1359548, 1361002, 1361005, 1363707]"
"LISAH-BOU-0-10-20230523","[1363835, 1361333, 1363832, 1355881]"
"LISAH-BOU-0-101-20240425","[1425238, 1363737, 1363730, 1359526]"
"LISAH-BOU-0-104-20240502","[1356276, 1391724, 1361819, 1397608]"
"LISAH-BOU-0-105-20240502","[1356276, 1388806, 1394246, 1706074]"
"LISAH-BOU-0-108-20240502","[1359772, 1397301, 1356276, 1409132]"
"LISAH-BOU-0-109-20240502","[1355990, 1360417, 1360385, 1364169]"
"LISAH-BOU-0-110-20240502","[1360416, 1356276, 1360417, 1360385]"
"LISAH-BOU-0-111-20240502","[1360417, 1388806, 1355908, 1360416]"
"LISAH-BOU-0-113-20240502","[1356276, 1388806, 1363180, 1396509]"
"LISAH-BOU-0-114-20240502","[1360417, 1355908, 1360385, 1360416]"
"LISAH-BOU-0-117-20240502","[1360385, 1360417, 1360416, 1357875]"
"LISAH-BOU-0-118-20240502","[1356276, 1356013, 1396319, 1397608]"
"LISAH-BOU-0-14-20230511","[1361190, 1356286, 1363469, 1414367]"
"LISAH-BOU-0-15-20230511","[1426088, 1363467, 1363468, 1361587]"
"LISAH-BOU-0-153-20240502","[1364006, 1357351, 1390949, 1358019]"
"LISAH-BOU-0-154-20240502","[1357351, 1356013, 1364006, 1364162]"
"LISAH-BOU-0-157-20240502","[1364006, 1356013, 1358643, 1357351]"
"LISAH-BOU-0-16-20230511","[1363835, 1363832, 1400186, 1394060]"
"LISAH-BOU-0-160-20240502","[1357351, 1356013, 1363835, 1356008]"
"LISAH-BOU-0-163-20240502","[1363944, 1361306, 1358643, 1356008]"
"LISAH-BOU-0-164-20240502","[1358643, 1363835, 1363992, 1355991]"
"LISAH-BOU-0-165-20240502","[1363835, 1397477, 1356013, 1356008]"
"LISAH-BOU-0-167-20240502","[1363731, 1359639, 1359347, 1363944]"
"LISAH-BOU-0-168-20240502","[1363731, 1359639, 1361308, 1359347]"
"LISAH-BOU-0-170-20240502","[1356066, 1363731, 1359519, 1356072]"
"LISAH-BOU-0-171-20240502","[1357351, 1363731, 1737633, 1355881]"
"LISAH-BOU-0-172-20240502","[1357351, 1363731, 1355881, 1359506]"
"LISAH-BOU-0-173-20240502","[1357351, 1363945, 1355993, 1363731]"
"LISAH-BOU-0-174-20240502","[1363731, 1361157, 1361225, 1363738]"
"LISAH-BOU-0-175-20240502","[1363731, 1363945, 1359347, 1363737]"
"LISAH-BOU-0-183-20240502","[1363731, 1363945, 1356066, 1359639]"
"LISAH-BOU-0-187-20240502","[1356066, 1363944, 1363731, 1363945]"
"LISAH-BOU-0-191-20240502","[1414353, 1359268, 1363475, 1359570]"
"LISAH-BOU-0-2-20240425","[1356276, 1391037, 1360935, 1388794]"
"LISAH-BOU-0-24-20230512","[1361000, 1389311, 1360417, 1360416]"
"LISAH-BOU-0-24-20240425","[1356013, 1389311, 1738870, 1360161]"
"LISAH-BOU-0-25-20230512","[1389311, 1360385, 1398097, 1360417]"
"LISAH-BOU-0-25-20230711","[1363993, 1395477, 1360825, 1364160]"
"LISAH-BOU-0-28-20240425","[1361000, 1389311, 1360417, 1360385]"
"LISAH-BOU-0-29-20230523","[1397356, 1391680, 1422217, 1363468]"
"LISAH-BOU-0-29-20230621","[1363212, 1361985, 1360816, 1706074]"
"LISAH-BOU-0-29-20240425","[1361000, 1389311, 1397356, 1360385]"
"LISAH-BOU-0-3-20230721","[1360378, 1363212, 1361127, 1361315]"
"LISAH-BOU-0-30-20230512","[1356012, 1389311, 1397356, 1356017]"
"LISAH-BOU-0-30-20240425","[1389311, 1356013, 1360671, 1360385]"
"LISAH-BOU-0-31-20230919","[1360814, 1363434, 1392805, 1396812]"
"LISAH-BOU-0-31-20240425","[1356013, 1389311, 1360354, 1360816]"
"LISAH-BOU-0-32-20230516","[1390934, 1360608, 1390879, 1390933]"
"LISAH-BOU-0-32-20240425","[1356012, 1356017, 1389311, 1360614]"
"LISAH-BOU-0-34-20230516","[1650353, 1391190, 1356297, 1360614]"
"LISAH-BOU-0-35-20240425","[1389311, 1397356, 1356012, 1356017]"
"LISAH-BOU-0-36-20240425","[1356017, 1356012, 1360613, 1391354]"
"LISAH-BOU-0-37-20230512","[1397356, 1361000, 1737565, 1398097]"
"LISAH-BOU-0-37-20240425","[1356012, 1389311, 1361000, 1397356]"
"LISAH-BOU-0-38-20230516","[1357542, 1356013, 1650353, 1392805]"
"LISAH-BOU-0-39-20230512","[1397356, 1398197, 1391354, 1395150]"
"LISAH-BOU-0-4-20230511","[1414353, 1363467, 1357351, 1396416]"
"LISAH-BOU-0-4-20230711","[1356803, 1397322, 1389311, 1364006]"
"LISAH-BOU-0-4-20240425","[1356013, 1358672, 1356008, 1394478]"
"LISAH-BOU-0-40-20230512","[1361000, 1397356, 1458768, 1360614]"
"LISAH-BOU-0-40-20240425","[1397356, 1389311, 1395477, 1360816]"
"LISAH-BOU-0-41-20230512","[1397356, 1363212, 1414353, 1398197]"
"LISAH-BOU-0-42-20230511","[1356012, 1360385, 1358003, 1356017]"
"LISAH-BOU-0-43-20230512","[1363835, 1397356, 1400186, 1360816]"
"LISAH-BOU-0-44-20240425","[1362102, 1363945, 1359639, 1355993]"
"LISAH-BOU-0-5-20230512","[1356276, 1394246, 1741815, 1394580]"
"LISAH-BOU-0-5-20230711","[1356803, 1398097, 1388941, 1737565]"
"LISAH-BOU-0-50-20230512","[1361306, 1356066, 1422217, 1356286]"
"LISAH-BOU-0-52-20230512","[1355993, 1363945, 1363944, 1361306]"
"LISAH-BOU-0-54-20230512","[1361306, 1364171, 1422217, 1363945]"
"LISAH-BOU-0-55-20230512","[1363945, 1359639, 1363944, 1362898]"
"LISAH-BOU-0-56-20230512","[1363945, 1359639, 1363944, 1361306]"
"LISAH-BOU-0-58-20230512","[1361306, 1356066, 1393770, 1392594]"
"LISAH-BOU-0-6-20240425","[1356276, 1650353, 1391330, 1396319]"
"LISAH-BOU-0-63-20230512","[1392155, 1358257, 1393770, 1364162]"
"LISAH-BOU-0-65-20230512","[1361306, 1361307, 1359639, 1393770]"
"LISAH-BOU-0-75-20230516","[1363468, 1722435, 1363467, 1361190]"
"LISAH-BOU-0-79-20230512","[1425238, 1359488, 1359502, 1363737]"
"LISAH-BOU-0-8-20240425","[1388794, 1393975, 1393522, 1388809]"
"LISAH-BOU-0-84-20230512","[1425238, 1392699, 1359502, 1359485]"
"LISAH-BOU-0-9-20240425","[1393522, 1722441, 1356397, 1388794]"
"LISAH-BOU-0-98-20240425","[1425238, 1363737, 1363730, 1363731]"
"LISAH-BVD-0-100-20230510","[1356066, 1394638, 1356286, 1744194]"
"LISAH-BVD-0-101-20230510","[1356066, 1361369, 1394627, 1363458]"
"LISAH-BVD-0-152-20230511","[1356066, 1394360, 1394627, 1363740]"
"LISAH-BVD-0-155-20230511","[1356066, 1394627, 1364061, 1356072]"
"LISAH-BVD-0-158-20230511","[1356066, 1363740, 1394638, 1356072]"
"LISAH-BVD-0-191-20230511","[1363498, 1359497, 1393975, 1363739]"
"LISAH-BVD-0-192-20230511","[1363522, 1397048, 1361369, 1363455]"
"LISAH-BVD-0-195-20230511","[1363508, 1394395, 1361133, 1718548]"
"LISAH-BVD-0-196-20230511","[1361316, 1397763, 1394395, 1359511]"
"LISAH-BVD-0-197-20230511","[1356066, 1359497, 1646528, 1424916]"
"LISAH-BVD-0-200-20230511","[1356066, 1363740, 1363739, 1646528]"
"LISAH-BVD-0-203-20230511","[1363739, 1396857, 1363740, 1363421]"
"LISAH-BVD-0-205-20230511","[1363740, 1363522, 1363739, 1363458]"
"LISAH-BVD-0-206-20230511","[1359497, 1359528, 1356278, 1363740]"
"LISAH-BVD-0-208-20230511","[1363555, 1359528, 1394677, 1363740]"
"LISAH-BVD-0-209-20230511","[1363739, 1356066, 1363740, 1359528]"
"LISAH-BVD-0-25-20230510","[1363740, 1359497, 1363731, 1363730]"
"LISAH-BVD-0-275-20230516","[1356321, 1363469, 1363468, 1363472]"
"LISAH-BVD-0-277-20230516","[1363993, 1356321, 1361133, 1360304]"
"LISAH-BVD-0-278-20230516","[1363993, 1361307, 1360304, 1721637]"
"LISAH-BVD-0-281-20230516","[1363993, 1361133, 1360304, 1356321]"
"LISAH-BVD-0-282-20230516","[1356321, 1363468, 1363458, 1363467]"
"LISAH-BVD-0-283-20230516","[1356321, 1360304, 1363993, 1361133]"
"LISAH-BVD-0-285-20230516","[1356321, 1361306, 1361307, 1361133]"
"LISAH-BVD-0-287-20230516","[1356321, 1361133, 1361307, 1361306]"
"LISAH-BVD-0-288-20230516","[1363468, 1363467, 1363458, 1356321]"
"LISAH-BVD-0-292-20230516","[1356321, 1360304, 1360307, 1363526]"
"LISAH-BVD-0-293-20230516","[1356321, 1361133, 1363455, 1389833]"
"LISAH-BVD-0-294-20230516","[1363526, 1356321, 1363496, 1360307]"
"LISAH-BVD-0-295-20230516","[1363452, 1363739, 1356321, 1361133]"
"LISAH-BVD-0-296-20230516","[1363993, 1391330, 1420364, 1360304]"
"LISAH-BVD-0-297-20230516","[1363740, 1359497, 1396871, 1363993]"
"LISAH-BVD-0-298-20230516","[1363993, 1420364, 1394884, 1391330]"
"LISAH-BVD-0-299-20230516","[1394677, 1363993, 1359497, 1363739]"
"LISAH-BVD-0-300-20230516","[1363993, 1394884, 1422217, 1722436]"
"LISAH-BVD-0-301-20230516","[1363993, 1420364, 1363459, 1360304]"
"LISAH-BVD-0-302-20230516","[1363993, 1394884, 1394677, 1360304]"
"LISAH-BVD-0-309-20230516","[1363993, 1394884, 1391330, 1360304]"
"LISAH-BVD-0-310-20230516","[1363993, 1394884, 1360304, 1394828]"
"LISAH-BVD-0-337-20230516","[1356286, 1364006, 1361308, 1364037]"
"LISAH-BVD-0-338-20230516","[1356286, 1364006, 1361206, 1361302]"
"LISAH-BVD-0-339-20230516","[1356286, 1364006, 1363056, 1397514]"
"LISAH-BVD-0-341-20230516","[1364006, 1363740, 1364037, 1363739]"
"LISAH-BVD-0-342-20230516","[1364006, 1356286, 1356587, 1426068]"
"LISAH-BVD-0-343-20230516","[1356286, 1363740, 1363522, 1359517]"
"LISAH-BVD-0-344-20230516","[1397514, 1356286, 1363735, 1359517]"
"LISAH-BVD-0-345-20230516","[1364006, 1356286, 1356066, 1646528]"
"LISAH-BVD-0-346-20230516","[1356286, 1364006, 1363803, 1363522]"
"LISAH-BVD-0-347-20230516","[1356286, 1741625, 1397524, 1364006]"
"LISAH-BVD-0-348-20230516","[1356286, 1364006, 1391723, 1357875]"
"LISAH-BVD-0-349-20230516","[1356286, 1364006, 1407739, 1721018]"
"LISAH-BVD-0-35-20230510","[1363526, 1363555, 1361316, 1364006]"
"LISAH-BVD-0-350-20230516","[1356286, 1363478, 1363475, 1397525]"
"LISAH-BVD-0-351-20230516","[1356066, 1364006, 1356072, 1394638]"
"LISAH-BVD-0-352-20230516","[1356286, 1363501, 1361206, 1356066]"
"LISAH-BVD-0-353-20230516","[1356286, 1356066, 1394638, 1363458]"
"LISAH-BVD-0-354-20230516","[1356066, 1394638, 1646528, 1394627]"
"LISAH-BVD-0-364-20230516","[1363945, 1359639, 1363944, 1361307]"
"LISAH-BVD-0-372-20230516","[1361306, 1361307, 1422217, 1359525]"
"LISAH-BVD-0-379-20230516","[1361307, 1361306, 1359284, 1363501]"
"LISAH-BVD-0-380-20230516","[1361306, 1361245, 1392805, 1363475]"
"LISAH-BVD-0-383-20230516","[1363526, 1414353, 1359497, 1394477]"
"LISAH-BVD-0-392-20230516","[1364006, 1359497, 1363739, 1355936]"
"LISAH-BVD-0-397-20230517","[1414353, 1363551, 1363526, 1363421]"
"LISAH-BVD-0-398-20230517","[1414353, 1356066, 1389018, 1363740]"
"LISAH-BVD-0-412-20230517","[1363526, 1363993, 1355869, 1414353]"
"LISAH-BVD-0-417-20230517","[1361307, 1363740, 1361306, 1390356]"
"LISAH-BVD-0-428-20230517","[1363403, 1356066, 1363459, 1360652]"
"LISAH-BVD-0-430-20230517","[1356286, 1356321, 1364006, 1363551]"
"LISAH-BVD-0-431-20230517","[1364006, 1356321, 1359284, 1361369]"
"LISAH-BVD-0-432-20230517","[1356286, 1364006, 1361302, 1363551]"
"LISAH-BVD-0-463-20230517","[1363496, 1356066, 1356072, 1363421]"
"LISAH-BVD-0-465-20230517","[1356066, 1363526, 1363496, 1363421]"
"LISAH-BVD-0-471-20230517","[1356066, 1356286, 1394627, 1363424]"
"LISAH-BVD-0-54-20230510","[1356314, 1363946, 1363944, 1359639]"
"LISAH-BVD-0-99-20230510","[1356066, 1394627, 1356286, 1361157]"
"LISAH-JAS-0-1-20220505","[1359981, 1356331, 1357702, 1364065]"
"LISAH-JAS-0-11-20220505","[1357875, 1355881, 1359497, 1396956]"
"LISAH-JAS-0-12-20220505","[1359519, 1363739, 1359528, 1359497]"
"LISAH-JAS-0-13-20220505","[1359519, 1363739, 1359981, 1359497]"
"LISAH-JAS-0-15-20220505","[1422217, 1359519, 1359802, 1414353]"
"LISAH-JAS-0-16-20220505","[1359519, 1391360, 1391763, 1359530]"
"LISAH-JAS-0-17-20220505","[1359497, 1359802, 1363739, 1359528]"
"LISAH-JAS-0-2-20220505","[1359981, 1356111, 1364065, 1364061]"
"LISAH-JAS-0-6-20220505","[1356084, 1364138, 1357862, 1357868]"
"LISAH-JAS-0-7-20220505","[1356084, 1364138, 1357862, 1359284]"
"LISAH-JAS-0-9-20220505","[1359519, 1357538, 1364061, 1359981]"
"LISAH-JAS-1-25-20220505","[1363526, 1363467, 1396416, 1361157]"
"LISAH-JAS-1-27-20220505","[1361306, 1359322, 1361307, 1359296]"
"LISAH-JAS-1-28-20220505","[1363740, 1363944, 1363945, 1720968]"
"LISAH-JAS-1-5-20220505","[1364063, 1359981, 1357538, 1364065]"
"LISAH-PEC-0-0-20220608","[1396055, 1396063, 1743313, 1358478]"
"LISAH-PEC-0-1-20230411","[1355993, 1356013, 1422217, 1394477]"
"LISAH-PEC-0-10-20230405","[1391455, 1424916, 1363526, 1357635]"
"LISAH-PEC-0-11-20230405","[1363791, 1424916, 1363910, 1426085]"
"LISAH-PEC-0-11-20230411","[1355993, 1738180, 1356013, 1741690]"
"LISAH-PEC-0-12-20230411","[1392699, 1358654, 1359978, 1359981]"
"LISAH-PEC-0-13-20230411","[1355993, 1363915, 1355991, 1358654]"
"LISAH-PEC-0-13-20230413","[1364151, 1363676, 1398319, 1364154]"
"LISAH-PEC-0-14-20230407","[1397114, 1395477, 1737565, 1363994]"
"LISAH-PEC-0-15-20230407","[1361000, 1358561, 1360422, 1398725]"
"LISAH-PEC-0-17-20230413","[1363676, 1396879, 1363680, 1363674]"
"LISAH-PEC-0-18-20230411","[1356013, 1363915, 1356488, 1426088]"
"LISAH-PEC-0-19-20230413","[1363676, 1359268, 1356013, 1356008]"
"LISAH-PEC-0-20-20230411","[1355993, 1363899, 1363878, 1355964]"
"LISAH-PEC-0-4-20230407","[1363402, 1395477, 1358446, 1360330]"
"LISAH-PEC-0-4-20230411","[1355993, 1741690, 1363753, 1358003]"
"LISAH-PEC-0-6-20220608","[1363402, 1364019, 1361394, 1362429]"
"LISAH-PEC-0-6-20230411","[1359978, 1358654, 1357635, 1355993]"
"LISAH-PEC-0-8-20230405","[1363791, 1363899, 1741690, 1357817]"
"LISAH-PEC-0-9-20230411","[1355993, 1358654, 1355964, 1363944]"
"LISAH-PEC-0-9-20230413","[1357598, 1363676, 1363896, 1392096]"
"LISAH-PEC-1-13-20230405","[1363526, 1391455, 1357635, 1363878]"
"LISAH-PEC-1-18-20230407","[1363878, 1363885, 1357538, 1360035]"
"LISAH-PEC-2-0-20220609","[1361306, 1422217, 1361437, 1364151]"
"LISAH-PEC-2-11-20220609","[1355881, 1357351, 1422217, 1422218]"
"LISAH-PEC-2-17-20230407","[1360407, 1390637, 1364162, 1360400]"
"LISAH-PEC-2-2-20220609","[1361306, 1361307, 1356013, 1392598]"
"LISAH-PEC-2-20-20230407","[1356013, 1360400, 1360407, 1355993]"
"LISAH-PEC-2-4-20220609","[1422217, 1361306, 1414366, 1355881]"
"LISAH-PEC-2-5-20220609","[1364151, 1355881, 1390734, 1502064]"
"LISAH-PEC-2-5-20230407","[1363878, 1360658, 1362019, 1360400]"
"LISAH-PEC-2-6-20220609","[1422217, 1737633, 1361306, 1422218]"
"LISAH-PEC-3-10-20230407","[1363676, 1737463, 1737676, 1393458]"
"LISAH-PEC-3-16-20230407","[1363734, 1397111, 1363676, 1363674]"
"LISAH-PEC-3-20-20230407","[1363674, 1363676, 1358553, 1397095]"
"OPTMix-0108-P1-312-20231006","[1356404, 1356433, 1391810, 1722340]"
"OPTMix-0108-P1-422-20231006","[1389018, 1361055, 1394759, 1388809]"
"OPTMix-0108-P1-427-20231006","[1356404, 1356364, 1396752, 1419076]"
"OPTMix-0108-P1-533-20231006","[1362951, 1361055, 1363501, 1419076]"
"OPTMix-0108-P1-95-20231006","[1361055, 1363501, 1390887, 1361932]"
"OPTMix-012-P1-143-20231201","[1419076, 1392309, 1548458, 1390756]"
"OPTMix-012-P1-208-20231201","[1419076, 1396168, 1359973, 1392309]"
"OPTMix-012-P2-192-20231201","[1419076, 1357413, 1397383, 1548458]"
"OPTMix-012-P2-207-20231201","[1419076, 1394616, 1394613, 1358612]"
"OPTMix-012-P2-240-20231201","[1359973, 1392309, 1419076, 1397383]"
"OPTMix-012-P3-190-20231201","[1359973, 1392309, 1361914, 1419076]"
"OPTMix-012-P3-218-20231201","[1419076, 1356307, 1397383, 1357413]"
"OPTMix-012-P3-220-20231201","[1392309, 1400084, 1390756, 1361585]"
"OPTMix-0178-P1-1060-20231006","[1356404, 1396752, 1722340, 1356382]"
"OPTMix-0178-P1-1061-20231006","[1395977, 1394613, 1360358, 1360354]"
"OPTMix-0178-P1-552-20231006","[1356404, 1356369, 1391810, 1391805]"
"OPTMix-0178-P1-661-20231006","[1356404, 1356364, 1722340, 1391810]"
"OPTMix-0178-P1-663-20231006","[1395035, 1356404, 1419076, 1361654]"
"OPTMix-0178-P1-669-20231006","[1419076, 1394616, 1392309, 1357413]"
"OPTMix-0200-11006-20231009","[1396752, 1419076, 1395026, 1395035]"
"OPTMix-0200-P2-53-20231009","[1358507, 1361002, 1358501, 1390761]"
"OPTMix-0200-P2-54-20231009","[1361316, 1360257, 1731657, 1363508]"
"OPTMix-0200-P2-68-20231009","[1358501, 1358503, 1358511, 1390761]"
"OPTMix-0200-P3-108-20231009","[1396752, 1363413, 1394503, 1356404]"
"OPTMix-0200-P3-127-20231009","[1396752, 1395412, 1737565, 1722340]"
"OPTMix-0200-P3-139-20231009","[1394617, 1361074, 1394074, 1397331]"
"OPTMix-0214-P1-207-20231010","[1356609, 1395026, 1392309, 1683819]"
"OPTMix-0214-P1-208-20231010","[1390756, 1397383, 1394616, 1392309]"
"OPTMix-0214-P1-235-20231010","[1357413, 1395026, 1419076, 1397383]"
"OPTMix-0214-P2-22-20231010","[1358501, 1358511, 1361800, 1358514]"
"OPTMix-0214-P2-64-20231010","[1358501, 1358503, 1361800, 1394617]"
"OPTMix-0214-P2-84-20231010","[1419076, 1357413, 1358616, 1358614]"
"OPTMix-0214-P3-186-20231010","[1390756, 1361335, 1361376, 1390870]"
"OPTMix-0214-P3-196-20231010","[1392309, 1419076, 1357413, 1548458]"
"OPTMix-0214-P3-278-20231010","[1390761, 1392774, 1361050, 1391680]"
"OPTMix-0216-P4-208-20231009","[1358501, 1356364, 1394503, 1396752]"
"OPTMix-0255-11233-20231009","[1361376, 1361055, 1361050, 1361315]"
"OPTMix-0255-11372-20231009","[1363501, 1389603, 1361376, 1361315]"
"OPTMix-0255-11382-20231009","[1361055, 1363593, 1361547, 1654153]"
"OPTMix-033-P3-107-20231201","[1356404, 1396752, 1356375, 1363401]"
"OPTMix-0333-P1-107-20231212","[1356404, 1396752, 1356364, 1722340]"
"OPTMix-0333-P1-112-20231212","[1356404, 1396752, 1356428, 1356375]"
"OPTMix-0333-P2-108-20231212","[1356404, 1396752, 1356432, 1392669]"
"OPTMix-0333-P2-112-20231212","[1392769, 1361914, 1363409, 1363534]"
"OPTMix-0333-P2-115-20231212","[1396752, 1392769, 1356404, 1722340]"
"OPTMix-0333-P3-100-20231201","[1356404, 1396752, 1722340, 1356364]"
"OPTMix-0333-P3-76-20231201","[1356404, 1396752, 1358501, 1356433]"
"OPTMix-057-P1-1699-20231010","[1356404, 1356364, 1356373, 1722693]"
"OPTMix-057-P1-1901-20231010","[1396752, 1356404, 1391809, 1394613]"
"OPTMix-057-P1-1902-20231010","[1356382, 1396752, 1356404, 1391810]"
"OPTMix-057-P1-1913-20231010","[1356404, 1396752, 1356364, 1722340]"
"OPTMix-057-P1-1917-20231010","[1356404, 1356369, 1722340, 1391810]"
"OPTMix-0593-P1-129-20231205","[1419076, 1397383, 1358612, 1359973]"
"OPTMix-0593-P1-134-20231205","[1359973, 1419076, 1397383, 1395035]"
"OPTMix-0593-P1-86-20231205","[1397383, 1392309, 1419076, 1395035]"
"OPTMix-0593-P2-180-20231205","[1419076, 1396167, 1357413, 1395035]"
"OPTMix-0593-P2-84-20231205","[1419076, 1548458, 1357413, 1393241]"
"OPTMix-0593-P2-92-20231205","[1393473, 1392309, 1419076, 1361113]"
"OPTMix-0593-P3-130-20231205","[1419076, 1358610, 1397383, 1358612]"
"OPTMix-0593-P3-146-20231205","[1419076, 1361077, 1392309, 1390756]"
"OPTMix-0593-P3-87-20231205","[1359973, 1390756, 1419076, 1400084]"
"OPTMix-0598-P1-118-20231205","[1390870, 1650353, 1389018, 1397331]"
"OPTMix-0598-P1-132-20231205","[1359973, 1397383, 1419076, 1358612]"
"OPTMix-0598-P1-133-20231205","[1419076, 1356307, 1357413, 1358612]"
"OPTMix-0598-P1-149-20231205","[1358501, 1419076, 1356404, 1391809]"
"OPTMix-0598-P1-197-20231205","[1358501, 1358507, 1358511, 1358503]"
"OPTMix-0598-P1-198-20231205","[1397331, 1720968, 1390870, 1389603]"
"OPTMix-0598-P2-102-20231205","[1356404, 1396752, 1356375, 1398640]"
"OPTMix-0598-P2-139-20231207","[1356404, 1419076, 1397383, 1395466]"
"OPTMix-0598-P2-86-20231207","[1356790, 1356404, 1396752, 1356375]"
"OPTMix-0598-P2-99-20231205","[1419076, 1396168, 1356402, 1396752]"
"OPTMix-0598-P4-104-20231207","[1358501, 1419076, 1390870, 1363593]"
"OPTMix-0598-P4-108-20231207","[1669279, 1397383, 1395466, 1419076]"
"OPTMix-0598-P4-128-20231207","[1359973, 1397383, 1419076, 1356307]"
"OPTMix-083-P3-139-20231110","[1396752, 1722693, 1356432, 1356404]"
"OPTMix-083-P3-186-20231110","[1396752, 1356404, 1722693, 1722340]"
"OPTMix-083-P3-96-20231110","[1358501, 1358507, 1358514, 1392769]"
"OPTMix-108-P1-000-20231006","[1419076, 1356404, 1363575, 1389018]"
"RNNB-1-1-20230512","[1722522, 1722625, 1722521, 1356086]"
"RNNB-1-1-20240117","[1737441, 1722441, 1722433, 1392704]"
"RNNB-1-10-20230512","[1722625, 1722522, 1397505, 1486726]"
"RNNB-1-10-20240117","[1722441, 1361581, 1722433, 1737441]"
"RNNB-1-2-20230512","[1722522, 1722625, 1722521, 1363191]"
"RNNB-1-2-20240117","[1363477, 1361742, 1362963, 1361703]"
"RNNB-1-3-20230512","[1722522, 1722521, 1722625, 1363191]"
"RNNB-1-3-20240117","[1363477, 1364090, 1393503, 1610809]"
"RNNB-1-4-20230512","[1722522, 1722625, 1722521, 1363191]"
"RNNB-1-4-20240117","[1722441, 1390761, 1394830, 1722433]"
"RNNB-1-5-20230512","[1722625, 1363165, 1722522, 1363191]"
"RNNB-1-5-20240117","[1722441, 1390761, 1737441, 1722433]"
"RNNB-1-6-20230512","[1722522, 1397505, 1722625, 1452062]"
"RNNB-1-6-20240117","[1722441, 1722433, 1390761, 1737441]"
"RNNB-1-7-20230512","[1722522, 1722625, 1722521, 1363191]"
"RNNB-1-7-20240117","[1722433, 1722441, 1737441, 1393790]"
"RNNB-1-8-20230512","[1722625, 1722522, 1363200, 1722521]"
"RNNB-1-8-20240117","[1722441, 1722433, 1390761, 1391491]"
"RNNB-1-9-20230512","[1722522, 1722625, 1722521, 1363191]"
"RNNB-1-9-20240117","[1722433, 1722441, 1388990, 1396464]"
"RNNB-2-1-20230512","[1722522, 1426004, 1722521, 1722625]"
"RNNB-2-1-20240117","[1357227, 1390761, 1722433, 1722441]"
"RNNB-2-10-20230512","[1426004, 1356086, 1363165, 1426005]"
"RNNB-2-10-20240117","[1356083, 1357227, 1364037, 1722433]"
"RNNB-2-2-20230512","[1426004, 1722625, 1722521, 1722522]"
"RNNB-2-2-20240117","[1357227, 1363477, 1363434, 1414366]"
"RNNB-2-3-20230512","[1426004, 1356086, 1426005, 1360035]"
"RNNB-2-3-20240117","[1357227, 1364037, 1396330, 1722578]"
"RNNB-2-4-20230512","[1426004, 1356086, 1360006, 1359627]"
"RNNB-2-4-20240117","[1357227, 1722433, 1722441, 1363302]"
"RNNB-2-5-20230512","[1426004, 1356086, 1356084, 1360006]"
"RNNB-2-5-20240117","[1357227, 1364037, 1359344, 1722619]"
"RNNB-2-6-20230512","[1426004, 1356086, 1360116, 1360006]"
"RNNB-2-6-20240117","[1357227, 1359344, 1363302, 1396883]"
"RNNB-2-7-20230512","[1426004, 1426005, 1356086, 1360006]"
"RNNB-2-7-20240117","[1357227, 1722441, 1722433, 1396883]"
"RNNB-2-8-20230512","[1426004, 1426005, 1356086, 1360116]"
"RNNB-2-8-20240117","[1360701, 1359297, 1363477, 1737441]"
"RNNB-2-9-20230512","[1426004, 1426005, 1356086, 1361753]"
"RNNB-2-9-20240117","[1357227, 1356083, 1722433, 1722441]"
"RNNB-3-1-20230512","[1426088, 1741625, 1363447, 1359970]"
"RNNB-3-1-20240117","[1359344, 1722441, 1722433, 1359297]"
"RNNB-3-10-20230512","[1650228, 1393522, 1356297, 1722433]"
"RNNB-3-10-20240117","[1722433, 1364037, 1721018, 1363477]"
"RNNB-3-11-20230512","[1743938, 1722441, 1650228, 1737441]"
"RNNB-3-12-20230512","[1722433, 1722441, 1743938, 1737441]"
"RNNB-3-2-20230512","[1426088, 1426004, 1426005, 1356284]"
"RNNB-3-2-20240117","[1722441, 1722433, 1359297, 1359344]"
"RNNB-3-3-20240117","[1359344, 1722441, 1388990, 1359297]"
"RNNB-3-4-20230512","[1360925, 1360938, 1360971, 1361418]"
"RNNB-3-4-20240117","[1722619, 1359297, 1364037, 1388812]"
"RNNB-3-5-20230512","[1722433, 1722441, 1737441, 1650228]"
"RNNB-3-5-20240117","[1356083, 1722619, 1361703, 1722441]"
"RNNB-3-6-20230512","[1722433, 1360926, 1650228, 1731657]"
"RNNB-3-6-20240117","[1355977, 1361703, 1360130, 1722619]"
"RNNB-3-7-20230512","[1722433, 1722441, 1356297, 1650228]"
"RNNB-3-7-20240117","[1355977, 1361703, 1360978, 1359344]"
"RNNB-3-8-20230512","[1650228, 1393522, 1722433, 1722441]"
"RNNB-3-8-20240117","[1361703, 1363477, 1356083, 1359297]"
"RNNB-3-9-20230512","[1393522, 1722441, 1393790, 1722433]"
"RNNB-3-9-20240117","[1360701, 1356083, 1364037, 1363302]"
"RNNB-4-1-20240117","[1361703, 1356228, 1357769, 1357911]"
"RNNB-4-1-20240118","[1363006, 1361412, 1388990, 1397871]"
"RNNB-4-10-20240117","[1364037, 1722441, 1360978, 1722433]"
"RNNB-4-10-20240118","[1518245, 1357630, 1357004, 1397398]"
"RNNB-4-2-20240117","[1361703, 1356228, 1722619, 1361723]"
"RNNB-4-2-20240118","[1361953, 1396272, 1394019, 1738749]"
"RNNB-4-3-20240117","[1722441, 1361703, 1737441, 1394756]"
"RNNB-4-3-20240118","[1357004, 1396272, 1361412, 1357026]"
"RNNB-4-4-20240117","[1361703, 1722441, 1356228, 1390761]"
"RNNB-4-4-20240118","[1357630, 1361412, 1357325, 1397398]"
"RNNB-4-5-20240117","[1361703, 1722441, 1722433, 1363302]"
"RNNB-4-5-20240118","[1396764, 1357023, 1396769, 1357630]"
"RNNB-4-6-20240117","[1359344, 1359297, 1722433, 1363302]"
"RNNB-4-6-20240118","[1396769, 1357630, 1358760, 1358766]"
"RNNB-4-7-20240117","[1361703, 1722441, 1737441, 1722433]"
"RNNB-4-7-20240118","[1392725, 1357630, 1398822, 1397398]"
"RNNB-4-8-20240117","[1361703, 1359297, 1355950, 1357848]"
"RNNB-4-8-20240118","[1357630, 1393466, 1399609, 1392725]"
"RNNB-4-9-20240117","[1357848, 1722441, 1359344, 1722433]"
"RNNB-4-9-20240118","[1357630, 1399609, 1392725, 1518245]"
"RNNB-5-1-20240117","[1360542, 1358766, 1391354, 1357630]"
"RNNB-5-1-20240118","[1722441, 1357630, 1361412, 1392725]"
"RNNB-5-10-20240117","[1722619, 1391122, 1356328, 1363878]"
"RNNB-5-10-20240118","[1357630, 1722441, 1397398, 1392725]"
"RNNB-5-2-20240117","[1357630, 1392356, 1399609, 1397398]"
"RNNB-5-2-20240118","[1357630, 1362525, 1360978, 1360945]"
"RNNB-5-3-20240117","[1357630, 1364019, 1360542, 1399609]"
"RNNB-5-3-20240118","[1364037, 1363499, 1360497, 1360015]"
"RNNB-5-4-20240117","[1357630, 1399609, 1358766, 1397398]"
"RNNB-5-4-20240118","[1357630, 1364037, 1399609, 1392725]"
"RNNB-5-5-20240117","[1357630, 1399609, 1358766, 1397398]"
"RNNB-5-5-20240118","[1357630, 1392725, 1397398, 1518245]"
"RNNB-5-6-20240117","[1360542, 1357630, 1399609, 1358766]"
"RNNB-5-6-20240118","[1357630, 1392725, 1364037, 1399609]"
"RNNB-5-7-20240117","[1360542, 1742852, 1722501, 1363875]"
"RNNB-5-7-20240118","[1722441, 1363706, 1425895, 1357630]"
"RNNB-5-8-20240117","[1396197, 1357770, 1359959, 1394640]"
"RNNB-5-8-20240118","[1722441, 1722433, 1397406, 1655199]"
"RNNB-5-9-20240117","[1360981, 1396197, 1359601, 1394640]"
"RNNB-5-9-20240118","[1357004, 1722441, 1356397, 1722433]"
"RNNB-6-1-20240117","[1357560, 1364127, 1720968, 1396210]"
"RNNB-6-1-20240118","[1361703, 1355991, 1364037, 1722619]"
"RNNB-6-10-20240117","[1361437, 1393921, 1363302, 1392805]"
"RNNB-6-10-20240118","[1357630, 1358386, 1397398, 1396726]"
"RNNB-6-2-20240117","[1356083, 1388990, 1422217, 1360658]"
"RNNB-6-2-20240118","[1722441, 1363302, 1722444, 1722433]"
"RNNB-6-3-20240117","[1388990, 1363526, 1741690, 1360910]"
"RNNB-6-3-20240118","[1390761, 1722441, 1722433, 1722619]"
"RNNB-6-4-20240117","[1361412, 1361127, 1363302, 1362525]"
"RNNB-6-4-20240118","[1358477, 1357023, 1722441, 1364037]"
"RNNB-6-5-20240117","[1361412, 1363526, 1356317, 1363409]"
"RNNB-6-5-20240118","[1722441, 1722433, 1361326, 1391148]"
"RNNB-6-6-20240117","[1414353, 1422217, 1720968, 1361412]"
"RNNB-6-6-20240118","[1357630, 1361703, 1722619, 1397398]"
"RNNB-6-7-20240117","[1422217, 1361412, 1357700, 1363434]"
"RNNB-6-7-20240118","[1357630, 1399609, 1392725, 1518245]"
"RNNB-6-8-20240117","[1422217, 1355950, 1357848, 1357379]"
"RNNB-6-8-20240118","[1357630, 1361703, 1399609, 1392725]"
"RNNB-6-9-20240117","[1392769, 1357004, 1720968, 1722435]"
"RNNB-6-9-20240118","[1361703, 1364037, 1356228, 1358685]"
"RNNB-7-1-20240118","[1357630, 1392725, 1361127, 1722619]"
"RNNB-7-10-20240118","[1357004, 1361127, 1361412, 1388990]"
"RNNB-7-2-20240118","[1388990, 1361412, 1357630, 1361127]"
"RNNB-7-3-20240118","[1357630, 1361437, 1361412, 1361127]"
"RNNB-7-4-20240118","[1361412, 1360130, 1388990, 1361437]"
"RNNB-7-5-20240118","[1361437, 1361412, 1388990, 1397398]"
"RNNB-7-6-20240118","[1361412, 1361124, 1399609, 1361127]"
"RNNB-7-7-20240118","[1722441, 1388990, 1361412, 1361437]"
"RNNB-7-8-20240118","[1361437, 1361124, 1363481, 1363898]"
"RNNB-7-9-20240118","[1361437, 1358003, 1393615, 1363908]"
"RNNB-8-1-20240118","[1359344, 1363302, 1722441, 1359297]"
"RNNB-8-10-20240118","[1722441, 1390761, 1363302, 1722433]"
"RNNB-8-2-20240118","[1357227, 1722441, 1737441, 1722433]"
"RNNB-8-3-20240118","[1722441, 1722433, 1363302, 1737441]"
"RNNB-8-4-20240118","[1722441, 1390761, 1363302, 1737441]"
"RNNB-8-5-20240118","[1363302, 1359344, 1359297, 1361703]"
"RNNB-8-6-20240118","[1359344, 1361703, 1357981, 1722619]"
"RNNB-8-7-20240118","[1359344, 1357227, 1357848, 1722619]"
"RNNB-8-8-20240118","[1357227, 1359344, 1363892, 1413865]"
"RNNB-8-9-20240118","[1390761, 1359344, 1722441, 1361437]"
