"quadrat_id","species_ids"
"2024-CEV3-20240602","[1395045, 1360222, 1395100, 1360187, 1395127, 1360203, 1362363, 1622910, 1360208, 1481080]"
"CBN-PdlC-A1-20130807","[1393474, 1356947, 1361273, 1743474, 1667408, 1424250, 1356370, 1738603, 1361130, 1393473]"
"CBN-PdlC-A1-20130903","[1397046, 1394643, 1743819, 1394542, 1743474, 1392608, 1738603, 1412857, 1357646, 1564349]"
"CBN-PdlC-A1-20140721","[1737423, 1743819, 1743101, 1744208, 1361130, 1361373, 1361273, 1399485, 1743474, 1744612]"
"CBN-PdlC-A1-20140811","[1400079, 1548389, 1388793, 1392608, 1395870, 1395807, 1412857, 1394542, 1743792, 1394643]"
"CBN-PdlC-A1-20140901","[1394643, 1667408, 1362098, 1395127, 1389247, 1744208, 1743474, 1394641, 1513952, 1357646]"
"CBN-PdlC-A1-20150701","[1394793, 1392270, 1394911, 1743819, 1394531, 1356033, 1667408, 1397046, 1396869, 1744208]"
"CBN-PdlC-A1-20150720","[1392608, 1548389, 1394312, 1744208, 1359444, 1394543, 1743474, 1362098, 1472808, 1396869]"
"CBN-PdlC-A1-20150831","[1394643, 1396869, 1412857, 1359444, 1394312, 1667408, 1363062, 1743474, 1742052, 1491514]"
"CBN-PdlC-A1-20160705","[1743474, 1356001, 1744208, 1394911, 1548389, 1668330, 1743819, 1359444, 1361273, 1667408]"
"CBN-PdlC-A1-20160726","[1743474, 1396869, 1628819, 1481080, 1394543, 1392177, 1723120, 1395106, 1359444, 1397046]"
"CBN-PdlC-A1-20170816","[1743474, 1397046, 1394643, 1744208, 1481080, 1394655, 1513952, 1667408, 1457212, 1390899]"
"CBN-PdlC-A1-20170906","[1667408, 1743474, 1412857, 1481080, 1472808, 1394477, 1452284, 1393958, 1738603]"
"CBN-PdlC-A1-20180702","[1743474, 1743819, 1739083, 1392099, 1361273, 1744208, 1393927, 1743101, 1392270, 1392894]"
"CBN-PdlC-A1-20180815","[1412857, 1481080, 1744208, 1738603, 1743819, 1362098, 1507261, 1389687, 1393958, 1357646]"
"CBN-PdlC-A1-20180905","[1743474, 1392099, 1362098, 1412857, 1396869, 1738603, 1743365, 1396569, 1394542, 1481080]"
"CBN-PdlC-A1-20190701","[1359444, 1394911, 1513952, 1396998, 1392894, 1744208, 1389806, 1361273, 1397046, 1743474]"
"CBN-PdlC-A1-20190722","[1738603, 1688091, 1744208, 1396309, 1622908, 1397046, 1357577, 1743101, 1412857, 1399485]"
"CBN-PdlC-A1-20190812","[1738603, 1412857, 1357577, 1744208, 1391781, 1399485, 1363187, 1742052, 1394312, 1396869]"
"CBN-PdlC-A1-20190909","[1362592, 1393686, 1743474, 1667408, 1647823, 1489087, 1390966, 1489053, 1361045, 1397046]"
"CBN-PdlC-A1-20200629","[1741758, 1744412, 1617119, 1744208, 1393474, 1357662, 1663341, 1658958, 1360659, 1390966]"
"CBN-PdlC-A1-20200722","[1744208, 1392608, 1392535, 1392561, 1481080, 1392612, 1392553, 1667408, 1358460, 1738603]"
"CBN-PdlC-A1-20200812","[1742052, 1412857, 1531358, 1738603, 1362098, 1389135, 1357581, 1394312, 1744208, 1654025]"
"CBN-PdlC-A2-20130807","[1393474, 1738603, 1362098, 1394312, 1737423, 1393927, 1742895, 1360964, 1396309, 1491514]"
"CBN-PdlC-A2-20130903","[1394413, 1738582, 1396362, 1360964, 1391400, 1357416, 1389950, 1744208, 1357019, 1395366]"
"CBN-PdlC-A2-20140721","[1744208, 1397046, 1362098, 1359684, 1394312, 1743101, 1361144, 1359444, 1529410, 1392054]"
"CBN-PdlC-A2-20140901","[1389929, 1360964, 1395974, 1744208, 1392535, 1394605, 1394312, 1397046, 1664942, 1390966]"
"CBN-PdlC-A2-20150720","[1472808, 1412857, 1392044, 1361304, 1363451, 1743101, 1396691, 1628819, 1743819, 1392054]"
"CBN-PdlC-A2-20150810","[1397046, 1743101, 1412857, 1393474, 1362098, 1358392, 1628819, 1392044, 1363069, 1394312]"
"CBN-PdlC-A2-20150831","[1359444, 1412857, 1362098, 1394312, 1393474, 1392044, 1743819, 1472808, 1361517, 1481080]"
"CBN-PdlC-A2-20160705","[1359444, 1394312, 1392044, 1393927, 1744208, 1393474, 1491514, 1743101]"
"CBN-PdlC-A2-20160726","[1392535, 1393474, 1392553, 1481080, 1396309, 1389929, 1363751, 1654025, 1548389, 1491514]"
"CBN-PdlC-A2-20170816","[1359444, 1744208, 1390966, 1389929, 1397046, 1743474, 1394312, 1356564, 1743101, 1392535]"
"CBN-PdlC-A2-20180702","[1393927, 1743474, 1744208, 1467324, 1743306, 1654025, 1393474, 1529395, 1392044, 1391427]"
"CBN-PdlC-A2-20180723","[1397046, 1392044, 1393200, 1359444, 1361273, 1394312, 1654025, 1628819, 1399485, 1390690]"
"CBN-PdlC-A2-20180815","[1393474, 1361373, 1393657, 1392044, 1357646, 1394312, 1744208, 1392662, 1743101, 1743819]"
"CBN-PdlC-A2-20180905","[1392662, 1393474, 1743101, 1359444, 1392044, 1363813, 1394312, 1744208, 1398244, 1743474]"
"CBN-PdlC-A2-20190701","[1359444, 1393927, 1392894, 1499783, 1744208, 1392044, 1394542, 1395299, 1397046, 1513952]"
"CBN-PdlC-A2-20190722","[1359444, 1394312, 1392662, 1393474, 1737488, 1744208, 1389929, 1392044, 1738603, 1688091]"
"CBN-PdlC-A2-20190812","[1688091, 1744208, 1392044, 1359444, 1357608, 1743101, 1394312, 1363069, 1392662, 1357646]"
"CBN-PdlC-A2-20190909","[1392662, 1738603, 1412857, 1394643, 1491514, 1389687, 1392044, 1394542, 1564349, 1359444]"
"CBN-PdlC-A2-20200629","[1741758, 1744412, 1390966, 1744208, 1658958, 1425629, 1360659, 1467321, 1357662, 1493109]"
"CBN-PdlC-A2-20200722","[1741645, 1358943, 1564349, 1392044, 1392662, 1688091, 1398768, 1744395, 1359444, 1397193]"
"CBN-PdlC-A2-20200812","[1392662, 1392044, 1389687, 1646778, 1743101, 1722501, 1393474, 1389508, 1394312, 1358392]"
"CBN-PdlC-A3-20130807","[1392535, 1395807, 1412857, 1654025, 1363187, 1392608, 1395870, 1394643, 1393927, 1657500]"
"CBN-PdlC-A3-20130903","[1395870, 1412857, 1394643, 1394641, 1395807, 1744208, 1363254, 1744335, 1741880, 1502707]"
"CBN-PdlC-A3-20140721","[1362098, 1744208, 1359444, 1357646, 1389135, 1743101, 1502795, 1393474, 1472808]"
"CBN-PdlC-A3-20140811","[1412857, 1394643, 1392608, 1361144, 1392612, 1499638, 1393200, 1357595, 1357646, 1744208]"
"CBN-PdlC-A3-20140901","[1394643, 1359444, 1412857, 1667408, 1393474, 1738603, 1389508, 1357019, 1743474, 1356765]"
"CBN-PdlC-A3-20150701","[1359444, 1393927, 1395106, 1363945, 1376496, 1361144, 1668744, 1491514, 1392894, 1472808]"
"CBN-PdlC-A3-20150720","[1628819, 1395870, 1744208, 1363187, 1393927, 1472808, 1738847, 1392612, 1738603, 1359444]"
"CBN-PdlC-A3-20150810","[1412857, 1394643, 1667408, 1491514, 1743474, 1362181, 1357577, 1396309, 1563807, 1393200]"
"CBN-PdlC-A3-20150831","[1412857, 1563807, 1397046, 1394643, 1744208, 1391092, 1397382, 1667408, 1359444, 1472808]"
"CBN-PdlC-A3-20160705","[1743474, 1393927, 1741808, 1398244, 1744208, 1395106, 1357646, 1667408, 1392044, 1390388]"
"CBN-PdlC-A3-20160726","[1392535, 1738603, 1359444, 1389687, 1357646, 1412857, 1362098, 1743306, 1398244, 1392044]"
"CBN-PdlC-A3-20170816","[1394643, 1412857, 1472808, 1392662, 1491514, 1743474, 1394641, 1357577, 1738603, 1499638]"
"CBN-PdlC-A3-20170906","[1412857, 1743474, 1359444, 1390899, 1362098, 1744208, 1472808, 1391798, 1564349, 1492664]"
"CBN-PdlC-A3-20180702","[1744208, 1390388, 1744569, 1392894, 1668744, 1394915, 1743474, 1363062, 1743819, 1356419]"
"CBN-PdlC-A3-20180723","[1397046, 1394643, 1741808, 1472808, 1743315, 1738603, 1392535, 1564349, 1491514, 1513498]"
"CBN-PdlC-A3-20180815","[1412857, 1392662, 1667408, 1472808, 1394643, 1744208, 1491514, 1651358, 1392894, 1481080]"
"CBN-PdlC-A3-20180905","[1412857, 1472808, 1394643, 1738603, 1362098, 1743474, 1389687, 1396309, 1563807, 1744208]"
"CBN-PdlC-A3-20190701","[1389929, 1513952, 1744208, 1393927, 1743819, 1357543, 1743474, 1390966, 1359684, 1359444]"
"CBN-PdlC-A3-20190722","[1412857, 1738603, 1357577, 1646778, 1399485, 1394643, 1396249, 1362098, 1392662, 1472808]"
"CBN-PdlC-A3-20190812","[1357608, 1389687, 1738603, 1362098, 1617119, 1357646, 1400079, 1472808, 1392044, 1412857]"
"CBN-PdlC-A3-20190909","[1394643, 1392662, 1412857, 1667408, 1389687, 1491514, 1738603, 1743583, 1363254, 1744208]"
"CBN-PdlC-A3-20200629","[1741758, 1744208, 1390790, 1467321, 1744412, 1658958, 1744331, 1396691, 1564349, 1668744]"
"CBN-PdlC-A3-20200722","[1744208, 1357577, 1738603, 1472808, 1392662, 1363254, 1394643, 1359444, 1393668, 1390966]"
"CBN-PdlC-A3-20200812","[1392662, 1412857, 1669567, 1389508, 1667408, 1357509, 1394641, 1357608, 1738603, 1742895]"
"CBN-PdlC-A4-20130807","[1397475, 1741661, 1654025, 1397046, 1360591, 1357509, 1358392, 1564349, 1393927, 1392291]"
"CBN-PdlC-A4-20130903","[1397475, 1741661, 1393200, 1743474, 1394366, 1397490, 1738603, 1358392, 1392608, 1394624]"
"CBN-PdlC-A4-20140811","[1397475, 1395190, 1741661, 1393200, 1395870, 1395758, 1392625, 1392175, 1392608, 1395807]"
"CBN-PdlC-A4-20140901","[1738603, 1741661, 1400079, 1392054, 1397475, 1481080, 1450109, 1743306, 1359444, 1395805]"
"CBN-PdlC-A4-20150701","[1359444, 1741661, 1595800, 1548389, 1393927, 1393964, 1743474, 1743227, 1564349, 1356001]"
"CBN-PdlC-A4-20150810","[1393200, 1741661, 1489328, 1359444, 1397475, 1667408, 1435507, 1654025, 1360591, 1394366]"
"CBN-PdlC-A4-20150831","[1392044, 1394312, 1393200, 1744208, 1742895, 1741661, 1743583, 1667408, 1392201, 1498118]"
"CBN-PdlC-A4-20160705","[1741661, 1360591, 1397475, 1392044, 1360372, 1390388, 1743474, 1393927, 1395106, 1393200]"
"CBN-PdlC-A4-20160726","[1741661, 1392044, 1393200, 1397475, 1396144, 1392608, 1743474, 1392201, 1392175, 1360591]"
"CBN-PdlC-A4-20170816","[1397475, 1667408, 1392044, 1359444, 1743474, 1741661, 1743315, 1391412, 1744208, 1743984]"
"CBN-PdlC-A4-20170906","[1743474, 1392175, 1667408, 1741661, 1481080, 1435507, 1392044, 1392159, 1360591, 1361147]"
"CBN-PdlC-A4-20180702","[1397475, 1741661, 1628819, 1743474, 1393927, 1395778, 1392894, 1392044, 1743315, 1376496]"
"CBN-PdlC-A4-20180723","[1400101, 1743474, 1741661, 1651322, 1392662, 1376496, 1472808, 1393200, 1361071, 1397046]"
"CBN-PdlC-A4-20180815","[1392662, 1667408, 1651322, 1741661, 1744208, 1743474, 1392894, 1363254, 1481080, 1389929]"
"CBN-PdlC-A4-20180905","[1397475, 1741661, 1360591, 1667408, 1743474, 1394999, 1481080, 1394798, 1744395, 1744070]"
"CBN-PdlC-A4-20190701","[1397475, 1741661, 1363822, 1393927, 1743474, 1363069, 1743101, 1360591, 1392894, 1660692]"
"CBN-PdlC-A4-20190722","[1741661, 1397475, 1359444, 1393200, 1360591, 1743299, 1622908, 1392044, 1744208, 1738603]"
"CBN-PdlC-A4-20190812","[1741661, 1393200, 1743984, 1360591, 1738603, 1742895, 1397475, 1452585, 1391648, 1392662]"
"CBN-PdlC-A4-20190909","[1741661, 1529410, 1397475, 1738603, 1358943, 1667408, 1693472, 1360299, 1356589, 1359444]"
"CBN-PdlC-A4-20200629","[1743474, 1397475, 1391652, 1741661, 1393927, 1360590, 1393923, 1743472, 1395805, 1744569]"
"CBN-PdlC-A4-20200722","[1741661, 1393200, 1400101, 1397475, 1738603, 1622908, 1397046, 1450109, 1400153, 1358943]"
"CBN-PdlC-A4-20200812","[1741661, 1743474, 1397475, 1622908, 1389508, 1660692, 1651322, 1395369, 1738603, 1393200]"
"CBN-PdlC-A5-20130807","[1397475, 1741661, 1395870, 1392535, 1397535, 1395190, 1684273, 1392541, 1395369, 1564349]"
"CBN-PdlC-A5-20130903","[1741661, 1389929, 1392662, 1397475, 1356589, 1688091, 1744208, 1564349, 1363254, 1395807]"
"CBN-PdlC-A5-20140721","[1397475, 1741661, 1744208, 1393668, 1742895, 1432743, 1414270, 1684273, 1744395]"
"CBN-PdlC-A5-20140811","[1744208, 1392662, 1738603, 1397046, 1743930, 1395870, 1395807]"
"CBN-PdlC-A5-20150701","[1741661, 1397475, 1744208, 1393668, 1564349, 1744395, 1654025, 1498118, 1393200, 1399800]"
"CBN-PdlC-A5-20150831","[1741661, 1397475, 1361510, 1397046, 1744395, 1359444, 1628819, 1721554, 1743583, 1738603]"
"CBN-PdlC-A5-20160705","[1397475, 1741661, 1360591, 1393927, 1395106, 1628819, 1393947, 1357509]"
"CBN-PdlC-A5-20160726","[1397475, 1741661, 1397046, 1397535, 1392537, 1398675, 1394999, 1743101, 1744208, 1392044]"
"CBN-PdlC-A5-20170816","[1741661, 1744241, 1397475, 1393474, 1743299, 1742895, 1396253, 1457311, 1360591, 1738603]"
"CBN-PdlC-A5-20170906","[1418618, 1741661, 1628819, 1435507, 1744241, 1360591, 1357646, 1457311]"
"CBN-PdlC-A5-20180815","[1741661, 1392662, 1397475, 1744208, 1741903, 1395805, 1389508, 1396253, 1392044, 1376496]"
"CBN-PdlC-A5-20180905","[1357646, 1481080, 1394999, 1393474, 1741661, 1744241, 1392662, 1744208, 1564349, 1397746]"
"CBN-PdlC-A5-20190909","[1741661, 1743930, 1389687, 1356589, 1738603, 1393686, 1744208, 1398244, 1363658, 1628819]"
"CBN-PdlC-A5-20200722","[1393668, 1435507, 1738603, 1741661, 1396253, 1684273, 1622908, 1628819, 1396249, 1360591]"
"CBN-PdlC-A6-20130807","[1741661, 1397475, 1360591, 1396253, 1688091, 1622910, 1393668, 1722501, 1393200, 1395190]"
"CBN-PdlC-A6-20130903","[1741661, 1359444, 1392662, 1744208, 1397475, 1363254, 1391412, 1357646, 1360591, 1738603]"
"CBN-PdlC-A6-20140630","[1744412, 1360659, 1744865, 1658958, 1390822, 1359444, 1467321, 1397475, 1744331, 1741758]"
"CBN-PdlC-A6-20140721","[1741661, 1397475, 1393668, 1360591, 1362098, 1359684, 1359444, 1398675, 1743101, 1393660]"
"CBN-PdlC-A6-20140901","[1741661, 1688091, 1744208, 1356564, 1390955, 1394543, 1628819, 1397475, 1397046, 1651358]"
"CBN-PdlC-A6-20150701","[1397475, 1741661, 1393200, 1628819, 1362098, 1395870, 1743583, 1491514, 1743299, 1396242]"
"CBN-PdlC-A6-20150810","[1397475, 1741661, 1744063, 1564349, 1743299, 1362098, 1395870, 1743583, 1357646, 1440300]"
"CBN-PdlC-A6-20150831","[1741661, 1397475, 1395870, 1392662, 1395805, 1743930, 1393686, 1356589, 1360964, 1742115]"
"CBN-PdlC-A6-20160705","[1741661, 1397475, 1362098, 1743583, 1743101, 1358748, 1360591]"
"CBN-PdlC-A6-20160726","[1741661, 1397475, 1393668, 1498118, 1363426, 1396309, 1393200, 1359444, 1688091, 1360591]"
"CBN-PdlC-A6-20170816","[1741661, 1744241, 1743299, 1356589, 1358523, 1742895, 1389508, 1743101, 1397475, 1394312]"
"CBN-PdlC-A6-20170906","[1741661, 1360591, 1397475, 1392662, 1744241, 1744208, 1395870, 1742895, 1564349, 1743583]"
"CBN-PdlC-A6-20180702","[1359444, 1654025, 1741661, 1397475, 1628819, 1744208, 1393200, 1359720, 1743819, 1743474]"
"CBN-PdlC-A6-20180723","[1741661, 1360303, 1392662, 1397475, 1396249, 1395870, 1391412, 1360268, 1361144, 1360591]"
"CBN-PdlC-A6-20180815","[1741661, 1391412, 1693472, 1737565, 1394543, 1743299, 1395778, 1481080, 1397475, 1359444]"
"CBN-PdlC-A6-20180905","[1741661, 1397475, 1457311, 1391412, 1743299, 1742895, 1360591, 1359883, 1481080, 1743583]"
"CBN-PdlC-A6-20190701","[1741661, 1360591, 1397475, 1693472, 1393200, 1744076, 1393927, 1741903, 1395805, 1743315]"
"CBN-PdlC-A6-20190722","[1741661, 1397475, 1360591, 1358748, 1395805, 1744860, 1389800, 1498118, 1741903, 1395870]"
"CBN-PdlC-A6-20190812","[1741661, 1360591, 1397475, 1742895, 1358748, 1741903, 1742115, 1396253, 1397046, 1688091]"
"CBN-PdlC-A6-20190909","[1741661, 1356589, 1738603, 1744076, 1651358, 1360152, 1392662, 1457311, 1362098, 1358943]"
"CBN-PdlC-A6-20200722","[1741661, 1397475, 1393668, 1392662, 1395726, 1356589, 1506481, 1498118, 1457311, 1742895]"
"CBN-PdlC-A6-20200812","[1741661, 1654025, 1397475, 1743583, 1396309, 1389929, 1660692, 1356589, 1360591, 1684273]"
"CBN-PdlC-B1-20130807","[1361130, 1424250, 1393474, 1356370, 1396411, 1667408, 1739083, 1356440, 1363187, 1357509]"
"CBN-PdlC-B1-20130903","[1392612, 1393200, 1667408, 1392608, 1394643, 1651358, 1664942, 1395127, 1743315, 1738603]"
"CBN-PdlC-B1-20140721","[1390966, 1394312, 1667408, 1393927, 1389586, 1743101, 1362098, 1394793, 1359444, 1389929]"
"CBN-PdlC-B1-20140811","[1392608, 1548389, 1392612, 1667408, 1395870, 1393087, 1393200, 1744208, 1358943, 1395807]"
"CBN-PdlC-B1-20140901","[1667408, 1392608, 1392612, 1412857, 1394643, 1392662, 1738603, 1395127, 1668744, 1743474]"
"CBN-PdlC-B1-20150701","[1667408, 1424250, 1491514, 1396869, 1668744, 1548389, 1392894, 1362098, 1393927, 1361302]"
"CBN-PdlC-B1-20150720","[1424250, 1358943, 1668744, 1667408, 1412857, 1548389, 1362098, 1393668, 1392612, 1392608]"
"CBN-PdlC-B1-20150810","[1667408, 1412857, 1743101, 1668744, 1668525, 1743315, 1362098, 1424250, 1392612, 1360299]"
"CBN-PdlC-B1-20150831","[1737565, 1361373, 1667408, 1362098, 1738603, 1412857, 1394312, 1481080, 1393474, 1397329]"
"CBN-PdlC-B1-20160705","[1743474, 1393927, 1359444, 1668744, 1563807, 1356001, 1362098, 1392175, 1737423, 1481080]"
"CBN-PdlC-B1-20160726","[1359444, 1363069, 1481080, 1548389, 1743474, 1362098, 1668525, 1737565, 1667408, 1743101]"
"CBN-PdlC-B1-20170816","[1667408, 1362098, 1668744, 1744208, 1359444, 1743474, 1392175, 1395127, 1564349, 1481080]"
"CBN-PdlC-B1-20170906","[1412857, 1743474, 1359444, 1667408, 1563807, 1362098, 1392662, 1744208, 1737423, 1481080]"
"CBN-PdlC-B1-20180702","[1743101, 1393927, 1744208, 1397299, 1743819, 1356419, 1390388, 1743474, 1362098, 1668744]"
"CBN-PdlC-B1-20180723","[1743315, 1357577, 1392612, 1363069, 1667408, 1737423, 1646778, 1396249, 1738603, 1481080]"
"CBN-PdlC-B1-20180815","[1744241, 1744208, 1357646, 1743819, 1396691, 1359444, 1412857, 1481080, 1392175, 1564349]"
"CBN-PdlC-B1-20180905","[1412857, 1667408, 1481080, 1394312, 1743474, 1361302, 1389508, 1744208, 1396144, 1424250]"
"CBN-PdlC-B1-20190701","[1737423, 1743474, 1392894, 1743315, 1393927, 1513952, 1359444, 1397299, 1668744, 1362098]"
"CBN-PdlC-B1-20190722","[1744208, 1738603, 1392608, 1394312, 1392612, 1389135, 1499638, 1362098, 1392175, 1396307]"
"CBN-PdlC-B1-20190812","[1744208, 1394312, 1738603, 1412857, 1392612, 1667408, 1389687, 1363254, 1392662, 1457311]"
"CBN-PdlC-B1-20190909","[1667408, 1359444, 1393686, 1362098, 1392612, 1744208, 1472808, 1394643, 1502503, 1424250]"
"CBN-PdlC-B1-20200629","[1744412, 1359444, 1361373, 1359684, 1390880, 1394312, 1390822, 1361130, 1742099, 1743101]"
"CBN-PdlC-B1-20200722","[1358943, 1392612, 1737565, 1394643, 1412857, 1362098, 1472808, 1667408, 1491514, 1394641]"
"CBN-PdlC-B1-20200812","[1357608, 1362098, 1744208, 1738603, 1472808, 1392175, 1392662, 1667408, 1392608, 1392201]"
"CBN-PdlC-B2-20130807","[1737423, 1424250, 1667408, 1397046, 1397746, 1481080, 1393474, 1362098, 1396362, 1742895]"
"CBN-PdlC-B2-20130903","[1667408, 1392612, 1392608, 1744060, 1363069, 1743474, 1359444, 1407920, 1397382, 1738042]"
"CBN-PdlC-B2-20140721","[1667408, 1359444, 1744208, 1393927, 1418211, 1647338, 1361373, 1743101, 1389508, 1362098]"
"CBN-PdlC-B2-20140811","[1392612, 1392608, 1667408, 1389586, 1395870, 1391798, 1394542, 1357646, 1396294, 1397046]"
"CBN-PdlC-B2-20140901","[1392608, 1667408, 1738603, 1744208, 1359444, 1394312, 1392662, 1392612, 1397046, 1395127]"
"CBN-PdlC-B2-20150701","[1743474, 1397046, 1396307, 1393927, 1564349, 1397299, 1363069, 1393087, 1359444, 1743315]"
"CBN-PdlC-B2-20150720","[1738603, 1647338, 1397046, 1358392, 1394312, 1744208, 1362098, 1667408, 1359444, 1743101]"
"CBN-PdlC-B2-20150810","[1359444, 1667408, 1397046, 1743474, 1362098, 1424250, 1744060, 1390388, 1357646, 1481080]"
"CBN-PdlC-B2-20150831","[1359444, 1667408, 1743474, 1744060, 1394312, 1362098, 1363069, 1397046, 1389508, 1632962]"
"CBN-PdlC-B2-20160705","[1743101, 1359444, 1424250, 1667408, 1390388, 1357646, 1393474, 1418211, 1743474, 1737423]"
"CBN-PdlC-B2-20160726","[1397046, 1359444, 1738847, 1743474, 1393253, 1667408, 1394542, 1744208, 1489328, 1743819]"
"CBN-PdlC-B2-20170816","[1667408, 1743474, 1651358, 1744060, 1363069, 1389508, 1491514, 1424250, 1357646, 1389929]"
"CBN-PdlC-B2-20170906","[1743474, 1667408, 1744241, 1391781, 1397046, 1499783, 1359444, 1389508, 1392044, 1491514]"
"CBN-PdlC-B2-20180702","[1359444, 1499783, 1393927, 1361373, 1743474, 1744208, 1356419, 1744672, 1359684, 1390966]"
"CBN-PdlC-B2-20180723","[1392535, 1400101, 1499783, 1667408, 1396307, 1363069, 1392612, 1738603, 1397046, 1359444]"
"CBN-PdlC-B2-20180815","[1358748, 1392044, 1668744, 1743474, 1481080, 1744241, 1393474, 1356001, 1362098, 1358424]"
"CBN-PdlC-B2-20180905","[1667408, 1392553, 1397046, 1499783, 1743474, 1362098, 1357646, 1397299, 1632962, 1363069]"
"CBN-PdlC-B2-20190701","[1359444, 1363069, 1491514, 1743474, 1664942, 1743315, 1499783, 1391781, 1513952, 1744569]"
"CBN-PdlC-B2-20190722","[1392611, 1392608, 1392612, 1647338, 1744208, 1359444, 1400101, 1743385, 1397046, 1738603]"
"CBN-PdlC-B2-20190812","[1392044, 1363069, 1398675, 1359444, 1394312, 1392314, 1391781, 1744208, 1738603, 1491514]"
"CBN-PdlC-B2-20190909","[1667408, 1359444, 1363069, 1744208, 1362098, 1743474, 1390966, 1389586, 1392044, 1397046]"
"CBN-PdlC-B2-20200629","[1744412, 1361144, 1390966, 1741758, 1737423, 1394811, 1738652, 1392175, 1393474, 1356992]"
"CBN-PdlC-B2-20200722","[1667408, 1397046, 1392612, 1738603, 1392611, 1359444, 1564349, 1622908, 1392535, 1395127]"
"CBN-PdlC-B2-20200812","[1392608, 1361273, 1667408, 1358943, 1359444, 1427744, 1394312, 1628819, 1362098, 1357646]"
"CBN-PdlC-B3-20130807","[1392535, 1392044, 1397535, 1397046, 1394915, 1356419, 1357646, 1647338, 1392054, 1394911]"
"CBN-PdlC-B3-20130903","[1548389, 1393087, 1363069, 1393200, 1397046, 1389336, 1361147, 1392662, 1399800, 1392535]"
"CBN-PdlC-B3-20140721","[1397046, 1359444, 1628819, 1491514, 1394312, 1418211, 1397432, 1743819, 1743474, 1392044]"
"CBN-PdlC-B3-20140811","[1394312, 1394542, 1393200, 1357646, 1361144, 1395870, 1388793, 1358392, 1392044, 1392054]"
"CBN-PdlC-B3-20140901","[1389929, 1363069, 1392054, 1357646, 1744395, 1742115, 1393668, 1743819, 1357543, 1743474]"
"CBN-PdlC-B3-20150701","[1359444, 1394312, 1393474, 1397046, 1744208, 1363751, 1738603, 1418211, 1491514, 1392044]"
"CBN-PdlC-B3-20150810","[1393474, 1394542, 1564349, 1397046, 1357646, 1360910, 1472808, 1654025, 1360964, 1392044]"
"CBN-PdlC-B3-20150831","[1498118, 1393474, 1397046, 1393927, 1359444, 1362098, 1418211, 1357646, 1394312, 1738603]"
"CBN-PdlC-B3-20160705","[1418211, 1393200, 1393927, 1479415, 1394502, 1394911, 1744612, 1647338, 1397432, 1738796]"
"CBN-PdlC-B3-20160726","[1393474, 1393200, 1362098, 1392785, 1357646, 1472808, 1743101, 1498118, 1738603, 1397046]"
"CBN-PdlC-B3-20170816","[1394543, 1393474, 1394540, 1357646, 1491514, 1738603, 1743474, 1394542, 1392054]"
"CBN-PdlC-B3-20170906","[1393474, 1412857, 1628819, 1357646, 1392044, 1396691, 1472808, 1394312, 1392662, 1502795]"
"CBN-PdlC-B3-20180702","[1743819, 1363062, 1397046, 1363069, 1362098, 1393927, 1357646, 1491514, 1481080, 1392894]"
"CBN-PdlC-B3-20180723","[1397046, 1363069, 1499783, 1359444, 1392894, 1481080, 1744208, 1376496, 1389508, 1393927]"
"CBN-PdlC-B3-20180815","[1363069, 1397046, 1392054, 1481080, 1389508, 1392044, 1491514, 1357646, 1499783, 1744060]"
"CBN-PdlC-B3-20180905","[1489328, 1393474, 1391474, 1359444, 1744208, 1738603, 1743474, 1392044, 1743819, 1628819]"
"CBN-PdlC-B3-20190701","[1363069, 1744208, 1359444, 1664942, 1392894, 1362098, 1397046, 1743819, 1743474, 1391781]"
"CBN-PdlC-B3-20190722","[1742052, 1394312, 1738603, 1498118, 1397046, 1389687, 1357577, 1394641, 1628819, 1393474]"
"CBN-PdlC-B3-20190812","[1393474, 1743474, 1357543, 1744208, 1390899, 1739219, 1744241, 1393927, 1738603, 1491514]"
"CBN-PdlC-B3-20190909","[1362098, 1359444, 1393474, 1397046, 1744208, 1743474, 1738603, 1357646, 1392652, 1389687]"
"CBN-PdlC-B3-20200629","[1744412, 1359444, 1658958, 1467321, 1741758, 1357662, 1392175, 1744331, 1737423, 1425629]"
"CBN-PdlC-B3-20200722","[1393200, 1472808, 1394641, 1738603, 1498118, 1743474, 1397046, 1394915, 1394643, 1357577]"
"CBN-PdlC-B3-20200812","[1743474, 1498118, 1393200, 1412857, 1389508, 1472808, 1564349, 1394915, 1481080, 1393474]"
"CBN-PdlC-B4-20130807","[1741661, 1737423, 1363069, 1394663, 1743474, 1397475, 1743904, 1358392, 1664942, 1502795]"
"CBN-PdlC-B4-20130903","[1741661, 1744208, 1397475, 1742895, 1359444, 1394668, 1360591, 1739083, 1391412, 1359684]"
"CBN-PdlC-B4-20140721","[1397475, 1741661, 1394312, 1360591, 1392054, 1359444, 1499783, 1622908, 1645887, 1390388]"
"CBN-PdlC-B4-20140811","[1397475, 1741661, 1622910, 1395190, 1395870, 1742630, 1391649, 1391652, 1391654, 1442193]"
"CBN-PdlC-B4-20140901","[1397475, 1741661, 1529410, 1359727, 1360591, 1738603, 1392662, 1357646, 1392764, 1389744]"
"CBN-PdlC-B4-20150701","[1359444, 1397475, 1741661, 1360591, 1397046, 1738603, 1394312, 1396294, 1502795, 1743583]"
"CBN-PdlC-B4-20150810","[1397475, 1360591, 1741661, 1397103, 1489091, 1548389, 1359727, 1744208, 1394312, 1489328]"
"CBN-PdlC-B4-20150831","[1397475, 1360591, 1741661, 1397490, 1481080, 1743984, 1394312, 1356589, 1744208, 1744241]"
"CBN-PdlC-B4-20160726","[1397475, 1741661, 1396144, 1360591, 1744241, 1394624, 1394999, 1360268, 1481080, 1362990]"
"CBN-PdlC-B4-20170816","[1741661, 1397475, 1360591, 1744241, 1743474, 1563496, 1363254, 1743984, 1532993, 1391412]"
"CBN-PdlC-B4-20170906","[1741661, 1743984, 1360591, 1743904, 1397475, 1420566, 1743583, 1363069, 1393686, 1744208]"
"CBN-PdlC-B4-20180702","[1741661, 1397475, 1744208, 1628819, 1529410, 1360591, 1741701, 1744569, 1741711, 1359662]"
"CBN-PdlC-B4-20180723","[1741661, 1397475, 1744208, 1397046, 1693472, 1359444, 1360591, 1363823, 1360268, 1738603]"
"CBN-PdlC-B4-20180815","[1741661, 1397475, 1744208, 1363069, 1395805, 1481080, 1392894, 1396144, 1693472, 1360591]"
"CBN-PdlC-B4-20180905","[1741661, 1397475, 1360591, 1744208, 1744241, 1743984, 1394312, 1737565, 1359444, 1392044]"
"CBN-PdlC-B4-20190701","[1741661, 1397475, 1693472, 1391418, 1395805, 1397046, 1645887, 1360591, 1363069, 1409132]"
"CBN-PdlC-B4-20190722","[1741661, 1397475, 1396569, 1360591, 1360101, 1742895, 1743299, 1420566, 1564349, 1743365]"
"CBN-PdlC-B4-20190812","[1741661, 1397475, 1360591, 1355993, 1398675, 1395805, 1744208, 1389687, 1390899, 1358654]"
"CBN-PdlC-B4-20190909","[1741661, 1397475, 1396249, 1360591, 1394312, 1391412, 1396242, 1390955, 1360325, 1362098]"
"CBN-PdlC-B4-20200629","[1741661, 1397475, 1391412, 1359444, 1457212, 1360591, 1450108, 1390388, 1744569, 1358548]"
"CBN-PdlC-B4-20200722","[1741661, 1397475, 1563496, 1359444, 1645887, 1389929, 1394312, 1397046, 1738603, 1360591]"
"CBN-PdlC-B4-20200812","[1741661, 1397475, 1743474, 1360591, 1391412, 1498118, 1356574, 1744208, 1667408, 1741903]"
"CBN-PdlC-B5-20130807","[1397475, 1741661, 1395870, 1393474, 1394668, 1357509, 1360591, 1400074, 1400101, 1457212]"
"CBN-PdlC-B5-20130903","[1395870, 1397475, 1393474, 1741661, 1360591, 1356589, 1359444, 1356440, 1743583, 1395807]"
"CBN-PdlC-B5-20140630","[1744412, 1359444, 1741758, 1741589, 1467321, 1649856, 1493109, 1390966, 1744331, 1392175]"
"CBN-PdlC-B5-20140721","[1741661, 1393474, 1397475, 1360591, 1392044, 1491514, 1744395, 1394915, 1737423, 1358432]"
"CBN-PdlC-B5-20140811","[1397475, 1741661, 1395190, 1744208, 1395807, 1395870, 1357646, 1400101, 1394312, 1392044]"
"CBN-PdlC-B5-20140901","[1741661, 1393474, 1397475, 1390966, 1397746, 1424250, 1743299, 1361130, 1359444, 1357646]"
"CBN-PdlC-B5-20150701","[1397475, 1393474, 1741661, 1397046, 1356370, 1424250, 1362098, 1360591, 1684273, 1395870]"
"CBN-PdlC-B5-20150720","[1400101, 1741661, 1397475, 1393474, 1360591, 1742895, 1362181, 1395870, 1743583, 1360036]"
"CBN-PdlC-B5-20150810","[1741661, 1393474, 1359444, 1356589, 1397475, 1356370, 1361130, 1418211, 1357416, 1742895]"
"CBN-PdlC-B5-20150831","[1741661, 1393474, 1397475, 1548389, 1742895, 1743904, 1392044, 1743101, 1688091, 1400079]"
"CBN-PdlC-B5-20160705","[1393474, 1397475, 1741661, 1359444, 1360036, 1420566, 1418211, 1394531, 1688091, 1743977]"
"CBN-PdlC-B5-20160726","[1741661, 1688091, 1393474, 1742630, 1397475, 1502795, 1400101, 1392044, 1360591, 1393952]"
"CBN-PdlC-B5-20170816","[1393474, 1741661, 1397475, 1744208, 1743299, 1361130, 1363254, 1564349, 1392044, 1742895]"
"CBN-PdlC-B5-20170906","[1741661, 1360591, 1392044, 1363254, 1628819, 1359684, 1362098, 1393474, 1359444, 1397475]"
"CBN-PdlC-B5-20180702","[1741661, 1393474, 1397475, 1357646, 1360591, 1392044, 1628819, 1743101, 1392054, 1397746]"
"CBN-PdlC-B5-20180723","[1741661, 1360591, 1397475, 1359684, 1693472, 1363823, 1397046, 1393474, 1392662, 1684273]"
"CBN-PdlC-B5-20180815","[1741661, 1397475, 1392662, 1388793, 1360591, 1392175, 1397046, 1359444, 1693472, 1357646]"
"CBN-PdlC-B5-20180905","[1741661, 1359444, 1397475, 1393474, 1399800, 1424250, 1491514, 1564349, 1391412, 1578111]"
"CBN-PdlC-B5-20190701","[1359444, 1741661, 1390388, 1395805, 1744208, 1393927, 1360591, 1743101, 1397046, 1390432]"
"CBN-PdlC-B5-20190722","[1741661, 1359444, 1397475, 1393474, 1360591, 1742895, 1395870, 1743299, 1684273, 1397046]"
"CBN-PdlC-B5-20190812","[1741661, 1389929, 1397475, 1360591, 1744208, 1688091, 1362098, 1737488, 1358432, 1491514]"
"CBN-PdlC-B5-20190909","[1741661, 1397475, 1393474, 1688091, 1360591, 1359444, 1738603, 1687910, 1723120, 1363823]"
"CBN-PdlC-B5-20200629","[1744208, 1359444, 1393474, 1390822, 1393927, 1741661, 1739083, 1390388, 1397475, 1502795]"
"CBN-PdlC-B5-20200722","[1741661, 1397475, 1358748, 1688091, 1360591, 1394605, 1392044, 1684273, 1502795, 1564349]"
"CBN-PdlC-B5-20200812","[1741661, 1392662, 1359444, 1397475, 1360591, 1425722, 1628819, 1688091, 1392044, 1744208]"
"CBN-PdlC-B6-20130807","[1395870, 1392785, 1392044, 1392535, 1395807, 1743101, 1392537, 1651485, 1397046, 1357646]"
"CBN-PdlC-B6-20130903","[1393474, 1396249, 1742895, 1359727, 1392764, 1397475, 1392785, 1741661, 1396869, 1389687]"
"CBN-PdlC-B6-20140630","[1502795, 1452689, 1363069, 1392054, 1392044, 1491514, 1362098, 1743474, 1744569, 1628819]"
"CBN-PdlC-B6-20140721","[1362098, 1646778, 1392054, 1744612, 1389508, 1397046, 1393849, 1684273, 1392044, 1393474]"
"CBN-PdlC-B6-20140811","[1395807, 1361801, 1395870, 1360269, 1744241, 1738603, 1357646, 1392044, 1358943, 1389508]"
"CBN-PdlC-B6-20140901","[1394543, 1392044, 1362098, 1392054, 1688091, 1360964, 1744395, 1632962, 1491514, 1502795]"
"CBN-PdlC-B6-20150701","[1397046, 1394911, 1743101, 1744395, 1395106, 1684273, 1548389, 1628819, 1392044, 1491514]"
"CBN-PdlC-B6-20150720","[1393668, 1393679, 1491514, 1392054, 1392044, 1744612, 1393474, 1362098, 1646778, 1435507]"
"CBN-PdlC-B6-20150810","[1394543, 1394542, 1394540, 1741661, 1360964, 1743583, 1392044, 1491514, 1392785, 1397475]"
"CBN-PdlC-B6-20150831","[1359444, 1393474, 1548389, 1742895, 1499783, 1358392, 1491514, 1424250, 1481080, 1393958]"
"CBN-PdlC-B6-20160705","[1741661, 1397475, 1356440, 1394502, 1743101, 1628819, 1418211, 1491514, 1390532, 1502795]"
"CBN-PdlC-B6-20160726","[1491514, 1688091, 1628819, 1396309, 1742895, 1397475, 1737423, 1361304, 1738603, 1359684]"
"CBN-PdlC-B6-20170816","[1744241, 1392044, 1742895, 1392662, 1361071, 1744208, 1664942, 1359444, 1393474, 1743101]"
"CBN-PdlC-B6-20170906","[1744241, 1392044, 1744208, 1357509, 1359444, 1564349, 1741661, 1359727, 1392054, 1361071]"
"CBN-PdlC-B6-20180702","[1743474, 1394911, 1393927, 1357646, 1741661, 1394915, 1393474, 1363069, 1390822, 1737423]"
"CBN-PdlC-B6-20180723","[1389929, 1628819, 1564349, 1741661, 1363069, 1491514, 1664942, 1392662, 1397046, 1394312]"
"CBN-PdlC-B6-20180905","[1743474, 1360591, 1357646, 1392054, 1359444, 1363823, 1362098, 1743101, 1392044, 1481080]"
"CBN-PdlC-B6-20190701","[1394911, 1376496, 1744208, 1393927, 1743904, 1741661, 1395805, 1392894, 1359444, 1363069]"
"CBN-PdlC-B6-20190722","[1697320, 1738603, 1741661, 1392662, 1737423, 1688091, 1358392, 1392044, 1564349, 1393474]"
"CBN-PdlC-B6-20190812","[1744208, 1392044, 1392662, 1628819, 1362098, 1688091, 1397046, 1394366, 1357646, 1728588]"
"CBN-PdlC-B6-20190909","[1392662, 1744208, 1389929, 1359444, 1392044, 1738603, 1502795, 1393474, 1491514, 1564349]"
"CBN-PdlC-B6-20200629","[1741661, 1361071, 1397475, 1359444, 1393927, 1743474, 1744208, 1628819, 1392044, 1394331]"
"CBN-PdlC-B6-20200722","[1688091, 1392044, 1628819, 1395807, 1738603, 1502795, 1744208, 1392054, 1744395, 1395870]"
"CBN-PdlC-B6-20200812","[1397475, 1389929, 1395870, 1741661, 1392044, 1741903, 1744208, 1744496, 1502795, 1397046]"
"CBN-PdlC-C1-20130807","[1361144, 1397193, 1743474, 1394543]"
"CBN-PdlC-C1-20130903","[1741624, 1564349, 1481080, 1389508, 1393200, 1376496, 1743474, 1395870, 1738603, 1397046]"
"CBN-PdlC-C1-20140721","[1743474, 1390822, 1397500, 1393923, 1393927, 1744208, 1359444, 1390966, 1743819, 1395106]"
"CBN-PdlC-C1-20140811","[1395807, 1395870, 1548389, 1400079, 1389508, 1684273, 1358523, 1396309, 1738603, 1654025]"
"CBN-PdlC-C1-20140901","[1389508, 1389687, 1481080, 1396309, 1744208, 1548389, 1502540, 1392318, 1563496, 1738603]"
"CBN-PdlC-C1-20150701","[1743474, 1548389, 1654025, 1395299, 1397500, 1425722, 1492664, 1399800, 1359444, 1743660]"
"CBN-PdlC-C1-20150720","[1743474, 1548389, 1744241, 1646778, 1396309, 1389508, 1395106, 1395726, 1738603, 1392940]"
"CBN-PdlC-C1-20150810","[1400079, 1396309, 1548389, 1651322, 1743474, 1564349, 1738603, 1391802, 1376496, 1389508]"
"CBN-PdlC-C1-20150831","[1389508, 1743474, 1400079, 1548389, 1414366, 1651322, 1390899, 1481080, 1390802, 1396309]"
"CBN-PdlC-C1-20160705","[1743474, 1396309, 1744241, 1743306, 1744335, 1467324, 1393927, 1393923, 1395106, 1393200]"
"CBN-PdlC-C1-20160726","[1743474, 1548389, 1646778, 1396309, 1743456, 1357509, 1395106]"
"CBN-PdlC-C1-20170816","[1743474, 1396309, 1744241, 1392785, 1389508, 1628819, 1743456, 1738603]"
"CBN-PdlC-C1-20170906","[1743474, 1396309, 1390955, 1646778, 1392662, 1359444]"
"CBN-PdlC-C1-20180723","[1393200, 1743474, 1394312, 1738603, 1376496, 1393927, 1397046, 1744208, 1393668, 1395106]"
"CBN-PdlC-C1-20180815","[1389508, 1651322, 1743474, 1531441, 1481080, 1744208, 1564349]"
"CBN-PdlC-C1-20180905","[1396309, 1743474, 1744208, 1389508, 1359444, 1646778, 1358460, 1628819, 1651322, 1744241]"
"CBN-PdlC-C1-20190701","[1744412, 1467321, 1741758, 1744331, 1442235, 1393474, 1651358, 1390966, 1493109, 1356419]"
"CBN-PdlC-C1-20190722","[1743474, 1738847, 1651322, 1397046, 1393200, 1738603, 1744395, 1396253, 1396309]"
"CBN-PdlC-C1-20190812","[1391331, 1646778, 1392662, 1389508, 1396309, 1651322, 1743474, 1744241, 1392558, 1564349]"
"CBN-PdlC-C1-20190909","[1743474, 1651322, 1548995, 1389687, 1389508, 1743456, 1396309, 1668953, 1738603, 1473216]"
"CBN-PdlC-C1-20200722","[1743474, 1651322, 1392177, 1684273, 1389508, 1396309, 1393927, 1358523, 1392535, 1743819]"
"CBN-PdlC-C1-20200812","[1389929, 1651322, 1397299, 1743474, 1389508, 1743819, 1481080, 1396309, 1358523, 1564349]"
"CBN-PdlC-C2-20130903","[1743474, 1397046, 1395807, 1363069, 1481080, 1651322, 1389508, 1396569, 1412857, 1394312]"
"CBN-PdlC-C2-20140721","[1743474, 1743101, 1393923, 1359444, 1393927, 1361273, 1389586, 1390388, 1391320, 1362098]"
"CBN-PdlC-C2-20140811","[1392535, 1412857, 1394643, 1395807, 1392534, 1394641, 1743474, 1392561, 1392537, 1389508]"
"CBN-PdlC-C2-20140901","[1412857, 1397046, 1392535, 1743474, 1391331, 1392565, 1389929, 1392556, 1651358, 1389508]"
"CBN-PdlC-C2-20150701","[1743474, 1393927, 1744208, 1362098, 1363069, 1628819, 1743101, 1358123, 1395299, 1392044]"
"CBN-PdlC-C2-20150720","[1412857, 1738603, 1394312, 1743474, 1362098, 1744241, 1742895, 1457311, 1357646, 1426015]"
"CBN-PdlC-C2-20150810","[1412857, 1743101, 1743474, 1357608, 1358392, 1392785, 1628819, 1651322, 1392044, 1472808]"
"CBN-PdlC-C2-20150831","[1359444, 1412857, 1651322, 1393679, 1743474, 1390899, 1394643, 1362098, 1743977, 1363751]"
"CBN-PdlC-C2-20160705","[1743474, 1393923, 1743101, 1399800, 1394312, 1529410, 1359444, 1418211, 1390388, 1412857]"
"CBN-PdlC-C2-20160726","[1412857, 1393200, 1743474, 1392556, 1489328, 1394543, 1391331, 1392535, 1397046, 1499638]"
"CBN-PdlC-C2-20170816","[1394312, 1397046, 1743101, 1394641, 1392785, 1743474, 1628819, 1392044, 1472808, 1359444]"
"CBN-PdlC-C2-20170906","[1743474, 1687910, 1397046, 1392044, 1392785, 1362098, 1744241, 1394312, 1743456, 1392314]"
"CBN-PdlC-C2-20180723","[1743474, 1397046, 1394915, 1376496, 1499783, 1392054, 1392535, 1564349, 1393927, 1396869]"
"CBN-PdlC-C2-20180815","[1743474, 1363069, 1744208, 1389508, 1481080, 1651322, 1622908, 1397535, 1392894, 1558009]"
"CBN-PdlC-C2-20180905","[1743474, 1394312, 1392044, 1743101, 1363069, 1651322, 1357646, 1744208, 1358392, 1628819]"
"CBN-PdlC-C2-20190701","[1744412, 1467321, 1724565, 1363734, 1741758, 1743101, 1743315, 1744331, 1737448, 1394531]"
"CBN-PdlC-C2-20190722","[1743474, 1393668, 1397046, 1651322, 1363751, 1742895, 1393200, 1390822, 1737423, 1472808]"
"CBN-PdlC-C2-20190812","[1412857, 1628819, 1394312, 1391331, 1392662, 1688091, 1392044, 1398675, 1389929, 1397046]"
"CBN-PdlC-C2-20190909","[1743474, 1397046, 1651322, 1389929, 1390899, 1738603, 1743456, 1687910, 1392785, 1359444]"
"CBN-PdlC-C2-20200722","[1738603, 1743474, 1651322, 1392662, 1389687, 1389508, 1622908, 1393679, 1394312, 1394641]"
"CBN-PdlC-C2-20200812","[1743474, 1397046, 1651322, 1743890, 1664942, 1412857, 1531441, 1646778, 1376496, 1472808]"
"CBN-PdlC-C3-20130807","[1743474, 1393923, 1563807, 1360815, 1393927, 1491514, 1738603, 1363187, 1376496]"
"CBN-PdlC-C3-20130903","[1743474, 1389508, 1412857, 1394643, 1622910, 1744060, 1651322, 1738603, 1397046, 1491514]"
"CBN-PdlC-C3-20140721","[1743474, 1472808, 1392177, 1392314, 1390822, 1393927, 1563807, 1744208, 1393923, 1361769]"
"CBN-PdlC-C3-20140811","[1395807, 1395870, 1651322, 1394643, 1412857, 1743474, 1531441, 1392044, 1395821, 1396294]"
"CBN-PdlC-C3-20140901","[1743474, 1392662, 1359444, 1392044, 1392201, 1628819, 1744241, 1472808, 1531441, 1390822]"
"CBN-PdlC-C3-20150701","[1743474, 1390432, 1744208, 1359444, 1393927, 1390822, 1396249, 1392314, 1395106, 1399800]"
"CBN-PdlC-C3-20150720","[1397046, 1393668, 1743474, 1743819, 1392785, 1362098, 1393660, 1743101, 1743977, 1395870]"
"CBN-PdlC-C3-20150831","[1393679, 1393660, 1743474, 1738603, 1389687, 1744241, 1481080, 1531441, 1393668, 1392044]"
"CBN-PdlC-C3-20160705","[1743474, 1359444, 1393927, 1393923, 1744208, 1392314, 1363069, 1362098, 1390388, 1399800]"
"CBN-PdlC-C3-20160726","[1743474, 1393668, 1435507, 1392314, 1393660, 1359444, 1744208, 1393679, 1481080, 1361144]"
"CBN-PdlC-C3-20170816","[1359444, 1743474, 1531441, 1392314, 1738603, 1357509, 1744208, 1556901, 1390388, 1472808]"
"CBN-PdlC-C3-20170906","[1743474, 1531441, 1359444, 1392785, 1392314, 1397386, 1744241, 1394596, 1392336, 1357509]"
"CBN-PdlC-C3-20180723","[1743474, 1397046, 1376496, 1395106, 1393668, 1395870, 1741624, 1738603, 1396869, 1396249]"
"CBN-PdlC-C3-20180815","[1651322, 1743474, 1396249, 1389508, 1622908, 1390432, 1481080, 1744208]"
"CBN-PdlC-C3-20180905","[1743474, 1359444, 1651322, 1628819, 1742895, 1396317, 1392662, 1392336, 1389508, 1481080]"
"CBN-PdlC-C3-20190701","[1744412, 1361579, 1467321, 1744331, 1743819, 1741758, 1658958, 1356419, 1743244, 1737448]"
"CBN-PdlC-C3-20190722","[1393668, 1743474, 1397046, 1651322, 1393679, 1396869, 1393660, 1738603, 1743904, 1396249]"
"CBN-PdlC-C3-20190812","[1392785, 1389687, 1392044, 1398675, 1397386, 1397046, 1393660, 1392662, 1744208, 1531441]"
"CBN-PdlC-C3-20190909","[1743474, 1397046, 1392785, 1361510, 1651322, 1391847, 1393660, 1358523, 1687910, 1394312]"
"CBN-PdlC-C3-20200722","[1393668, 1651322, 1393660, 1743474, 1744208, 1738603, 1394312, 1479415, 1564349, 1396249]"
"CBN-PdlC-C3-20200812","[1392662, 1743474, 1744208, 1738603, 1651322, 1393668, 1632987, 1389508, 1744041, 1397046]"
"CBN-PdlC-C4-20130807","[1481080, 1397046, 1394668, 1390899, 1394312, 1392044, 1393474, 1393927, 1362098, 1654025]"
"CBN-PdlC-C4-20130903","[1389508, 1481080, 1395870, 1395106, 1397046, 1743456, 1738603, 1389687, 1392044, 1741624]"
"CBN-PdlC-C4-20140721","[1743474, 1390693, 1397046, 1393927, 1395106, 1394312, 1738603, 1399800, 1743101, 1392662]"
"CBN-PdlC-C4-20140811","[1358523, 1395807, 1395870, 1389508, 1392044, 1397046, 1741752, 1744208, 1392612, 1389586]"
"CBN-PdlC-C4-20140901","[1396249, 1392044, 1744241, 1744208, 1655003, 1390899, 1392608, 1743101, 1742895, 1646778]"
"CBN-PdlC-C4-20150701","[1357646, 1362098, 1467324, 1743474, 1393927, 1457212]"
"CBN-PdlC-C4-20150720","[1397046, 1392044, 1743101, 1362098, 1396869, 1393474, 1744208, 1744612, 1392175, 1394312]"
"CBN-PdlC-C4-20150831","[1392044, 1389687, 1744208, 1397046, 1392201, 1362098, 1397746, 1394312, 1357646, 1743101]"
"CBN-PdlC-C4-20160705","[1743474, 1359444, 1743101, 1393927, 1361517, 1393474, 1390899, 1390388, 1467324, 1392044]"
"CBN-PdlC-C4-20160726","[1397046, 1668953, 1392044, 1389687, 1396249, 1362098, 1359444, 1394312, 1392662, 1743101]"
"CBN-PdlC-C4-20170816","[1393474, 1481080, 1361517, 1390388, 1392044, 1391881, 1743101]"
"CBN-PdlC-C4-20170906","[1392044, 1393474, 1392785, 1394312, 1564349, 1357646, 1361517, 1481080, 1391881]"
"CBN-PdlC-C4-20180723","[1397046, 1393668, 1564349, 1396249, 1628819, 1744208, 1392044, 1743101, 1396294, 1396569]"
"CBN-PdlC-C4-20180815","[1392044, 1481080, 1389508, 1664942]"
"CBN-PdlC-C4-20180905","[1392044, 1359511, 1481080, 1744241, 1393474, 1744208, 1389508, 1359342, 1392785, 1427744]"
"CBN-PdlC-C4-20190701","[1744412, 1744331, 1389740, 1393927, 1390790, 1399730, 1532993, 1687910, 1361144, 1390822]"
"CBN-PdlC-C4-20190722","[1360780, 1397046, 1481080, 1395870, 1396249, 1358523, 1392662, 1376496, 1392044, 1394312]"
"CBN-PdlC-C4-20190812","[1393474, 1744208, 1392044, 1396249, 1389687, 1394312, 1742895, 1738603, 1481080, 1357646]"
"CBN-PdlC-C4-20190909","[1393474, 1564349, 1361517, 1392044, 1738603, 1358523, 1389687, 1376496, 1481080, 1742895]"
"CBN-PdlC-C4-20200722","[1393668, 1396249, 1392662, 1435507, 1744208, 1395106, 1397046, 1738603, 1646778, 1395870]"
"CBN-PdlC-C4-20200812","[1360269, 1744208, 1395870, 1742895, 1389508, 1743583, 1396249, 1481080, 1397046, 1684273]"
"CBN-PdlC-C5-20130807","[1395870, 1395807, 1400074, 1397046, 1397299]"
"CBN-PdlC-C5-20130903","[1395807, 1397046, 1395870, 1356589, 1389508, 1564349, 1481080, 1395106, 1392785, 1738603]"
"CBN-PdlC-C5-20140721","[1743474, 1393927, 1394312, 1359444, 1397746, 1722704, 1395106, 1744208, 1393668, 1392044]"
"CBN-PdlC-C5-20140811","[1395870, 1395807, 1360269, 1397043, 1397046, 1392608, 1358943, 1357646, 1389508, 1392044]"
"CBN-PdlC-C5-20140901","[1397046, 1743456, 1646778, 1358943, 1389687, 1389508, 1392044, 1427718, 1358523, 1393474]"
"CBN-PdlC-C5-20150701","[1743474, 1393927, 1394312, 1389508, 1658958, 1358392, 1397299, 1743819]"
"CBN-PdlC-C5-20150720","[1396253, 1742895, 1392612, 1390899, 1357646, 1395870, 1394312, 1744395, 1667408, 1389135]"
"CBN-PdlC-C5-20150810","[1481080, 1358392, 1564349, 1390899, 1743456, 1389508, 1743583, 1651358, 1395106, 1742895]"
"CBN-PdlC-C5-20150831","[1396253, 1390899, 1389508, 1667408, 1743474, 1744208, 1392114, 1389135, 1481080, 1396869]"
"CBN-PdlC-C5-20160705","[1743474, 1393927, 1427718, 1395106, 1359684, 1360352, 1392177, 1743904, 1396253, 1363069]"
"CBN-PdlC-C5-20160726","[1743474, 1397046, 1743101, 1361144, 1395870, 1362098, 1392044, 1361517, 1743583]"
"CBN-PdlC-C5-20170816","[1491514, 1390899, 1743474, 1358392, 1357646, 1359684, 1392044, 1361517, 1744208, 1481080]"
"CBN-PdlC-C5-20170906","[1357646, 1392044, 1647823, 1742895, 1389687, 1564349, 1362098, 1743456, 1392159, 1359444]"
"CBN-PdlC-C5-20180723","[1397046, 1738603, 1395870, 1743474, 1392894, 1389508]"
"CBN-PdlC-C5-20180815","[1481080, 1389508, 1743474, 1362098]"
"CBN-PdlC-C5-20180905","[1743474, 1392044, 1394312, 1396253, 1359444, 1744241]"
"CBN-PdlC-C5-20190701","[1393927, 1744208, 1743474, 1513952, 1359444, 1395127, 1392894, 1664942, 1397299, 1361530]"
"CBN-PdlC-C5-20190722","[1395870, 1743583, 1396569, 1360269, 1395026, 1744811, 1397046, 1389135, 1389508, 1358943]"
"CBN-PdlC-C5-20190812","[1392044, 1392662, 1395127]"
"CBN-PdlC-C5-20190909","[1396309, 1392044, 1564349, 1389508, 1390899, 1427718, 1357646, 1472808, 1392785, 1362098]"
"CBN-PdlC-C5-20200722","[1392177, 1359835, 1396869, 1743474, 1743583, 1744060, 1360352, 1564349, 1743101, 1394312]"
"CBN-PdlC-C5-20200812","[1389508, 1738603, 1622908, 1564349, 1389135, 1392662, 1358523, 1397046, 1667408, 1392785]"
"CBN-PdlC-C6-20130807","[1394312, 1647338, 1397046, 1389508, 1361144, 1392044, 1362098, 1397193, 1396294, 1398244]"
"CBN-PdlC-C6-20130903","[1564349, 1363254, 1743474, 1738603, 1481080, 1392662, 1389508, 1744208, 1397046, 1743456]"
"CBN-PdlC-C6-20140721","[1743474, 1393927, 1743101, 1392044, 1396253, 1396249]"
"CBN-PdlC-C6-20140811","[1395870, 1395807, 1397046, 1389508, 1392159, 1391802, 1548389, 1390426]"
"CBN-PdlC-C6-20140901","[1389508, 1392201, 1743456, 1396253, 1358943]"
"CBN-PdlC-C6-20150701","[1359444, 1743474, 1362098, 1393927, 1664942, 1389508]"
"CBN-PdlC-C6-20150720","[1393200, 1359444, 1395870, 1398244, 1396309, 1646778, 1654025, 1392044, 1396869, 1389508]"
"CBN-PdlC-C6-20150810","[1389508, 1738603, 1358523, 1564349, 1651358, 1400079, 1743819, 1391802, 1481080, 1396869]"
"CBN-PdlC-C6-20150831","[1389508, 1396869, 1743474, 1397046, 1397382, 1738603, 1418211, 1473216, 1481080, 1651358]"
"CBN-PdlC-C6-20160705","[1743474, 1396309, 1396253, 1395106, 1359444, 1667408, 1654025, 1737423, 1744208, 1393927]"
"CBN-PdlC-C6-20160726","[1396309, 1392201, 1396253, 1397046, 1360036, 1481080, 1396869, 1398244]"
"CBN-PdlC-C6-20170816","[1397299, 1481080, 1357509, 1744208, 1473216]"
"CBN-PdlC-C6-20170906","[1564349, 1359444, 1389508]"
"CBN-PdlC-C6-20180723","[1393200, 1390639, 1393668, 1389508]"
"CBN-PdlC-C6-20180815","[1389508, 1744208, 1359444, 1481080]"
"CBN-PdlC-C6-20180905","[1744241, 1396253, 1744208]"
"CBN-PdlC-C6-20190701","[1744208, 1393927, 1359444, 1498118, 1737423, 1654025, 1361530, 1392099, 1743101, 1393200]"
"CBN-PdlC-C6-20190722","[1393200, 1358943, 1396253, 1498118, 1393668, 1396309, 1392201, 1389508, 1361144, 1688091]"
"CBN-PdlC-C6-20190812","[1392608, 1392612, 1744208, 1654025, 1646778, 1738603, 1628819, 1743306, 1392662, 1389508]"
"CBN-PdlC-C6-20190909","[1744208, 1392201, 1743101, 1396249, 1743474, 1481080]"
"CBN-PdlC-C6-20200722","[1396869, 1667408, 1744208, 1396253, 1358943, 1392137, 1738603, 1435507, 1389508, 1743101]"
"CBN-PdlC-C6-20200812","[1744208, 1392662, 1389508, 1667408, 1564349, 1435507, 1395870, 1396253, 1396869, 1473216]"
"CBN-PdlC-D1-20130807","[1361144, 1376496]"
"CBN-PdlC-D1-20130903","[1481080, 1389508, 1361144, 1363467, 1744208, 1396253, 1376496, 1564349, 1738603, 1743474]"
"CBN-PdlC-D1-20140721","[1390822, 1420448, 1396253, 1739064, 1744208, 1743474, 1359444, 1744395, 1395106]"
"CBN-PdlC-D1-20140811","[1395807, 1396253, 1395870, 1394542, 1356307, 1359669, 1548389, 1389508, 1391802, 1389586]"
"CBN-PdlC-D1-20140901","[1622895, 1392662, 1396253, 1622908, 1389508, 1361144, 1481080, 1744208, 1394543, 1564349]"
"CBN-PdlC-D1-20150701","[1361530, 1395299, 1359444, 1395106, 1393927, 1392044, 1743474, 1400079, 1743963, 1548389]"
"CBN-PdlC-D1-20150720","[1396253, 1399485, 1396869, 1556685, 1646778, 1744241, 1722437, 1390899, 1392556, 1743101]"
"CBN-PdlC-D1-20150810","[1400079, 1396253, 1389508, 1548389, 1744208, 1392044, 1395870, 1684273, 1396869, 1362098]"
"CBN-PdlC-D1-20150831","[1396253, 1743474, 1390899, 1389508, 1400079, 1651358, 1481080, 1362098, 1397046, 1744395]"
"CBN-PdlC-D1-20160705","[1743474, 1396253, 1397046, 1394596, 1395106, 1743101, 1396294, 1628819, 1427718, 1393927]"
"CBN-PdlC-D1-20160726","[1396253, 1531441, 1688091, 1357646, 1741576, 1389508, 1394543, 1548389, 1392408, 1397746]"
"CBN-PdlC-D1-20170816","[1743474, 1742895, 1389508, 1481080, 1558398, 1390899, 1491514, 1389687, 1357646, 1684273]"
"CBN-PdlC-D1-20170906","[1359444, 1392785, 1389508, 1628819, 1389329, 1357509, 1743474, 1360815]"
"CBN-PdlC-D1-20180723","[1743474, 1376496, 1395106, 1400148, 1363751]"
"CBN-PdlC-D1-20180815","[1363670, 1481080, 1389508, 1651322, 1743474, 1564349, 1743315, 1363069, 1359444, 1739040]"
"CBN-PdlC-D1-20180905","[1396253, 1743474, 1392044, 1359444, 1392785, 1628819, 1651322, 1738603]"
"CBN-PdlC-D1-20190701","[1743315, 1396253, 1359444, 1628819, 1389929, 1393927, 1743474, 1392894, 1361579, 1513952]"
"CBN-PdlC-D1-20190722","[1396253, 1397046, 1390822, 1392044, 1741576, 1395870, 1738603, 1688091, 1389508, 1396869]"
"CBN-PdlC-D1-20190812","[1396253, 1361281, 1395870, 1392044, 1389687, 1390899, 1396294, 1389508, 1392201, 1397046]"
"CBN-PdlC-D1-20190909","[1741616, 1361914, 1397046, 1389508, 1361387, 1743474, 1392785, 1651358, 1390899, 1651485]"
"CBN-PdlC-D1-20200722","[1396253, 1646778, 1392291, 1391331, 1395807, 1396869, 1358392, 1392044, 1390388, 1397046]"
"CBN-PdlC-D1-20200812","[1743474, 1391331, 1396253, 1389508, 1481080, 1392558, 1738603, 1744395, 1392291, 1397535]"
"CBN-PdlC-D2-20130807","[1393474, 1362181, 1743474, 1361144, 1389508]"
"CBN-PdlC-D2-20130903","[1396253, 1397046, 1389508, 1412857, 1394643, 1743474, 1481080, 1738603, 1392044, 1472808]"
"CBN-PdlC-D2-20140721","[1396253, 1472808, 1744208, 1393927, 1744060, 1628819, 1743474, 1395106, 1363187, 1739219]"
"CBN-PdlC-D2-20140811","[1394643, 1412857, 1357577, 1499638, 1396253, 1491514, 1394641, 1363069, 1389508, 1392177]"
"CBN-PdlC-D2-20140901","[1394643, 1412857, 1396253, 1741624, 1389508, 1394641, 1390426, 1396569, 1743474, 1738603]"
"CBN-PdlC-D2-20150720","[1396253, 1472808, 1743819, 1396691, 1357577, 1398244, 1394643, 1392044, 1491514, 1359444]"
"CBN-PdlC-D2-20150810","[1389508, 1743474, 1491514, 1744060, 1358523, 1362181, 1499638, 1632987, 1396253, 1412857]"
"CBN-PdlC-D2-20150831","[1400079, 1395106, 1396253, 1744060, 1394643, 1412857, 1502707, 1743474, 1481080, 1491514]"
"CBN-PdlC-D2-20160705","[1743474, 1396253, 1393927, 1390822, 1472808, 1492519, 1427718, 1393474, 1395106, 1394596]"
"CBN-PdlC-D2-20160726","[1396253, 1741576, 1359444, 1412857, 1562413, 1744241, 1743474, 1390822, 1502795, 1357509]"
"CBN-PdlC-D2-20170816","[1743474, 1389508, 1491514, 1396253, 1389929, 1472808, 1358523, 1738603, 1361070, 1742895]"
"CBN-PdlC-D2-20170906","[1743474, 1744241, 1531436, 1491514, 1394643, 1396253, 1472808, 1392044, 1399485, 1563807]"
"CBN-PdlC-D2-20180723","[1397046, 1743474, 1392764, 1396253, 1491514, 1395106, 1744208, 1389508, 1664942, 1744060]"
"CBN-PdlC-D2-20180815","[1491514, 1743474, 1744208, 1422217, 1651322, 1647823, 1389508, 1481080, 1396253, 1357577]"
"CBN-PdlC-D2-20180905","[1743474, 1396253, 1359444, 1393927, 1392044, 1390966, 1393474, 1394543, 1390899, 1394312]"
"CBN-PdlC-D2-20190701","[1743474, 1737448, 1393927, 1628819, 1359444, 1723120, 1647823, 1361579, 1743244, 1392317]"
"CBN-PdlC-D2-20190722","[1743474, 1491514, 1651322, 1394643, 1396253, 1472808, 1395106, 1412857, 1357577, 1628819]"
"CBN-PdlC-D2-20190812","[1397046, 1412857, 1742052, 1357577, 1395870, 1628819, 1389687, 1396253, 1506481, 1688091]"
"CBN-PdlC-D2-20190909","[1743474, 1396253, 1394643, 1491514, 1397046, 1361273, 1412857, 1389508, 1363069, 1389744]"
"CBN-PdlC-D2-20200722","[1743474, 1651322, 1491514, 1396253, 1357646, 1394643, 1390822, 1481080, 1744060, 1395106]"
"CBN-PdlC-D2-20200812","[1743474, 1396253, 1397382, 1651322, 1394643, 1412857, 1491514, 1394641, 1481080, 1564349]"
"CBN-PdlC-D3-20130807","[1744241, 1647150, 1647155, 1358463, 1399082, 1743474, 1396362, 1393927, 1743544, 1392894]"
"CBN-PdlC-D3-20130903","[1397046, 1396379, 1744060, 1622910, 1396447, 1358463, 1744479, 1647175, 1396809, 1481080]"
"CBN-PdlC-D3-20140721","[1744060, 1393927, 1472808, 1492664, 1359444, 1744208, 1743474, 1361144, 1395106, 1391331]"
"CBN-PdlC-D3-20140811","[1744060, 1413349, 1647128, 1399082, 1358463, 1397461, 1392318, 1394643, 1396379, 1392341]"
"CBN-PdlC-D3-20140901","[1394543, 1744060, 1393474, 1744241, 1743474, 1744208, 1472691, 1394540, 1481080, 1743819]"
"CBN-PdlC-D3-20150701","[1393927, 1743474, 1743970, 1564349, 1361273, 1392894, 1744060, 1361530, 1395106, 1394312]"
"CBN-PdlC-D3-20150720","[1744241, 1392318, 1394312, 1392549, 1390899, 1472691, 1743474, 1562413, 1399082, 1389508]"
"CBN-PdlC-D3-20150831","[1744241, 1472691, 1392318, 1427718, 1741775, 1647156, 1744041, 1481080, 1396869, 1413349]"
"CBN-PdlC-D3-20160705","[1743474, 1452695, 1393927, 1363421, 1427718, 1360036, 1399800, 1361517, 1390899, 1492519]"
"CBN-PdlC-D3-20160726","[1632987, 1743456, 1743474, 1394543, 1390899, 1646778, 1396447, 1743101, 1744241, 1363282]"
"CBN-PdlC-D3-20170816","[1743474, 1413349, 1744241, 1647156, 1743456, 1359444, 1394596, 1472691, 1363499, 1392318]"
"CBN-PdlC-D3-20170906","[1743474, 1647156, 1744241, 1481080, 1392314, 1413349, 1744479, 1738603, 1394596, 1392318]"
"CBN-PdlC-D3-20180723","[1397046, 1647150, 1395106, 1399082, 1743474, 1744060, 1395870, 1389508, 1647128, 1744208]"
"CBN-PdlC-D3-20180815","[1743474, 1744060, 1392318, 1481080, 1744208, 1389508, 1564349, 1743963, 1357509, 1392662]"
"CBN-PdlC-D3-20180905","[1472808, 1392318, 1743474, 1744208, 1744241, 1394596, 1390899, 1481080, 1741775, 1393927]"
"CBN-PdlC-D3-20190701","[1393927, 1743474, 1744060, 1743244, 1628819, 1743819, 1513952, 1361273, 1392894]"
"CBN-PdlC-D3-20190722","[1358463, 1472808, 1399082, 1744060, 1743474, 1394643, 1502057, 1743890, 1742052, 1389508]"
"CBN-PdlC-D3-20190812","[1392318, 1472808, 1481080, 1357608, 1632987, 1744479, 1394312, 1743456, 1389687, 1647175]"
"CBN-PdlC-D3-20190909","[1743474, 1744060, 1390899, 1392318, 1396439, 1481080, 1396447, 1389247, 1742053, 1359444]"
"CBN-PdlC-D3-20200722","[1744060, 1389508, 1743474, 1391331, 1472808, 1399082, 1392318, 1395106, 1358463, 1481080]"
"CBN-PdlC-D3-20200812","[1744060, 1564349, 1647155, 1389508, 1397046, 1394641, 1647175, 1399082, 1395106, 1481080]"
"CBN-PdlC-D4-20130807","[1396253, 1393927, 1743101, 1394312, 1647338, 1376496, 1397046, 1392044, 1742895]"
"CBN-PdlC-D4-20130903","[1396253, 1419963, 1397046, 1481080, 1392608, 1738603, 1389508, 1396379, 1622910, 1392785]"
"CBN-PdlC-D4-20140721","[1397046, 1396253, 1393927, 1390822, 1395106, 1389508, 1744208, 1743474, 1472808, 1359444]"
"CBN-PdlC-D4-20140811","[1395870, 1395807, 1392537, 1392535, 1392608, 1392541, 1394643, 1412857, 1392044, 1360269]"
"CBN-PdlC-D4-20140901","[1392044, 1396253, 1357646, 1394312, 1628819, 1362098, 1744208, 1743101, 1396869, 1392662]"
"CBN-PdlC-D4-20150701","[1393927, 1394312, 1743474, 1363069, 1392175, 1738603, 1687910, 1357646, 1743101, 1397046]"
"CBN-PdlC-D4-20150720","[1646778, 1392044, 1397046, 1393087, 1400079, 1743101, 1358392, 1472808, 1395870, 1394312]"
"CBN-PdlC-D4-20150831","[1392044, 1738603, 1481080, 1392662, 1397046, 1743101, 1395870, 1392318, 1362098, 1359444]"
"CBN-PdlC-D4-20160705","[1743101, 1363421, 1743474, 1393927, 1357646, 1396253, 1393474, 1389806, 1392044, 1492519]"
"CBN-PdlC-D4-20160726","[1397046, 1359444, 1743101, 1362098, 1392044, 1738603, 1396307, 1394312, 1392561]"
"CBN-PdlC-D4-20170816","[1744241, 1392044, 1395870, 1396253, 1743101, 1357646]"
"CBN-PdlC-D4-20170906","[1392044, 1392785, 1738603, 1357646, 1529410, 1397046]"
"CBN-PdlC-D4-20180723","[1397046, 1738603, 1744208, 1389508, 1396869, 1628819, 1395106, 1358943, 1396253, 1395870]"
"CBN-PdlC-D4-20180815","[1489190, 1389508, 1481080, 1389929, 1489036, 1362098, 1363069]"
"CBN-PdlC-D4-20180905","[1472681, 1359444, 1744070, 1392044, 1392662, 1361482, 1744208, 1389508, 1397046, 1628819]"
"CBN-PdlC-D4-20190701","[1393927, 1491514, 1743819, 1361530, 1363069, 1362098, 1628819, 1743474]"
"CBN-PdlC-D4-20190722","[1396253, 1741880, 1395870, 1397046, 1744208, 1400101, 1394312, 1742895, 1684273, 1389508]"
"CBN-PdlC-D4-20190812","[1357608, 1392044, 1391331, 1397046, 1743101, 1742053, 1738603, 1409318, 1564349, 1743456]"
"CBN-PdlC-D4-20190909","[1393474, 1397046, 1744208, 1392785, 1743903, 1491514, 1390899, 1395870, 1389508, 1361144]"
"CBN-PdlC-D4-20200722","[1358943, 1396253, 1393474, 1397046, 1738603, 1358748, 1395870, 1743583, 1481080, 1743101]"
"CBN-PdlC-D4-20200812","[1738603, 1389508, 1392662, 1397046, 1390426, 1744208, 1395870, 1396253, 1622908, 1396869]"
"CBN-PdlC-D5-20130807","[1744241, 1742895, 1739064, 1743977, 1376496, 1361373, 1392318, 1363254, 1531441]"
"CBN-PdlC-D5-20130903","[1651322, 1743474, 1622908, 1397299, 1531441, 1389508, 1738603, 1622910, 1481080, 1651485]"
"CBN-PdlC-D5-20140721","[1359444, 1390822, 1393927, 1743101, 1394312, 1392662, 1360780, 1743474, 1389929, 1744208]"
"CBN-PdlC-D5-20140811","[1395870, 1744241, 1531441, 1395807, 1651322, 1390055, 1392608, 1389508, 1395868, 1363751]"
"CBN-PdlC-D5-20140901","[1744241, 1737508, 1359684, 1363254, 1472691, 1392044, 1531441, 1361527, 1744208]"
"CBN-PdlC-D5-20150701","[1359444, 1744060, 1397046, 1744208, 1425722, 1393087, 1393927, 1396691, 1564349, 1361530]"
"CBN-PdlC-D5-20150720","[1744241, 1744208, 1357416, 1390899, 1531035, 1394312, 1395870, 1738603, 1622908, 1581618]"
"CBN-PdlC-D5-20150810","[1395870, 1744060, 1548389, 1531441, 1667408, 1741576, 1738603, 1651358, 1744395, 1394312]"
"CBN-PdlC-D5-20150831","[1743474, 1397046, 1651358, 1392785, 1744208, 1492664, 1359444, 1389508, 1392662, 1392318]"
"CBN-PdlC-D5-20160705","[1743474, 1744241, 1393927, 1359444, 1360036, 1395106, 1392175, 1362098, 1389771, 1743101]"
"CBN-PdlC-D5-20160726","[1531441, 1548389, 1744241, 1360036, 1651358, 1392201, 1394330, 1390822, 1564349, 1744395]"
"CBN-PdlC-D5-20170816","[1743474, 1481080, 1359444, 1744241, 1531441, 1744208, 1742895, 1743101, 1396691, 1362098]"
"CBN-PdlC-D5-20170906","[1392336, 1743474, 1361510, 1392662, 1392314, 1744241, 1738603, 1357646, 1359444, 1396242]"
"CBN-PdlC-D5-20180723","[1400101, 1743474, 1651322, 1396307, 1392612, 1360780, 1392408, 1395106, 1397046, 1392608]"
"CBN-PdlC-D5-20180815","[1531441, 1548389, 1400079, 1389508, 1481080, 1743474, 1669616, 1397299, 1658958, 1361263]"
"CBN-PdlC-D5-20180905","[1744241, 1743474, 1392336, 1706074, 1739083, 1743101, 1392044, 1390388, 1392785, 1688091]"
"CBN-PdlC-D5-20190701","[1743474, 1393927, 1361579, 1743315, 1363069, 1513952, 1392177, 1667408, 1390822, 1744208]"
"CBN-PdlC-D5-20190722","[1744060, 1651358, 1397046, 1389508, 1395870, 1397535, 1392318, 1394312, 1744395, 1358523]"
"CBN-PdlC-D5-20190812","[1389508, 1744241, 1646778, 1744208, 1394312, 1359444, 1622908, 1395106, 1363254, 1392175]"
"CBN-PdlC-D5-20190909","[1743474, 1688091, 1744241, 1392336, 1389508, 1397046, 1357509, 1392175, 1667408, 1392318]"
"CBN-PdlC-D5-20200722","[1531441, 1744060, 1392318, 1394312, 1389508, 1651113, 1651358, 1392408, 1395704, 1361281]"
"CBN-PdlC-D5-20200812","[1531441, 1389508, 1392318, 1651322, 1743474, 1651358, 1481080, 1744060, 1361263, 1362098]"
"CBN-PdlC-D6-20130807","[1393474, 1647338, 1743101, 1357509, 1400159, 1744395, 1738603, 1491514]"
"CBN-PdlC-D6-20130903","[1397046, 1393474, 1738603, 1361144, 1622908, 1481080, 1397299, 1395870, 1389508, 1392662]"
"CBN-PdlC-D6-20140721","[1743474, 1394312, 1744208, 1390822, 1393927, 1743819, 1393923, 1359684, 1359444, 1396253]"
"CBN-PdlC-D6-20140811","[1395807, 1397046, 1395870, 1394312, 1392044, 1396294, 1395758, 1357646, 1362098, 1743365]"
"CBN-PdlC-D6-20140901","[1393660, 1738592, 1472691, 1393679, 1390899, 1743456, 1743474, 1392044, 1743819]"
"CBN-PdlC-D6-20150701","[1548389, 1393087, 1743474, 1389336, 1743819, 1400079, 1393927, 1362098, 1359444, 1359684]"
"CBN-PdlC-D6-20150720","[1393668, 1397046, 1393927, 1394312, 1548389, 1393474, 1743819, 1743101, 1393660, 1744612]"
"CBN-PdlC-D6-20150810","[1393474, 1393668, 1412857, 1472808, 1743819, 1622910, 1356370, 1744395, 1424250, 1738603]"
"CBN-PdlC-D6-20150831","[1359444, 1738603, 1393474, 1412857, 1389687, 1392785, 1400079, 1392044, 1668330, 1481080]"
"CBN-PdlC-D6-20160705","[1743474, 1393927, 1743101, 1393474, 1393923, 1737423, 1427718, 1392044, 1435507, 1400079]"
"CBN-PdlC-D6-20160726","[1359444, 1392044, 1564349, 1743101, 1400079, 1744395, 1394312, 1396249, 1738603, 1360036]"
"CBN-PdlC-D6-20170816","[1392044, 1481080, 1389687, 1744208, 1389508, 1632962, 1743474, 1738603]"
"CBN-PdlC-D6-20170906","[1564349, 1743474, 1481080, 1393474, 1392044, 1622908, 1744208, 1357509, 1457311, 1359444]"
"CBN-PdlC-D6-20180723","[1395106, 1393668, 1396249, 1389508, 1397046, 1396869, 1392044, 1738603, 1376496, 1743474]"
"CBN-PdlC-D6-20180815","[1743474, 1389508, 1481080, 1738603, 1564349, 1651358, 1396249]"
"CBN-PdlC-D6-20180905","[1396249, 1357646, 1392044, 1425584, 1362098, 1394312, 1743474, 1359444, 1435507]"
"CBN-PdlC-D6-20190701","[1744208, 1513952, 1392894, 1723120, 1390822, 1361530, 1393927, 1743819, 1399730, 1743474]"
"CBN-PdlC-D6-20190722","[1393668, 1397046, 1738603, 1392662, 1393679, 1743930, 1742895, 1435507, 1684273, 1359444]"
"CBN-PdlC-D6-20190812","[1392044, 1393474, 1743930, 1622908, 1491514, 1392662, 1389508, 1435507, 1744395, 1393665]"
"CBN-PdlC-D6-20190909","[1622910, 1744208, 1389687, 1357646, 1506481, 1491514, 1357509, 1390899, 1481080, 1395807]"
"CBN-PdlC-D6-20200722","[1744208, 1491514, 1395106, 1392044, 1393668, 1393474, 1742895, 1393679, 1389508, 1358523]"
"CBN-PdlC-D6-20200812","[1744208, 1393474, 1393660, 1393679, 1389508, 1738603, 1743474, 1397046, 1564349, 1396869]"
"CBN-PdlC-E1-20130723","[1744208, 1399800, 1397046, 1743474, 1395870, 1362098, 1628819, 1392054, 1742895, 1529410]"
"CBN-PdlC-E1-20130807","[1744208, 1742099, 1390822, 1359444, 1392177, 1363254, 1393474, 1363751, 1359684, 1394312]"
"CBN-PdlC-E1-20130903","[1394643, 1397046, 1395870, 1743474, 1664942, 1390899, 1395821, 1392785, 1647338, 1743819]"
"CBN-PdlC-E1-20140630","[1743474, 1392535, 1359444, 1397046, 1362098, 1499783, 1744395, 1399800, 1394915, 1392565]"
"CBN-PdlC-E1-20140721","[1389135, 1664942, 1397046, 1361144, 1390899, 1628819, 1743101, 1359444, 1391331, 1743819]"
"CBN-PdlC-E1-20140811","[1395870, 1392608, 1393245, 1392612, 1742052, 1392535, 1392044, 1395807, 1412857, 1394643]"
"CBN-PdlC-E1-20140901","[1397046, 1359444, 1358392, 1392785, 1667408, 1396253, 1399800, 1744208, 1389929, 1394915]"
"CBN-PdlC-E1-20150701","[1400079, 1548389, 1397046, 1396869, 1363751, 1743101, 1395870, 1743819, 1358523, 1392608]"
"CBN-PdlC-E1-20150720","[1392608, 1738847, 1742895, 1744241, 1392612, 1744395, 1743101, 1397046, 1362098, 1743474]"
"CBN-PdlC-E1-20150810","[1743474, 1563496, 1400101, 1395106, 1743315, 1651322, 1738603, 1393200, 1393668, 1668744]"
"CBN-PdlC-E1-20150831","[1397046, 1359444, 1743474, 1667408, 1548389, 1400079, 1396253, 1394915, 1390899, 1687910]"
"CBN-PdlC-E1-20160705","[1362098, 1392044, 1357646, 1363069, 1392612, 1743474, 1394312, 1738603, 1418211, 1359444]"
"CBN-PdlC-E1-20160726","[1392608, 1359444, 1393474, 1357646, 1742773, 1399485, 1646050, 1392054, 1397746, 1392044]"
"CBN-PdlC-E1-20170816","[1743474, 1362098, 1399800, 1737565, 1392044, 1392785, 1743101, 1647338, 1392407, 1457311]"
"CBN-PdlC-E1-20170906","[1743474, 1361517, 1392044, 1362098, 1481080, 1667408, 1399800, 1738603, 1392314, 1744635]"
"CBN-PdlC-E1-20180702","[1743474, 1393923, 1744395, 1392044, 1395106, 1393927, 1499783, 1362098, 1399800, 1356001]"
"CBN-PdlC-E1-20180723","[1392535, 1743474, 1392534, 1392553, 1392537, 1651322, 1744208, 1738603, 1481080, 1392044]"
"CBN-PdlC-E1-20180815","[1743474, 1667408, 1651322, 1481080, 1362098, 1389508, 1531441, 1359444, 1357646, 1392044]"
"CBN-PdlC-E1-20180905","[1743474, 1744241, 1744208, 1399800, 1481080, 1389135, 1739083, 1394312, 1499783, 1359444]"
"CBN-PdlC-E1-20190701","[1397046, 1743474, 1362098, 1664942, 1395870, 1395106, 1741808, 1622908, 1399800, 1738603]"
"CBN-PdlC-E1-20190812","[1738603, 1362098, 1393474, 1360815, 1397046, 1399800, 1667408, 1389508, 1389687, 1392341]"
"CBN-PdlC-E1-20190909","[1397046, 1743474, 1362098, 1392785, 1667408, 1737565, 1394312, 1390899, 1392044, 1392652]"
"CBN-PdlC-E1-20200629","[1397046, 1743474, 1357646, 1392407, 1395106, 1392044, 1356001, 1738603, 1394312, 1743101]"
"CBN-PdlC-E1-20200722","[1392608, 1360299, 1744241, 1394312, 1392612, 1419915, 1667408, 1392611, 1550140, 1392341]"
"CBN-PdlC-E1-20200812","[1743474, 1667408, 1481080, 1358684, 1392612, 1362098, 1359444, 1744208, 1361273, 1473216]"
"CBN-PdlC-E2-20130723","[1397046, 1395870, 1743474, 1392044, 1392535, 1393927, 1392054, 1397528, 1390822, 1399485]"
"CBN-PdlC-E2-20130807","[1743474, 1397386, 1531441, 1564349, 1481080, 1651358, 1739040, 1357646]"
"CBN-PdlC-E2-20130903","[1395870, 1651485, 1651358, 1531441, 1743474, 1397046, 1361273, 1394414, 1390849, 1389929]"
"CBN-PdlC-E2-20140630","[1743474, 1397046, 1394911, 1393927, 1743101, 1396144, 1664942, 1391764, 1392054, 1513952]"
"CBN-PdlC-E2-20140721","[1400079, 1743474, 1647338, 1395807, 1743977, 1397046, 1395870, 1743904, 1564349, 1743101]"
"CBN-PdlC-E2-20140811","[1395870, 1395807, 1412857, 1394643, 1531441, 1395868, 1743474, 1651322, 1394641, 1394542]"
"CBN-PdlC-E2-20140901","[1743456, 1743474, 1392785, 1389687, 1738603, 1397046, 1651358, 1524876, 1720971, 1548995]"
"CBN-PdlC-E2-20150720","[1390899, 1743474, 1743101, 1395870, 1362098, 1738603, 1398244, 1392044, 1397432, 1397046]"
"CBN-PdlC-E2-20150810","[1651322, 1743474, 1392044, 1739040, 1389508, 1744041, 1357509, 1481080, 1738603, 1376496]"
"CBN-PdlC-E2-20150831","[1395870, 1392785, 1743474, 1397046, 1651358, 1667408, 1531441, 1684273, 1481080, 1392044]"
"CBN-PdlC-E2-20160705","[1738603, 1743474, 1743101, 1392407, 1395870, 1392314, 1392044, 1392785, 1397046, 1651358]"
"CBN-PdlC-E2-20160726","[1743474, 1722501, 1743101, 1651358, 1390822, 1738603, 1392044, 1357646, 1617119, 1397746]"
"CBN-PdlC-E2-20170816","[1743474, 1392044, 1392314, 1394596, 1392785, 1743472]"
"CBN-PdlC-E2-20170906","[1743474, 1392314, 1392785]"
"CBN-PdlC-E2-20180702","[1743474, 1394911, 1393927, 1393923, 1743101, 1743977, 1392044, 1399800, 1397299, 1390421]"
"CBN-PdlC-E2-20180723","[1743474, 1564349, 1397046, 1392785, 1651358, 1738603, 1472808, 1362098, 1392044]"
"CBN-PdlC-E2-20180815","[1743474, 1651322, 1392341, 1481080, 1392054, 1564349, 1358392, 1397386, 1392044, 1392662]"
"CBN-PdlC-E2-20180905","[1743474, 1412857, 1399800, 1743933, 1392044, 1744241, 1357646, 1392785, 1391781, 1617109]"
"CBN-PdlC-E2-20190701","[1395870, 1397046, 1743474, 1394911, 1390822, 1393927, 1491514, 1362098, 1392044, 1738603]"
"CBN-PdlC-E2-20190812","[1392785, 1742052, 1397046, 1357646, 1392044, 1392318, 1389687, 1396309, 1412857, 1738603]"
"CBN-PdlC-E2-20190909","[1397046, 1392785, 1743474, 1738603, 1394596, 1394312, 1628819, 1390899, 1389687, 1392044]"
"CBN-PdlC-E2-20200629","[1390822, 1390388, 1393927, 1398244, 1393923, 1743474, 1395106, 1392044, 1396294, 1743977]"
"CBN-PdlC-E2-20200722","[1738603, 1743474, 1481080, 1743456, 1394596, 1400074]"
"CBN-PdlC-E2-20200812","[1743474, 1395870, 1651322, 1481080, 1564349, 1651358]"
"CBN-PdlC-E3-20130723","[1744241, 1743474, 1395106, 1393923, 1396253, 1744208, 1396691, 1393927, 1743933, 1399800]"
"CBN-PdlC-E3-20130807","[1744241, 1396253, 1651358, 1738603, 1389508, 1628783, 1622908, 1391335, 1392318, 1363079]"
"CBN-PdlC-E3-20130903","[1531441, 1651485, 1392785, 1743474, 1651358, 1738603, 1744041, 1394596, 1389508, 1564349]"
"CBN-PdlC-E3-20140630","[1743474, 1359388, 1393927, 1393923, 1390388]"
"CBN-PdlC-E3-20140721","[1744241, 1395106, 1743474, 1396253, 1479415, 1392662, 1564349]"
"CBN-PdlC-E3-20140811","[1395807, 1397430, 1395870, 1361347, 1393665, 1361281, 1396253, 1651485, 1744241, 1622910]"
"CBN-PdlC-E3-20140901","[1744241, 1394596, 1392318, 1743474, 1651113, 1397046]"
"CBN-PdlC-E3-20150701","[1744241, 1744041, 1743474, 1395870, 1744395, 1357509, 1361144, 1481080, 1398244, 1395106]"
"CBN-PdlC-E3-20150720","[1744241, 1738603, 1743474, 1394596, 1481080, 1398244, 1359444, 1743456, 1651322, 1396309]"
"CBN-PdlC-E3-20150810","[1743474, 1651322, 1743456, 1564349, 1744395, 1390432, 1389508, 1531358, 1738603]"
"CBN-PdlC-E3-20150831","[1743474, 1744241, 1744208, 1743456, 1392336, 1392318, 1392785, 1481080, 1738603, 1390899]"
"CBN-PdlC-E3-20160705","[1743474, 1396253, 1393665, 1744241, 1398244, 1738603, 1397430, 1392201, 1651322, 1400079]"
"CBN-PdlC-E3-20160726","[1397386, 1651322, 1617119, 1398244, 1743474, 1396309, 1628783, 1531441, 1651358, 1738603]"
"CBN-PdlC-E3-20170816","[1392336, 1743474, 1744241, 1743456, 1394596, 1654025, 1359444, 1738603, 1706074, 1743472]"
"CBN-PdlC-E3-20170906","[1392336, 1743474, 1744241, 1360215, 1399800, 1743456, 1397299, 1394596, 1398244, 1389494]"
"CBN-PdlC-E3-20180702","[1743474, 1393927, 1393665, 1390822, 1393923, 1395106, 1397430, 1744208, 1390432]"
"CBN-PdlC-E3-20180723","[1651322, 1743474, 1738603, 1393317, 1739040, 1651358, 1392341, 1389508, 1394543, 1481080]"
"CBN-PdlC-E3-20180815","[1743474, 1392318, 1651322, 1744208, 1392662, 1389508, 1481080, 1396869]"
"CBN-PdlC-E3-20180905","[1743474, 1744241, 1392336, 1396253, 1389508, 1457311]"
"CBN-PdlC-E3-20190701","[1743474, 1393927, 1395106, 1739219, 1389508, 1744060, 1744395, 1744208, 1651322, 1738603]"
"CBN-PdlC-E3-20190812","[1744241, 1389508, 1743456, 1396253, 1622908, 1738603, 1392318, 1743474, 1741775, 1391331]"
"CBN-PdlC-E3-20190909","[1737437, 1394596, 1743474, 1743456, 1389687, 1628819, 1390899, 1532993, 1392785, 1389586]"
"CBN-PdlC-E3-20200629","[1743474, 1393923, 1397430, 1393665, 1393927, 1744331, 1743819, 1651322, 1399800, 1395106]"
"CBN-PdlC-E3-20200722","[1393665, 1744241, 1389508, 1530979, 1743474, 1393992, 1622908, 1646778, 1393686, 1744208]"
"CBN-PdlC-E3-20200812","[1743474, 1651322, 1389508, 1397386, 1744395, 1399800, 1651358, 1738603]"
"CBN-PdlC-E4-20130807","[1628783, 1397193, 1743365, 1531441, 1481080, 1391781, 1396253]"
"CBN-PdlC-E4-20130903","[1397046, 1744208, 1392608, 1564349, 1651485, 1399800, 1392785, 1481080, 1743456, 1738603]"
"CBN-PdlC-E4-20140630","[1744208, 1743819, 1392177, 1390388, 1396253, 1393927, 1359388, 1744672, 1361530, 1743474]"
"CBN-PdlC-E4-20140721","[1396253, 1744208, 1744241, 1390899, 1688091, 1397046, 1395870, 1743977, 1390822, 1737488]"
"CBN-PdlC-E4-20140811","[1392652, 1396869, 1389508, 1397430, 1395870, 1396858, 1396253, 1622910, 1395807, 1361071]"
"CBN-PdlC-E4-20140901","[1744241, 1743819, 1396253, 1397746, 1389508, 1564349, 1472691, 1440300, 1392662, 1392318]"
"CBN-PdlC-E4-20150701","[1396253, 1396869, 1358943, 1389508, 1395870, 1684273, 1393665, 1744395, 1361273, 1743977]"
"CBN-PdlC-E4-20150720","[1361281, 1743977, 1393660, 1390899, 1396309, 1392175, 1391802, 1397430, 1392044, 1647338]"
"CBN-PdlC-E4-20150810","[1722433, 1622908, 1396253, 1393462, 1564349, 1738603, 1397046, 1651358, 1396869, 1743474]"
"CBN-PdlC-E4-20160705","[1397430, 1396253, 1393665, 1392408, 1393660, 1743101, 1396869, 1744395, 1395870, 1395106]"
"CBN-PdlC-E4-20160726","[1531441, 1389687, 1361402, 1396253, 1389508, 1397386, 1738603, 1743456, 1481080, 1397746]"
"CBN-PdlC-E4-20170816","[1738603, 1396242, 1647823, 1359444, 1393927, 1398244, 1743456, 1390764, 1472808, 1389586]"
"CBN-PdlC-E4-20170906","[1743474, 1392785, 1647823, 1743456, 1357646, 1481080, 1357509]"
"CBN-PdlC-E4-20180702","[1397430, 1743474, 1393665, 1393927, 1359388, 1390822, 1744331, 1395106, 1744395]"
"CBN-PdlC-E4-20180723","[1743474, 1397430, 1396869, 1481080, 1393665, 1389508, 1564349, 1738603, 1389687]"
"CBN-PdlC-E4-20180815","[1743474, 1481080, 1651322, 1389508, 1392652]"
"CBN-PdlC-E4-20180905","[1743474, 1744241, 1394999, 1650970]"
"CBN-PdlC-E4-20190701","[1395870, 1395106, 1397046, 1393927, 1389508, 1393665, 1358523, 1396869, 1743474, 1397299]"
"CBN-PdlC-E4-20190812","[1389687, 1532449, 1738603, 1394312, 1393992, 1392662, 1393660, 1389508, 1743456, 1389586]"
"CBN-PdlC-E4-20190909","[1744208, 1392175, 1531358, 1532449, 1743456, 1722433, 1744241, 1392662, 1389835, 1669567]"
"CBN-PdlC-E4-20200629","[1393665, 1395106, 1743474, 1397430, 1393927]"
"CBN-PdlC-E4-20200722","[1389508, 1744241, 1738603, 1396253, 1622908, 1392175, 1393660, 1389687, 1398244, 1669567]"
"CBN-PdlC-E4-20200812","[1743474, 1389508, 1392662, 1392318, 1481080, 1473216, 1622908, 1359444, 1532449, 1564349]"
"CBN-PdlC-E5-20130723","[1356001, 1667408, 1743819, 1744060, 1743474, 1390822, 1564349, 1744208, 1743315, 1392177]"
"CBN-PdlC-E5-20130807","[1392608, 1744335, 1654025, 1394366, 1400159, 1363254, 1743819]"
"CBN-PdlC-E5-20130903","[1360299, 1397046, 1743819, 1363254, 1573015, 1392608, 1744241, 1472691, 1564349, 1357651]"
"CBN-PdlC-E5-20140630","[1360299, 1399800, 1743819, 1647338, 1394349, 1393927, 1668953, 1393923, 1743474, 1744395]"
"CBN-PdlC-E5-20140721","[1363254, 1743474, 1688091, 1744208, 1744612, 1743819, 1393200, 1394312, 1389135, 1395807]"
"CBN-PdlC-E5-20140811","[1393200, 1392608, 1358943, 1394366, 1362745, 1392612, 1359444, 1668330, 1361144, 1389135]"
"CBN-PdlC-E5-20150720","[1392608, 1737508, 1392612, 1360036, 1743819, 1396869, 1389135, 1360299, 1744208, 1743598]"
"CBN-PdlC-E5-20150810","[1744060, 1396869, 1667408, 1359632, 1389508, 1359444, 1395127, 1743819, 1389135, 1738603]"
"CBN-PdlC-E5-20150831","[1667408, 1743819, 1389135, 1396691, 1744208, 1394312, 1395127, 1390899, 1396309, 1743474]"
"CBN-PdlC-E5-20160705","[1744060, 1392608, 1743819, 1396307, 1395106, 1394312, 1396869, 1564349, 1743474, 1360299]"
"CBN-PdlC-E5-20160726","[1392608, 1392612, 1392556, 1688091, 1393462, 1358943, 1363254, 1667464, 1390899, 1389135]"
"CBN-PdlC-E5-20170816","[1744241, 1743474, 1390899, 1667408, 1744208, 1452695, 1397193, 1357509]"
"CBN-PdlC-E5-20170906","[1667408, 1743474, 1389135, 1395106, 1743306, 1744241, 1492519, 1399800, 1393927, 1389508]"
"CBN-PdlC-E5-20180702","[1743306, 1654025, 1393927, 1399800, 1395106, 1744070, 1743474, 1647338, 1396309, 1391320]"
"CBN-PdlC-E5-20180723","[1389508, 1392177, 1393200, 1392608, 1396869, 1394312, 1743474, 1738603, 1395106, 1744208]"
"CBN-PdlC-E5-20180815","[1667408, 1400177, 1389508, 1481080, 1395127, 1548389, 1564349, 1743474, 1394543, 1744208]"
"CBN-PdlC-E5-20180905","[1744241, 1743306, 1743474]"
"CBN-PdlC-E5-20190722","[1363254, 1394312, 1392175, 1362098, 1396869, 1389508, 1738603, 1393927, 1361273, 1397046]"
"CBN-PdlC-E5-20190812","[1392175, 1743456, 1744208, 1392608, 1738603, 1361281, 1389508, 1743306, 1394312, 1564349]"
"CBN-PdlC-E5-20190909","[1743474, 1392608, 1743306, 1564349, 1389135, 1654025, 1737565, 1356001, 1394366, 1390899]"
"CBN-PdlC-E5-20200629","[1393927, 1395106, 1389135, 1744395, 1647338, 1522573, 1356001, 1394915, 1362098, 1396309]"
"CBN-PdlC-E5-20200722","[1738603, 1744208, 1744241, 1389135, 1396869, 1393992, 1646778, 1667408, 1743385, 1389687]"
"CBN-PdlC-E5-20200812","[1743474, 1667408, 1564349, 1389135, 1389508, 1744208, 1392662, 1392608, 1684273, 1392114]"
"CBN-PdlC-E6-20130723","[1396869, 1393772, 1513952, 1399800, 1744294, 1393927, 1392099, 1364148, 1397046, 1628819]"
"CBN-PdlC-E6-20130807","[1738603]"
"CBN-PdlC-E6-20130903","[1622910, 1743819, 1390899, 1743456, 1647338, 1395807, 1392175, 1647823, 1741775, 1738603]"
"CBN-PdlC-E6-20140630","[1743819, 1393927, 1399800, 1397046, 1361530, 1394349, 1647338, 1390421, 1743474, 1390432]"
"CBN-PdlC-E6-20140721","[1628819, 1397046, 1738603, 1394312, 1362098, 1744208, 1743922, 1356992, 1360036, 1390899]"
"CBN-PdlC-E6-20140811","[1395807, 1396869, 1395870, 1738603, 1359444, 1397046, 1744208, 1390899, 1741752, 1622910]"
"CBN-PdlC-E6-20150701","[1548389, 1397046, 1393927, 1684273, 1393668, 1389135, 1389508, 1396869, 1392608, 1358523]"
"CBN-PdlC-E6-20150720","[1397046, 1392175, 1396869, 1395870, 1394543, 1390899, 1389508, 1389135, 1743819]"
"CBN-PdlC-E6-20150810","[1396869]"
"CBN-PdlC-E6-20150831","[1390899, 1399800, 1394312, 1743819, 1358523, 1628819, 1362098, 1395127, 1392785, 1390955]"
"CBN-PdlC-E6-20160705","[1392608, 1395870, 1397046, 1400079, 1738603, 1396869, 1358523, 1393927, 1743474, 1647338]"
"CBN-PdlC-E6-20160726","[1743819, 1564349, 1393462, 1688091, 1358943, 1628819, 1743456]"
"CBN-PdlC-E6-20170816","[1472808, 1743474, 1744241, 1395106, 1393927, 1390899, 1360815, 1359444]"
"CBN-PdlC-E6-20170906","[1743474, 1359444, 1390899, 1399800, 1472808, 1744857, 1744335]"
"CBN-PdlC-E6-20180702","[1393927, 1359444, 1399800, 1390955, 1744612, 1390822, 1743474, 1394915, 1743306, 1743819]"
"CBN-PdlC-E6-20180723","[1396869, 1738603, 1389508, 1397046, 1743474, 1361144, 1392561, 1395106, 1741808, 1394312]"
"CBN-PdlC-E6-20180815","[1389508, 1395106, 1357509, 1738603, 1743474, 1481080, 1394543]"
"CBN-PdlC-E6-20180905","[1743474, 1744241, 1744208, 1399800, 1744070, 1394596, 1359444]"
"CBN-PdlC-E6-20190722","[1394312, 1738603, 1738042, 1392611, 1397046, 1390899, 1396869, 1389508, 1358943, 1395870]"
"CBN-PdlC-E6-20190812","[1743456, 1395369, 1389508, 1389687]"
"CBN-PdlC-E6-20190909","[1390899, 1743474, 1628819, 1392608, 1667408, 1399800, 1472691, 1529410, 1358460]"
"CBN-PdlC-E6-20200629","[1396869, 1743474, 1399800, 1684273, 1647338, 1360036, 1356001, 1394312, 1744208, 1395106]"
"CBN-PdlC-E6-20200722","[1396869, 1394540, 1391331, 1390899, 1738603, 1395726, 1743456, 1743474, 1392608, 1394543]"
"CBN-PdlC-E6-20200812","[1743474, 1397046, 1390899, 1427718, 1738603, 1396569, 1389508]"
"CBN-PdlC-F1-20130723","[1399800, 1392662, 1391331, 1399485, 1397046, 1739219, 1744294, 1491514, 1412857, 1744208]"
"CBN-PdlC-F1-20130807","[1391331, 1399800, 1397432, 1744335, 1743101, 1628819, 1397046, 1392044]"
"CBN-PdlC-F1-20130903","[1395807, 1395870, 1397046, 1392535, 1392541, 1392044, 1664942, 1392785, 1394911, 1396253]"
"CBN-PdlC-F1-20140630","[1397046, 1399800, 1393964, 1393927, 1394915, 1529395, 1362098, 1481080, 1392565, 1394349]"
"CBN-PdlC-F1-20140721","[1397046, 1392044, 1392785, 1362098, 1396144, 1358123, 1393964, 1743101, 1394312, 1392054]"
"CBN-PdlC-F1-20140811","[1395870, 1394542, 1395807, 1397046, 1394543, 1412857, 1361144, 1396253, 1744208, 1392535]"
"CBN-PdlC-F1-20140901","[1743474, 1392662, 1412857, 1399800, 1389508, 1743456, 1397046, 1359444, 1414366, 1394915]"
"CBN-PdlC-F1-20150701","[1392535, 1548389, 1395870, 1392561, 1395726, 1397046, 1392044, 1362098, 1392553, 1744395]"
"CBN-PdlC-F1-20150720","[1397046, 1548389, 1457311, 1392044, 1743474, 1359444, 1744612, 1390899, 1389508, 1362098]"
"CBN-PdlC-F1-20150810","[1397046, 1396253, 1400079, 1399800, 1392044, 1738603]"
"CBN-PdlC-F1-20150831","[1359444, 1396253, 1397046, 1395870, 1392044, 1743474, 1529395, 1394915, 1742052, 1399800]"
"CBN-PdlC-F1-20160705","[1396253, 1738603, 1396144, 1392044, 1397046, 1394502, 1743101, 1399800, 1738042, 1647248]"
"CBN-PdlC-F1-20160726","[1397046, 1389687, 1396869, 1397432, 1738603, 1392044, 1396144, 1743474, 1744335, 1394312]"
"CBN-PdlC-F1-20170816","[1359444, 1743474, 1392044, 1399800, 1744208, 1392764, 1738603, 1391331, 1397046, 1628819]"
"CBN-PdlC-F1-20170906","[1743474, 1392044, 1741701, 1357646, 1397046, 1399800, 1529410, 1743456]"
"CBN-PdlC-F1-20180702","[1743474, 1396253, 1395106, 1399800, 1564349, 1393927, 1390822, 1744208, 1392535, 1359444]"
"CBN-PdlC-F1-20180723","[1564349, 1743474, 1744208, 1389508, 1492664, 1684273, 1395106, 1742895, 1481080, 1396253]"
"CBN-PdlC-F1-20180815","[1743474, 1481080, 1397046, 1396253, 1399800, 1564349, 1389508, 1358934, 1392044, 1744208]"
"CBN-PdlC-F1-20180905","[1743474, 1399800, 1392044, 1472808, 1359444, 1393927, 1394312, 1391331, 1397046, 1744208]"
"CBN-PdlC-F1-20190701","[1397046, 1741624, 1395870, 1394915, 1741808, 1743474, 1741706, 1396869, 1396253, 1744208]"
"CBN-PdlC-F1-20190812","[1392318, 1361266, 1392662, 1744241, 1392044, 1481080, 1390880, 1392785, 1743456, 1392175]"
"CBN-PdlC-F1-20190909","[1744208, 1743474, 1397046, 1359444, 1390880, 1492519, 1390899, 1389586, 1392662, 1392785]"
"CBN-PdlC-F1-20200629","[1743977, 1744241, 1744208, 1743248, 1399800, 1396294, 1390822, 1397046, 1743474, 1359282]"
"CBN-PdlC-F1-20200722","[1744241, 1396869, 1744208, 1738603, 1389508, 1390899, 1392608, 1564349, 1622910, 1743583]"
"CBN-PdlC-F1-20200812","[1743474, 1744241, 1359444, 1389508, 1744208, 1397046, 1399800, 1481080, 1392044, 1564349]"
"CBN-PdlC-F2-20130723","[1396253, 1397528, 1392535, 1395870, 1399800, 1394915, 1362098, 1562413, 1457212, 1392608]"
"CBN-PdlC-F2-20130807","[1394287, 1491514, 1376496, 1399800, 1361273, 1481080, 1390933]"
"CBN-PdlC-F2-20130903","[1743474, 1394643, 1394641, 1397046, 1399800, 1395127, 1392181, 1651322, 1395870, 1531441]"
"CBN-PdlC-F2-20140630","[1399800, 1743474, 1667408, 1397046, 1393964, 1743315, 1391764, 1513952, 1744395, 1394349]"
"CBN-PdlC-F2-20140721","[1399800, 1564349, 1491514, 1361144, 1397528, 1744316, 1392662, 1358392, 1744612, 1397046]"
"CBN-PdlC-F2-20140811","[1395807, 1395870, 1412857, 1396569, 1397046, 1392608, 1738603, 1392785, 1394643, 1392175]"
"CBN-PdlC-F2-20140901","[1399800, 1397046, 1392785, 1743474, 1744208, 1391331, 1737565, 1394312, 1651322, 1738603]"
"CBN-PdlC-F2-20150701","[1395870, 1396253, 1397432, 1744208, 1395807, 1394641, 1743474, 1744395, 1396691, 1396869]"
"CBN-PdlC-F2-20150720","[1744241, 1743474, 1390899, 1744811, 1628819, 1744612, 1394312, 1506481, 1397046, 1396309]"
"CBN-PdlC-F2-20150810","[1743474, 1412857, 1564349, 1394643, 1400079, 1499783, 1394641, 1357608]"
"CBN-PdlC-F2-20150831","[1743474, 1397046, 1491514, 1744208, 1394312, 1548995, 1392785, 1390899, 1359444, 1394915]"
"CBN-PdlC-F2-20160705","[1743474, 1506481, 1395870, 1394641, 1738603, 1395106, 1397046, 1622908, 1396869, 1394999]"
"CBN-PdlC-F2-20160726","[1359444, 1502831, 1398244, 1394540, 1397382, 1392662, 1741706, 1628819, 1392556, 1743819]"
"CBN-PdlC-F2-20170906","[1743474, 1667408, 1684273, 1741701, 1529395, 1396253, 1399800, 1491514, 1392535, 1358392]"
"CBN-PdlC-F2-20180702","[1743474, 1491514, 1393927, 1390388, 1394911, 1499783, 1396691, 1399800, 1395106, 1392535]"
"CBN-PdlC-F2-20180723","[1743474, 1741645, 1564349, 1646778]"
"CBN-PdlC-F2-20180815","[1651322, 1743474, 1472808, 1394643, 1394641, 1491514, 1564349, 1397046, 1358934, 1481080]"
"CBN-PdlC-F2-20180905","[1743474, 1651322, 1396691, 1744241, 1399800, 1392662, 1359444, 1391781, 1360372, 1564349]"
"CBN-PdlC-F2-20190701","[1395870, 1397046, 1395106, 1743474, 1395807, 1744208, 1491514, 1358460, 1361530, 1394915]"
"CBN-PdlC-F2-20190812","[1394312, 1744208, 1741775, 1738603, 1392785, 1396309, 1389508, 1390388, 1392662, 1651358]"
"CBN-PdlC-F2-20190909","[1743474, 1397046, 1390899, 1394915, 1564349, 1359444, 1744208, 1391781, 1396691, 1738603]"
"CBN-PdlC-F2-20200629","[1744208, 1667408, 1399800, 1394312, 1739219, 1491514, 1395106, 1396869, 1393927, 1743474]"
"CBN-PdlC-F2-20200722","[1743474, 1391331, 1738603, 1392537, 1392556, 1390899, 1531441, 1392534, 1392535, 1489328]"
"CBN-PdlC-F2-20200812","[1743474, 1395870, 1744208, 1392785, 1397046, 1390899, 1684273, 1738847, 1392553, 1564349]"
"CBN-PdlC-F3-20130723","[1744241, 1393927, 1743474, 1397046, 1654025, 1398244, 1389135, 1395106, 1531441, 1392625]"
"CBN-PdlC-F3-20130807","[1744241, 1531441, 1651358, 1361387, 1389135]"
"CBN-PdlC-F3-20130903","[1392608, 1491514, 1743474, 1360299, 1395807, 1499783, 1395870, 1392159, 1651485, 1669616]"
"CBN-PdlC-F3-20140630","[1393927, 1743474, 1393964, 1743819, 1393200, 1390388, 1400079, 1467324, 1654025]"
"CBN-PdlC-F3-20140721","[1744241, 1389135, 1744208, 1390690, 1743819, 1390822]"
"CBN-PdlC-F3-20140811","[1744241, 1667408, 1651322, 1389687, 1738603, 1393660, 1564349, 1397430, 1389508, 1395870]"
"CBN-PdlC-F3-20140901","[1392662, 1744241, 1356836, 1397746, 1390055, 1531441, 1669567]"
"CBN-PdlC-F3-20150701","[1397046, 1393687, 1743977, 1396869, 1393665, 1744241, 1743474, 1390690, 1359444, 1393914]"
"CBN-PdlC-F3-20150720","[1392608, 1744241, 1392612, 1361273, 1531441, 1361281, 1393660, 1363079, 1359444, 1722436]"
"CBN-PdlC-F3-20150810","[1531441, 1651358, 1744208, 1651322, 1744241, 1362592, 1743474, 1395704, 1564349, 1359444]"
"CBN-PdlC-F3-20150831","[1743474, 1744241, 1392662, 1390899, 1738603, 1392314, 1393927, 1651322, 1737565, 1392785]"
"CBN-PdlC-F3-20160705","[1393687, 1390822, 1393665, 1359444, 1393660, 1743474, 1393668, 1361183, 1744612, 1392314]"
"CBN-PdlC-F3-20160726","[1531441, 1390822, 1743474, 1688091, 1390899, 1392314, 1646778, 1397386, 1738603, 1651322]"
"CBN-PdlC-F3-20170816","[1390388, 1743474, 1395807, 1359444, 1744241, 1744496, 1706074, 1392314, 1393224, 1531441]"
"CBN-PdlC-F3-20170906","[1743474, 1392336, 1390388, 1359444, 1392314, 1744241, 1548995, 1743456, 1742895, 1667408]"
"CBN-PdlC-F3-20180702","[1743474, 1393927, 1397299, 1654025, 1395106, 1583450, 1564349, 1390822, 1390388, 1394911]"
"CBN-PdlC-F3-20180723","[1743474, 1393687, 1390899, 1738603, 1744241, 1564349, 1397746, 1651322, 1744208, 1393665]"
"CBN-PdlC-F3-20180815","[1744208, 1743474, 1651322, 1481080, 1389508, 1359444, 1744241, 1564349, 1397430, 1667408]"
"CBN-PdlC-F3-20180905","[1744241, 1392336, 1743474, 1744208, 1359444, 1394999, 1657500, 1457311, 1360372, 1390055]"
"CBN-PdlC-F3-20190701","[1397046, 1397746, 1744208, 1393665, 1743474, 1395106, 1744060, 1393927, 1390388, 1564349]"
"CBN-PdlC-F3-20190722","[1395870, 1743474, 1744241, 1622908, 1738603, 1739219, 1397430, 1651322, 1741576, 1628783]"
"CBN-PdlC-F3-20190812","[1744241, 1389687, 1392318, 1361281, 1472808, 1738603, 1744208, 1393660, 1741775, 1743930]"
"CBN-PdlC-F3-20190909","[1743474, 1744208, 1359444, 1392785, 1392819, 1744241, 1360036, 1393686, 1492664, 1738603]"
"CBN-PdlC-F3-20200629","[1743474, 1393665, 1395106, 1393927, 1744208, 1393923, 1738603, 1360372, 1399800, 1393686]"
"CBN-PdlC-F3-20200722","[1393665, 1392175, 1392201, 1744208, 1393686, 1738603, 1398244, 1397265, 1744241, 1531441]"
"CBN-PdlC-F3-20200812","[1743474, 1399800, 1743583, 1742895, 1392662, 1651358, 1743456, 1360327, 1393665, 1548995]"
"CBN-PdlC-F4-20130723","[1743474, 1396253, 1393200, 1397430, 1393665, 1392181, 1395106, 1498118, 1392625, 1399800]"
"CBN-PdlC-F4-20130807","[1688091, 1654025, 1389508, 1564349, 1481080, 1741576, 1389687, 1498118, 1392608]"
"CBN-PdlC-F4-20130903","[1394543, 1397430, 1392181, 1389929, 1738603, 1360659, 1393665, 1651358, 1647823, 1397046]"
"CBN-PdlC-F4-20140630","[1498118, 1743474, 1654025, 1393200, 1667408, 1743315, 1743819, 1743306, 1389508, 1393927]"
"CBN-PdlC-F4-20140811","[1397430, 1392608, 1393200, 1395807, 1498118, 1389508, 1395870, 1393660, 1392662, 1392612]"
"CBN-PdlC-F4-20140901","[1744241, 1498118, 1393660, 1389508, 1392114, 1391752, 1392201, 1506481, 1396253, 1457311]"
"CBN-PdlC-F4-20150701","[1392608, 1396869, 1393686, 1392612, 1393462, 1395127, 1654025, 1397430, 1393665, 1389135]"
"CBN-PdlC-F4-20150720","[1392608, 1667408, 1389135, 1392614, 1394828, 1389508, 1397046, 1390899, 1744208, 1392612]"
"CBN-PdlC-F4-20150810","[1396869, 1392608, 1667408, 1742895, 1392175, 1389135, 1360036, 1397430, 1357509, 1664563]"
"CBN-PdlC-F4-20150831","[1362745, 1743474, 1360299, 1396869, 1392608, 1667408, 1669567, 1738603, 1744241, 1359444]"
"CBN-PdlC-F4-20160705","[1392608, 1393660, 1688091, 1389508, 1393665, 1744241, 1393687, 1397430, 1389135, 1743385]"
"CBN-PdlC-F4-20160726","[1744241, 1393665, 1397430, 1362098, 1363421, 1389687, 1392608, 1738603, 1392175, 1531441]"
"CBN-PdlC-F4-20170816","[1743474, 1667408, 1393224, 1392336, 1395127, 1651113, 1359632, 1389508, 1394828, 1743472]"
"CBN-PdlC-F4-20170906","[1743474, 1395127, 1392336, 1743472, 1667408, 1654025]"
"CBN-PdlC-F4-20180702","[1393200, 1397430, 1395106, 1743474, 1498118, 1393665, 1392608, 1390822, 1393927, 1744208]"
"CBN-PdlC-F4-20180723","[1743474, 1397430, 1393665, 1389508, 1622908, 1396869, 1738603, 1564349, 1667408, 1395127]"
"CBN-PdlC-F4-20180815","[1743474, 1651322, 1743315, 1397430, 1389508, 1481080, 1564349, 1667408, 1744208]"
"CBN-PdlC-F4-20180905","[1744241, 1744208, 1743474, 1392662, 1392336, 1389508, 1392175, 1363254, 1357509, 1395127]"
"CBN-PdlC-F4-20190701","[1393665, 1397430, 1396869, 1389508, 1743474, 1395106, 1654025, 1498118, 1392608, 1397046]"
"CBN-PdlC-F4-20190722","[1396869, 1622908, 1393665, 1392608, 1389687, 1396843, 1738603, 1744241, 1394312, 1628819]"
"CBN-PdlC-F4-20190812","[1393660, 1392318, 1389687, 1393992, 1395127, 1744241, 1738603, 1392608, 1743819, 1498118]"
"CBN-PdlC-F4-20190909","[1744241, 1744208, 1743474, 1393660, 1392608, 1389508, 1738603, 1359444, 1389687, 1389586]"
"CBN-PdlC-F4-20200629","[1393665, 1393200, 1498118, 1744241, 1395106, 1397430, 1392826, 1389135, 1393660, 1654025]"
"CBN-PdlC-F4-20200722","[1744241, 1392318, 1744208, 1393665, 1389135, 1392201, 1363254, 1389508, 1359444, 1389687]"
"CBN-PdlC-F4-20200812","[1395127, 1743474, 1389508, 1393665, 1667408, 1481080, 1394330, 1393660, 1473216, 1392201]"
"CBN-PdlC-F5-20130723","[1393927, 1394668, 1743474, 1389508, 1743819, 1396253, 1376496, 1564349, 1741624]"
"CBN-PdlC-F5-20130903","[1389508, 1395704, 1743474, 1389929, 1395127, 1738603, 1531441, 1564349, 1392785, 1667408]"
"CBN-PdlC-F5-20140630","[1393927, 1396253, 1743819, 1407920, 1743474, 1744060, 1359444, 1667408, 1399800, 1744208]"
"CBN-PdlC-F5-20140721","[1392608, 1396253, 1394312, 1744208, 1743819, 1392611, 1628819, 1396869, 1738603, 1744395]"
"CBN-PdlC-F5-20140811","[1531441, 1392608, 1395870, 1743819, 1362745, 1481080, 1389687, 1396253, 1743474, 1358943]"
"CBN-PdlC-F5-20150701","[1396253, 1392608, 1400079, 1396869, 1744241, 1548389, 1743819, 1359273, 1396309, 1390639]"
"CBN-PdlC-F5-20150720","[1392608, 1737508, 1394540, 1394543, 1362657, 1358943, 1744241, 1395106, 1389508, 1392612]"
"CBN-PdlC-F5-20150810","[1744208, 1396253, 1400079, 1396869, 1743474, 1389508, 1360299, 1395127, 1394312, 1358523]"
"CBN-PdlC-F5-20150831","[1396307, 1396869, 1396253, 1360036, 1743819, 1744241, 1394312, 1392175, 1743456, 1363421]"
"CBN-PdlC-F5-20160705","[1743474, 1396869, 1389508, 1738603, 1564349, 1395106, 1743456, 1744395, 1390899, 1481080]"
"CBN-PdlC-F5-20160726","[1738603, 1744241, 1743474, 1389687, 1358943, 1389508, 1390899, 1743456, 1452695, 1394596]"
"CBN-PdlC-F5-20170816","[1743474, 1744241, 1357509, 1395704, 1389508, 1427718, 1743456, 1396253, 1394596, 1363421]"
"CBN-PdlC-F5-20170906","[1743474, 1744241, 1394596, 1393927, 1390421, 1395106, 1743456, 1389508, 1548995, 1396253]"
"CBN-PdlC-F5-20180702","[1743474, 1396253, 1363016, 1744241, 1399800, 1395106, 1744208, 1390822, 1392175, 1396691]"
"CBN-PdlC-F5-20180723","[1564349, 1392608, 1396869, 1389508, 1744208, 1361144, 1392662, 1481080, 1741808]"
"CBN-PdlC-F5-20180815","[1389508, 1743474, 1744208, 1564349, 1395106, 1392662, 1742895, 1651322, 1481080, 1363254]"
"CBN-PdlC-F5-20180905","[1744241, 1743474, 1392336, 1394531, 1396253, 1394596, 1363814, 1393927, 1392147, 1392772]"
"CBN-PdlC-F5-20190722","[1651358, 1396869, 1481080, 1392175, 1744208, 1389508, 1361167, 1389929, 1392608, 1392075]"
"CBN-PdlC-F5-20190812","[1392608, 1363187, 1389508, 1389687, 1743456, 1743474, 1722437, 1392175, 1358943, 1361281]"
"CBN-PdlC-F5-20190909","[1743474, 1427718, 1744208, 1744241, 1361281, 1359444, 1361416, 1390899, 1743456, 1394596]"
"CBN-PdlC-F5-20200629","[1743474, 1395106, 1744208, 1647338, 1396253, 1396869, 1738603, 1392608, 1389135, 1744331]"
"CBN-PdlC-F5-20200722","[1744241, 1392608, 1359444, 1743474, 1738603, 1389508, 1392201, 1531441, 1392175, 1651358]"
"CBN-PdlC-F5-20200812","[1743474, 1427718, 1389508, 1481080, 1361294, 1738603, 1395704, 1362745]"
"CBN-PdlC-F6-20130723","[1743474, 1389508, 1738603, 1743819, 1393927, 1396869, 1361070]"
"CBN-PdlC-F6-20130807","[1389508, 1389687, 1743456, 1481080, 1359444, 1738603, 1396869]"
"CBN-PdlC-F6-20130903","[1743474, 1651358, 1738603, 1427718, 1396569, 1390910, 1389508, 1743456, 1363254, 1548995]"
"CBN-PdlC-F6-20140630","[1743474, 1393927, 1647338, 1744208, 1743819, 1359444, 1399800, 1744060, 1397299, 1744395]"
"CBN-PdlC-F6-20140721","[1743474, 1389508, 1738603, 1744208, 1531432, 1389687, 1396869, 1651358, 1744241, 1622908]"
"CBN-PdlC-F6-20140811","[1392535, 1392534, 1392561, 1392537, 1743474, 1392556, 1397046, 1392541, 1396869, 1389508]"
"CBN-PdlC-F6-20150701","[1393200, 1744060, 1389508, 1396869, 1362098, 1743819, 1393927, 1548389, 1743474, 1390899]"
"CBN-PdlC-F6-20150720","[1394543, 1392608, 1394540, 1363421, 1359444, 1389508, 1744208, 1743819, 1360372, 1646778]"
"CBN-PdlC-F6-20150810","[1389508, 1743819, 1744060, 1743474, 1392177, 1358523, 1390899, 1360780, 1668330, 1360299]"
"CBN-PdlC-F6-20150831","[1390899, 1389508, 1359444, 1743819, 1738603, 1427718, 1360036, 1362098, 1356001, 1743385]"
"CBN-PdlC-F6-20160705","[1389508, 1738603, 1743474, 1744208, 1359444, 1396869, 1684973, 1744060, 1548389, 1394915]"
"CBN-PdlC-F6-20160726","[1389508, 1360036, 1359444, 1741775, 1396869, 1394543, 1738603, 1389687]"
"CBN-PdlC-F6-20170816","[1743474, 1427718, 1744208, 1356001, 1743456, 1394596, 1390899, 1399800, 1481080, 1363421]"
"CBN-PdlC-F6-20170906","[1743474, 1744208, 1390899, 1744241, 1359444, 1394596, 1395106, 1393927, 1391781, 1392177]"
"CBN-PdlC-F6-20180702","[1743474, 1744208, 1399800, 1395106, 1492519, 1359444, 1743819, 1393927, 1361273, 1393923]"
"CBN-PdlC-F6-20180723","[1744208, 1743474, 1396869, 1389508, 1738603, 1391331, 1359444, 1397299, 1564349, 1744496]"
"CBN-PdlC-F6-20180815","[1389508, 1743474, 1744208, 1481080, 1473216]"
"CBN-PdlC-F6-20180905","[1743474, 1744208, 1744241, 1359444, 1392662, 1427718, 1390899, 1393927, 1394596, 1390822]"
"CBN-PdlC-F6-20190722","[1392608, 1358943, 1744208, 1738603, 1359444, 1743474, 1390899, 1392612, 1389508, 1392407]"
"CBN-PdlC-F6-20190812","[1744208, 1392662, 1392608, 1743474, 1743456, 1389508, 1359444, 1744241, 1741775, 1392612]"
"CBN-PdlC-F6-20190909","[1427718, 1743474, 1390899, 1744208, 1744241, 1359444, 1394596, 1531436, 1392785, 1668953]"
"CBN-PdlC-F6-20200629","[1743474, 1744208, 1395106, 1399800, 1738603, 1360036, 1392535, 1393923, 1647338, 1390899]"
"CBN-PdlC-F6-20200722","[1394543, 1744208, 1743474, 1738603, 1390899, 1744241, 1389687, 1396869, 1363254, 1359444]"
"CBN-PdlC-F6-20200812","[1743474, 1390899, 1427718, 1738603, 1743312, 1389508, 1397046, 1396569, 1744208]"
"CBN-Pla-A1-20130808","[1393923, 1743474, 1390822, 1391764, 1744208, 1741661, 1393927, 1397046, 1392044, 1360591]"
"CBN-Pla-A1-20130904","[1741661, 1743474, 1743819, 1742054, 1389508, 1744208, 1425722, 1481080, 1651322, 1395870]"
"CBN-Pla-A1-20140722","[1362098, 1743474, 1481080, 1741661, 1397475, 1393964, 1513952, 1739083, 1390388, 1743819]"
"CBN-Pla-A1-20140812","[1397475, 1395870, 1412857, 1548389, 1362098, 1395807, 1743474, 1394643, 1395868, 1741661]"
"CBN-Pla-A1-20140902","[1651358, 1741661, 1359444, 1389508, 1397046, 1743474, 1548389, 1362098, 1738603, 1742054]"
"CBN-Pla-A1-20150702","[1743474, 1393927, 1393923, 1362098, 1741661, 1397475, 1395299, 1397299, 1359444, 1548389]"
"CBN-Pla-A1-20150723","[1741661, 1743474, 1651322, 1362098, 1376496, 1481080, 1397046, 1396309, 1392662, 1651358]"
"CBN-Pla-A1-20150811","[1651322, 1396309, 1397475, 1654025, 1395870, 1481080, 1395868, 1743474, 1376496, 1741661]"
"CBN-Pla-A1-20150901","[1397475, 1743474, 1651322, 1741661, 1390899, 1412857, 1392785, 1362098, 1396309, 1359444]"
"CBN-Pla-A1-20160707","[1743474, 1359444, 1399800, 1390388, 1744208, 1564349, 1362098, 1744331, 1741661, 1361517]"
"CBN-Pla-A1-20160728","[1743474, 1741661, 1397046, 1363456, 1398244, 1651358, 1481080, 1360590, 1359444, 1651322]"
"CBN-Pla-A1-20180724","[1743474, 1390388, 1393927, 1393923, 1397325, 1390822, 1739083, 1744208, 1693472, 1361169]"
"CBN-Pla-A1-20180816","[1743474, 1741661, 1362098, 1359444, 1744208, 1389508, 1739040, 1396309, 1738603, 1744395]"
"CBN-Pla-A1-20180906","[1362098, 1743474, 1389508, 1738603, 1651358, 1741661, 1389687, 1743819, 1397046]"
"CBN-Pla-A1-20190723","[1743474, 1741661, 1362098, 1397046, 1395870, 1738603, 1744208, 1376496, 1396754, 1359444]"
"CBN-Pla-A1-20190814","[1741661, 1362098, 1743474, 1399485, 1744208, 1397475, 1389508, 1397046, 1394543, 1548389]"
"CBN-Pla-A1-20200630","[1467321, 1743819, 1399567, 1356992, 1744412, 1741758, 1513952, 1744331, 1357662, 1362098]"
"CBN-Pla-A1-20200723","[1743474, 1741661, 1744041, 1738603, 1397046, 1362098, 1389508, 1472808, 1622908, 1396309]"
"CBN-Pla-A1-20200814","[1743474, 1391331, 1741661, 1392407, 1392552, 1651358, 1394543, 1651322, 1397046, 1362098]"
"CBN-Pla-A2-20130724","[1743474, 1743819, 1564349, 1513952, 1393927, 1744331, 1390388, 1392894, 1744569, 1392330]"
"CBN-Pla-A2-20130808","[1743474, 1397046, 1390899, 1743819, 1393923, 1744208, 1399800]"
"CBN-Pla-A2-20130904","[1742054, 1390421, 1395870, 1684273, 1390899, 1743474, 1395949, 1394643, 1389508, 1397046]"
"CBN-Pla-A2-20140722","[1743474, 1393927, 1392330, 1397299, 1390388, 1564349, 1744569, 1390899, 1744331, 1392894]"
"CBN-Pla-A2-20140812","[1394641, 1394643, 1743474, 1395807, 1395868, 1395870, 1389247, 1361144, 1361367, 1392612]"
"CBN-Pla-A2-20140902","[1743474, 1481080, 1651358, 1389508, 1651322, 1397046, 1742054, 1390899, 1564349, 1394543]"
"CBN-Pla-A2-20150702","[1393923, 1743474, 1393927, 1744208, 1743819, 1359444, 1743101, 1564349, 1390388, 1390899]"
"CBN-Pla-A2-20150723","[1743474, 1481080, 1389508, 1397046, 1392330, 1651322, 1393927, 1744331, 1394543, 1376496]"
"CBN-Pla-A2-20150811","[1743474, 1395870, 1390899, 1393958, 1742054, 1397046, 1389508, 1361273, 1744041, 1481080]"
"CBN-Pla-A2-20150901","[1472808, 1743474, 1744241, 1743421, 1392785, 1481080, 1742052, 1394312, 1390899, 1743819]"
"CBN-Pla-A2-20160707","[1743474, 1472808, 1743903, 1392330, 1393927, 1744438, 1361273, 1357858, 1744331, 1481080]"
"CBN-Pla-A2-20160728","[1743474, 1397046, 1651322, 1481080, 1390899, 1361144, 1564349]"
"CBN-Pla-A2-20180724","[1743474, 1744208, 1743903, 1393927, 1513952, 1390388, 1564349, 1358123, 1744331, 1361144]"
"CBN-Pla-A2-20180816","[1743474, 1397046, 1361144, 1744041, 1481080, 1651322, 1358123, 1651485, 1738603, 1389508]"
"CBN-Pla-A2-20180906","[1743474, 1651322, 1389508, 1651358, 1744208, 1742054, 1481080]"
"CBN-Pla-A2-20190723","[1743474, 1397046, 1738603, 1395106]"
"CBN-Pla-A2-20190814","[1743474, 1738603, 1481080, 1397046, 1389508, 1744041, 1651322, 1564349, 1651358, 1376496]"
"CBN-Pla-A2-20200723","[1397046, 1743474, 1651358, 1738603, 1622908, 1393927, 1396869, 1392330, 1394543, 1394312]"
"CBN-Pla-A2-20200814","[1743474, 1397046, 1389508, 1358123, 1651322, 1359444, 1481080, 1741790, 1622908, 1651485]"
"CBN-Pla-A3-20130724","[1737423, 1743474, 1425722, 1744208, 1359444, 1390388, 1657500, 1564349, 1360372, 1743819]"
"CBN-Pla-A3-20130808","[1743474, 1393923, 1742054, 1394915, 1397046, 1737423, 1481080, 1744395, 1743101, 1363187]"
"CBN-Pla-A3-20130904","[1395870, 1397046, 1743474, 1742054, 1684273, 1392330, 1507261, 1376496, 1743986, 1389508]"
"CBN-Pla-A3-20140722","[1743474, 1743819, 1513952, 1743986, 1397046, 1390388, 1744331, 1393927, 1359444, 1391764]"
"CBN-Pla-A3-20140812","[1395870, 1743986, 1396809, 1744185, 1394543, 1744860, 1395807, 1564349, 1673285, 1396869]"
"CBN-Pla-A3-20140902","[1743474, 1744865, 1394672, 1742054, 1392330, 1391644, 1481080, 1507182, 1684273, 1414270]"
"CBN-Pla-A3-20150702","[1743474, 1392330, 1389929, 1651358, 1507261, 1742054, 1744331, 1392894, 1743819, 1743986]"
"CBN-Pla-A3-20150723","[1743474, 1397046, 1481080, 1743986, 1358523, 1395870, 1684273, 1651358, 1394543, 1738603]"
"CBN-Pla-A3-20150811","[1564349, 1743474, 1395870, 1397046, 1507261, 1628819, 1742054, 1684273, 1738603, 1513952]"
"CBN-Pla-A3-20150901","[1743474, 1359444, 1360215, 1390955, 1393225, 1390899, 1743819, 1684273, 1742895, 1743986]"
"CBN-Pla-A3-20160707","[1743474, 1393927, 1743986, 1396869, 1359444, 1741624, 1395948, 1507182, 1744331, 1396998]"
"CBN-Pla-A3-20160728","[1743474, 1395870, 1507182, 1396869, 1742054, 1397046, 1507261, 1741624, 1742895, 1651358]"
"CBN-Pla-A3-20180724","[1743474, 1513952, 1744331, 1744569, 1564349, 1399643, 1392330, 1361273, 1744208, 1390432]"
"CBN-Pla-A3-20180816","[1743474, 1744331, 1481080, 1741880, 1742054, 1392330, 1389508, 1376496, 1394543, 1507182]"
"CBN-Pla-A3-20180906","[1743474, 1389508, 1359444, 1744331, 1481080, 1392314, 1742054, 1390899, 1507261, 1744241]"
"CBN-Pla-A3-20190723","[1743474, 1359444, 1396249, 1507182, 1742054, 1513952, 1396998, 1397046, 1741808, 1396869]"
"CBN-Pla-A3-20190814","[1743474, 1397046, 1738603, 1389508, 1396809, 1481080, 1507182, 1744331, 1513952, 1622908]"
"CBN-Pla-A3-20200723","[1743474, 1738603, 1739040, 1744208, 1743986, 1664414, 1395870, 1742054, 1394543, 1513952]"
"CBN-Pla-A3-20200814","[1743474, 1392330, 1742895, 1564349, 1622908, 1481080, 1742054, 1513952, 1738603, 1397046]"
"CBN-Pla-A4-20130724","[1743474, 1391764, 1513952, 1647823, 1393927, 1390421, 1507261, 1564349, 1744569, 1743819]"
"CBN-Pla-A4-20130808","[1395870, 1743474, 1390899, 1397046, 1742054, 1396869, 1564349, 1743101]"
"CBN-Pla-A4-20130904","[1395870, 1743474, 1359444, 1390421, 1481080, 1742054, 1357509, 1507182, 1392291, 1389508]"
"CBN-Pla-A4-20140722","[1743474, 1743819, 1513952, 1391764, 1393927, 1400079, 1361530, 1507261, 1392894, 1481080]"
"CBN-Pla-A4-20140812","[1395870, 1743474, 1395807, 1684273, 1397299, 1396869, 1744208, 1392492, 1394312, 1360269]"
"CBN-Pla-A4-20140902","[1743474, 1395870, 1397046, 1742895, 1393772, 1564349, 1507261, 1742054, 1481080, 1359444]"
"CBN-Pla-A4-20150702","[1743474, 1393927, 1359444, 1744331, 1564349, 1390432, 1668744, 1742054, 1390388, 1744208]"
"CBN-Pla-A4-20150723","[1743474, 1395870, 1742054, 1741808, 1481080, 1397046, 1396869, 1744208, 1376496, 1396249]"
"CBN-Pla-A4-20150811","[1395870, 1743474, 1564349, 1742895, 1738603, 1742054, 1651322, 1481080, 1687910, 1357509]"
"CBN-Pla-A4-20150901","[1743474, 1389929, 1395870, 1743819, 1531441, 1744208, 1507261, 1389687, 1390764, 1390899]"
"CBN-Pla-A4-20160707","[1743474, 1744331, 1744208, 1393927, 1492519, 1390822, 1392330, 1361273]"
"CBN-Pla-A4-20160728","[1743474, 1397046, 1651322, 1742054, 1481080, 1564349, 1395870, 1389508]"
"CBN-Pla-A4-20180724","[1743474, 1744208, 1390388, 1393927, 1744331, 1392330, 1513952, 1744569, 1651114, 1564349]"
"CBN-Pla-A4-20180816","[1743474, 1395870, 1397046, 1651322, 1389508, 1481080]"
"CBN-Pla-A4-20180906","[1743474, 1481080, 1744208, 1390899, 1739040, 1743101, 1651322]"
"CBN-Pla-A4-20190723","[1743474, 1738603, 1744208, 1389508, 1397046, 1396869, 1394312, 1358460, 1395870, 1389929]"
"CBN-Pla-A4-20190814","[1376496, 1743474, 1481080, 1395870, 1744208, 1389508, 1397046, 1742054, 1622908, 1738603]"
"CBN-Pla-A4-20200723","[1743474, 1392785, 1744041, 1394312, 1397046, 1744331, 1738603, 1395870, 1743456, 1744208]"
"CBN-Pla-A4-20200814","[1743474, 1739040, 1396869, 1389508, 1395870, 1531441, 1738603, 1397046, 1392309, 1744041]"
"CBN-Pla-A5-20130724","[1743474, 1391764, 1390966, 1361144, 1744569, 1564349, 1391851, 1399730, 1392177, 1743819]"
"CBN-Pla-A5-20130808","[1395870, 1743474, 1396253, 1376496, 1361144, 1398699, 1392894]"
"CBN-Pla-A5-20130904","[1395870, 1395807, 1743474, 1741880, 1742054, 1389508, 1744208, 1481080, 1744185, 1684273]"
"CBN-Pla-A5-20140722","[1743474, 1664414, 1361530, 1361273, 1513952, 1391764, 1743819, 1390822, 1392177, 1744331]"
"CBN-Pla-A5-20140812","[1395870, 1744208, 1395868, 1396309, 1742054, 1395807, 1399485, 1396869, 1684273]"
"CBN-Pla-A5-20140902","[1395870, 1743474, 1564349, 1481080, 1389508, 1742054]"
"CBN-Pla-A5-20150702","[1743474, 1361273, 1393927, 1742054, 1743819]"
"CBN-Pla-A5-20150723","[1395870, 1392177, 1743474, 1389508, 1376496, 1481080, 1742054, 1564349, 1360352, 1744208]"
"CBN-Pla-A5-20150811","[1395870, 1389508, 1548389, 1742054, 1743474, 1481080, 1396869, 1392330, 1622910, 1397046]"
"CBN-Pla-A5-20160707","[1743474, 1744208, 1392330, 1393927, 1359444, 1742054, 1390388, 1361273, 1744331, 1392894]"
"CBN-Pla-A5-20160728","[1396869, 1743474, 1742054, 1395870, 1548389, 1362098, 1359444, 1723120, 1397046, 1389508]"
"CBN-Pla-A5-20180724","[1743474, 1564349, 1513952, 1393927, 1744208, 1361273, 1744569, 1744331, 1356419]"
"CBN-Pla-A5-20180816","[1743474, 1395870, 1481080, 1361402, 1390899, 1394543, 1742054]"
"CBN-Pla-A5-20180906","[1743474, 1395870, 1394543, 1744208, 1481080, 1396309, 1564349]"
"CBN-Pla-A5-20190723","[1743474, 1738603, 1396869, 1389508, 1395870, 1394312, 1744208, 1742054, 1395106]"
"CBN-Pla-A5-20190814","[1389508, 1395870, 1481080, 1738603, 1743474, 1622908, 1743583, 1389687, 1394312, 1396309]"
"CBN-Pla-A5-20200723","[1743474, 1564349, 1395870, 1396869, 1392662, 1397046, 1742054, 1738603, 1684273, 1389508]"
"CBN-Pla-A5-20200814","[1743474, 1389508, 1481080, 1396869, 1395870, 1392330, 1742054, 1392075, 1376496]"
"CBN-Pla-A6-20130724","[1507261, 1743474, 1513952, 1393927, 1390388, 1513498, 1392291, 1664942, 1651061, 1392492]"
"CBN-Pla-A6-20130808","[1741880, 1395870, 1398244, 1396294, 1628819, 1743474, 1397046, 1684273, 1392044, 1399485]"
"CBN-Pla-A6-20130904","[1395870, 1507261, 1743474, 1393253, 1396998, 1399485, 1507182, 1741880, 1564349, 1397046]"
"CBN-Pla-A6-20140722","[1743474, 1507261, 1393927, 1744569, 1359444, 1513952, 1392894, 1744185, 1743819, 1361530]"
"CBN-Pla-A6-20140812","[1395870, 1395807, 1399485, 1392612, 1392044, 1396294, 1396869, 1743474, 1394438, 1507261]"
"CBN-Pla-A6-20140902","[1396869, 1548389, 1743474, 1742895, 1389508, 1395870, 1397046, 1392662, 1396857, 1744865]"
"CBN-Pla-A6-20150702","[1743474, 1356564, 1393927, 1507261, 1743819, 1743101, 1513952, 1362098, 1392894, 1737423]"
"CBN-Pla-A6-20150723","[1395870, 1396869, 1397046, 1743474, 1358523, 1392894, 1359444, 1564349, 1389508, 1481080]"
"CBN-Pla-A6-20150811","[1395870, 1396869, 1743474, 1481080, 1397046, 1392785, 1738603, 1743101, 1684273, 1390899]"
"CBN-Pla-A6-20150901","[1359444, 1392044, 1399485, 1395870, 1741624, 1396869, 1507261, 1392764, 1743474, 1743101]"
"CBN-Pla-A6-20160707","[1743474, 1393927, 1741808, 1507182, 1741880, 1396998, 1513952, 1513498, 1397046, 1548389]"
"CBN-Pla-A6-20160728","[1397046, 1362098, 1395870, 1396869, 1743474, 1742054, 1507182, 1741624, 1507261, 1359444]"
"CBN-Pla-A6-20180724","[1359444, 1743474, 1564349, 1393927, 1744208, 1425722, 1513952, 1664942, 1739083, 1390388]"
"CBN-Pla-A6-20180816","[1738603, 1743474, 1397046, 1395870, 1493082, 1742054, 1389508]"
"CBN-Pla-A6-20180906","[1743474, 1481080, 1396869, 1564349, 1744208, 1362098, 1389508, 1359444, 1392075]"
"CBN-Pla-A6-20190723","[1397046, 1738603, 1742054, 1396869, 1743474, 1395870, 1389508, 1395106, 1362098, 1741808]"
"CBN-Pla-A6-20190814","[1743474, 1394944, 1742054, 1738603, 1389687, 1392044, 1744208, 1507261, 1397046, 1395870]"
"CBN-Pla-A6-20200723","[1743474, 1741624, 1389508, 1397046, 1738603, 1628819, 1376496, 1481080, 1396869, 1742054]"
"CBN-Pla-A6-20200814","[1743474, 1389508, 1396294, 1738603, 1744208, 1397046, 1481080, 1399800, 1645887, 1392662]"
"CBN-Pla-B1-20130724","[1467321, 1743474, 1513952, 1394668, 1687910, 1507261, 1357646, 1744569, 1390790, 1394349]"
"CBN-Pla-B1-20130808","[1357646, 1743474, 1507261, 1359684, 1393927, 1393923, 1743421, 1502540, 1737423, 1742895]"
"CBN-Pla-B1-20130904","[1743474, 1361273, 1507261, 1742895, 1397046, 1481080, 1513952, 1359444, 1398699, 1392291]"
"CBN-Pla-B1-20140722","[1359444, 1743474, 1362098, 1513952, 1737423, 1394309, 1743904, 1507261, 1393927, 1743819]"
"CBN-Pla-B1-20140812","[1393087, 1361144, 1391757, 1395870, 1357646, 1507261, 1743474, 1548389, 1744208, 1395807]"
"CBN-Pla-B1-20140902","[1363403, 1743474, 1651358, 1394668, 1361373, 1359368, 1744489, 1481080, 1737423, 1548389]"
"CBN-Pla-B1-20150702","[1743474, 1359444, 1359684, 1393927, 1744331, 1357646, 1393923, 1390822, 1737423, 1744208]"
"CBN-Pla-B1-20150723","[1743474, 1513952, 1741624, 1507261, 1742054, 1361281, 1361190, 1481080, 1357646, 1664942]"
"CBN-Pla-B1-20150811","[1743474, 1424250, 1744331, 1737423, 1392764, 1357646, 1389508, 1361402, 1481080, 1359444]"
"CBN-Pla-B1-20150901","[1744241, 1743474, 1507261, 1357646, 1394624, 1744331, 1737423, 1743456, 1390899, 1481080]"
"CBN-Pla-B1-20160707","[1743474, 1359444, 1397046, 1362098, 1513952, 1743904, 1358392, 1393927, 1392330, 1376496]"
"CBN-Pla-B1-20160728","[1743474, 1397046, 1481080, 1394543, 1513952, 1507261, 1647350, 1362098, 1744331, 1357646]"
"CBN-Pla-B1-20180724","[1743474, 1513952, 1359444, 1357646, 1564349, 1397299, 1507261, 1393927, 1361530, 1507182]"
"CBN-Pla-B1-20180816","[1743474, 1357646, 1397046, 1743904, 1513952, 1507261, 1564349, 1356370, 1742895, 1651322]"
"CBN-Pla-B1-20180906","[1743474, 1744208, 1744241, 1481080, 1359444, 1389687, 1357646, 1564349, 1361387, 1507261]"
"CBN-Pla-B1-20190723","[1743474, 1513952, 1507261, 1397046, 1743904, 1362098, 1357646, 1507182, 1743986, 1358934]"
"CBN-Pla-B1-20190814","[1743474, 1394543, 1389929, 1389508, 1357646, 1393474, 1481080, 1513952, 1392330, 1392492]"
"CBN-Pla-B1-20200630","[1744412, 1744331, 1741758, 1357662, 1356564, 1737448, 1687910, 1360659, 1558009, 1360815]"
"CBN-Pla-B1-20200723","[1743474, 1472808, 1481080, 1392330, 1394543, 1397299, 1737423, 1395106, 1564349, 1742054]"
"CBN-Pla-B1-20200814","[1743474, 1392330, 1481080, 1392314, 1397046, 1744208, 1389687, 1513952, 1394543, 1651485]"
"CBN-Pla-B2-20130724","[1737423, 1743474, 1744331, 1396249, 1744569, 1564349, 1393927, 1743986, 1737448, 1513952]"
"CBN-Pla-B2-20130808","[1743474, 1393923, 1737423, 1397046, 1398244, 1743101, 1742054, 1390899, 1394543, 1395106]"
"CBN-Pla-B2-20130904","[1392330, 1359444, 1396869, 1395870, 1389508, 1743474, 1397046, 1359406, 1481080, 1741808]"
"CBN-Pla-B2-20140722","[1743474, 1743101, 1393923, 1743819, 1361273, 1744331, 1737423, 1513952, 1362098, 1399730]"
"CBN-Pla-B2-20140812","[1392044, 1395870, 1744208, 1741808, 1395807, 1394542, 1392785, 1743474, 1741752, 1394312]"
"CBN-Pla-B2-20140902","[1743474, 1394543, 1481080, 1356564, 1651322, 1513952, 1397046, 1564349, 1389508, 1392330]"
"CBN-Pla-B2-20150702","[1743474, 1393923, 1393927, 1392330, 1457212, 1425722, 1390388, 1743819, 1628819, 1743101]"
"CBN-Pla-B2-20150723","[1743474, 1392330, 1651322, 1389508, 1481080, 1513952, 1397046, 1744331, 1394543, 1738603]"
"CBN-Pla-B2-20150811","[1743474, 1651322, 1392552, 1397046, 1389508, 1651358, 1363832, 1646778, 1481080, 1564349]"
"CBN-Pla-B2-20150901","[1743474, 1392044, 1399800, 1390899, 1743101, 1744241, 1481080, 1357509, 1389508, 1737423]"
"CBN-Pla-B2-20160707","[1743474, 1744331, 1548389, 1513952, 1393923, 1397046, 1392894, 1392330, 1393927, 1399800]"
"CBN-Pla-B2-20160728","[1743474, 1392330, 1397046, 1396869, 1363710, 1359883, 1392341, 1741624, 1564349, 1744331]"
"CBN-Pla-B2-20180724","[1743474, 1392330, 1390822, 1359444, 1393927, 1743986, 1564349, 1513952, 1396998, 1743819]"
"CBN-Pla-B2-20180816","[1743474, 1397046, 1389508, 1651322, 1489053, 1394543, 1564349, 1744208, 1489190, 1392075]"
"CBN-Pla-B2-20180906","[1743474, 1743819, 1392044, 1743101, 1397046, 1738603, 1744208, 1489053, 1481080, 1360372]"
"CBN-Pla-B2-20190723","[1397046, 1743474, 1395106, 1738603, 1391781, 1394312, 1389508, 1359444, 1742054, 1622908]"
"CBN-Pla-B2-20190814","[1743474, 1744208, 1392662, 1564349, 1425722, 1397046, 1744041, 1389508, 1392785, 1738603]"
"CBN-Pla-B2-20200723","[1743474, 1397046, 1389508, 1744331, 1389929, 1744208, 1392330, 1651358, 1738603, 1481080]"
"CBN-Pla-B2-20200814","[1743474, 1744208, 1396869, 1564349, 1481080, 1739040, 1392330, 1397046, 1389508, 1664942]"
"CBN-Pla-B3-20130724","[1743474, 1513952, 1392330, 1359684, 1737423, 1507182, 1481080, 1507261, 1744331, 1744185]"
"CBN-Pla-B3-20130808","[1743474, 1743101, 1396253, 1737423, 1397046, 1398374, 1742054, 1393923, 1395106, 1359444]"
"CBN-Pla-B3-20130904","[1743474, 1546217, 1397046, 1359684, 1742054, 1651358, 1481080, 1741624, 1396998, 1513952]"
"CBN-Pla-B3-20140722","[1743474, 1744569, 1668953, 1743819, 1513952, 1507182, 1742054, 1361273, 1392330, 1513498]"
"CBN-Pla-B3-20140812","[1395870, 1393923, 1743474, 1394542, 1507261, 1651322, 1390899, 1396684, 1397046, 1395120]"
"CBN-Pla-B3-20140902","[1743474, 1394672, 1481080, 1651322, 1396998, 1507182, 1651358, 1742054, 1389508, 1738603]"
"CBN-Pla-B3-20150811","[1743474, 1392318, 1744395, 1651358, 1651322, 1397046, 1742054, 1743101, 1360964, 1742895]"
"CBN-Pla-B3-20150901","[1743474, 1481080, 1744241, 1744865, 1392336, 1389687, 1507261, 1389508, 1472808, 1651322]"
"CBN-Pla-B3-20160707","[1743474, 1513952, 1513498, 1393923, 1359444, 1393927, 1396998, 1481080, 1392330, 1744331]"
"CBN-Pla-B3-20160728","[1743474, 1651322, 1393772, 1392330, 1397046, 1481080, 1513952, 1742054, 1394543, 1389508]"
"CBN-Pla-B3-20180724","[1743474, 1359444, 1744331, 1744208, 1395299, 1744185, 1393923, 1513952, 1390388, 1507182]"
"CBN-Pla-B3-20180816","[1743474, 1397046, 1651322, 1744208, 1513952, 1742054, 1564349, 1687910, 1481080, 1744331]"
"CBN-Pla-B3-20180906","[1743474, 1744208, 1738603, 1472808, 1389687, 1390899, 1507261, 1744241, 1394605, 1389586]"
"CBN-Pla-B3-20190723","[1743474, 1359444, 1738603, 1397046, 1742054, 1739040, 1651322, 1507182, 1513952, 1389508]"
"CBN-Pla-B3-20190814","[1743474, 1651322, 1738603, 1397046, 1389508, 1359444, 1742054, 1744208, 1481080, 1396869]"
"CBN-Pla-B3-20200723","[1743474, 1744208, 1392407, 1738603, 1744331, 1743101, 1397046, 1393923, 1513952, 1507261]"
"CBN-Pla-B3-20200814","[1743474, 1651322, 1739040, 1738603, 1389508, 1742054, 1359444, 1744208, 1397046, 1481080]"
"CBN-Pla-B4-20130724","[1743474, 1647823, 1393927, 1361579, 1744331, 1363069, 1513498, 1664414, 1744569, 1392894]"
"CBN-Pla-B4-20130808","[1743474, 1393927, 1395106, 1393923, 1744241, 1742054, 1395870, 1481080, 1398374, 1390899]"
"CBN-Pla-B4-20130904","[1397046, 1651322, 1743474, 1531441, 1389508, 1743986, 1742054, 1481080, 1653641, 1359406]"
"CBN-Pla-B4-20140722","[1743474, 1743819, 1513952, 1392894, 1393927, 1564349, 1361530, 1664414, 1390388, 1399730]"
"CBN-Pla-B4-20140812","[1743986, 1738603, 1684273, 1393923, 1744208, 1392652, 1507261, 1743474, 1389508, 1398374]"
"CBN-Pla-B4-20140902","[1743474, 1389508, 1564349, 1743986, 1481080, 1651322, 1507182, 1391331, 1742054, 1392330]"
"CBN-Pla-B4-20150702","[1743474, 1393927, 1743986, 1392330, 1742054, 1668744, 1669338, 1393923, 1513952, 1361273]"
"CBN-Pla-B4-20150723","[1743474, 1651322, 1389508, 1481080, 1743986, 1513952, 1742054, 1392330, 1392894, 1651358]"
"CBN-Pla-B4-20150811","[1743474, 1389508, 1741701, 1651322, 1651358, 1359444, 1738603, 1739040, 1741616, 1651485]"
"CBN-Pla-B4-20150901","[1743474, 1360352, 1481080, 1390899, 1389508, 1392336, 1389687, 1741616, 1743819, 1744241]"
"CBN-Pla-B4-20160707","[1743474, 1393927, 1396869, 1393923, 1668744, 1390388, 1744331, 1359444, 1395106, 1390822]"
"CBN-Pla-B4-20160728","[1743474, 1651322, 1395106, 1389508, 1481080, 1397046, 1359444, 1742054, 1396309, 1744395]"
"CBN-Pla-B4-20180724","[1743474, 1744208, 1743819, 1564349, 1393927, 1361530, 1744569, 1668744, 1744331, 1399730]"
"CBN-Pla-B4-20180816","[1743474, 1744208, 1395106, 1397046, 1738603, 1393923, 1564349, 1481080, 1651322, 1389508]"
"CBN-Pla-B4-20180906","[1743474, 1359444, 1744208, 1397046, 1738603, 1398244, 1390899, 1513952, 1389508, 1398374]"
"CBN-Pla-B4-20190723","[1743474, 1396869, 1742054, 1397046, 1393923, 1744041, 1744208, 1564349, 1743986, 1392330]"
"CBN-Pla-B4-20190814","[1743474, 1744208, 1389508, 1651322, 1481080, 1622908, 1564349, 1744041, 1651358, 1738603]"
"CBN-Pla-B4-20200723","[1743474, 1744208, 1738603, 1392407, 1397046, 1390899, 1390822, 1744331, 1393927, 1507261]"
"CBN-Pla-B4-20200814","[1743474, 1651322, 1744041, 1738603, 1397046, 1481080, 1389508, 1393958, 1502057, 1744331]"
"CBN-Pla-B5-20130724","[1743474, 1393927, 1513952, 1392330, 1564349, 1742054, 1743986, 1744331, 1507182, 1743963]"
"CBN-Pla-B5-20130808","[1743986, 1743474, 1742054, 1376496, 1687910, 1452249, 1397046, 1398374, 1356796, 1391644]"
"CBN-Pla-B5-20130904","[1743474, 1742054, 1743986, 1507182, 1394540, 1397046, 1390955, 1394372, 1362098, 1392291]"
"CBN-Pla-B5-20140722","[1507182, 1743986, 1743474, 1507261, 1744489, 1393927, 1513952, 1392330, 1744331, 1743819]"
"CBN-Pla-B5-20140812","[1743474, 1396869, 1389508, 1481080, 1743986, 1398374, 1507261, 1395870, 1357646, 1396144]"
"CBN-Pla-B5-20140902","[1743474, 1481080, 1742054, 1507182, 1739040, 1742895, 1687910, 1394543, 1389508, 1507261]"
"CBN-Pla-B5-20150702","[1743474, 1393923, 1393927, 1359444, 1744208, 1744331, 1564349, 1507182, 1360036, 1398374]"
"CBN-Pla-B5-20150723","[1743986, 1743474, 1481080, 1742054, 1376496, 1651322, 1742895, 1507182, 1502540, 1738042]"
"CBN-Pla-B5-20150811","[1742054, 1395870, 1743474, 1744331, 1507182, 1684273, 1742895, 1376496, 1360964, 1738603]"
"CBN-Pla-B5-20150901","[1481080, 1744208, 1743474, 1744331, 1359444, 1507261, 1742054, 1398374, 1390899, 1507182]"
"CBN-Pla-B5-20160707","[1743474, 1507182, 1742054, 1513952, 1391331, 1741624, 1392330, 1743986, 1738042, 1545580]"
"CBN-Pla-B5-20160728","[1507182, 1392330, 1396869, 1742054, 1743474, 1507261, 1651322, 1359444, 1738603, 1513952]"
"CBN-Pla-B5-20180724","[1744208, 1743474, 1393927, 1507182, 1513952, 1743986, 1392330, 1744331, 1359444, 1358934]"
"CBN-Pla-B5-20180816","[1742054, 1743474, 1358934, 1507182, 1564349, 1481080, 1513952, 1389508, 1392330, 1684273]"
"CBN-Pla-B5-20180906","[1742054, 1743474, 1376496, 1744208, 1564349, 1481080, 1742895, 1507182, 1359444, 1743986]"
"CBN-Pla-B5-20190723","[1743474, 1360964, 1742054, 1738603, 1507182, 1398768, 1392407, 1743421, 1358523, 1396362]"
"CBN-Pla-B5-20190814","[1742054, 1744208, 1389687, 1361281, 1743474, 1397046, 1687910, 1738603, 1481080, 1507261]"
"CBN-Pla-B5-20200723","[1743474, 1507182, 1389986, 1397046, 1742054, 1743986, 1396309, 1744185, 1392330, 1513952]"
"CBN-Pla-B5-20200814","[1743474, 1389508, 1738603, 1743456, 1392662, 1742054, 1397046, 1481080, 1564349, 1744208]"
"CBN-Pla-B6-20130724","[1743474, 1358123, 1744569, 1513952, 1390388, 1356370, 1393927, 1743986, 1361169, 1361273]"
"CBN-Pla-B6-20130808","[1743474, 1397046, 1361273, 1394668, 1651322, 1362098, 1743101, 1395106, 1743986, 1358123]"
"CBN-Pla-B6-20130904","[1743474, 1396144, 1389508, 1361273, 1651322, 1392330, 1397046, 1394543, 1507182, 1481080]"
"CBN-Pla-B6-20140722","[1743474, 1743986, 1359444, 1393927, 1744569, 1507182, 1392330, 1396144, 1396998, 1393923]"
"CBN-Pla-B6-20140812","[1399096, 1743474, 1744208, 1359444, 1390966, 1392662, 1396144, 1389017, 1356564, 1395940]"
"CBN-Pla-B6-20140902","[1743474, 1389508, 1395718, 1396144, 1507182, 1651322, 1481080, 1651358, 1396998, 1743986]"
"CBN-Pla-B6-20150702","[1743474, 1359444, 1393923, 1393927, 1743986, 1744208, 1394312, 1492519, 1743819, 1361530]"
"CBN-Pla-B6-20150723","[1743474, 1396869, 1741624, 1651322, 1392330, 1744185, 1359444, 1481080, 1742054, 1393772]"
"CBN-Pla-B6-20150811","[1743474, 1651322, 1743986, 1664942, 1362098, 1738603, 1396869, 1392330, 1651358, 1742054]"
"CBN-Pla-B6-20150901","[1743474, 1361273, 1744241, 1481080, 1507261, 1396869, 1395949, 1392044, 1390899, 1362181]"
"CBN-Pla-B6-20160707","[1743474, 1393927, 1359444, 1392330, 1744331, 1363069, 1744208, 1392291, 1391644, 1742054]"
"CBN-Pla-B6-20160728","[1743474, 1651322, 1394543, 1507182, 1392330, 1396869, 1389508, 1397046, 1739040, 1390899]"
"CBN-Pla-B6-20180816","[1743474, 1651322, 1564349, 1394543, 1739040, 1392330, 1744331, 1481080, 1742054, 1359444]"
"CBN-Pla-B6-20180906","[1743474, 1651322, 1396015, 1396144, 1651358, 1564349, 1741790, 1744208, 1390899, 1743986]"
"CBN-Pla-B6-20190723","[1394543, 1743474, 1651322, 1395106, 1396869, 1392330, 1744185, 1358523, 1389508, 1742054]"
"CBN-Pla-B6-20190814","[1390899, 1743474, 1741790, 1741787, 1394312, 1396015, 1744208, 1397046, 1743456, 1651358]"
"CBN-Pla-B6-20200723","[1743474, 1744208, 1564349, 1390822, 1362098, 1361144, 1507182, 1741808, 1481080, 1651322]"
"CBN-Pla-B6-20200814","[1743474, 1396144, 1738603, 1744208, 1396869, 1481080, 1397046, 1389929, 1361273, 1742054]"
"CBN-Pla-C1-20130808","[1743474, 1395870, 1393923, 1399800, 1392561, 1393927, 1390822, 1744208, 1397046, 1738603]"
"CBN-Pla-C1-20130904","[1743474, 1651322, 1389508, 1742054, 1481080, 1392894, 1361530, 1744395, 1376496, 1397046]"
"CBN-Pla-C1-20150702","[1743474, 1393927, 1744395, 1418439, 1361530, 1359444, 1743963, 1394349, 1363112, 1744612]"
"CBN-Pla-C1-20150723","[1743474, 1651322, 1361914, 1392341, 1743819, 1376496, 1741624, 1389508, 1392894, 1742054]"
"CBN-Pla-C1-20150811","[1743474, 1651322, 1397046, 1399800, 1481080, 1628819, 1744395, 1738603, 1392341, 1739219]"
"CBN-Pla-C1-20150901","[1743474, 1744208, 1744241, 1359444, 1392535, 1397046, 1390899, 1481080, 1743819, 1399800]"
"CBN-Pla-C1-20160707","[1743474, 1361273, 1394915, 1376496, 1392330, 1392894, 1389821, 1399800, 1392535, 1744331]"
"CBN-Pla-C1-20160728","[1743474, 1741624, 1651322, 1397046, 1359368, 1394915, 1359406, 1393923, 1418439, 1744395]"
"CBN-Pla-C1-20180816","[1743474, 1392535, 1741624, 1397046, 1394915, 1743819, 1395870, 1418439, 1395106, 1742054]"
"CBN-Pla-C1-20180906","[1743474, 1651322, 1395870, 1392894, 1394915, 1397046, 1357866, 1564349, 1376496, 1389508]"
"CBN-Pla-C1-20190723","[1743474, 1392535, 1744208, 1742054, 1397046, 1395870, 1392561, 1394915, 1395106, 1513952]"
"CBN-Pla-C1-20190814","[1743474, 1651322, 1397046, 1389508, 1564349, 1742054, 1392535, 1744041, 1744208, 1481080]"
"CBN-Pla-C1-20200723","[1743474, 1651322, 1397046, 1481080, 1743963, 1513952, 1741624, 1742054, 1394915, 1396869]"
"CBN-Pla-C1-20200814","[1743474, 1738603, 1396309, 1392535, 1651322, 1742054, 1376496, 1744041, 1397046, 1394915]"
"CBN-Pla-C2-20130808","[1743474, 1393923, 1393927, 1395106, 1395870, 1744612, 1390899, 1742054, 1744208, 1743819]"
"CBN-Pla-C2-20130904","[1743474, 1395870, 1651322, 1389508, 1548389, 1531441, 1397046, 1481080, 1669616, 1564349]"
"CBN-Pla-C2-20140722","[1743474, 1513952, 1743819, 1744331, 1361273, 1361579, 1358123, 1628819, 1744865, 1743963]"
"CBN-Pla-C2-20140902","[1743474, 1392330, 1531441, 1651322, 1481080, 1742054, 1739040, 1395870, 1389508, 1397046]"
"CBN-Pla-C2-20150702","[1743474, 1393927, 1393923, 1359444, 1390899, 1400079, 1362098, 1361273, 1742054, 1513952]"
"CBN-Pla-C2-20150723","[1651322, 1743474, 1393927, 1395870, 1531441, 1481080, 1472808, 1392894, 1742054, 1397386]"
"CBN-Pla-C2-20150811","[1743474, 1395870, 1651322, 1481080, 1531441, 1396869, 1389508, 1651358, 1738603, 1742054]"
"CBN-Pla-C2-20150901","[1394543, 1743474, 1395870, 1394542, 1394540, 1359444, 1390899, 1481080, 1360591, 1738603]"
"CBN-Pla-C2-20160707","[1743474, 1513952, 1392330, 1744331, 1361273, 1393927, 1392894, 1743963]"
"CBN-Pla-C2-20160728","[1743474, 1651322, 1513952, 1481080, 1531441, 1392894, 1743890, 1390822]"
"CBN-Pla-C2-20180724","[1743474, 1393923, 1744208, 1390899, 1743819, 1744331, 1361169, 1361273, 1393927, 1389494]"
"CBN-Pla-C2-20180816","[1743474, 1393923, 1743819, 1481080, 1396309, 1361402, 1564349, 1651322, 1376496, 1513952]"
"CBN-Pla-C2-20180906","[1743474, 1651322, 1531441, 1397386, 1651358, 1359444, 1744208, 1481080, 1743819, 1392894]"
"CBN-Pla-C2-20190723","[1743474, 1396869, 1513952, 1742054, 1397046, 1743819, 1738603, 1394543, 1392785, 1481080]"
"CBN-Pla-C2-20190814","[1743474, 1651322, 1481080, 1397046, 1651358, 1744208, 1389508, 1513952, 1738603, 1744041]"
"CBN-Pla-C2-20200723","[1743474, 1744208, 1651322, 1397046, 1738603, 1744041, 1394543, 1389508, 1743963, 1481080]"
"CBN-Pla-C2-20200814","[1743474, 1389508, 1481080, 1651322, 1744208, 1651358, 1513952, 1738603, 1739040, 1396309]"
"CBN-Pla-C3-20130808","[1743474, 1393927, 1399485, 1393923, 1744241, 1397046, 1564349, 1390899, 1376496, 1743101]"
"CBN-Pla-C3-20130904","[1743474, 1578111, 1358685, 1481080, 1651322, 1390899, 1658958, 1744208, 1564349, 1389508]"
"CBN-Pla-C3-20140722","[1743474, 1743819, 1513952, 1564349, 1393927, 1507182, 1361579, 1744208, 1394414, 1359444]"
"CBN-Pla-C3-20140902","[1743474, 1651322, 1397046, 1481080, 1395807, 1390899, 1684273, 1361273, 1389508, 1742054]"
"CBN-Pla-C3-20150702","[1743474, 1393927, 1390432, 1361273, 1744331, 1743819, 1744569, 1393923, 1513952, 1742054]"
"CBN-Pla-C3-20150723","[1743474, 1397046, 1651322, 1481080, 1513952, 1376496, 1395870, 1389508, 1744208, 1742895]"
"CBN-Pla-C3-20150811","[1743474, 1389508, 1743819, 1651322, 1359444, 1362098, 1628819, 1651358, 1739040, 1564349]"
"CBN-Pla-C3-20150901","[1743474, 1390899, 1744208, 1744241, 1481080, 1359444, 1392336]"
"CBN-Pla-C3-20160707","[1743474, 1393927, 1361273, 1392330, 1744331, 1564349, 1396998, 1395106, 1357646, 1513952]"
"CBN-Pla-C3-20160728","[1743474, 1651322, 1742054, 1744331, 1743819, 1394543, 1513952, 1481080, 1393927, 1395106]"
"CBN-Pla-C3-20180724","[1743474, 1393923, 1744208, 1743819, 1425722, 1362098, 1390899, 1393927, 1744331, 1361169]"
"CBN-Pla-C3-20180816","[1743474, 1744241, 1390899, 1743819, 1361144, 1737423, 1564349, 1398244, 1481080]"
"CBN-Pla-C3-20180906","[1743474, 1744208, 1390899, 1397046, 1481080, 1399485, 1744241, 1396309]"
"CBN-Pla-C3-20190723","[1743474, 1393927, 1397046, 1395106, 1742054, 1376496, 1744331, 1394543, 1687910, 1389508]"
"CBN-Pla-C3-20190814","[1743474, 1376496, 1481080, 1392044, 1397046, 1390899, 1395870, 1687910, 1742054, 1389508]"
"CBN-Pla-C3-20200723","[1743474, 1389929, 1394312, 1390966, 1361144, 1363560, 1738603, 1397046, 1744208, 1393849]"
"CBN-Pla-C3-20200814","[1743474, 1361273, 1744208, 1622910, 1564349, 1651322, 1361281, 1744241, 1481080, 1651358]"
"CBN-Pla-C4-20130808","[1743474, 1393927, 1393923, 1390899, 1397299, 1395106, 1743819, 1744208]"
"CBN-Pla-C4-20130904","[1390421, 1395807, 1389508, 1651322, 1394542, 1743474, 1397046, 1481080, 1390899, 1647823]"
"CBN-Pla-C4-20140902","[1743474, 1397046, 1651322, 1481080, 1389508, 1743819, 1744395, 1392894, 1393772, 1743399]"
"CBN-Pla-C4-20150702","[1743474, 1393927, 1743819, 1654025, 1397500, 1393923, 1362098, 1361273, 1361530, 1742054]"
"CBN-Pla-C4-20150723","[1743474, 1564349, 1389508, 1396869, 1376496, 1743819, 1362098, 1390899, 1392662, 1651322]"
"CBN-Pla-C4-20150811","[1389508, 1743474, 1358392, 1362098, 1743819, 1742054, 1396869, 1398244, 1359444, 1531441]"
"CBN-Pla-C4-20150901","[1743474, 1359444, 1654025, 1389508, 1390899, 1396309, 1548389, 1481080]"
"CBN-Pla-C4-20160707","[1743474, 1393927, 1744331, 1394543, 1361530, 1392291, 1390388, 1743819, 1394312, 1359444]"
"CBN-Pla-C4-20160728","[1743474, 1658958, 1396869, 1359444, 1651322, 1396309, 1389508, 1397046, 1481080, 1395106]"
"CBN-Pla-C4-20180724","[1743474, 1393923, 1743819, 1390822, 1393927, 1390870, 1744208, 1390899, 1361169, 1359444]"
"CBN-Pla-C4-20180816","[1743474, 1743819]"
"CBN-Pla-C4-20180906","[1743474, 1396869, 1744208, 1564349, 1359444, 1392662, 1396309, 1743819, 1481080]"
"CBN-Pla-C4-20190723","[1396869, 1743474, 1738603, 1395106, 1358123, 1397046, 1742054, 1389508, 1394312, 1668744]"
"CBN-Pla-C4-20190814","[1743474, 1564349, 1396869, 1399485, 1744208, 1397046, 1389508, 1738603, 1396309, 1743819]"
"CBN-Pla-C4-20200723","[1743474, 1397046, 1394641, 1396869, 1393772, 1389508, 1394643, 1738603, 1651322, 1390822]"
"CBN-Pla-C4-20200814","[1743474, 1738603, 1389508, 1396869, 1359444, 1389687, 1651322, 1744208, 1651358, 1481080]"
"CBN-Pla-C5-20130808","[1743474, 1393923, 1396869, 1399485, 1393927, 1358123, 1392044, 1397046, 1360039, 1395106]"
"CBN-Pla-C5-20130904","[1507261, 1743474, 1392341, 1396144, 1389508, 1359406, 1742054, 1743904, 1507182, 1396869]"
"CBN-Pla-C5-20140722","[1743474, 1393923, 1743819, 1744331, 1743101, 1507261, 1628819, 1737423, 1358123, 1390899]"
"CBN-Pla-C5-20140902","[1743474, 1396869, 1396144, 1393772, 1651322, 1481080, 1507261, 1389508, 1397046, 1358123]"
"CBN-Pla-C5-20150702","[1743474, 1393923, 1390899, 1358123, 1394312, 1507261, 1744331, 1492519, 1744208, 1743101]"
"CBN-Pla-C5-20150723","[1507261, 1743474, 1359444, 1362098, 1396144, 1395870, 1622908, 1744060, 1396869, 1743819]"
"CBN-Pla-C5-20150811","[1743474, 1396144, 1507261, 1531441, 1651358, 1359444, 1396869, 1362098, 1392330, 1651322]"
"CBN-Pla-C5-20150901","[1743474, 1396869, 1392044, 1358123, 1389508, 1394605, 1481080, 1396144, 1507261, 1743819]"
"CBN-Pla-C5-20160707","[1743474, 1737423, 1393927, 1744331, 1744569, 1392330, 1395106, 1361273, 1392894, 1743101]"
"CBN-Pla-C5-20160728","[1397046, 1743474, 1651322, 1392330, 1362098, 1481080, 1359444, 1389508, 1742054, 1744208]"
"CBN-Pla-C5-20180724","[1743474, 1744208, 1669338, 1393923, 1743101, 1668744, 1390822, 1390388, 1393927, 1359444]"
"CBN-Pla-C5-20180816","[1743474, 1393923, 1392044, 1390899, 1744208, 1390822, 1396869, 1362098, 1743101, 1743819]"
"CBN-Pla-C5-20180906","[1743474, 1738603, 1389687, 1394312, 1744241, 1392785, 1743456, 1668744, 1390899, 1507261]"
"CBN-Pla-C5-20190723","[1743474, 1744208, 1397046, 1507261, 1361530, 1390822, 1396869, 1743904, 1392894, 1389508]"
"CBN-Pla-C5-20190814","[1743474, 1651322, 1744208, 1392330, 1359444, 1394543, 1389508, 1392894, 1481080, 1744241]"
"CBN-Pla-C5-20200723","[1743474, 1507261, 1393923, 1390899, 1397046, 1738603, 1743904, 1394542, 1393927, 1744208]"
"CBN-Pla-C5-20200814","[1743474, 1668330, 1397046, 1564349, 1507182, 1396869, 1742054, 1394589, 1389508, 1507261]"
"CBN-Pla-C6-20130808","[1743474, 1393923, 1564349, 1395106, 1393927, 1506481, 1743101, 1391781, 1399485, 1390822]"
"CBN-Pla-C6-20130904","[1743474, 1651322, 1564349, 1389508, 1395870, 1502057, 1684273, 1744316, 1425722, 1390421]"
"CBN-Pla-C6-20140902","[1651322, 1743474, 1481080, 1389508, 1389929, 1723120, 1359684, 1742099, 1743819, 1742054]"
"CBN-Pla-C6-20150702","[1743474, 1393923, 1393927, 1548389, 1390899, 1361530, 1743963, 1743101, 1744208, 1492519]"
"CBN-Pla-C6-20150723","[1743474, 1651322, 1548389, 1742054, 1359444, 1392330, 1389508, 1400079, 1376496, 1390899]"
"CBN-Pla-C6-20150811","[1743474, 1743101, 1389508, 1742054, 1744060, 1359444, 1738603, 1362181]"
"CBN-Pla-C6-20150901","[1743474, 1744208, 1359444, 1738603, 1389508, 1390899, 1391851, 1392336, 1392662, 1564349]"
"CBN-Pla-C6-20160707","[1743474, 1651322, 1393927, 1744331, 1392894, 1668744, 1390388, 1361273]"
"CBN-Pla-C6-20160728","[1743474, 1651322, 1481080, 1739040, 1392894, 1742054, 1394543, 1390899]"
"CBN-Pla-C6-20180724","[1743474, 1393923, 1744208, 1393927, 1359444, 1669338, 1361144, 1668744, 1390899, 1743101]"
"CBN-Pla-C6-20180816","[1743474, 1742054, 1393927, 1743101, 1393923, 1359444]"
"CBN-Pla-C6-20180906","[1743474, 1744208, 1564349, 1390822, 1738603, 1396691, 1362098, 1651358, 1358460, 1361144]"
"CBN-Pla-C6-20190723","[1743474, 1651322, 1389508, 1392330, 1397046, 1391764, 1395106, 1742054, 1741808]"
"CBN-Pla-C6-20190814","[1743474, 1651322, 1389508, 1481080, 1397046, 1744241, 1742054, 1564349, 1744208, 1395106]"
"CBN-Pla-C6-20200723","[1743474, 1743986, 1744208, 1393923, 1359444, 1390899, 1396309, 1507261, 1742054, 1738603]"
"CBN-Pla-C6-20200814","[1743474, 1392330, 1651322, 1564349, 1396869, 1364415, 1744208, 1357509, 1742054, 1744395]"
"CBN-Pla-D1-20130808","[1743474, 1393923, 1743101, 1738603, 1654025, 1376496, 1742895, 1744331, 1564349, 1481080]"
"CBN-Pla-D1-20130904","[1743474, 1397046, 1481080, 1743819, 1651322, 1390899, 1394543, 1392330, 1391644, 1744569]"
"CBN-Pla-D1-20140722","[1743474, 1395299, 1513952, 1744569, 1390388, 1741808, 1743819, 1393927, 1361273, 1513498]"
"CBN-Pla-D1-20140902","[1743474, 1651322, 1481080, 1513952, 1743819, 1744569, 1744208, 1389508, 1392330, 1651061]"
"CBN-Pla-D1-20150702","[1743474, 1361530, 1394414, 1359444, 1393927, 1390822, 1393923, 1361273, 1743819, 1392764]"
"CBN-Pla-D1-20150723","[1743474, 1651322, 1481080, 1392341, 1358523, 1389508, 1359444, 1395106, 1743890, 1658958]"
"CBN-Pla-D1-20150811","[1743474, 1651322, 1362098, 1481080, 1392341, 1744208, 1738603, 1739040, 1400079, 1744331]"
"CBN-Pla-D1-20150901","[1743474, 1359444, 1481080, 1390899, 1744208, 1392662, 1744241, 1393923, 1651322, 1502795]"
"CBN-Pla-D1-20160707","[1743474, 1397046, 1513952, 1392330, 1744569, 1361273, 1392177, 1394349, 1744672, 1744331]"
"CBN-Pla-D1-20160728","[1743474, 1651322, 1400079, 1502503, 1481080, 1395870, 1737423, 1513952, 1742054, 1362098]"
"CBN-Pla-D1-20180724","[1743474, 1393923, 1361169, 1393927, 1390899, 1390822, 1513952, 1737423, 1743819, 1744331]"
"CBN-Pla-D1-20180816","[1743474, 1398244, 1742054, 1390822, 1743819, 1392341, 1481080, 1737423, 1396309, 1390899]"
"CBN-Pla-D1-20180906","[1743474, 1481080, 1744208, 1396309, 1743819, 1737423, 1651322, 1507261, 1513952, 1742054]"
"CBN-Pla-D1-20190723","[1743474, 1744208, 1564349, 1395106, 1376496, 1359444, 1742054, 1360815, 1481080, 1744331]"
"CBN-Pla-D1-20190814","[1743474, 1651322, 1481080, 1739040, 1651358, 1389508, 1744041, 1738603, 1396309, 1744208]"
"CBN-Pla-D1-20200723","[1743474, 1651322, 1744208, 1481080, 1743819, 1743963, 1739040, 1742054, 1502057, 1472808]"
"CBN-Pla-D1-20200814","[1743474, 1396309, 1741624, 1481080, 1738603, 1390899, 1744041, 1739040, 1744208, 1743819]"
"CBN-Pla-D2-20130808","[1743474, 1393923, 1393927, 1361530, 1390388, 1390899, 1743819, 1390421, 1399800, 1395106]"
"CBN-Pla-D2-20130904","[1400079, 1743474, 1651322, 1548389, 1744569, 1389929, 1397046, 1389508, 1481080, 1502540]"
"CBN-Pla-D2-20140722","[1743474, 1564349, 1743819, 1361530, 1744569, 1399730, 1361579, 1393927, 1390822, 1391764]"
"CBN-Pla-D2-20140902","[1743474, 1389508, 1651322, 1440300, 1481080, 1722435, 1393317, 1744208, 1743819, 1391851]"
"CBN-Pla-D2-20150702","[1743474, 1393923, 1361273, 1744865, 1393927, 1743819, 1361416, 1361530, 1395106, 1513952]"
"CBN-Pla-D2-20150723","[1743474, 1376496, 1396869, 1651322, 1389508, 1392894, 1738847, 1481080, 1390899, 1395106]"
"CBN-Pla-D2-20150811","[1743474, 1651322, 1400079, 1531441, 1389508, 1738603]"
"CBN-Pla-D2-20150901","[1743474, 1412857, 1390899, 1744208, 1389508, 1359444, 1481080, 1398244, 1743819, 1472808]"
"CBN-Pla-D2-20160707","[1743474, 1361273, 1392894, 1362181, 1744208, 1394643, 1513952, 1491514, 1472808, 1361530]"
"CBN-Pla-D2-20160728","[1743474, 1357577, 1651322, 1389508, 1395106, 1390899, 1397046, 1394643, 1743890]"
"CBN-Pla-D2-20180724","[1743474, 1393923, 1743819, 1361273, 1361169, 1390899, 1389494, 1390822, 1393927, 1668744]"
"CBN-Pla-D2-20180816","[1743474, 1412857, 1396309, 1359444, 1397046, 1389508, 1741624, 1564349]"
"CBN-Pla-D2-20180906","[1743474, 1396309, 1743819, 1412857, 1389508, 1668744, 1651322, 1394641, 1393462, 1390899]"
"CBN-Pla-D2-20190723","[1743474, 1394643, 1397046, 1361144, 1394641, 1396869, 1389508, 1412857, 1395106, 1392662]"
"CBN-Pla-D2-20190814","[1743474, 1651322, 1389508, 1394643, 1738603, 1397046, 1394641, 1472808, 1396309, 1392894]"
"CBN-Pla-D2-20200723","[1743474, 1396869, 1389508, 1651322, 1744060, 1397046, 1744208, 1481080, 1741808, 1739040]"
"CBN-Pla-D2-20200814","[1357608, 1743474, 1742053, 1651322, 1389508, 1398244, 1361144, 1741624, 1396309, 1738603]"
"CBN-Pla-D3-20130808","[1743474, 1395870, 1393923, 1393927, 1376496, 1397046, 1390899]"
"CBN-Pla-D3-20130904","[1743474, 1389508, 1481080, 1395870, 1397046, 1742054, 1651322, 1389929, 1393964, 1376496]"
"CBN-Pla-D3-20140722","[1743474, 1357095, 1743819, 1654025, 1393927, 1390051, 1743407, 1513952, 1361530, 1397299]"
"CBN-Pla-D3-20140902","[1395870, 1389508, 1743474, 1481080, 1651322, 1658958, 1492664, 1392894, 1744208]"
"CBN-Pla-D3-20150702","[1654025, 1743474, 1393927, 1397500, 1393923, 1744331, 1397299, 1396309, 1361530, 1390822]"
"CBN-Pla-D3-20150723","[1395870, 1743474, 1651322, 1389508, 1376496, 1473216, 1743819, 1481080, 1392894, 1393927]"
"CBN-Pla-D3-20150811","[1743474, 1395870, 1389508, 1359444, 1658958, 1481080, 1564349, 1396869, 1651322, 1376496]"
"CBN-Pla-D3-20150901","[1743474, 1744241, 1389508, 1390899, 1358460, 1392336, 1400079, 1481080, 1395870]"
"CBN-Pla-D3-20160707","[1743474, 1393927, 1392330, 1395106, 1361273, 1397046, 1392894, 1513952, 1744331, 1564349]"
"CBN-Pla-D3-20160728","[1651322, 1743474, 1389508, 1395870, 1481080, 1531441, 1742054, 1564349, 1392894, 1363069]"
"CBN-Pla-D3-20180724","[1743474, 1393923, 1393927, 1390388, 1743819, 1390870, 1361169, 1390899, 1391781, 1743101]"
"CBN-Pla-D3-20180816","[1390822, 1743474, 1359444, 1531441, 1743819]"
"CBN-Pla-D3-20180906","[1743474, 1744241, 1743819, 1481080, 1389508, 1651322]"
"CBN-Pla-D3-20190723","[1743474, 1393927, 1395106, 1389508, 1397046, 1744395, 1376496, 1651322, 1393923]"
"CBN-Pla-D3-20190814","[1743474, 1738603, 1651322, 1389508, 1651358, 1481080, 1396869, 1395870, 1395106]"
"CBN-Pla-D3-20200723","[1743474, 1738603, 1395870, 1389508, 1392662, 1397046, 1396869, 1376496, 1481080, 1744331]"
"CBN-Pla-D3-20200814","[1743474, 1391331, 1651322, 1395870, 1481080, 1389508, 1392561, 1397046, 1548995, 1742054]"
"CBN-Pla-D4-20130808","[1393923, 1743474, 1395870, 1395106, 1393927, 1390899, 1397046, 1481080, 1420566, 1743819]"
"CBN-Pla-D4-20130904","[1743474, 1742054, 1481080, 1392330, 1397046, 1389508, 1743986, 1743819, 1651322, 1390899]"
"CBN-Pla-D4-20140722","[1743474, 1743819, 1513952, 1393927, 1359444, 1744865, 1664414, 1743986, 1744208, 1390899]"
"CBN-Pla-D4-20140902","[1743474, 1389508, 1481080, 1743986, 1651322, 1395870, 1376496, 1742054, 1393927, 1743819]"
"CBN-Pla-D4-20150702","[1743474, 1393923, 1743986, 1393927, 1744208, 1743819, 1359282, 1744331, 1741808, 1743643]"
"CBN-Pla-D4-20150723","[1743474, 1389508, 1651358, 1393087, 1395870, 1395106, 1481080, 1743819, 1396869, 1358523]"
"CBN-Pla-D4-20150811","[1743474, 1744060, 1389508, 1393927, 1473216, 1395870, 1744208, 1743819, 1742054, 1744395]"
"CBN-Pla-D4-20150901","[1743474, 1389508, 1481080, 1744208, 1743819, 1390899, 1531441, 1392309, 1394543, 1356419]"
"CBN-Pla-D4-20160707","[1743474, 1393927, 1744208, 1359444, 1361273, 1743963, 1513952, 1392894, 1394543, 1362098]"
"CBN-Pla-D4-20160728","[1743474, 1397046, 1395870, 1651322, 1389508, 1481080, 1395106, 1390899, 1744060, 1742054]"
"CBN-Pla-D4-20180724","[1743474, 1427718, 1393927, 1393923, 1743819, 1390822, 1390388, 1390870, 1744208, 1390899]"
"CBN-Pla-D4-20180816","[1743474, 1361144, 1744208, 1564349, 1743819, 1657246, 1357646]"
"CBN-Pla-D4-20180906","[1743474, 1744208, 1359444, 1481080, 1743819, 1738603, 1389687, 1397046, 1390899]"
"CBN-Pla-D4-20190723","[1743474, 1397046, 1742054, 1393927, 1389508, 1481080, 1738603, 1358523, 1395106, 1376496]"
"CBN-Pla-D4-20190814","[1743474, 1651322, 1481080, 1389508, 1376496, 1564349, 1651485, 1390899, 1738603, 1391847]"
"CBN-Pla-D4-20200723","[1743474, 1622908, 1742054, 1396869, 1389508, 1481080, 1744395, 1738603, 1564349]"
"CBN-Pla-D4-20200814","[1743474, 1395870, 1738603, 1651322, 1481080, 1389508, 1564349]"
"CBN-Pla-D5-20130808","[1395870, 1743474, 1393927, 1393923, 1397046, 1742054, 1396253, 1395106, 1743819, 1741880]"
"CBN-Pla-D5-20130904","[1743474, 1481080, 1742054, 1513952, 1743963, 1389508]"
"CBN-Pla-D5-20140722","[1743474, 1393927, 1628819, 1744208, 1743819, 1393923, 1390822, 1390899, 1743986, 1743754]"
"CBN-Pla-D5-20140902","[1743474, 1743819, 1564349, 1396869, 1481080, 1389508, 1742054, 1394672, 1507182, 1664414]"
"CBN-Pla-D5-20150702","[1743474, 1393927, 1393923, 1397046, 1744208, 1361273, 1359444, 1390899, 1390822, 1399800]"
"CBN-Pla-D5-20150723","[1743474, 1744208, 1395106, 1389508, 1654025, 1651358, 1396869, 1743819, 1742054, 1396309]"
"CBN-Pla-D5-20150811","[1743474, 1564349, 1481080, 1744208, 1651358, 1389508, 1396869, 1357509, 1738603, 1359444]"
"CBN-Pla-D5-20150901","[1359444, 1361079, 1743474, 1742054, 1457311, 1564349, 1393927]"
"CBN-Pla-D5-20160707","[1743474, 1397046, 1393927, 1361530, 1513952, 1362098, 1744331, 1361273, 1395106, 1359444]"
"CBN-Pla-D5-20160728","[1743474, 1742054, 1564349, 1392662, 1397046, 1744208, 1481080, 1738603, 1389508, 1513952]"
"CBN-Pla-D5-20180724","[1743474, 1393927, 1359444, 1361530, 1400029, 1399777, 1393923, 1668744, 1360352, 1744331]"
"CBN-Pla-D5-20180816","[1744208, 1743474, 1738603, 1419915, 1393927, 1390899, 1396869, 1564349]"
"CBN-Pla-D5-20180906","[1743474, 1744208, 1397046, 1392662, 1481080, 1743456, 1361144, 1628819, 1396309, 1651485]"
"CBN-Pla-D5-20190723","[1743474, 1396869, 1742054, 1395106, 1389508, 1684273, 1744208, 1481080, 1397046, 1396309]"
"CBN-Pla-D5-20190814","[1743474, 1397046, 1396869, 1651322, 1481080, 1389508, 1742054, 1389929, 1395106, 1359444]"
"CBN-Pla-D5-20200723","[1622908, 1743474, 1359444, 1390899, 1396869, 1738603, 1399485, 1389508, 1743819]"
"CBN-Pla-D6-20130808","[1414270, 1376496, 1743101, 1724565, 1394349, 1396309, 1395870, 1507261, 1743474, 1361144]"
"CBN-Pla-D6-20130904","[1395870, 1358392, 1742054, 1390421, 1359406, 1389508, 1481080, 1737423, 1397046, 1654025]"
"CBN-Pla-D6-20140722","[1743986, 1399800, 1397046, 1390822, 1743474, 1393927, 1628819, 1744208, 1743819, 1391764]"
"CBN-Pla-D6-20140902","[1743474, 1743101, 1742054, 1513952, 1481080, 1479531]"
"CBN-Pla-D6-20150702","[1359444, 1743474, 1399800, 1362098, 1744208, 1360036, 1744395, 1389586, 1395299, 1743819]"
"CBN-Pla-D6-20150723","[1548389, 1397046, 1392846, 1396869, 1392331, 1389336, 1395870, 1531358, 1393087, 1362098]"
"CBN-Pla-D6-20150811","[1359444, 1396869, 1742054, 1628819, 1393958, 1481080]"
"CBN-Pla-D6-20150901","[1472808, 1397046, 1359684, 1391881, 1481080, 1743474, 1392764, 1396843, 1507182, 1507261]"
"CBN-Pla-D6-20160707","[1744208, 1743474, 1513952, 1392330, 1397046, 1391764, 1744331, 1392894, 1743819, 1742054]"
"CBN-Pla-D6-20160728","[1359444, 1493082, 1393772, 1360036, 1397046, 1392492, 1742054, 1479531, 1743474, 1362098]"
"CBN-Pla-D6-20180724","[1743474, 1393927, 1393923, 1407920, 1390822, 1391781, 1399800, 1744208, 1361273, 1668744]"
"CBN-Pla-D6-20180816","[1743474, 1744208, 1396869, 1507261, 1742895, 1392662, 1397046, 1396309, 1564349]"
"CBN-Pla-D6-20180906","[1397046, 1396869, 1362098, 1742054, 1399485, 1743474, 1738603, 1392785, 1394312]"
"CBN-Pla-D6-20190723","[1397046, 1376496, 1744208, 1628819, 1564349, 1742054]"
"CBN-Pla-D6-20190814","[1397046, 1395870, 1744208, 1362098, 1664942, 1481080, 1742054, 1389508, 1744331, 1396869]"
"CBN-Pla-D6-20200723","[1743986, 1743474, 1397046, 1742895, 1396869, 1394312, 1507261, 1395870, 1744208, 1564349]"
"CBN-Pla-D6-20200814","[1743474, 1564349, 1481080, 1396869, 1743819, 1397046]"
"CBN-Pla-E1-20130808","[1743474, 1393927, 1513952, 1390388, 1393923, 1564349, 1513498, 1397299, 1394668, 1395106]"
"CBN-Pla-E1-20130904","[1743474, 1513952, 1392894, 1481080, 1393927, 1741624, 1743819, 1389508, 1356796, 1394543]"
"CBN-Pla-E1-20140722","[1743474, 1393927, 1393923, 1361273, 1392177, 1743819, 1513952, 1481080, 1389508, 1744208]"
"CBN-Pla-E1-20140902","[1741624, 1743474, 1359444, 1743819, 1357577, 1744241, 1397046, 1399800, 1396869, 1392894]"
"CBN-Pla-E1-20150702","[1743474, 1744208, 1359444, 1396144, 1358123, 1390822, 1743819, 1393927, 1393923, 1744331]"
"CBN-Pla-E1-20150723","[1743474, 1389508, 1741624, 1396869, 1357577, 1393927, 1359444, 1394643, 1392894, 1473216]"
"CBN-Pla-E1-20150901","[1743474, 1744208, 1743819, 1481080, 1397046, 1389508, 1359444, 1390899]"
"CBN-Pla-E1-20160707","[1743474, 1362181, 1491514, 1397046, 1743963, 1392894, 1481080, 1393927, 1513952]"
"CBN-Pla-E1-20160728","[1743474, 1741624, 1392535, 1396144, 1359444, 1499638, 1651322, 1357577, 1744208, 1743951]"
"CBN-Pla-E1-20180816","[1741624, 1359444, 1743474, 1744241, 1744208, 1580587, 1738603, 1392662, 1358123, 1390822]"
"CBN-Pla-E1-20180906","[1394543, 1743474, 1359444, 1743819, 1481080, 1741802, 1647153, 1394540, 1744208, 1744241]"
"CBN-Pla-E1-20190723","[1743474, 1397046, 1392535, 1393927, 1394543, 1389508, 1744208, 1744060, 1622908, 1395106]"
"CBN-Pla-E1-20190814","[1743474, 1396447, 1389508, 1743393, 1399083, 1744208, 1392535, 1396355, 1564349, 1744060]"
"CBN-Pla-E1-20200630","[1743474, 1472808, 1513952, 1361579, 1744569, 1361530, 1393927, 1376496, 1390388, 1361273]"
"CBN-Pla-E1-20200723","[1359444, 1743474, 1741624, 1738603, 1744208, 1564349, 1390822, 1396362, 1358685, 1622908]"
"CBN-Pla-E1-20200814","[1743474, 1389508, 1622908, 1491514, 1392535, 1741802, 1392894, 1744060, 1744208, 1743819]"
"CBN-Pla-E2-20130808","[1743474, 1393927, 1393923, 1396253, 1743819, 1507182, 1507261, 1393474, 1394312, 1738603]"
"CBN-Pla-E2-20130904","[1743474, 1389508, 1396144, 1481080, 1564349, 1513952, 1741624, 1548389, 1479531, 1392894]"
"CBN-Pla-E2-20140722","[1743474, 1564349, 1513952, 1361071, 1394349, 1358123, 1399800, 1392662, 1393927, 1743819]"
"CBN-Pla-E2-20140902","[1396253, 1743474, 1651322, 1481080, 1396809, 1737423, 1359444, 1564349, 1743819, 1389508]"
"CBN-Pla-E2-20150702","[1743474, 1396253, 1393923, 1394312, 1744208, 1396144, 1393927, 1507261, 1358123, 1400079]"
"CBN-Pla-E2-20150723","[1743474, 1651322, 1741624, 1392894, 1737423, 1389508, 1481080, 1743819, 1513952, 1664444]"
"CBN-Pla-E2-20150901","[1743474, 1389508, 1507261, 1744241, 1396253, 1743819, 1359444, 1744208, 1481080, 1393927]"
"CBN-Pla-E2-20160707","[1743474, 1737423, 1392894, 1507182, 1361530, 1396253, 1359444, 1743963, 1668744, 1393772]"
"CBN-Pla-E2-20160728","[1743474, 1396253, 1513952, 1507182, 1744208, 1393772, 1651322, 1742054, 1741624, 1507261]"
"CBN-Pla-E2-20180724","[1743474, 1393923, 1563807, 1396253, 1393927, 1394643, 1390822, 1491514, 1743101, 1507261]"
"CBN-Pla-E2-20180816","[1743474, 1396253, 1393474, 1741624, 1513952, 1359294, 1390822, 1359444, 1507261, 1580587]"
"CBN-Pla-E2-20180906","[1743474, 1744041, 1396253, 1398699, 1507261, 1744241, 1744208, 1390822, 1481080, 1743819]"
"CBN-Pla-E2-20190723","[1396253, 1743474, 1744060, 1392291, 1394643, 1651322, 1394641, 1393927, 1362181, 1513952]"
"CBN-Pla-E2-20190814","[1743474, 1396253, 1651322, 1472808, 1564349, 1744208, 1744060, 1389508, 1743819, 1502057]"
"CBN-Pla-E2-20200630","[1743474, 1361579, 1743819, 1361273, 1397299, 1628819, 1389494, 1452695, 1393927, 1744331]"
"CBN-Pla-E2-20200723","[1738603, 1390822, 1743474, 1396869, 1393254, 1358123, 1393927, 1507261, 1394643, 1362098]"
"CBN-Pla-E2-20200814","[1743474, 1396253, 1651322, 1392291, 1473216, 1393474, 1744060, 1744208, 1664942, 1507182]"
"CBN-Pla-E3-20130808","[1743474, 1393923, 1396144, 1394543, 1737423, 1393927, 1394312, 1396253, 1398374, 1513952]"
"CBN-Pla-E3-20130904","[1396253, 1743474, 1651322, 1359444, 1358123, 1389929, 1507261, 1396998, 1548389, 1392291]"
"CBN-Pla-E3-20140722","[1743474, 1722435, 1396253, 1396998, 1743819, 1398768, 1393927, 1361273, 1507261, 1564349]"
"CBN-Pla-E3-20140902","[1743474, 1358123, 1396144, 1481080, 1396869, 1651322, 1361281, 1507261, 1397046, 1389508]"
"CBN-Pla-E3-20150702","[1743474, 1507261, 1502540, 1396253, 1390899, 1393923, 1398374, 1743819, 1393927, 1564349]"
"CBN-Pla-E3-20150723","[1743474, 1393927, 1507261, 1396253, 1744208, 1481080, 1397046]"
"CBN-Pla-E3-20150811","[1743474, 1651322, 1507261, 1396253, 1743101, 1396869, 1738603, 1742242, 1744618, 1362098]"
"CBN-Pla-E3-20150901","[1743474, 1481080, 1743819, 1647506, 1376496, 1737423, 1396253, 1390899, 1744208, 1744241]"
"CBN-Pla-E3-20160707","[1743474, 1359444, 1362098, 1393772, 1359342, 1361530, 1507261, 1395106, 1493082, 1651322]"
"CBN-Pla-E3-20160728","[1396253, 1743474, 1651322, 1481080, 1513952, 1398699, 1507261, 1362098, 1479531, 1397046]"
"CBN-Pla-E3-20180724","[1393923, 1743474, 1357646, 1668744, 1452695, 1390822, 1393927, 1743819, 1743101, 1737423]"
"CBN-Pla-E3-20180816","[1743474, 1396253, 1507261, 1744208, 1393923, 1390822, 1357646, 1359342, 1362098, 1394543]"
"CBN-Pla-E3-20180906","[1743474, 1744208, 1738603, 1362098, 1396253, 1507261, 1396691, 1359444, 1741775, 1360815]"
"CBN-Pla-E3-20190723","[1743474, 1396253, 1507261, 1393927, 1394543, 1738603, 1507182, 1393923, 1489328, 1737508]"
"CBN-Pla-E3-20190814","[1743474, 1396253, 1744208, 1392330, 1651322, 1479531, 1394543, 1389508, 1481080, 1743904]"
"CBN-Pla-E3-20200630","[1743474, 1744569, 1513952, 1628819, 1361530, 1361144, 1361579, 1397299, 1358934, 1564349]"
"CBN-Pla-E3-20200723","[1743474, 1396253, 1744208, 1507261, 1564349, 1743819, 1737423, 1398768, 1743904, 1392721]"
"CBN-Pla-E3-20200814","[1743474, 1744208, 1481080, 1738603, 1406473, 1396869, 1398374, 1743819, 1507261, 1362098]"
"CBN-Pla-E4-20130808","[1743474, 1396253, 1393923, 1741624, 1393927, 1396869, 1481080, 1668744, 1395106, 1491514]"
"CBN-Pla-E4-20130904","[1743474, 1651322, 1513952, 1481080, 1389508, 1359444, 1507182, 1741624, 1564349, 1396869]"
"CBN-Pla-E4-20140722","[1743474, 1743819, 1393927, 1513952, 1390822, 1393923, 1390899, 1361273, 1392894, 1391644]"
"CBN-Pla-E4-20140902","[1743474, 1651322, 1389508, 1396869, 1481080, 1394672, 1743819, 1397046, 1744208, 1564349]"
"CBN-Pla-E4-20150702","[1743474, 1393923, 1393927, 1744331, 1507261, 1743819, 1427718, 1492519, 1390899, 1396869]"
"CBN-Pla-E4-20150811","[1743474, 1651322, 1389508, 1396869, 1744208, 1744331, 1738603, 1362098, 1363658, 1628819]"
"CBN-Pla-E4-20150901","[1743474, 1389508, 1359444, 1481080, 1622908, 1743421, 1744208, 1397046, 1390899, 1362098]"
"CBN-Pla-E4-20160707","[1743474, 1393927, 1513952, 1395299, 1396869, 1741624, 1743421, 1723120, 1744569, 1481080]"
"CBN-Pla-E4-20160728","[1743474, 1651322, 1397046, 1396869, 1513952, 1481080, 1742054, 1741576, 1743819, 1651061]"
"CBN-Pla-E4-20180724","[1743474, 1393923, 1628819, 1668744, 1743101, 1743819, 1390899, 1390822, 1397299, 1393927]"
"CBN-Pla-E4-20180816","[1743474, 1393923, 1744208, 1396869, 1356419, 1359444, 1738603, 1739219]"
"CBN-Pla-E4-20180906","[1743474, 1396869, 1622908, 1743819, 1481080, 1390822, 1513952, 1743986, 1389508, 1651322]"
"CBN-Pla-E4-20190723","[1743474, 1393923, 1393927, 1390822, 1376496, 1743819, 1738603, 1398374, 1395106, 1397046]"
"CBN-Pla-E4-20190814","[1743474, 1651322, 1396869, 1392330, 1744041, 1513952, 1394543, 1389508, 1738603, 1744208]"
"CBN-Pla-E4-20200630","[1363734, 1467321, 1744412, 1741758, 1744331, 1743474, 1741677, 1358187, 1744208, 1513952]"
"CBN-Pla-E4-20200723","[1743474, 1744208, 1743819, 1396869, 1738603, 1393927, 1481080, 1398374, 1390822, 1744331]"
"CBN-Pla-E4-20200814","[1743474, 1390966, 1744208, 1390899, 1396869, 1741576, 1389508, 1397046, 1738603, 1361273]"
"CBN-Pla-E5-20130808","[1743474, 1393923, 1397046, 1394915, 1390899, 1743101, 1396869, 1393927, 1427718, 1360036]"
"CBN-Pla-E5-20130904","[1743474, 1396869, 1651322, 1741624, 1743819, 1389508, 1564349, 1390899, 1393927, 1392535]"
"CBN-Pla-E5-20140722","[1743474, 1361530, 1743819, 1668744, 1390388, 1628819, 1390822, 1390432, 1393923, 1393927]"
"CBN-Pla-E5-20140902","[1743474, 1651322, 1481080, 1392341, 1531441, 1396869, 1658958, 1394414, 1394589, 1651358]"
"CBN-Pla-E5-20150702","[1743474, 1359444, 1393923, 1427718, 1393927, 1390822, 1396869, 1390899, 1743101, 1395106]"
"CBN-Pla-E5-20150723","[1743474, 1651322, 1531441, 1396869, 1389508, 1397386, 1481080, 1743819, 1376496, 1392846]"
"CBN-Pla-E5-20150811","[1743474, 1651322, 1396869, 1738603, 1389508, 1744208, 1481080, 1622908, 1646778, 1396858]"
"CBN-Pla-E5-20150901","[1743474, 1392336, 1396869, 1359444, 1472808, 1393923, 1397386, 1392662, 1392314, 1651322]"
"CBN-Pla-E5-20160707","[1743474, 1396869, 1359444, 1491514, 1393923, 1393927]"
"CBN-Pla-E5-20160728","[1743474, 1651322, 1359444, 1396869, 1481080, 1397386, 1406473, 1738603, 1743819, 1658958]"
"CBN-Pla-E5-20180724","[1743474, 1393923, 1393474, 1360473, 1390388, 1628819, 1393927, 1743101, 1394596, 1390822]"
"CBN-Pla-E5-20180816","[1743474, 1394543, 1359444, 1744208, 1393923, 1738603, 1389508, 1744241, 1361530, 1392662]"
"CBN-Pla-E5-20180906","[1743474, 1651322, 1564349, 1392324, 1743819]"
"CBN-Pla-E5-20190723","[1743474, 1396869, 1393923, 1738603, 1390899, 1743819, 1418211, 1393927, 1395106]"
"CBN-Pla-E5-20190814","[1743474, 1396869, 1389508, 1743819, 1651322, 1392535, 1376496, 1738603, 1481080, 1744208]"
"CBN-Pla-E5-20200630","[1467321, 1744331, 1394531, 1744412, 1687910, 1737448, 1358187, 1357662, 1658958, 1366028]"
"CBN-Pla-E5-20200723","[1743474, 1396869, 1491514, 1394543, 1394643, 1390899, 1393923, 1744041, 1412857, 1744208]"
"CBN-Pla-E5-20200814","[1743474, 1741775, 1651358, 1743819, 1390822, 1744241, 1564349, 1396869, 1390899, 1361144]"
"CBN-Pla-E6-20130808","[1743474, 1393923, 1744241, 1393927, 1397193, 1564349, 1744208, 1390421, 1507261, 1743986]"
"CBN-Pla-E6-20130904","[1743474, 1651322, 1531441, 1743819, 1397046, 1742054, 1389508, 1396253, 1744208, 1395870]"
"CBN-Pla-E6-20140722","[1743474, 1361530, 1513952, 1743819, 1628819, 1395299, 1744569, 1548389, 1393927, 1742054]"
"CBN-Pla-E6-20140902","[1651322, 1743474, 1481080, 1531441, 1389508, 1391846, 1412857, 1513952, 1394531, 1392894]"
"CBN-Pla-E6-20150702","[1743474, 1393923, 1393927, 1390388, 1744208, 1359444, 1397299, 1361530, 1507261, 1744331]"
"CBN-Pla-E6-20150723","[1743474, 1651322, 1389508, 1359444, 1481080, 1744241, 1393964, 1472808, 1743819, 1742054]"
"CBN-Pla-E6-20150811","[1743474, 1743101, 1651322, 1742054, 1744208, 1359444, 1513952, 1389508, 1362098, 1744060]"
"CBN-Pla-E6-20150901","[1743474, 1744241, 1359444, 1744208, 1531441, 1743456, 1398244, 1507261, 1390822, 1392336]"
"CBN-Pla-E6-20160707","[1743474, 1393927, 1392330, 1390388, 1743963, 1744208, 1744331, 1390822, 1472808, 1392894]"
"CBN-Pla-E6-20160728","[1743474, 1393923, 1390822, 1361144, 1390899, 1744241, 1743819, 1651322, 1395106, 1396309]"
"CBN-Pla-E6-20180724","[1393923, 1743819, 1743101, 1628819, 1390870, 1668953, 1743474, 1360473, 1395299, 1393927]"
"CBN-Pla-E6-20180816","[1743474, 1744241, 1393923, 1744208, 1390822, 1359444, 1392662, 1657246, 1396691, 1393927]"
"CBN-Pla-E6-20180906","[1743474, 1651322, 1564349, 1359444, 1531441, 1362181, 1658958, 1744208, 1744241, 1396309]"
"CBN-Pla-E6-20190723","[1738603, 1390822, 1744208, 1363988, 1393923, 1743474, 1396569, 1393927, 1472808, 1359444]"
"CBN-Pla-E6-20190814","[1743474, 1741624, 1658958, 1651322, 1481080, 1389508, 1744208, 1396569, 1651358, 1741808]"
"CBN-Pla-E6-20200723","[1743474, 1744241, 1744208, 1412857, 1393927, 1357577, 1396869, 1389508, 1738603, 1394641]"
"CBN-Pla-E6-20200814","[1741624, 1743474, 1744241, 1359444, 1564349, 1744208, 1357608, 1742054, 1651322, 1741775]"
"CBN-Pla-F1-20130808","[1743474, 1393927, 1356042, 1744060, 1392894, 1358123, 1361071, 1395106, 1361273, 1393668]"
"CBN-Pla-F1-20130904","[1743474, 1389508, 1741624, 1502540, 1744041, 1392894, 1738603, 1473216, 1481080, 1359684]"
"CBN-Pla-F1-20140722","[1743474, 1502540, 1394349, 1391644, 1393927, 1398768, 1507261, 1548389, 1743819, 1513952]"
"CBN-Pla-F1-20140902","[1743474, 1359444, 1743819, 1392662, 1389508, 1744208, 1651322, 1359684, 1741624, 1391644]"
"CBN-Pla-F1-20150702","[1743474, 1744208, 1393927, 1399800, 1395106, 1393923, 1359444, 1743819, 1394414, 1394605]"
"CBN-Pla-F1-20150723","[1743474, 1393772, 1473216, 1507261, 1744041, 1359444, 1651322, 1397046, 1741624, 1628819]"
"CBN-Pla-F1-20150901","[1743474, 1359444, 1744208, 1392662, 1741624, 1737423, 1389508, 1744241, 1502795, 1389687]"
"CBN-Pla-F1-20160707","[1743474, 1651322, 1513952, 1737423, 1502540, 1481080, 1744208, 1738603, 1393927, 1392894]"
"CBN-Pla-F1-20160728","[1741624, 1743474, 1651322, 1359294, 1737423, 1364415, 1658958, 1424916, 1481080, 1580587]"
"CBN-Pla-F1-20180724","[1743474, 1393923, 1390822, 1393927, 1397299, 1737423, 1427718, 1743101, 1744208, 1668744]"
"CBN-Pla-F1-20180816","[1741624, 1743819, 1743474, 1580587, 1390822, 1359294, 1359444, 1743951, 1531035, 1738603]"
"CBN-Pla-F1-20180906","[1743474, 1744208, 1739219, 1743819, 1738603, 1728573, 1744241, 1389508, 1359444, 1389687]"
"CBN-Pla-F1-20190723","[1743474, 1393927, 1743819, 1741624, 1651322, 1389508, 1744060, 1395106, 1743963, 1738603]"
"CBN-Pla-F1-20190814","[1743474, 1397046, 1738603, 1651358, 1744060, 1651322, 1389508, 1399800, 1391644, 1741808]"
"CBN-Pla-F1-20200630","[1390822, 1737423, 1391644, 1743474, 1399730, 1513952, 1507182, 1744569, 1743903, 1393927]"
"CBN-Pla-F1-20200723","[1741624, 1738603, 1359294, 1395106, 1743474, 1359444, 1392662, 1481080, 1393927, 1744208]"
"CBN-Pla-F1-20200814","[1743474, 1651322, 1389508, 1502540, 1473216, 1744208, 1393927, 1658958, 1391644, 1393964]"
"CBN-Pla-F2-20130808","[1743474, 1390899, 1362181, 1393927, 1743819, 1738603, 1361273, 1737423, 1395106, 1394349]"
"CBN-Pla-F2-20130904","[1743474, 1361281, 1743819, 1513952, 1564349, 1744208, 1397046, 1394543, 1744060, 1481080]"
"CBN-Pla-F2-20140722","[1743474, 1744569, 1393927, 1513952, 1361273, 1668330, 1359444, 1743819, 1391764, 1390822]"
"CBN-Pla-F2-20140902","[1743474, 1651322, 1743819, 1392894, 1389508, 1392177, 1744208, 1744569]"
"CBN-Pla-F2-20150702","[1743474, 1744208, 1393927, 1393923, 1361273, 1743819, 1668744, 1359444]"
"CBN-Pla-F2-20150723","[1743474, 1389508, 1743819, 1361273, 1356419, 1743963, 1392894, 1741624, 1393927, 1744569]"
"CBN-Pla-F2-20150901","[1743474, 1743819, 1359444, 1361144, 1744208, 1393927, 1744241, 1396691, 1361273, 1389508]"
"CBN-Pla-F2-20160707","[1743474, 1359444, 1394543, 1392330, 1668744, 1361273, 1393927, 1651322]"
"CBN-Pla-F2-20160728","[1743474, 1651322, 1741624, 1743963, 1651358, 1513952, 1392894, 1389508, 1392177, 1361273]"
"CBN-Pla-F2-20180724","[1743474, 1737508, 1393923, 1489091, 1393927, 1489328, 1390822, 1744331, 1390899, 1743126]"
"CBN-Pla-F2-20180816","[1743474, 1741624, 1744208, 1390822, 1743819, 1393923, 1359444, 1738603]"
"CBN-Pla-F2-20180906","[1744208, 1743474, 1744241, 1743819, 1617119, 1739040, 1395718, 1389508, 1390822]"
"CBN-Pla-F2-20190723","[1390822, 1743474, 1744208, 1393927, 1744060, 1389508, 1738603, 1743963, 1390693, 1362098]"
"CBN-Pla-F2-20190814","[1743474, 1744208, 1389508, 1358463, 1359444, 1564349, 1651322, 1744060, 1738603, 1481080]"
"CBN-Pla-F2-20200630","[1564349, 1361579, 1628819, 1397299, 1399730, 1743474, 1513952, 1361144, 1390822, 1743819]"
"CBN-Pla-F2-20200723","[1741624, 1738603, 1743474, 1390822, 1744208, 1396869, 1393923, 1580587, 1743819, 1393927]"
"CBN-Pla-F2-20200814","[1743474, 1363506, 1651322, 1361273, 1743963, 1394543, 1389508]"
"CBN-Pla-F3-20130808","[1743474, 1393923, 1647338, 1744241, 1393927, 1737423, 1743819, 1628819, 1390899, 1481080]"
"CBN-Pla-F3-20130904","[1743474, 1481080, 1392894, 1394543, 1651322, 1743819, 1394643, 1361273, 1653641, 1391764]"
"CBN-Pla-F3-20140722","[1743474, 1743819, 1361273, 1628819, 1513952, 1743986, 1391764, 1390966, 1393927, 1392894]"
"CBN-Pla-F3-20140902","[1743474, 1651322, 1744569, 1394643, 1651485, 1502057, 1744208, 1481080, 1647506, 1507261]"
"CBN-Pla-F3-20150702","[1743474, 1393923, 1472808, 1393927, 1361144, 1390822, 1492519, 1744331, 1390899, 1491514]"
"CBN-Pla-F3-20150723","[1743474, 1651322, 1741624, 1513952, 1394643, 1744208, 1394543, 1395106, 1507261, 1491514]"
"CBN-Pla-F3-20150811","[1743474, 1651322, 1394643, 1359444, 1743393, 1737423, 1743819, 1507261, 1564349]"
"CBN-Pla-F3-20150901","[1743474, 1412857, 1744208, 1744241, 1398764, 1737423, 1743819, 1507261, 1392662, 1481080]"
"CBN-Pla-F3-20160707","[1743474, 1359444, 1392535, 1744208, 1393927, 1507261, 1651322, 1743963, 1513952, 1744331]"
"CBN-Pla-F3-20160728","[1743474, 1741624, 1651322, 1359294, 1744208, 1390822, 1744569, 1356419, 1359444, 1392894]"
"CBN-Pla-F3-20180724","[1743474, 1393923, 1563807, 1743101, 1668953, 1390822, 1394605, 1393927, 1744331, 1390899]"
"CBN-Pla-F3-20180816","[1743474, 1737423, 1412857, 1390822, 1743819, 1744208, 1393927, 1529410, 1743101, 1361273]"
"CBN-Pla-F3-20180906","[1743474, 1743819, 1737423, 1481080, 1394543, 1491514, 1744208, 1394596, 1744241, 1743986]"
"CBN-Pla-F3-20190723","[1743474, 1744208, 1737423, 1389017, 1393923, 1738603, 1390822, 1744331, 1394543, 1393927]"
"CBN-Pla-F3-20190814","[1743474, 1651322, 1394643, 1744208, 1743963, 1389508, 1392177, 1359444, 1743819, 1472808]"
"CBN-Pla-F3-20200630","[1628819, 1744569, 1743474, 1564349, 1513952, 1390388, 1390822, 1392894, 1361579, 1393927]"
"CBN-Pla-F3-20200723","[1743474, 1737423, 1744208, 1744241, 1393927, 1393923, 1481080, 1743819, 1359444, 1741775]"
"CBN-Pla-F3-20200814","[1743474, 1744208, 1389508, 1741775, 1737423, 1744241, 1359444, 1738603, 1390822, 1397046]"
"CBN-Pla-F4-20130808","[1743474, 1393923, 1390899, 1393927, 1362181, 1744224, 1361273, 1743819, 1744241, 1743421]"
"CBN-Pla-F4-20130904","[1743474, 1651322, 1358934, 1513952, 1669616, 1390822, 1531441, 1481080, 1394543, 1365482]"
"CBN-Pla-F4-20140722","[1743474, 1743819, 1513952, 1393927, 1361273, 1668744, 1393923, 1361579, 1744331, 1507182]"
"CBN-Pla-F4-20150723","[1651322, 1743474, 1389508, 1658958, 1744331, 1531441, 1398768, 1744060, 1481080, 1513952]"
"CBN-Pla-F4-20150811","[1651322, 1743474, 1647175, 1658958]"
"CBN-Pla-F4-20150901","[1743474, 1744241, 1742052, 1392336, 1481080, 1744208, 1737423, 1362098, 1361273, 1390899]"
"CBN-Pla-F4-20160707","[1743474, 1412857, 1651322, 1359444, 1361273, 1393927, 1668744, 1513952, 1743963, 1479531]"
"CBN-Pla-F4-20160728","[1743474, 1651322, 1481080, 1392341, 1394589, 1742054]"
"CBN-Pla-F4-20180724","[1743474, 1393923, 1743819, 1390822, 1743101, 1668744, 1452695, 1361169, 1389494, 1393927]"
"CBN-Pla-F4-20180816","[1743474, 1741624, 1412857, 1744241, 1743101, 1390822, 1390421, 1390643, 1743819, 1393923]"
"CBN-Pla-F4-20180906","[1743474, 1743819, 1394589, 1412857, 1744208, 1418439, 1744041, 1744241]"
"CBN-Pla-F4-20190723","[1743474, 1738603, 1393927, 1412857, 1390822, 1394312, 1744208]"
"CBN-Pla-F4-20190814","[1743474, 1651322, 1397046, 1739040, 1481080, 1394643, 1389508, 1743819, 1651358, 1513952]"
"CBN-Pla-F4-20200630","[1425584, 1397299, 1655003, 1513952, 1467321, 1668744, 1744412, 1357662, 1361144, 1744331]"
"CBN-Pla-F4-20200723","[1743474, 1393923, 1412857, 1744208, 1393927, 1743819, 1357577, 1744241, 1744331, 1743890]"
"CBN-Pla-F4-20200814","[1743474, 1744479, 1481080, 1392051, 1744241, 1647153, 1392044, 1396309, 1743819, 1361273]"
"CBN-Pla-F5-20130808","[1743474, 1393923, 1396253, 1393927, 1743101, 1397046, 1744241, 1743754, 1390899, 1394349]"
"CBN-Pla-F5-20130904","[1743474, 1651322, 1481080, 1392492, 1392894, 1389508, 1396253, 1558009, 1513952, 1473216]"
"CBN-Pla-F5-20140722","[1743474, 1743101, 1628819, 1390822, 1393923, 1743819, 1743986, 1393927, 1513952, 1507261]"
"CBN-Pla-F5-20140902","[1651322, 1743474, 1481080, 1531441, 1513952, 1744569, 1389508, 1392330, 1392492, 1744241]"
"CBN-Pla-F5-20150702","[1743474, 1393923, 1743101, 1393927, 1359444, 1492519, 1744635, 1360372, 1395106, 1390421]"
"CBN-Pla-F5-20150723","[1651322, 1743474, 1481080, 1389508, 1513952, 1361273, 1393927, 1658958]"
"CBN-Pla-F5-20150811","[1651322, 1361847, 1743474, 1389508, 1651358, 1741701, 1396869, 1394616, 1392330, 1651485]"
"CBN-Pla-F5-20150901","[1392336, 1743474, 1744241, 1744208, 1359444, 1357509, 1392662, 1741616, 1392318, 1481080]"
"CBN-Pla-F5-20160707","[1743474, 1393927, 1651322, 1513952, 1668744, 1393923, 1743986, 1742895, 1743963, 1358934]"
"CBN-Pla-F5-20160728","[1743474, 1651322, 1393923, 1393927, 1481080, 1359444, 1531441, 1396869, 1396253, 1398244]"
"CBN-Pla-F5-20180724","[1743101, 1393923, 1743474, 1628819, 1360473, 1390388, 1557427, 1395299, 1744208, 1457213]"
"CBN-Pla-F5-20180816","[1743474, 1397046, 1744241, 1396253, 1394999, 1481080, 1359444, 1390822, 1393923, 1395675]"
"CBN-Pla-F5-20180906","[1744241, 1743474, 1651322, 1531441, 1397386, 1744041, 1743819, 1473216, 1390899]"
"CBN-Pla-F5-20190723","[1744208, 1396253, 1390822, 1738603, 1393927, 1744241, 1743474, 1651358, 1394312, 1359444]"
"CBN-Pla-F5-20190814","[1743474, 1651322, 1744569, 1744241, 1397046, 1481080, 1743963, 1744041, 1389508, 1744208]"
"CBN-Pla-F5-20200723","[1393923, 1743474, 1744060, 1744241, 1390822, 1393927, 1393992, 1738603, 1361517, 1396691]"
"CBN-Pla-F5-20200814","[1744241, 1743474, 1394543, 1651322, 1738603, 1481080, 1389508, 1617119, 1390899, 1651358]"
"CBN-Pla-F6-20130808","[1743474, 1393927, 1393923, 1390899, 1362181, 1738603, 1356947, 1744241, 1395106, 1493082]"
"CBN-Pla-F6-20130904","[1743474, 1651322, 1389508, 1397046, 1396869, 1481080, 1507182, 1743819, 1396253, 1739040]"
"CBN-Pla-F6-20140722","[1743474, 1361530, 1513952, 1743819, 1361579, 1392330, 1743315, 1393927, 1390822, 1664414]"
"CBN-Pla-F6-20140902","[1651322, 1743474, 1391846, 1389508, 1481080, 1356589, 1744241, 1658958, 1531441, 1651358]"
"CBN-Pla-F6-20150702","[1393923, 1743474, 1393927, 1744208, 1390822, 1359444, 1743101, 1743819, 1492519, 1390388]"
"CBN-Pla-F6-20150723","[1744208, 1743474, 1744241, 1393927, 1744395, 1628819, 1425722, 1376496, 1531441, 1651322]"
"CBN-Pla-F6-20150811","[1743474, 1651322, 1396869, 1744208, 1389508, 1531441, 1651358, 1744241, 1481080, 1738603]"
"CBN-Pla-F6-20150901","[1743474, 1744241, 1359444, 1744208, 1395106, 1531441, 1397386, 1481080, 1389508, 1392175]"
"CBN-Pla-F6-20160707","[1743474, 1361530, 1393927, 1548389, 1651322, 1393923, 1472808, 1361273, 1744208, 1359444]"
"CBN-Pla-F6-20160728","[1743474, 1564349, 1744241, 1744208, 1359444, 1738603, 1390822, 1651322, 1389508, 1741775]"
"CBN-Pla-F6-20180724","[1743474, 1393923, 1743101, 1393927, 1743819, 1398699, 1390388, 1457213, 1628819, 1390899]"
"CBN-Pla-F6-20180816","[1651358, 1743474, 1394543, 1397386, 1393923, 1531441, 1646778]"
"CBN-Pla-F6-20180906","[1743474, 1531441, 1744241, 1651322, 1651358, 1397386, 1390822, 1481080, 1389508, 1506481]"
"CBN-Pla-F6-20190723","[1393923, 1743474, 1396253, 1741624, 1744241, 1393992, 1744208, 1390899, 1395106, 1744060]"
"CBN-Pla-F6-20190814","[1651322, 1389508, 1743474, 1744241, 1658958, 1390899, 1651358, 1743819, 1739040, 1376496]"
"CBN-Pla-F6-20200723","[1390899, 1743474, 1744041, 1738603, 1396869, 1376496, 1743819, 1395106, 1396253, 1393923]"
"CBN-Pla-F6-20200814","[1744241, 1743474, 1651322, 1389508, 1396253, 1396869, 1390899, 1481080, 1744208, 1741775]"
"CBN-Pyr-01-20230706","[1651322, 1396843, 1394444, 1398272, 1744241, 1481080, 1397386, 1622910, 1393462, 1359138]"
"CBN-Pyr-03-20230706","[1397512, 1743474, 1361281, 1396784, 1388793, 1395973, 1580587, 1395949, 1741560, 1396007]"
"CBN-can-A1-20230705","[1390421, 1392264, 1392608, 1744208, 1360299, 1397332, 1395807, 1743365, 1392612, 1389135]"
"CBN-can-A2-20230705","[1390421, 1392662, 1744208, 1458738, 1389929, 1392177, 1479531, 1397046, 1390966, 1361071]"
"CBN-can-A3-20230705","[1390421, 1412857, 1394643, 1395807, 1393200, 1744208, 1397332, 1741752, 1392608, 1396809]"
"CBN-can-A5-20230705","[1397475, 1358517, 1362650, 1390421, 1741661, 1361801, 1391648, 1392264, 1356052, 1395807]"
"CBN-can-A6-20230705","[1390421, 1397475, 1400101, 1741661, 1358517, 1395807, 1396971, 1391648, 1744208, 1390659]"
"CBN-can-B1-20230705","[1390421, 1392608, 1355995, 1392612, 1744208, 1395807, 1362745, 1397123, 1400159, 1358943]"
"CBN-can-B2-20230705","[1390421, 1400101, 1392264, 1392608, 1395807, 1479531, 1744208, 1392177, 1392614, 1355995]"
"CBN-can-B3-20230705","[1390421, 1412857, 1395870, 1393200, 1395807, 1394643, 1360269, 1390822, 1744208, 1595800]"
"CBN-can-B4-20230705","[1397475, 1358517, 1391648, 1400101, 1390421, 1744208, 1741661, 1360590, 1393874, 1358548]"
"CBN-can-B5-20230705","[1397475, 1390421, 1400101, 1358517, 1400159, 1391648, 1742895, 1741661, 1392535, 1389586]"
"CBN-can-B6-20230705","[1397475, 1390421, 1741661, 1393679, 1395870, 1397579, 1391648, 1395807, 1743365, 1743904]"
"CBN-can-C1-20230705","[1531441, 1744208, 1395807, 1393200, 1389508, 1393927, 1395870, 1391878, 1390822, 1361144]"
"CBN-can-C2-20230705","[1390421, 1395807, 1651322, 1392662, 1362745, 1360269, 1744208, 1393200, 1400159, 1617119]"
"CBN-can-C3-20230705","[1393679, 1395870, 1742895, 1395807, 1744208, 1393668, 1396317, 1360269, 1743904, 1396253]"
"CBN-can-C4-20230705","[1390421, 1395807, 1742895, 1357509, 1400159, 1392264, 1359268, 1409146, 1743904, 1361144]"
"CBN-can-D1-20230705","[1390421, 1395807, 1743474, 1360825, 1360269, 1742895, 1360036, 1628819, 1400159, 1395870]"
"CBN-can-D2-20230705","[1390421, 1412857, 1651322, 1389586, 1393923, 1743474, 1744208, 1395807, 1393679, 1395106]"
"CBN-can-D3-20230705","[1744241, 1395807, 1393200, 1472691, 1397432, 1396253, 1361892, 1741775, 1359086, 1743474]"
"CBN-can-D4-20230705","[1400101, 1395807, 1390421, 1744241, 1392612, 1360780, 1392535, 1392541, 1396253, 1742895]"
"CBN-can-E1-20230706","[1390421, 1392612, 1392608, 1394542, 1651322, 1392662, 1395807, 1355995, 1743474, 1358463]"
"CBN-can-E2-20230706","[1395807, 1651322, 1395870, 1390421, 1744241, 1531441, 1743474, 1392264, 1392336, 1363275]"
"CBN-can-E3-20230706","[1651322, 1381430, 1531441, 1397430, 1390421, 1392534, 1395807, 1392535, 1419915, 1395870]"
"CBN-can-E4-20230706","[1397430, 1651322, 1361721, 1531441, 1744208, 1744241, 1392662, 1393665, 1360874, 1397129]"
"CBN-can-E5-20230706","[1392608, 1390421, 1392612, 1531441, 1395807, 1651322, 1743474, 1360299, 1654025, 1744208]"
"CBN-can-E6-20230706","[1395807, 1390421, 1392541, 1392535, 1397450, 1392552, 1392264, 1651322, 1395870, 1744241]"
"CBN-can-F1-20230705","[1651322, 1392561, 1392541, 1392535, 1743474, 1390421, 1419915, 1395807, 1394613, 1397535]"
"CBN-can-F2-20230706","[1651322, 1390421, 1395807, 1395870, 1397129, 1400159, 1396253, 1360269, 1392561, 1394911]"
"CBN-can-F3-20230706","[1531441, 1397430, 1742895, 1395807, 1651322, 1397450, 1743583, 1743474, 1392774, 1360910]"
"CBN-can-F4-20230706","[1397430, 1390421, 1531441, 1651322, 1395870, 1397386, 1622908, 1360269, 1395807, 1393684]"
"CBN-can-F5-20230706","[1390421, 1392608, 1531441, 1651322, 1397129, 1392336, 1392264, 1398374, 1360299, 1392612]"
"GUARDEN-AMB-CF04-1-10-20240325","[1359344, 1452750, 1360978, 1393522, 1363882, 1531432, 1390421, 1393964, 1390761, 1393770]"
"GUARDEN-AMB-CF04-1-5-20240325","[1363882, 1358333, 1363302, 1392181, 1359344, 1452750, 1390421, 1651204, 1389586, 1357509]"
"GUARDEN-AMB-CF21-1-1-20240326","[1388812, 1491514, 1357593, 1390421, 1393474, 1531432, 1359344, 1356055, 1743244, 1361996]"
"GUARDEN-AMB-CF21-1-10-20240326","[1722619, 1452695, 1363302, 1361552, 1741758, 1651204, 1361511, 1360910, 1362251, 1357593]"
"GUARDEN-AMB-CF21-1-2-20240326","[1360719, 1359344, 1390421, 1358203, 1664940, 1363302, 1393474, 1361412, 1361703, 1651204]"
"GUARDEN-AMB-CF21-1-3-20240326","[1359344, 1360719, 1393522, 1390761, 1722441, 1358203, 1531432, 1356055, 1363302, 1360549]"
"GUARDEN-AMB-CF21-1-4-20240326","[1359344, 1360978, 1721018, 1363302, 1563807, 1531432, 1359297, 1491514, 1361019, 1359084]"
"GUARDEN-AMB-CF21-1-5-20240326","[1359344, 1390421, 1531432, 1392181, 1359297, 1363302, 1722619, 1357509, 1491514, 1389250]"
"GUARDEN-AMB-CF21-1-6-20240326","[1359344, 1722619, 1393474, 1531432, 1721018, 1361703, 1356055, 1359297, 1491514, 1363302]"
"GUARDEN-AMB-CF21-1-7-20240326","[1722619, 1361088, 1359344, 1388812, 1721018, 1360719, 1357509, 1390421, 1360272, 1564301]"
"GUARDEN-AMB-CF21-1-8-20240326","[1359344, 1722619, 1531432, 1363302, 1361412, 1359297, 1390761, 1452695, 1392181, 1741758]"
"GUARDEN-AMB-CF21-1-9-20240326","[1722619, 1390421, 1392181, 1357742, 1357509, 1360910, 1452750, 1361996, 1744190, 1531432]"
"GUARDEN-AMB-GV04-1-3-20240326","[1359297, 1359344, 1363700, 1491514, 1361412, 1359298, 1393474, 1391532, 1388812, 1531432]"
"GUARDEN-AMB-GV04-1-4-20240326","[1359297, 1359344, 1356282, 1569358, 1363700, 1573015, 1531432, 1391532, 1617119, 1397317]"
"GUARDEN-AMB-GV04-1-5-20240326","[1359297, 1390421, 1363700, 1391532, 1358581, 1363593, 1389228, 1359298, 1359344, 1391092]"
"GUARDEN-AMB-GV04-1-6-20240326","[1359297, 1359344, 1363700, 1531432, 1357509, 1397317, 1391532, 1359723, 1361416, 1743951]"
"GUARDEN-AMB-GV04-1-7-20240326","[1359297, 1363882, 1357509, 1390421, 1363700, 1617119, 1392579, 1394345, 1356839, 1531432]"
"GUARDEN-AMB-PR13-1-10-20240417","[1359297, 1721018, 1390421, 1360701, 1397698, 1531432, 1363593, 1359406, 1419915, 1359322]"
"GUARDEN-AMB-PR13-1-2-20240417","[1360701, 1721018, 1359297, 1364037, 1467321, 1393474, 1491514, 1396309, 1393652, 1393441]"
"GUARDEN-AMB-PR13-1-3-20240417","[1360701, 1721018, 1359297, 1359344, 1364037, 1393770, 1390421, 1396309, 1722619, 1491514]"
"GUARDEN-AMB-PR13-1-4-20240417","[1364037, 1721018, 1722433, 1359452, 1651204, 1393522, 1395150, 1396309, 1390421, 1361416]"
"GUARDEN-AMB-PR13-1-8-20240417","[1359344, 1359297, 1721018, 1722619, 1563807, 1363700, 1390421, 1491514, 1394331, 1391532]"
"GUARDEN-AMB-PR20-1-1-20240424","[1722441, 1722433, 1393522, 1361412, 1651204, 1737441, 1647823, 1359452, 1722619, 1392177]"
"GUARDEN-AMB-PR20-1-10-20240424","[1359297, 1359344, 1393770, 1495399, 1743244, 1744534, 1357980, 1721018, 1356282, 1399730]"
"GUARDEN-AMB-PR20-1-8-20240424","[1359344, 1359297, 1394414, 1361412, 1419915, 1722506, 1360701, 1651204, 1722441, 1393522]"
"GUARDEN-AMB-SA03-1-1-20240626","[1722433, 1359344, 1722441, 1361412, 1359452, 1393522, 1359297, 1361117, 1722619, 1563807]"
"GUARDEN-AMB-SA03-1-10-20240626","[1742852, 1392177, 1390421, 1356333, 1358609, 1479531, 1664444, 1361732, 1391661, 1744208]"
"GUARDEN-AMB-SA03-1-2-20240626","[1359344, 1722441, 1393522, 1390421, 1738652, 1361412, 1359297, 1743244, 1363434, 1744534]"
"GUARDEN-AMB-SA03-1-3-20240626","[1359344, 1722619, 1359297, 1390421, 1358203, 1393770, 1396898, 1645890, 1743244, 1357509]"
"GUARDEN-AMB-SA03-1-4-20240626","[1359344, 1722619, 1390421, 1360978, 1359297, 1744208, 1360968, 1360973, 1393921, 1360965]"
"GUARDEN-AMB-SA03-1-5-20240626","[1359344, 1360719, 1360978, 1359297, 1722441, 1359413, 1359424, 1393522, 1563807, 1392699]"
"GUARDEN-AMB-SA03-1-9-20240626","[1359297, 1359344, 1356905, 1392181, 1356333, 1390421, 1531432, 1741758, 1743365, 1357950]"
"GUARDEN-AMB-VC03-1-3-20240417","[1359344, 1356905, 1390421, 1360719, 1356907, 1391532, 1356904, 1531432, 1419915, 1357848]"
"GUARDEN-AMB-VC03-1-4-20240417","[1359344, 1356905, 1390421, 1359297, 1356907, 1357509, 1391532, 1363700, 1392177, 1531432]"
"GUARDEN-AMB-VC03-1-5-20240417","[1359297, 1356905, 1356907, 1390421, 1359169, 1391532, 1357509, 1392775, 1531432, 1359344]"
"GUARDEN-AMB-VC03-1-6-20240417","[1359344, 1359297, 1392181, 1391532, 1390421, 1363700, 1356905, 1357509, 1722619, 1531432]"
"GUARDEN-CBNMed-10-1-16-34-20240429","[1358503, 1358509, 1393367, 1393366, 1361001, 1359081, 1722409, 1392024, 1743393, 1361000]"
"GUARDEN-CBNMed-10-10-17-19-20240429","[1358613, 1743448, 1356576, 1359677, 1360260, 1548487, 1684273, 1359678, 1363823]"
"GUARDEN-CBNMed-10-5-16-55-20240429","[1356785, 1358613, 1356784, 1358503, 1357111, 1393254, 1393632, 1392024, 1356792, 1358509]"
"GUARDEN-CBNMed-10-6-17-02-20240429","[1356785, 1358613, 1359678, 1393632, 1356784, 1422538, 1360260, 1363814, 1359677, 1360317]"
"GUARDEN-CBNMed-10-7-17-05-20240429","[1358613, 1360260, 1357111, 1743648, 1743448, 1358509, 1357099, 1457212, 1737490, 1356785]"
"GUARDEN-CBNMed-10-8-17-11-20240429","[1358613, 1360260, 1743448, 1356576, 1684273]"
"GUARDEN-CBNMed-10-9-17-16-20240429","[1358613, 1358503, 1392024, 1356576, 1358509, 1393370, 1743448, 1744860, 1360260, 1722409]"
"GUARDEN-CBNMed-14-3-9-45-20240429","[1363823, 1356728, 1356729, 1364048, 1356145, 1360578, 1359678, 1743448, 1362990, 1684273]"
"GUARDEN-CBNMed-14-4-9-49-20240429","[1363823, 1362990, 1722416, 1356728, 1359676, 1356145, 1360272, 1359678, 1422538, 1356729]"
"GUARDEN-CBNMed-14-9-10-09-20240429","[1363823, 1359677, 1359678, 1357509, 1360267, 1360101, 1359662, 1362990, 1359676, 1395014]"
"GUARDEN-CBNMed-15-10-12-17-20240429","[1361363, 1473216, 1363468, 1391357, 1363751, 1357351, 1396416, 1422217, 1502112, 1390421]"
"GUARDEN-CBNMed-15-5-11-44-20240429","[1363468, 1364171, 1361190, 1356646, 1363467, 1400159, 1424343, 1357351, 1363823, 1632962]"
"GUARDEN-CBNMed-15-7-12-02-20240429","[1363468, 1364171, 1358478, 1356729, 1391410, 1393679, 1363492, 1361363, 1360931, 1361190]"
"GUARDEN-CBNMed-15-9-12-15-20240429","[1394523, 1361363, 1363468, 1422217, 1357351, 1363501, 1361117, 1363403, 1390421, 1363413]"
"GUARDEN-CBNMed-16-1-13-37-20240429","[1357114, 1722409, 1744243, 1357120, 1390421, 1390541, 1361892, 1457212, 1360267, 1359216]"
"GUARDEN-CBNMed-16-10-14-33-20240429","[1722409, 1744243, 1363707, 1361005, 1390541, 1361002, 1359546, 1361000, 1393365, 1587724]"
"GUARDEN-CBNMed-16-2-13-45-20240429","[1363707, 1359548, 1722409, 1359216, 1390541, 1587724, 1502212, 1392324, 1357848, 1397344]"
"GUARDEN-CBNMed-16-3-13-51-20240429","[1363707, 1359548, 1397517, 1361005, 1390541, 1744243, 1502610, 1359216, 1587724, 1361169]"
"GUARDEN-CBNMed-16-4-13-57-20240429","[1722409, 1363707, 1744243, 1361001, 1399609, 1390541, 1393366, 1361000, 1361005, 1393364]"
"GUARDEN-CBNMed-16-6-14-07-20240429","[1722409, 1744243, 1393365, 1361001, 1432776, 1363707, 1361892, 1359546, 1360655, 1399609]"
"GUARDEN-CBNMed-16-7-14-1-20240429","[1722409, 1744243, 1432776, 1564286, 1668024]"
"GUARDEN-CBNMed-16-8-14-14-20240429","[1722409, 1361892, 1744243, 1564286, 1360999, 1392317, 1361001, 1399609, 1361000, 1363236]"
"GUARDEN-CBNMed-17-3-10-56-20240429","[1361106, 1363328, 1361574, 1361569, 1452695]"
"GUARDEN-CBNMed-17-5-11-2-20240429","[1363328, 1391163, 1414353, 1422218, 1422217, 1359172, 1458419, 1391355, 1743317, 1363292]"
"GUARDEN-CBNMed-19-1-15-24-20240429","[1357293, 1357743, 1396055, 1358478, 1363468, 1355964, 1399397, 1357594, 1396063, 1361926]"
"GUARDEN-CBNMed-19-10-16-02-20240429","[1361926, 1358478, 1396063, 1396055, 1399397, 1358463, 1389291, 1362327, 1743313, 1741677]"
"GUARDEN-CBNMed-19-2-15-31-20240429","[1358478, 1361926, 1361363, 1396416, 1363526, 1744241, 1394523, 1361245, 1741775, 1396055]"
"GUARDEN-CBNMed-19-3-15-35-20240429","[1356323, 1393453, 1364171, 1390421, 1414353, 1363468, 1396416, 1357815, 1419915, 1363492]"
"GUARDEN-CBNMed-19-4-15-39-20240429","[1358478, 1361926, 1396063, 1396055, 1390421, 1363805, 1363468, 1389508, 1399397, 1389291]"
"GUARDEN-CBNMed-19-5-15-44-20240429","[1358478, 1361926, 1396063, 1358326, 1399397, 1396055, 1358460, 1359138, 1358477, 1390421]"
"GUARDEN-CBNMed-19-6-15-48-20240429","[1361117, 1357815, 1394523, 1361363, 1363476, 1358478, 1357682, 1741677, 1390421]"
"GUARDEN-CBNMed-19-7-15-51-20240429","[1364168, 1358478, 1396832, 1396063, 1364167, 1361926, 1357947, 1390421, 1358463, 1396055]"
"GUARDEN-CBNMed-19-8-15-53-20240429","[1357815, 1364168, 1396832, 1357947, 1472691, 1744060, 1363468, 1390421, 1359483, 1397420]"
"GUARDEN-CBNMed-19-9-15-58-20240429","[1358478, 1396055, 1361926, 1396063, 1399397, 1396416, 1394523, 1637710, 1390421, 1395253]"
"GUARDEN-CBNMed-20-1-9-35-20240428","[1360443, 1398721, 1364040, 1360445, 1364039, 1399609, 1395707, 1743407, 1392507, 1363706]"
"GUARDEN-CBNMed-20-10-10-31-20240428","[1359216, 1360999, 1432776, 1392324, 1743244, 1495441, 1502212]"
"GUARDEN-CBNMed-20-8-10-19-20240428","[1360999, 1473216, 1743244, 1392324]"
"GUARDEN-CBNMed-20-9-10-23-20240428","[1359216, 1392341, 1398721, 1361005, 1392513, 1392324, 1743244, 1360999, 1502212, 1359595]"
"GUARDEN-CBNMed-21-10-11-42-20240428","[1392324, 1392317, 1360999, 1396355, 1744625]"
"GUARDEN-CBNMed-21-2-11-07-20240428","[1360999, 1392324, 1357672, 1363424, 1357114, 1398721, 1396355, 1397376, 1356397, 1392636]"
"GUARDEN-CBNMed-21-3-11-09-20240428","[1388770, 1393365, 1393364, 1392324, 1359595, 1357122, 1357114, 1395962, 1393992, 1432776]"
"GUARDEN-CBNMed-21-6-11-17-20240428","[1360204, 1357114, 1393992, 1361412, 1388770, 1388990, 1357120, 1356305, 1664603, 1392324]"
"GUARDEN-CBNMed-21-8-11-23-20240428","[1357114, 1357122, 1358326, 1357120, 1400162, 1432776, 1362454, 1398781, 1356305, 1392417]"
"GUARDEN-CBNMed-21-9-11-32-20240428","[1393992, 1361412, 1399609, 1388990, 1400154, 1389017]"
"GUARDEN-CBNMed-22-1-13-39-20240428","[1370637, 1358577, 1360054, 1393547, 1358257, 1389242, 1722625, 1358340, 1357672, 1722522]"
"GUARDEN-CBNMed-22-10-14-48-20240428","[1743244, 1394944, 1390421, 1744534]"
"GUARDEN-CBNMed-22-2-14-05-20240428","[1722522, 1722521, 1722625, 1389494, 1743297, 1398721]"
"GUARDEN-CBNMed-22-5-14-21-20240428","[1722522, 1722521, 1722625, 1743244]"
"GUARDEN-CBNMed-22-6-14-23-20240428","[1722522, 1722521, 1722625, 1395727, 1390421, 1363200]"
"GUARDEN-CBNMed-22-7-14-25-20240428","[1722522, 1722521, 1722625, 1452062, 1363200, 1389495, 1743244]"
"GUARDEN-CBNMed-22-9-14-42-20240428","[1722522, 1722625, 1722521, 1395727, 1390421]"
"GUARDEN-CBNMed-23-1-9-56-20240428","[1360999, 1363275, 1392317, 1396838, 1743472, 1392282, 1361092, 1361000, 1452695, 1743244]"
"GUARDEN-CBNMed-23-10-10-42-20240428","[1399609, 1359216, 1357771, 1392725, 1564301, 1357630, 1743244, 1432776, 1647348, 1359406]"
"GUARDEN-CBNMed-23-3-10-14-20240428","[1399609, 1357114, 1359216, 1357771, 1400062, 1432776, 1392725, 1722506, 1743244, 1357769]"
"GUARDEN-CBNMed-23-4-10-17-20240428","[1399609, 1743244, 1357771, 1357769, 1564301, 1357911, 1741560, 1392324, 1396838, 1564646]"
"GUARDEN-CBNMed-23-5-10-21-20240428","[1360711, 1399609, 1359216, 1361005, 1360701, 1360709, 1390956, 1564301, 1360999, 1392509]"
"GUARDEN-CBNMed-23-6-10-24-20240428","[1393365, 1399609, 1393364, 1395962, 1360999, 1392725, 1361005, 1357769, 1357630, 1392682]"
"GUARDEN-CBNMed-23-7-10-28-20240428","[1393365, 1399609, 1393364, 1360999, 1395962, 1361005, 1357771, 1392725, 1357911, 1512782]"
"GUARDEN-CBNMed-23-8-10-34-20240428","[1399609, 1356271, 1564301, 1392725, 1360204, 1357769, 1359216, 1647135, 1647348]"
"GUARDEN-CBNMed-23-9-10-39-20240428","[1399609, 1502212, 1356271, 1743244, 1358463, 1414353, 1432776, 1363467, 1390541, 1359216]"
"GUARDEN-CBNMed-24-10-13-06-20240428","[1396809, 1400159, 1357672, 1457868, 1651322, 1400154, 1392330, 1360303, 1361892, 1479524]"
"GUARDEN-CBNMed-24-2-12-04-20240428","[1362462, 1357951, 1396809, 1361541, 1360978, 1398740, 1390734, 1357351, 1502112]"
"GUARDEN-CBNMed-24-3-12-15-20240428","[1390740, 1357351, 1362990, 1390734, 1664603, 1357951, 1390421, 1360101, 1518844, 1479531]"
"GUARDEN-CBNMed-24-5-12-36-20240428","[1390740, 1360711, 1357672, 1390734, 1357351, 1390956, 1364171, 1502057, 1502795, 1357509]"
"GUARDEN-CBNMed-24-6-12-46-20240428","[1360711, 1360701, 1360709, 1364171, 1357951, 1392699, 1390956, 1360437, 1357509, 1355870]"
"GUARDEN-CBNMed-24-7-12-54-20240428","[1360709, 1360711, 1360701, 1360715, 1357672, 1360719, 1397420, 1426088, 1357848, 1357509]"
"GUARDEN-CBNMed-24-8-14-58-20240428","[1397420, 1357672, 1390421, 1664603, 1357509, 1396809, 1400159, 1360701, 1359804, 1400062]"
"GUARDEN-CBNMed-24-9-13-02-20240428","[1357672, 1400159, 1399848, 1664603, 1396809, 1389586, 1400062]"
"GUARDEN-CBNMed-25-1-13-52-20240428","[1360739, 1361892, 1394527, 1363236, 1357951, 1360798, 1357509, 1363232, 1396883, 1357672]"
"GUARDEN-CBNMed-25-10-14-49-20240428","[1357743, 1357981, 1357293, 1394527, 1357968, 1357980, 1573648, 1529395, 1744795, 1744498]"
"GUARDEN-CBNMed-25-2-13-57-20240428","[1684273, 1397420, 1360578, 1396809, 1390993, 1743244, 1647348, 1400159, 1394527]"
"GUARDEN-CBNMed-25-3-14-06-20240428","[1394527, 1397420, 1357815, 1357682, 1399609, 1392324, 1393418]"
"GUARDEN-CBNMed-25-4-14-15-20240428","[1357815, 1357743, 1357293, 1394527, 1397420, 1357672, 1393418, 1355941, 1360712, 1396809]"
"GUARDEN-CBNMed-25-7-14-28-20240428","[1357981, 1684273, 1363823, 1360578, 1356145, 1357509, 1360272, 1479524, 1390421, 1360557]"
"GUARDEN-CBNMed-25-8-14-39-20240428","[1357743, 1357293, 1357981, 1357980, 1357509, 1388921, 1493662, 1357968, 1742109, 1721558]"
"GUARDEN-CBNMed-25-9-14-43-20240428","[1357981, 1357815, 1744795, 1357980, 1664444]"
"GUARDEN-CBNMed-26-10-10-01-20240428","[1359344, 1360739, 1358164, 1400159, 1518628]"
"GUARDEN-CBNMed-26-6-9-34-20240428","[1738652, 1722619, 1743249, 1473216, 1357497, 1358386, 1743244, 1361519, 1357492, 1513498]"
"GUARDEN-CBNMed-26-8-9-45-20240428","[1359344, 1722441, 1389250, 1722433]"
"GUARDEN-CBNMed-26-9-9-48-20240428","[1359344, 1491514, 1563807, 1388812, 1359297, 1722441, 1389250]"
"GUARDEN-CBNMed-27-1-11-17-20240428","[1360054, 1450849, 1722522, 1399485, 1360036, 1357509, 1493662, 1393547, 1396290]"
"GUARDEN-CBNMed-27-10-11-55-20240428","[1722522, 1357672, 1722521, 1722625, 1743244, 1743979, 1668330]"
"GUARDEN-CBNMed-27-2-11-32-20240428","[1396290, 1360054, 1394915]"
"GUARDEN-CBNMed-27-3-11-36-20240428","[1722522, 1722625, 1722521, 1360054, 1389494, 1743393, 1357509, 1363200, 1363339, 1452695]"
"GUARDEN-CBNMed-27-4-11-39-20240428","[1722522, 1722625, 1722521, 1398721, 1389494, 1363200, 1743244, 1395727]"
"GUARDEN-CBNMed-27-5-11-4-20240428","[1722522, 1722625, 1722521, 1398721, 1743244, 1399273, 1363200, 1389494, 1452689, 1419915]"
"GUARDEN-CBNMed-27-6-11-42-20240428","[1722522, 1722521, 1398721, 1452689, 1722625, 1743244, 1389494, 1363814, 1743297, 1389495]"
"GUARDEN-CBNMed-27-7-11-43-20240428","[1722522, 1722521, 1722625, 1363200]"
"GUARDEN-CBNMed-27-8-11-45-20240428","[1722522, 1722521, 1722625, 1743244, 1389494, 1397376, 1399730, 1398721, 1743297]"
"GUARDEN-CBNMed-27-9-11-47-20240428","[1360054, 1722522, 1722521, 1722625, 1389328]"
"GUARDEN-CBNMed-28-1-12-46-20240428","[1722522, 1722521, 1722625, 1363200, 1389494, 1743244]"
"GUARDEN-CBNMed-28-10-13-23-20240428","[1360558, 1357705, 1396007, 1395940, 1393548]"
"GUARDEN-CBNMed-28-2-12-48-20240428","[1722522, 1722521, 1722625, 1743407]"
"GUARDEN-CBNMed-28-3-12-51-20240428","[1722522, 1722521, 1722625, 1363200]"
"GUARDEN-CBNMed-28-4-12-52-20240428","[1360054, 1722522, 1722521, 1744395, 1370637, 1357705, 1722625, 1647338, 1394915, 1743297]"
"GUARDEN-CBNMed-28-5-13-02-20240428","[1360054, 1390954, 1742852, 1357672, 1722521, 1744395, 1647348, 1391661, 1722522, 1370637]"
"GUARDEN-CBNMed-28-6-13-06-20240428","[1357705, 1722522, 1722521, 1743244, 1722625, 1394915, 1389494, 1398721]"
"GUARDEN-CBNMed-28-7-13-11-20240428","[1357705, 1722522, 1361412, 1722521, 1722625, 1361273, 1360558, 1363200, 1742852, 1395727]"
"GUARDEN-CBNMed-28-8-13-14-20240428","[1357705, 1722522, 1722521, 1360558, 1737490, 1722625, 1743244]"
"GUARDEN-CBNMed-28-9-13-17-20240428","[1722522, 1722521, 1722625, 1361412, 1357705, 1399609, 1360558]"
"GUARDEN-CBNMed-29-6-14-31-20240428","[1360719, 1359344, 1722433, 1360701, 1359297, 1357848, 1722441, 1651204, 1358537, 1357509]"
"GUARDEN-CBNMed-29-7-14-34-20240428","[1360701, 1360719, 1361412, 1358577, 1361354, 1358537, 1361703, 1363181, 1493109, 1721018]"
"GUARDEN-CBNMed-30-1-16-07-20240428","[1394019, 1361953, 1393770, 1361412, 1362100, 1361986, 1358203, 1383109, 1651204, 1361960]"
"GUARDEN-CBNMed-30-10-16-41-20240428","[1359344, 1722433, 1358203, 1361412, 1359297, 1360701, 1493109, 1722578, 1390421, 1651204]"
"GUARDEN-CBNMed-30-2-16-23-20240428","[1359344, 1357227, 1357713, 1394664, 1573015, 1357651, 1359297, 1645890, 1389250, 1390421]"
"GUARDEN-CBNMed-30-4-16-3-20240428","[1359344, 1357227, 1357713, 1388812, 1389250, 1357651, 1394664, 1393494, 1398443, 1396883]"
"GUARDEN-CBNMed-30-6-16-34-20240428","[1359344, 1357227, 1357713, 1357651, 1398443, 1396883, 1722619, 1393498, 1497825, 1364148]"
"GUARDEN-CBNMed-30-7-16-35-20240428","[1359344, 1357227, 1493109, 1363181, 1390421, 1358203, 1360701, 1359297, 1357651, 1393498]"
"GUARDEN-CBNMed-30-8-16-37-20240428","[1359344, 1396883, 1358203, 1357227, 1364148, 1357713, 1398443, 1357651, 1357514, 1362332]"
"GUARDEN-CBNMed-30-9-16-4-20240428","[1359344, 1396883, 1357227, 1364148, 1357713, 1394664, 1744860, 1357465, 1357651, 1393494]"
"GUARDEN-CBNMed-31-1-9-37-20240428","[1393770, 1359952, 1359356, 1359965, 1359813, 1363751, 1400159, 1359342, 1742895, 1359442]"
"GUARDEN-CBNMed-31-10-10-06-20240428","[1414353, 1422217, 1393770, 1744001, 1361416, 1414367, 1722578, 1422218, 1651204, 1361412]"
"GUARDEN-CBNMed-31-2-9-4-20240428","[1355977, 1363433, 1358581, 1358548, 1392176, 1393770, 1358538, 1363446, 1398740, 1358590]"
"GUARDEN-CBNMed-31-3-9-44-20240428","[1393770, 1359356, 1390421, 1359342, 1359009, 1363751, 1564349, 1355977, 1396726, 1651204]"
"GUARDEN-CBNMed-31-4-9-48-20240428","[1355977, 1393770, 1358581, 1357227, 1396726, 1392176, 1359353, 1398443, 1394664, 1359356]"
"GUARDEN-CBNMed-31-5-9-51-20240428","[1393770, 1359342, 1359356, 1359353, 1493109, 1359537, 1564349, 1396726, 1363751, 1581618]"
"GUARDEN-CBNMed-31-6-9-54-20240428","[1363882, 1393770, 1359356, 1388812, 1363181, 1363751, 1359342, 1390421, 1493109, 1399609]"
"GUARDEN-CBNMed-31-7-9-56-20240428","[1363882, 1393770, 1722578, 1744001, 1359342, 1743317, 1359356, 1400159, 1722433, 1493109]"
"GUARDEN-CBNMed-31-8-10-20240428","[1422217, 1414353, 1722578, 1744001, 1414367, 1396726, 1393770, 1358653, 1359009, 1361416]"
"GUARDEN-CBNMed-31-9-10-02-20240428","[1393770, 1722578, 1422217, 1398443, 1414353, 1744001, 1359342, 1394664, 1361117, 1356169]"
"GUARDEN-CBNMed-32-1-11-46-20240428","[1399609, 1392725, 1397398, 1357630, 1359009, 1564370, 1358968, 1564438, 1396726, 1564296]"
"GUARDEN-CBNMed-32-10-13-12-20240428","[1396726, 1393770, 1564370, 1359965, 1359952, 1359356, 1744041, 1359009, 1564317, 1564296]"
"GUARDEN-CBNMed-32-2-11-58-20240428","[1452695, 1359965, 1359952, 1359009, 1564370, 1396726, 1452750, 1743819, 1358968, 1452585]"
"GUARDEN-CBNMed-32-3-12-01-20240428","[1393770, 1564370, 1359356, 1396726, 1359009, 1564310, 1564296, 1359342, 1564438, 1363751]"
"GUARDEN-CBNMed-32-4-12-12-20240428","[1499783, 1358968, 1359009, 1564438, 1396726, 1564370, 1357509, 1564296, 1564287, 1363751]"
"GUARDEN-CBNMed-32-9-13-07-20240428","[1393770, 1359952, 1358478, 1359965, 1396063, 1359356, 1396055]"
"GUARDEN-CBNMed-33-1-14-48-20240428","[1399609, 1397398, 1392725, 1357630, 1357004, 1396165, 1509616, 1737651, 1362179, 1742400]"
"GUARDEN-CBNMed-33-10-15-59-20240428","[1361412, 1397498, 1357004, 1363882, 1399609, 1357026, 1357630, 1357293, 1357743, 1356839]"
"GUARDEN-CBNMed-33-2-15-01-20240428","[1399609, 1357630, 1392725, 1397398, 1509616, 1357004, 1737651, 1361412, 1502387, 1493646]"
"GUARDEN-CBNMed-33-3-15-04-20240428","[1399609, 1392725, 1357630, 1397398, 1361412, 1509616, 1737651, 1502795, 1737490, 1363526]"
"GUARDEN-CBNMed-33-4-15-26-20240428","[1399609, 1646477, 1358478, 1392725, 1361412, 1397398, 1742400, 1357509, 1399736, 1396055]"
"GUARDEN-CBNMed-33-5-15-29-20240428","[1358478, 1399609, 1396063, 1397398, 1361926, 1396055, 1357630, 1392725, 1396057, 1512539]"
"GUARDEN-CBNMed-33-6-15-36-20240428","[1399609, 1397398, 1357630, 1392725, 1737651, 1509616, 1529395, 1358478, 1388812, 1361412]"
"GUARDEN-CBNMed-33-7-15-43-20240428","[1357004, 1399609, 1357026, 1396290, 1358478, 1396274, 1357025, 1392725, 1389342, 1357207]"
"GUARDEN-CBNMed-33-8-15-5-20240428","[1399609, 1392725, 1397398, 1357630, 1509616, 1737651, 1361412, 1389250, 1362251, 1362179]"
"GUARDEN-CBNMed-33-9-15-56-20240428","[1422217, 1399609, 1358349, 1397398, 1363882, 1414367, 1422218, 1414353, 1392725, 1357630]"
"GUARDEN-CBNMed-38-1-12-58-20240428","[1395162, 1360321, 1360326, 1363850, 1395158, 1437245, 1363849, 1414366, 1395169, 1637411]"
"GUARDEN-CBNMed-38-4-14-39-20240428","[1395162, 1437245, 1395169, 1637411, 1356040, 1397503, 1637419, 1395168, 1359595, 1392608]"
"GUARDEN-CBNMed-38-6-15-04-20240428","[1360711, 1360709, 1395162, 1395169, 1637411, 1437245, 1360715, 1395168, 1360299, 1356300]"
"GUARDEN-CBNMed-39-10-12-02-20240531","[1360711, 1360709, 1398272, 1394330, 1414366, 1360771, 1389687, 1414353, 1414356, 1720971]"
"GUARDEN-CBNMed-39-7-11-3-20240531","[1422217, 1362951, 1394627, 1414354, 1720971, 1389687, 1398272, 1360709, 1356066, 1422218]"
"GUARDEN-CBNMed-39-8-11-39-20240531","[1360709, 1360711, 1360771, 1502217, 1392587]"
"GUARDEN-CBNMed-39-9-11-5-20240531","[1720971, 1743526, 1722436, 1392587, 1394449, 1395778, 1363671]"
"GUARDEN-CBNMed-44-7-12-03-20240629","[1392059, 1392064, 1361585, 1622910, 1390421, 1744241, 1361347, 1389687, 1357509, 1664742]"
"GUARDEN-CBNMed-5-1-12-38-20240430","[1414366, 1362441, 1361316, 1389956, 1361721, 1393992, 1363491, 1391335, 1396088, 1414367]"
"GUARDEN-CBNMed-5-10-13-32-20240430","[1414366, 1414367, 1356007, 1744241, 1361316, 1414353, 1396416, 1358671]"
"GUARDEN-CBNMed-5-2-12-45-20240430","[1414366, 1720971, 1414367, 1414356, 1414353, 1422217, 1396638, 1363544, 1440300, 1722436]"
"GUARDEN-CBNMed-5-3-12-56-20240430","[1393992, 1396638, 1720971, 1414356, 1741775, 1356286, 1392318, 1363474]"
"GUARDEN-CBNMed-5-4-13-20240430","[1363491, 1393992, 1414366, 1393522, 1393668, 1744241, 1720971]"
"GUARDEN-CBNMed-5-5-13-04-20240430","[1393668, 1363491, 1361316, 1393992, 1363493, 1737447, 1363474, 1391335, 1363492]"
"GUARDEN-CBNMed-5-6-13-07-20240430","[1414367, 1414366, 1414356, 1414353, 1422217, 1397331, 1393992, 1424343, 1391335, 1391666]"
"GUARDEN-CBNMed-5-7-13-17-20240430","[1361316, 1414366, 1744241, 1393992, 1414367, 1425584, 1363501, 1361398, 1363492]"
"GUARDEN-CBNMed-5-8-13-22-20240430","[1414367, 1361316, 1414366, 1393522, 1363459, 1392637, 1391851, 1361270, 1414356, 1737439]"
"GUARDEN-CBNMed-5-9-13-27-20240430","[1363491, 1389956, 1361316, 1393992, 1363492, 1391335, 1424343, 1392637, 1744241, 1363501]"
"GUARDEN-CBNMed-6-9-15-28-20240430","[1363671, 1393992, 1744241]"
"GUARDEN-CBNMed-8-10-12-59-20240429","[1358613, 1356576, 1360260, 1743448, 1684273]"
"GUARDEN-CBNMed-8-4-12-33-20240429","[1744243, 1722409, 1363707, 1432776, 1502212, 1359548, 1587724, 1397517, 1359546, 1359216]"
"GUARDEN-CBNMed-8-8-12-51-20240429","[1361000, 1363707, 1432776, 1361001, 1587724, 1359548, 1359546, 1502212, 1359547, 1397517]"
"GUARDEN-CBNMed-8-9-12-56-20240429","[1361000, 1358613, 1356576, 1360260, 1363707, 1743448, 1359216, 1587724, 1432776, 1684273]"
"GUARDEN-CBNMed-9-10-16-16-20240429","[1363707, 1359216, 1359548, 1390541, 1358613, 1359546, 1363362, 1359547, 1432776, 1360558]"
"GUARDEN-CBNMed-9-2-15-46-20240429","[1358509, 1358511, 1418701, 1361800, 1722409, 1564438]"
"GUARDEN-CBNMed-9-6-16-04-20240429","[1358613, 1356576, 1743448, 1548487, 1684273]"
"GUARDEN-CBNMed-9-7-16-06-20240429","[1358613, 1356576, 1743448, 1548487]"
"GUARDEN-CBNMed-9-8-16-08-20240429","[1358613, 1356576, 1743448, 1684273, 1361892]"
"GUARDEN-CBNMed-9-9-16-14-20240429","[1363707, 1358613, 1390541, 1359548, 1359216, 1361169, 1359546, 1502212, 1356576, 1587724]"
"LISAH-BOU-0-10-20230523","[1363835, 1363832, 1478627, 1363468, 1357404, 1744936, 1400186, 1390949, 1358943, 1743958]"
"LISAH-BOU-0-101-20240425","[1425238, 1359353, 1359342, 1363731, 1393770, 1363730, 1363737, 1743317, 1390637, 1499345]"
"LISAH-BOU-0-104-20240502","[1356276, 1356396, 1356464, 1391724, 1356397, 1397608, 1721729, 1392740, 1356395, 1357870]"
"LISAH-BOU-0-105-20240502","[1356396, 1356276, 1391724, 1357870, 1397313, 1397608, 1360801, 1392740, 1397399, 1396189]"
"LISAH-BOU-0-108-20240502","[1356276, 1359772, 1359762, 1359767, 1392740, 1391724, 1359800, 1392384, 1359792, 1359782]"
"LISAH-BOU-0-109-20240502","[1355990, 1364170, 1396309, 1362380, 1493449, 1360417, 1356396, 1364173, 1426068, 1364006]"
"LISAH-BOU-0-110-20240502","[1391724, 1360417, 1397608, 1356276, 1360385, 1356464, 1360416, 1396437, 1396189, 1396319]"
"LISAH-BOU-0-111-20240502","[1356276, 1355908, 1360417, 1359792, 1741815, 1362447, 1388806, 1360385, 1397313, 1360416]"
"LISAH-BOU-0-113-20240502","[1358347, 1356276, 1412238, 1388806, 1397608, 1356013, 1356464, 1397313, 1360417, 1396189]"
"LISAH-BOU-0-114-20240502","[1360417, 1360385, 1360416, 1355908, 1362447, 1388806, 1493449, 1392494, 1411968, 1360420]"
"LISAH-BOU-0-117-20240502","[1360417, 1360385, 1364170, 1356013, 1364100, 1364171, 1360416, 1362380, 1392494, 1357722]"
"LISAH-BOU-0-118-20240502","[1356013, 1356276, 1392579, 1356008, 1360417, 1397313, 1741961, 1361805, 1356464, 1392740]"
"LISAH-BOU-0-14-20230511","[1363468, 1424343, 1363467, 1363368, 1360931, 1393992, 1647823, 1361190, 1359388, 1414367]"
"LISAH-BOU-0-15-20230511","[1356013, 1360931, 1362194, 1359388, 1356008, 1364006, 1357509, 1392805, 1393262, 1647823]"
"LISAH-BOU-0-153-20240502","[1393992, 1389590, 1357951, 1744241, 1356008, 1356013, 1364006, 1394477, 1361304, 1393522]"
"LISAH-BOU-0-154-20240502","[1390637, 1356013, 1393992, 1357351, 1357332, 1358674, 1358347, 1722433, 1722501, 1364006]"
"LISAH-BOU-0-157-20240502","[1356013, 1364006, 1361306, 1355964, 1743317, 1356008, 1361307, 1358019, 1355969, 1397395]"
"LISAH-BOU-0-16-20230511","[1363835, 1363832, 1357351, 1391697, 1356013, 1359525, 1361363, 1357404, 1356708, 1361117]"
"LISAH-BOU-0-160-20240502","[1356013, 1363835, 1358643, 1356008, 1743317, 1392594, 1357351, 1393992, 1393522, 1392579]"
"LISAH-BOU-0-163-20240502","[1363944, 1358257, 1361307, 1392594, 1356008, 1363947, 1358340, 1392579, 1390637, 1502217]"
"LISAH-BOU-0-164-20240502","[1390637, 1363835, 1357330, 1356013, 1363944, 1363947, 1358643, 1357332, 1359639, 1361306]"
"LISAH-BOU-0-165-20240502","[1363835, 1356013, 1356079, 1363832, 1356008, 1392594, 1360135, 1356719, 1400186, 1360418]"
"LISAH-BOU-0-167-20240502","[1363731, 1358478, 1359356, 1359639, 1363751, 1743313, 1362327, 1363680, 1363947, 1425584]"
"LISAH-BOU-0-168-20240502","[1363731, 1361307, 1361306, 1359639, 1363947, 1363944, 1711809, 1363468, 1359356, 1363680]"
"LISAH-BOU-0-170-20240502","[1363731, 1359356, 1394627, 1356066, 1359342, 1392594, 1664156, 1395369, 1393770, 1356008]"
"LISAH-BOU-0-171-20240502","[1363731, 1359356, 1357351, 1359333, 1359342, 1358654, 1393770, 1363751, 1364171, 1364170]"
"LISAH-BOU-0-172-20240502","[1363731, 1359639, 1359356, 1357351, 1363944, 1363947, 1390734, 1393770, 1394053, 1711809]"
"LISAH-BOU-0-173-20240502","[1363731, 1358654, 1359639, 1363947, 1363944, 1362102, 1359356, 1355993, 1357351, 1363945]"
"LISAH-BOU-0-174-20240502","[1363731, 1425238, 1359356, 1359639, 1363751, 1359575, 1359342, 1393770, 1363947, 1359346]"
"LISAH-BOU-0-175-20240502","[1363731, 1425238, 1359356, 1359639, 1359342, 1363947, 1363751, 1393770, 1363680, 1711809]"
"LISAH-BOU-0-183-20240502","[1359639, 1363731, 1363947, 1363944, 1359356, 1711809, 1363751, 1363945, 1363946, 1362102]"
"LISAH-BOU-0-187-20240502","[1359639, 1363947, 1363944, 1363731, 1359356, 1361307, 1363945, 1711809, 1362102, 1393770]"
"LISAH-BOU-0-191-20240502","[1358478, 1359268, 1414353, 1414367, 1743248, 1396063, 1359284, 1359579, 1358654, 1355995]"
"LISAH-BOU-0-2-20240425","[1356276, 1357870, 1391724, 1737437, 1722433, 1393992, 1397313, 1722441, 1391330, 1361781]"
"LISAH-BOU-0-24-20230512","[1361000, 1360354, 1389311, 1360385, 1399827, 1360417, 1395412, 1391301, 1360161, 1360416]"
"LISAH-BOU-0-24-20240425","[1360161, 1356013, 1389311, 1360354, 1391301, 1391298, 1669246, 1398247, 1360159, 1395507]"
"LISAH-BOU-0-25-20230512","[1389311, 1362100, 1360354, 1392177, 1394509, 1668976, 1744208, 1395507, 1669246, 1360385]"
"LISAH-BOU-0-25-20230711","[1360825, 1362353, 1362380, 1363993, 1358846, 1357404, 1721637, 1361781, 1360771, 1363944]"
"LISAH-BOU-0-28-20240425","[1361000, 1389311, 1360354, 1395507, 1360417, 1361002, 1360385, 1669246, 1390132, 1744076]"
"LISAH-BOU-0-29-20230523","[1422218, 1422217, 1363468, 1356017, 1391163, 1414353, 1361514, 1360964, 1360931, 1414367]"
"LISAH-BOU-0-29-20230621","[1363212, 1360816, 1743317, 1356396, 1356469, 1737524, 1393992, 1356397, 1362353, 1359680]"
"LISAH-BOU-0-29-20240425","[1389311, 1361000, 1394509, 1360354, 1669246, 1397356, 1360417, 1395507, 1391354, 1360385]"
"LISAH-BOU-0-3-20230721","[1363433, 1361117, 1743317, 1392059, 1363212, 1392177, 1396416, 1389966, 1391784, 1400187]"
"LISAH-BOU-0-30-20230512","[1356017, 1356012, 1389311, 1360354, 1668685, 1668976, 1360614, 1395412, 1743317, 1397356]"
"LISAH-BOU-0-30-20240425","[1389311, 1360354, 1669246, 1395412, 1398247, 1743317, 1356013, 1668976, 1395507, 1395204]"
"LISAH-BOU-0-31-20230919","[1363433, 1361363, 1722433, 1359388, 1738582, 1363402, 1360739, 1396464, 1396370, 1361117]"
"LISAH-BOU-0-31-20240425","[1360417, 1356013, 1356017, 1669246, 1356012, 1389311, 1360354, 1360385, 1743317, 1394509]"
"LISAH-BOU-0-32-20230516","[1390933, 1391113, 1426068, 1355936, 1390934, 1391110, 1743317, 1391163, 1361078, 1530979]"
"LISAH-BOU-0-32-20240425","[1356012, 1356017, 1389311, 1360354, 1395507, 1363216, 1743317, 1668685, 1360614, 1467321]"
"LISAH-BOU-0-34-20230516","[1393992, 1390055, 1360614, 1390933, 1391113, 1391190, 1391110]"
"LISAH-BOU-0-35-20240425","[1389311, 1356012, 1356017, 1360354, 1743317, 1397356, 1360614, 1669246, 1391354, 1363216]"
"LISAH-BOU-0-36-20240425","[1397356, 1356012, 1356017, 1360354, 1363216, 1389311, 1668976, 1743317, 1393630, 1398120]"
"LISAH-BOU-0-37-20230512","[1361000, 1394509, 1397356, 1398197, 1363216, 1361001, 1737524, 1743317, 1391354, 1389568]"
"LISAH-BOU-0-37-20240425","[1361000, 1356012, 1389311, 1356017, 1360354, 1743317, 1669246, 1397356, 1398247, 1358670]"
"LISAH-BOU-0-38-20230516","[1356013, 1363835, 1400156, 1363832, 1357492, 1743244, 1530979, 1361078, 1361805, 1563172]"
"LISAH-BOU-0-39-20230512","[1397356, 1361000, 1363216, 1394509, 1391113, 1361001, 1396952, 1360262, 1356469, 1398197]"
"LISAH-BOU-0-4-20230511","[1363468, 1414353, 1422217, 1356013, 1743317, 1363467, 1722436, 1362098, 1414367, 1396416]"
"LISAH-BOU-0-4-20230711","[1364006, 1356803, 1356396, 1364037, 1388941, 1356397, 1356395, 1721729, 1426068, 1668685]"
"LISAH-BOU-0-4-20240425","[1356013, 1356396, 1397395, 1737437, 1356008, 1392318, 1393992, 1356017, 1744241, 1743317]"
"LISAH-BOU-0-40-20230512","[1361000, 1363216, 1394509, 1397356, 1360614, 1391113, 1400074, 1361002, 1743317, 1391110]"
"LISAH-BOU-0-40-20240425","[1397356, 1394509, 1389311, 1360354, 1356017, 1356012, 1391354, 1395466, 1389568, 1360262]"
"LISAH-BOU-0-41-20230512","[1394509, 1397356, 1363468, 1363467, 1743317, 1398197, 1440300, 1414366, 1363216, 1394037]"
"LISAH-BOU-0-42-20230511","[1361117, 1356013, 1356017, 1668564, 1356792, 1389990, 1360931, 1359575, 1360417, 1358674]"
"LISAH-BOU-0-43-20230512","[1363835, 1363832, 1397356, 1394509, 1363216, 1400186, 1358674, 1394037, 1360614, 1356013]"
"LISAH-BOU-0-44-20240425","[1359639, 1363947, 1360780, 1363944, 1363945, 1357207, 1363893, 1355908, 1358654, 1358478]"
"LISAH-BOU-0-5-20230512","[1356276, 1395268, 1397536, 1397608, 1397313, 1737437, 1391724, 1357351, 1357870, 1355881]"
"LISAH-BOU-0-5-20230711","[1356803, 1397432, 1398247, 1356574, 1356396, 1668685, 1364160, 1389311, 1360185, 1737561]"
"LISAH-BOU-0-50-20230512","[1361307, 1361306, 1422218, 1422217, 1394696, 1363944, 1361117, 1743317, 1396744, 1356286]"
"LISAH-BOU-0-52-20230512","[1363947, 1363944, 1359639, 1363468, 1361306, 1359625, 1363467, 1363945, 1363946, 1394696]"
"LISAH-BOU-0-54-20230512","[1394696, 1363946, 1363944, 1361117, 1357815, 1392699, 1364108, 1357453, 1357521, 1363368]"
"LISAH-BOU-0-55-20230512","[1363947, 1359639, 1363944, 1363945, 1359625, 1362102, 1362856, 1363946, 1362892, 1711809]"
"LISAH-BOU-0-56-20230512","[1363947, 1363944, 1359639, 1394627, 1363945, 1361307, 1356066, 1361306, 1392699, 1392177]"
"LISAH-BOU-0-58-20230512","[1361306, 1394627, 1356066, 1394696, 1393770, 1394636, 1363946, 1737490, 1389659, 1363944]"
"LISAH-BOU-0-6-20240425","[1357870, 1393992, 1396189, 1356276, 1395366, 1397313, 1397056, 1737437, 1392318, 1741908]"
"LISAH-BOU-0-63-20230512","[1358257, 1361306, 1359545, 1398740, 1422218, 1744534, 1361307, 1502217, 1545581, 1394330]"
"LISAH-BOU-0-65-20230512","[1363947, 1363944, 1363946, 1359639, 1361307, 1398740, 1744534, 1362102, 1357059, 1361306]"
"LISAH-BOU-0-75-20230516","[1363468, 1361190, 1363467, 1360931, 1422217, 1360417, 1362179, 1414353]"
"LISAH-BOU-0-79-20230512","[1359488, 1425238, 1357526, 1499345, 1355870, 1357453, 1364108, 1743317, 1357404, 1359342]"
"LISAH-BOU-0-8-20240425","[1358347, 1357351, 1393992, 1357509, 1737437, 1355881, 1359575, 1617162, 1391335, 1722433]"
"LISAH-BOU-0-84-20230512","[1425238, 1722435, 1392699, 1363021, 1357453, 1359342, 1743317, 1363434, 1392177, 1394696]"
"LISAH-BOU-0-9-20240425","[1358347, 1414366, 1737437, 1395704, 1722433, 1356396, 1393992, 1361416, 1414353, 1722441]"
"LISAH-BOU-0-98-20240425","[1425238, 1359353, 1393770, 1359342, 1363737, 1363730, 1359442, 1363731]"
"LISAH-BVD-0-100-20230510","[1356286, 1361307, 1414367, 1414353, 1361306, 1414366, 1422217, 1394627, 1362194, 1393992]"
"LISAH-BVD-0-101-20230510","[1394627, 1356066, 1720971, 1394636, 1490238, 1396416, 1395369]"
"LISAH-BVD-0-152-20230511","[1394636, 1397392, 1394359, 1394362, 1394360, 1357635, 1394627, 1744208, 1646528, 1395369]"
"LISAH-BVD-0-155-20230511","[1394627, 1394359, 1394636, 1395369, 1356066, 1394638, 1646528, 1364065, 1392177, 1356072]"
"LISAH-BVD-0-158-20230511","[1356066, 1394636, 1395369, 1394627, 1493449, 1356072, 1646528, 1360902]"
"LISAH-BVD-0-191-20230511","[1363508, 1363740, 1365482, 1359519, 1394395, 1363739, 1392177, 1359497, 1391823, 1363731]"
"LISAH-BVD-0-192-20230511","[1363522, 1424916, 1363459, 1397521, 1744208, 1361335, 1361316, 1435507, 1722436, 1718548]"
"LISAH-BVD-0-195-20230511","[1363508, 1718548, 1379532, 1392662, 1356268, 1389835, 1392177, 1419971, 1363506, 1744208]"
"LISAH-BVD-0-196-20230511","[1360931, 1396858, 1435507]"
"LISAH-BVD-0-197-20230511","[1396869, 1396858, 1363421, 1391851, 1397396, 1363740, 1379532, 1394636, 1722436, 1360931]"
"LISAH-BVD-0-200-20230511","[1363740, 1396858, 1359497, 1363739, 1394627, 1744208, 1391784, 1363731, 1392177, 1359510]"
"LISAH-BVD-0-203-20230511","[1363740, 1363739, 1397514, 1359497, 1360931, 1398286, 1363751, 1647823, 1743987, 1358752]"
"LISAH-BVD-0-205-20230511","[1363740, 1363522, 1392177, 1359517, 1363555, 1363508, 1361281]"
"LISAH-BVD-0-206-20230511","[1363740, 1359517, 1359486, 1359497, 1396858, 1361206, 1396867, 1359519, 1363751, 1743987]"
"LISAH-BVD-0-208-20230511","[1359497, 1393828, 1392177, 1363740, 1744208, 1363522, 1363555, 1743987, 1396858, 1396869]"
"LISAH-BVD-0-209-20230511","[1363740, 1394636, 1617109, 1363739, 1359517, 1392560, 1394627, 1391784, 1392177, 1359497]"
"LISAH-BVD-0-25-20230510","[1362380, 1363740, 1392177, 1361316, 1363421, 1357875, 1359497, 1744208, 1397514, 1359284]"
"LISAH-BVD-0-275-20230516","[1424343, 1361307, 1363468, 1363469, 1391335, 1361133, 1363522, 1363472, 1647506, 1356321]"
"LISAH-BVD-0-277-20230516","[1361307, 1363451, 1363993, 1363481, 1667671, 1359284, 1363805, 1379532, 1667780, 1361133]"
"LISAH-BVD-0-278-20230516","[1363993, 1667671, 1359277, 1360307, 1361306, 1360304, 1397371, 1425584, 1356268, 1393458]"
"LISAH-BVD-0-281-20230516","[1363993, 1361133, 1395645, 1389590, 1363522, 1363472, 1397476, 1397545, 1393299, 1360304]"
"LISAH-BVD-0-282-20230516","[1363472, 1407739, 1361133, 1363468, 1647506, 1414366, 1424343, 1356321, 1363522, 1379532]"
"LISAH-BVD-0-283-20230516","[1363993, 1363522, 1379532, 1397331, 1361133, 1356268, 1392177, 1356321, 1363472, 1667780]"
"LISAH-BVD-0-285-20230516","[1361307, 1361306, 1363522, 1394696, 1356268, 1361133, 1356321, 1435507, 1363508, 1363993]"
"LISAH-BVD-0-287-20230516","[1361307, 1361306, 1394696, 1361117, 1392177, 1393522, 1356321, 1379532, 1655003, 1394672]"
"LISAH-BVD-0-288-20230516","[1356268, 1363468, 1363442, 1362462, 1424343, 1363522, 1363555, 1363467, 1435507, 1363403]"
"LISAH-BVD-0-292-20230516","[1393458, 1363468, 1389590, 1356268, 1389956, 1363442, 1361133, 1363472, 1424343, 1363481]"
"LISAH-BVD-0-293-20230516","[1356268, 1363522, 1360307, 1363442, 1389956, 1379532, 1394696, 1356321, 1361133, 1388770]"
"LISAH-BVD-0-294-20230516","[1356268, 1363526, 1389956]"
"LISAH-BVD-0-295-20230516","[1361133, 1395920, 1363555, 1647506, 1391666, 1667671, 1363993]"
"LISAH-BVD-0-296-20230516","[1391330, 1667671, 1363993, 1379532, 1737561, 1361133, 1363481, 1395920, 1361270]"
"LISAH-BVD-0-297-20230516","[1363740, 1391330, 1396858, 1359497, 1363739, 1359519, 1398286, 1396869, 1397396, 1359517]"
"LISAH-BVD-0-298-20230516","[1667671, 1363993, 1391330, 1363740, 1396858, 1391851, 1720971, 1394413]"
"LISAH-BVD-0-299-20230516","[1363993, 1667671, 1397331, 1391330, 1379532, 1361078, 1647506, 1363472]"
"LISAH-BVD-0-300-20230516","[1667671, 1363993, 1394413, 1391330, 1363740, 1355995, 1722436, 1359517, 1394672]"
"LISAH-BVD-0-301-20230516","[1363993, 1667671, 1407739, 1391330, 1395920, 1721637, 1722436, 1363472, 1379532, 1414353]"
"LISAH-BVD-0-302-20230516","[1667671, 1363993, 1391330, 1397225, 1720971, 1363021, 1361329, 1360307, 1363472, 1397331]"
"LISAH-BVD-0-309-20230516","[1667671, 1363993, 1632962, 1720971, 1391330, 1396253, 1722436, 1414366, 1414356, 1389018]"
"LISAH-BVD-0-310-20230516","[1667671, 1363993, 1391330, 1394413, 1422217, 1397331, 1414366, 1414353, 1632962, 1394672]"
"LISAH-BVD-0-337-20230516","[1364006, 1361307, 1356286, 1398286, 1361306, 1363504, 1426068, 1364037, 1722436, 1722501]"
"LISAH-BVD-0-338-20230516","[1356286, 1389557, 1361200, 1364006, 1361226, 1398286, 1426068, 1361307, 1361240, 1358491]"
"LISAH-BVD-0-339-20230516","[1356286, 1364006, 1414353, 1360557, 1720971, 1397514, 1360931, 1363468, 1414367, 1390055]"
"LISAH-BVD-0-341-20230516","[1363814, 1364006, 1356286, 1364037, 1364031, 1426068, 1363740, 1396858, 1396309, 1356591]"
"LISAH-BVD-0-342-20230516","[1364006, 1426068, 1357966, 1356286, 1364007, 1721018, 1363339, 1364016, 1389557, 1364031]"
"LISAH-BVD-0-343-20230516","[1356286, 1743317, 1361206, 1363740, 1361200, 1363213, 1389603, 1359517, 1361133, 1389557]"
"LISAH-BVD-0-344-20230516","[1356286, 1397514, 1364006, 1359517, 1720971, 1426068, 1396842, 1563496, 1389557, 1357392]"
"LISAH-BVD-0-345-20230516","[1356286, 1364006, 1356066, 1394636, 1394627, 1363814, 1744208, 1398286, 1426068, 1355886]"
"LISAH-BVD-0-346-20230516","[1356286, 1364006, 1392177, 1361206, 1389557, 1479531, 1396416, 1379532, 1397514, 1360566]"
"LISAH-BVD-0-347-20230516","[1356286, 1379532, 1389557, 1361200, 1364006, 1720971, 1361206, 1490238]"
"LISAH-BVD-0-348-20230516","[1362380, 1356286, 1364170, 1357875, 1513193, 1502217, 1359284, 1398286, 1392940, 1361200]"
"LISAH-BVD-0-349-20230516","[1356286, 1364006, 1389557, 1394567, 1361200, 1362626, 1356574, 1363468, 1358491, 1505431]"
"LISAH-BVD-0-35-20230510","[1744241, 1393992, 1361694, 1390055, 1363555, 1363526, 1393873, 1718548, 1392662, 1741677]"
"LISAH-BVD-0-350-20230516","[1356286, 1364006, 1743244, 1356574, 1720971]"
"LISAH-BVD-0-351-20230516","[1394627, 1364006, 1391458, 1356066, 1721018, 1394636, 1395369, 1722604, 1743313, 1400074]"
"LISAH-BVD-0-352-20230516","[1356286, 1394627, 1356066, 1364006, 1363468, 1393262, 1395369, 1357643, 1392560, 1359517]"
"LISAH-BVD-0-353-20230516","[1356286, 1364006, 1391337, 1392699, 1357448, 1356066, 1394627, 1720971, 1391455, 1394636]"
"LISAH-BVD-0-354-20230516","[1392560, 1363468, 1394627, 1392538, 1394636, 1664156, 1391851, 1392559, 1360931, 1646528]"
"LISAH-BVD-0-364-20230516","[1361117, 1363947, 1363944, 1359639, 1363945, 1359625, 1362898, 1363946, 1361306, 1711809]"
"LISAH-BVD-0-372-20230516","[1361306, 1361117, 1394696, 1361307, 1359388, 1422217, 1414353, 1422218, 1414367, 1363368]"
"LISAH-BVD-0-379-20230516","[1361117, 1361307, 1361306, 1363476, 1359388, 1363368, 1394696, 1363403, 1364006, 1363468]"
"LISAH-BVD-0-380-20230516","[1361307, 1361306, 1394696, 1361245, 1364006, 1359388, 1396416, 1363501, 1363468, 1361304]"
"LISAH-BVD-0-383-20230516","[1414367, 1397514, 1392177, 1359517, 1744208, 1489087, 1359486, 1722501, 1357495, 1359497]"
"LISAH-BVD-0-392-20230516","[1364006, 1359497, 1355936, 1359517, 1407739, 1390740, 1363740, 1397514, 1390725, 1396858]"
"LISAH-BVD-0-397-20230517","[1414353, 1422217, 1359388, 1363468, 1392177, 1414366, 1744208, 1389018, 1363368, 1504116]"
"LISAH-BVD-0-398-20230517","[1359517, 1414353, 1359497, 1389018, 1397514, 1363740, 1356066, 1422217, 1359388, 1356072]"
"LISAH-BVD-0-412-20230517","[1422217, 1361760, 1356201, 1414366, 1359268, 1722437, 1414353, 1392973, 1357495, 1504116]"
"LISAH-BVD-0-417-20230517","[1361307, 1361306, 1394627, 1356066, 1359517, 1395369, 1356286, 1738967, 1363740, 1400159]"
"LISAH-BVD-0-428-20230517","[1361307, 1720971, 1394627, 1364006, 1361306, 1361240, 1363522, 1362380, 1364171, 1361405]"
"LISAH-BVD-0-430-20230517","[1356286, 1389557, 1361200, 1364006, 1361206, 1379532, 1362380, 1357875, 1364170, 1363740]"
"LISAH-BVD-0-431-20230517","[1364006, 1363740, 1363522, 1379532, 1397331, 1396309, 1743328, 1358019, 1361133, 1573648]"
"LISAH-BVD-0-432-20230517","[1356286, 1364006, 1357635, 1389557, 1361200, 1426068, 1359284, 1357495, 1744658, 1744890]"
"LISAH-BVD-0-463-20230517","[1363740, 1394627, 1359517, 1356066, 1392560, 1363421, 1392559, 1364065, 1359497, 1472691]"
"LISAH-BVD-0-465-20230517","[1744241, 1394627, 1356066, 1394636, 1364065, 1396115, 1363421, 1363740, 1395369, 1359517]"
"LISAH-BVD-0-471-20230517","[1363421, 1356066, 1394627, 1356286, 1425584, 1356072, 1363424, 1394636, 1392177, 1718548]"
"LISAH-BVD-0-54-20230510","[1356314, 1722501, 1363944, 1381430, 1722506, 1359639, 1363947, 1360542, 1360133, 1400011]"
"LISAH-BVD-0-99-20230510","[1356286, 1744241, 1363368, 1361527, 1363731, 1361206, 1411890, 1414353, 1531436, 1361203]"
"LISAH-JAS-0-1-20220505","[1363181, 1493381, 1364065, 1364171, 1357652, 1744380, 1356792, 1363173]"
"LISAH-JAS-0-11-20220505","[1743365, 1357875, 1364170, 1496696, 1359488, 1396869, 1363476, 1744208, 1362607, 1363740]"
"LISAH-JAS-0-12-20220505","[1359519, 1363739, 1359356, 1363740, 1743544, 1394359, 1363737, 1363731, 1363476, 1397514]"
"LISAH-JAS-0-13-20220505","[1364065, 1359981, 1359519, 1363751, 1364061, 1359356, 1359497, 1742242, 1397048, 1422217]"
"LISAH-JAS-0-15-20220505","[1422217, 1414367, 1422218, 1414366, 1359519, 1356084, 1414353, 1359802, 1359792, 1498118]"
"LISAH-JAS-0-16-20220505","[1359519, 1743544, 1363751, 1363731, 1359356, 1359530]"
"LISAH-JAS-0-17-20220505","[1356084, 1363751, 1744208, 1359802, 1359792, 1363731, 1359519, 1359342, 1359356, 1359497]"
"LISAH-JAS-0-2-20220505","[1364065, 1359981, 1397048, 1364061, 1356111, 1364064, 1397521, 1358934]"
"LISAH-JAS-0-6-20220505","[1364138, 1396210, 1357868, 1356084]"
"LISAH-JAS-0-7-20220505","[1364138, 1396210, 1356084, 1357868]"
"LISAH-JAS-0-9-20220505","[1364065, 1397048, 1364061, 1359519, 1359981, 1397521, 1361760, 1355870, 1357546, 1364063]"
"LISAH-JAS-1-25-20220505","[1422217, 1414367, 1389950, 1414366, 1361157, 1357509, 1388770, 1363434, 1743317, 1394627]"
"LISAH-JAS-1-27-20220505","[1412585, 1361117, 1359322, 1361306, 1363740, 1394696, 1363739, 1363737, 1361307, 1363730]"
"LISAH-JAS-1-28-20220505","[1363740, 1363944, 1363739, 1363947, 1359639, 1363945, 1422217, 1362898, 1744208, 1359517]"
"LISAH-JAS-1-5-20220505","[1364065, 1364173, 1397531, 1359981, 1364061, 1364063, 1741775, 1355869, 1357815, 1450786]"
"LISAH-PEC-0-0-20220608","[1396063, 1361926, 1358478, 1396055, 1399397, 1388921, 1358477, 1397488, 1743313, 1393958]"
"LISAH-PEC-0-1-20230411","[1356013, 1414367, 1362098, 1422217, 1392699, 1356008, 1356001, 1363915, 1361805, 1360655]"
"LISAH-PEC-0-10-20230405","[1392699, 1364138, 1357635, 1489087, 1424916, 1357700, 1396317, 1479531, 1396210, 1391455]"
"LISAH-PEC-0-11-20230405","[1489087, 1649856, 1363424, 1744208, 1505542, 1392699, 1360910, 1435507, 1392051, 1424916]"
"LISAH-PEC-0-11-20230411","[1363878, 1356013, 1362098, 1392699, 1363915, 1741690]"
"LISAH-PEC-0-12-20230411","[1356013, 1357404, 1355969, 1392699, 1744208, 1362098, 1360910, 1355964, 1357700, 1479526]"
"LISAH-PEC-0-13-20230411","[1356013, 1479531, 1363889, 1357492, 1362098, 1357404, 1364108, 1363878, 1392699, 1363915]"
"LISAH-PEC-0-13-20230413","[1360771, 1395722, 1393591, 1363676, 1362856, 1358880, 1495399, 1364006, 1414367, 1363674]"
"LISAH-PEC-0-14-20230407","[1396370, 1360291, 1361721, 1359677, 1360290, 1357465, 1364157, 1361847, 1395843, 1361000]"
"LISAH-PEC-0-15-20230407","[1361000, 1360588, 1356307, 1361579, 1360557, 1578111, 1364157, 1647348, 1359388, 1355969]"
"LISAH-PEC-0-17-20230413","[1363676, 1414366, 1363674, 1414367, 1422217, 1388770, 1358880, 1360780, 1393518, 1458738]"
"LISAH-PEC-0-18-20230411","[1356013, 1479531, 1392699, 1355969, 1363915, 1355894, 1362098]"
"LISAH-PEC-0-19-20230413","[1363676, 1356013, 1363674, 1399827, 1358880, 1361398, 1362098, 1743244, 1357351, 1394414]"
"LISAH-PEC-0-20-20230411","[1356013, 1363915, 1355964, 1363878, 1363339, 1392699, 1355969, 1505542, 1362098, 1356001]"
"LISAH-PEC-0-4-20230407","[1361579, 1359388, 1360931, 1743244]"
"LISAH-PEC-0-4-20230411","[1363878, 1414367, 1356013, 1363467, 1361203, 1357404, 1362098, 1479531, 1396527, 1358880]"
"LISAH-PEC-0-6-20220608","[1357019, 1744076, 1362429, 1397531, 1360133, 1361363, 1357401, 1502795, 1388921, 1502948]"
"LISAH-PEC-0-6-20230411","[1356013, 1357635, 1357404, 1361117, 1394414, 1361805, 1392699, 1362098, 1391455, 1356008]"
"LISAH-PEC-0-8-20230405","[1363791, 1363915, 1363878, 1359455, 1396290, 1392699, 1489087, 1399730, 1479526, 1358187]"
"LISAH-PEC-0-9-20230411","[1356013, 1355964, 1362098, 1361805, 1479526, 1356001, 1357404, 1392699, 1358554, 1363332]"
"LISAH-PEC-0-9-20230413","[1357598, 1356013, 1399643, 1396308, 1363676, 1363896, 1395127, 1362098, 1363878, 1394330]"
"LISAH-PEC-1-13-20230405","[1392699, 1391455, 1357635, 1357404, 1363878, 1356013, 1358187, 1362951, 1393958, 1363791]"
"LISAH-PEC-1-18-20230407","[1363878, 1363424, 1479531, 1397531, 1363896, 1518628, 1355994, 1395778, 1358349, 1395715]"
"LISAH-PEC-2-0-20220609","[1422217, 1356013, 1414353, 1364151, 1362332, 1361307, 1361437, 1422218, 1363481, 1361306]"
"LISAH-PEC-2-11-20220609","[1357351, 1422217, 1390734, 1356013, 1742895, 1355886, 1361307, 1422218, 1355881, 1361306]"
"LISAH-PEC-2-17-20230407","[1390637, 1357332, 1357330, 1363878, 1360407, 1355994, 1363687, 1364162, 1356942, 1743407]"
"LISAH-PEC-2-2-20220609","[1356013, 1361306, 1422218, 1422217, 1361307, 1394696, 1414367, 1358674, 1363368, 1357509]"
"LISAH-PEC-2-20-20230407","[1356013, 1355994, 1360793, 1362098, 1363878, 1355995, 1399730, 1358643, 1360407, 1392625]"
"LISAH-PEC-2-4-20220609","[1422217, 1356013, 1414367, 1422218, 1414353, 1396956, 1361760, 1414366, 1722445, 1359978]"
"LISAH-PEC-2-5-20220609","[1362332, 1422217, 1472808, 1414367, 1361511, 1364151, 1357465, 1398319, 1396883, 1394319]"
"LISAH-PEC-2-5-20230407","[1360407, 1356942, 1479531, 1722506, 1356013, 1743407, 1356008, 1392579, 1400162, 1647299]"
"LISAH-PEC-2-6-20220609","[1364171, 1422217, 1361117, 1414367, 1422218, 1414353, 1737633, 1364170, 1414366, 1363434]"
"LISAH-PEC-3-10-20230407","[1359268, 1393458, 1399827, 1392676, 1363805, 1363799, 1721558, 1363914, 1737674, 1363804]"
"LISAH-PEC-3-16-20230407","[1363676, 1359268, 1393458, 1363805, 1359266, 1359279, 1737674, 1722501, 1744537, 1363424]"
"LISAH-PEC-3-20-20230407","[1356149, 1363676, 1360549, 1396290, 1363680, 1363666, 1741808, 1362181, 1363674, 1361993]"
"OPTMix-0108-P1-312-20231006","[1394503, 1396752, 1391802, 1391810, 1356364, 1743831, 1356382, 1356404, 1739064, 1722693]"
"OPTMix-0108-P1-422-20231006","[1744241, 1390138, 1390055, 1363593, 1390421, 1389018, 1743933, 1363497, 1400187, 1744176]"
"OPTMix-0108-P1-427-20231006","[1356404, 1743831, 1356428, 1356364, 1548182, 1391809, 1743933, 1739064, 1360790, 1652226]"
"OPTMix-0108-P1-533-20231006","[1744241, 1548508, 1737633, 1390055, 1744176, 1548182]"
"OPTMix-0108-P1-95-20231006","[1363079, 1744176, 1743933, 1391335, 1396752, 1363593, 1652226, 1531522, 1361721, 1361914]"
"OPTMix-012-P1-143-20231201","[1737448, 1744176, 1361654, 1651113, 1743933, 1357509]"
"OPTMix-012-P1-208-20231201","[1359973, 1393703, 1395945, 1361654, 1397431, 1390756, 1397391, 1358515, 1743955, 1360317]"
"OPTMix-012-P2-192-20231201","[1467321, 1358515, 1467324, 1391143, 1651113, 1739083, 1361914, 1397391, 1744176, 1359973]"
"OPTMix-012-P2-207-20231201","[1360945, 1419915, 1651113, 1394616, 1394613, 1392341, 1394612, 1361183, 1738939, 1743222]"
"OPTMix-012-P2-240-20231201","[1359973, 1361654, 1737448, 1744176, 1743955, 1651113, 1452689, 1400084, 1361892, 1360815]"
"OPTMix-012-P3-190-20231201","[1359973, 1400084, 1397431, 1467324, 1651113, 1391764, 1397386, 1531441, 1743933, 1743955]"
"OPTMix-012-P3-218-20231201","[1651113, 1394613, 1360317, 1419915, 1394616, 1743933, 1737448, 1743472, 1531441, 1392341]"
"OPTMix-012-P3-220-20231201","[1743933, 1359973, 1390870, 1397386, 1390801, 1397431, 1651113, 1558278, 1390837, 1363283]"
"OPTMix-0178-P1-1060-20231006","[1396752, 1743831, 1739064, 1394503, 1391802, 1356404, 1356382, 1401438, 1467324, 1356433]"
"OPTMix-0178-P1-1061-20231006","[1744176, 1400162, 1394616, 1419915, 1628819]"
"OPTMix-0178-P1-552-20231006","[1394503, 1356404, 1396752, 1743831, 1356369, 1391802, 1722699, 1739064, 1739083, 1356364]"
"OPTMix-0178-P1-661-20231006","[1396752, 1739064, 1356364, 1391802, 1743831, 1356404, 1356382, 1356369, 1739083, 1394503]"
"OPTMix-0178-P1-663-20231006","[1356433, 1356373, 1400162]"
"OPTMix-0178-P1-669-20231006","[1394616, 1419915, 1394613, 1390421, 1397422, 1743933]"
"OPTMix-0200-11006-20231009","[1743933, 1389570, 1548182, 1390887, 1356364, 1363079, 1664940, 1358446, 1389018, 1358612]"
"OPTMix-0200-P2-53-20231009","[1358507, 1722409, 1392024, 1358503, 1361000, 1363893, 1363881, 1396416, 1358511, 1361800]"
"OPTMix-0200-P2-54-20231009","[1648762, 1363506, 1718548, 1744241, 1360257, 1379532, 1647823, 1361078, 1391666, 1389956]"
"OPTMix-0200-P2-68-20231009","[1362940, 1358501, 1362179, 1358511, 1357277, 1358503, 1457212, 1539461, 1564493, 1647823]"
"OPTMix-0200-P3-108-20231009","[1396752, 1390421, 1739083, 1743933, 1647823, 1744241, 1573015]"
"OPTMix-0200-P3-127-20231009","[1743933, 1360354, 1647823, 1363413, 1744241, 1737565, 1389311, 1359388, 1363021, 1743714]"
"OPTMix-0200-P3-139-20231009","[1365482, 1391666, 1647823, 1363506, 1648762, 1379532, 1389833, 1390055, 1419915, 1743933]"
"OPTMix-0214-P1-207-20231010","[1651113, 1743933, 1360790, 1419915, 1395134, 1397386, 1391143, 1392309, 1531441, 1357509]"
"OPTMix-0214-P1-208-20231010","[1743933, 1651113, 1358515, 1390421, 1391143, 1400084, 1668617, 1419915, 1744176, 1722506]"
"OPTMix-0214-P1-235-20231010","[1391143, 1358682, 1397299, 1356396, 1667093, 1743933, 1356873, 1360815, 1664940, 1739083]"
"OPTMix-0214-P2-22-20231010","[1358501, 1358511, 1361800, 1539461, 1363893, 1358514, 1393976, 1358503, 1358513, 1531522]"
"OPTMix-0214-P2-64-20231010","[1394613, 1358501, 1419915, 1394612, 1397460, 1394617, 1394611, 1394605, 1386159, 1360815]"
"OPTMix-0214-P2-84-20231010","[1359973, 1397431, 1419076, 1744224, 1396969, 1739083, 1548182, 1688091, 1390421, 1360473]"
"OPTMix-0214-P3-186-20231010","[1743933, 1393254, 1395134, 1668617, 1651113, 1397833, 1647823, 1396531, 1743955, 1389018]"
"OPTMix-0214-P3-196-20231010","[1391143, 1548182, 1390421, 1419076, 1743933, 1744224, 1737633, 1685292, 1744146, 1548389]"
"OPTMix-0214-P3-278-20231010","[1743933, 1396416, 1390870, 1743472, 1392336, 1363079, 1452695, 1390138, 1390055, 1389966]"
"OPTMix-0216-P4-208-20231009","[1743933, 1358501, 1358503, 1396752, 1743831, 1356382, 1391802, 1356404, 1363079, 1390138]"
"OPTMix-0255-11233-20231009","[1361376, 1743933, 1393992, 1390055, 1390138, 1531522, 1389018, 1396416, 1744176, 1361335]"
"OPTMix-0255-11372-20231009","[1743933, 1389018, 1651113, 1390138, 1361547, 1363079, 1394759, 1358682, 1548182, 1361335]"
"OPTMix-0255-11382-20231009","[1363079, 1361547, 1361055, 1361721, 1389018, 1363593, 1361335, 1363337, 1743933, 1393828]"
"OPTMix-033-P3-107-20231201","[1363021, 1356404, 1390870, 1739083, 1356373, 1396752, 1356428, 1356364, 1361169, 1356433]"
"OPTMix-0333-P1-107-20231212","[1361721, 1363506, 1363339, 1737448, 1396752, 1408045, 1391802, 1359388, 1363337, 1361540]"
"OPTMix-0333-P1-112-20231212","[1356373, 1396752, 1739083, 1391810, 1356364, 1397299, 1397431, 1356404, 1722506, 1418225]"
"OPTMix-0333-P2-108-20231212","[1739083, 1356373, 1356428, 1356404, 1356375, 1396752, 1361169, 1356364, 1389294, 1743831]"
"OPTMix-0333-P2-112-20231212","[1390870, 1359388, 1363261, 1357509, 1363593, 1400062, 1361702, 1359740, 1360473, 1361703]"
"OPTMix-0333-P2-115-20231212","[1359388, 1356375, 1363593, 1361721, 1739083, 1396752, 1390870, 1397430, 1363506, 1356373]"
"OPTMix-0333-P3-100-20231201","[1390870, 1356428, 1356404, 1397344, 1743831, 1356364, 1361702, 1743407, 1397579, 1739061]"
"OPTMix-0333-P3-76-20231201","[1356404, 1356373, 1396752, 1356428, 1739083, 1356364, 1356433]"
"OPTMix-057-P1-1699-20231010","[1356364, 1396752, 1739064, 1356369, 1391802, 1356404, 1394503, 1741650, 1356433, 1364158]"
"OPTMix-057-P1-1901-20231010","[1394503, 1396752, 1361654, 1743831, 1744176, 1403870, 1743933, 1356364, 1391143, 1394616]"
"OPTMix-057-P1-1902-20231010","[1391802, 1739064, 1356404, 1739083, 1356364, 1743831, 1396752, 1356373, 1722693, 1356387]"
"OPTMix-057-P1-1913-20231010","[1356404, 1396752, 1356428, 1360989, 1739064, 1394349, 1360801, 1356364, 1361704, 1363506]"
"OPTMix-057-P1-1917-20231010","[1739064, 1396752, 1356369, 1392669, 1394503, 1391802, 1362626, 1743831, 1356404, 1401438]"
"OPTMix-0593-P1-129-20231205","[1391143, 1651113, 1390367, 1744176, 1360815, 1432743, 1391961, 1361654, 1397833, 1397431]"
"OPTMix-0593-P1-134-20231205","[1359973, 1361524, 1400159, 1390421, 1391764, 1391143, 1737448, 1397431, 1400011, 1391368]"
"OPTMix-0593-P1-86-20231205","[1651113, 1394613, 1400159, 1397391, 1390421, 1394612, 1743933, 1358515, 1392309, 1391143]"
"OPTMix-0593-P2-180-20231205","[1389017, 1361654, 1391143, 1360317, 1739083, 1395945, 1397391, 1419915, 1651113, 1360404]"
"OPTMix-0593-P2-84-20231205","[1359274, 1397514, 1419076, 1737633, 1667093, 1358515, 1361654, 1356341, 1651113, 1668330]"
"OPTMix-0593-P2-92-20231205","[1651113, 1743472, 1359973, 1392309, 1393474, 1400084, 1393473, 1400159, 1392336, 1743933]"
"OPTMix-0593-P3-130-20231205","[1359973, 1356307, 1743933, 1651113, 1397225, 1513956, 1737448, 1744176, 1391764, 1355969]"
"OPTMix-0593-P3-146-20231205","[1743472, 1651113, 1400084, 1390421, 1743933, 1392317, 1392309, 1744176, 1390756, 1419915]"
"OPTMix-0593-P3-87-20231205","[1359973, 1391764, 1743933, 1737448, 1744176, 1390421, 1356307, 1393703, 1360317, 1361892]"
"OPTMix-0598-P1-118-20231205","[1390870, 1363481, 1396464, 1743933, 1400062, 1361416, 1419915, 1391851, 1361547, 1361721]"
"OPTMix-0598-P1-132-20231205","[1359973, 1548182, 1390421, 1397391, 1548508, 1400159, 1391764, 1737448, 1452689, 1743933]"
"OPTMix-0598-P1-133-20231205","[1359388, 1356307, 1389018, 1363593, 1390870, 1393828, 1390138, 1363339, 1360317, 1743933]"
"OPTMix-0598-P1-149-20231205","[1391143, 1396272, 1394612, 1359076, 1391764, 1363267, 1419915, 1357187, 1360473, 1394333]"
"OPTMix-0598-P1-197-20231205","[1358501, 1393828, 1667445, 1391143, 1358506, 1390421, 1393370, 1539461, 1361147, 1360473]"
"OPTMix-0598-P1-198-20231205","[1390870, 1743933, 1361540, 1737448, 1356796, 1400062, 1389018, 1363593, 1393828, 1359388]"
"OPTMix-0598-P2-102-20231205","[1363544, 1356268, 1743317, 1391143, 1356404, 1564349, 1356364, 1394503, 1397833, 1361786]"
"OPTMix-0598-P2-139-20231207","[1358605, 1356217, 1391143, 1356404, 1397450, 1667093, 1363006, 1666972, 1358515, 1397383]"
"OPTMix-0598-P2-86-20231207","[1356373, 1393254, 1356790, 1356404, 1396752, 1356375, 1739083, 1743831, 1390421, 1722340]"
"OPTMix-0598-P2-99-20231205","[1390706, 1361654, 1391143, 1739083, 1393254, 1390680, 1356790, 1358515, 1360473, 1391810]"
"OPTMix-0598-P4-104-20231207","[1390870, 1397450, 1361335, 1389018, 1390421, 1358501, 1743933, 1363593, 1392505, 1391851]"
"OPTMix-0598-P4-108-20231207","[1737672, 1360404, 1668744, 1737590, 1358605, 1737448, 1369309, 1667093, 1393254, 1744176]"
"OPTMix-0598-P4-128-20231207","[1358515, 1397391, 1737448, 1361654, 1359973, 1360317, 1391143, 1397431, 1744176, 1744860]"
"OPTMix-083-P3-139-20231110","[1356373, 1400159, 1739083, 1391810, 1356404, 1389294, 1737448, 1628819, 1360748, 1361790]"
"OPTMix-083-P3-186-20231110","[1356373, 1358446, 1395628, 1389570, 1361055, 1395477, 1363021, 1395602, 1398689, 1467324]"
"OPTMix-083-P3-96-20231110","[1358501, 1363593, 1363021, 1364089, 1358507, 1628819, 1364093, 1539461, 1395466, 1363358]"
"OPTMix-108-P1-000-20231006","[1668617, 1652226, 1467324, 1360790, 1395628, 1743933, 1393254, 1392973, 1395134, 1395035]"
"RNNB-1-1-20230512","[1722522, 1390421, 1363540, 1722521, 1722625, 1363191, 1426004, 1363200, 1399779, 1743275]"
"RNNB-1-1-20240117","[1722433, 1737441, 1392264, 1722441, 1355886, 1651204, 1361412, 1673181, 1744677, 1743222]"
"RNNB-1-10-20230512","[1722522, 1722625, 1722521, 1363200, 1389495, 1452062, 1393366, 1393367, 1395724, 1360558]"
"RNNB-1-10-20240117","[1722433, 1722441, 1393522, 1452695, 1651204, 1392264, 1453531, 1361416, 1360701, 1647823]"
"RNNB-1-2-20230512","[1722522, 1722521, 1722625, 1395727, 1426004, 1363191, 1451777, 1744365, 1395724, 1362210]"
"RNNB-1-2-20240117","[1743244, 1651204, 1432847, 1742895, 1491514, 1393474, 1545700, 1389586, 1392264, 1393473]"
"RNNB-1-3-20230512","[1722522, 1722521, 1722625, 1390421, 1395727, 1363191, 1744365]"
"RNNB-1-3-20240117","[1392264, 1743244, 1363261, 1491514, 1742895, 1393474, 1400148, 1545700, 1432847, 1398163]"
"RNNB-1-4-20230512","[1390421, 1722522, 1722521, 1722625, 1393370, 1356282, 1395727, 1744365, 1395724, 1357509]"
"RNNB-1-4-20240117","[1743244, 1357236, 1722433, 1357227, 1393474, 1651204, 1491514, 1361071, 1392846, 1389586]"
"RNNB-1-5-20230512","[1722522, 1722521, 1722625, 1744534, 1389495, 1419915, 1450849, 1395724, 1363187, 1360558]"
"RNNB-1-5-20240117","[1722433, 1722441, 1737441, 1651204, 1393522, 1390761, 1363487, 1355897, 1361412, 1720968]"
"RNNB-1-6-20230512","[1722522, 1452062, 1390421, 1722521, 1397505, 1360558, 1722625, 1363167, 1359081, 1399609]"
"RNNB-1-6-20240117","[1722433, 1722441, 1737441, 1393522, 1361416, 1647823, 1651204, 1396464, 1361412, 1357713]"
"RNNB-1-7-20230512","[1722522, 1722625, 1722521, 1390421, 1395724, 1393366, 1744365]"
"RNNB-1-7-20240117","[1722433, 1722441, 1393522, 1737441, 1360978, 1647823, 1737437, 1651204, 1361412, 1393790]"
"RNNB-1-8-20230512","[1722522, 1722625, 1722521, 1481281, 1722506, 1357584, 1390421, 1737448, 1418225, 1395724]"
"RNNB-1-8-20240117","[1722433, 1393522, 1390421, 1651204, 1743244, 1722441, 1361169, 1392264, 1363476, 1363302]"
"RNNB-1-9-20230512","[1722625, 1722522, 1722521, 1395922, 1363187, 1450849, 1744534, 1390421, 1397422, 1363200]"
"RNNB-1-9-20240117","[1722433, 1393522, 1359452, 1722441, 1361416, 1361412, 1396464, 1651204, 1356268, 1363021]"
"RNNB-2-1-20230512","[1722522, 1722521, 1722625, 1426004, 1450849, 1363823, 1395727, 1363181, 1744534]"
"RNNB-2-1-20240117","[1360701, 1722433, 1357227, 1392264, 1651204, 1357651, 1722441, 1393494, 1742895, 1393522]"
"RNNB-2-10-20230512","[1390421, 1389495, 1426004, 1722522, 1744534, 1450849, 1398740, 1359873, 1356839, 1743754]"
"RNNB-2-10-20240117","[1721018, 1722433, 1356083, 1363181, 1360013, 1395675, 1722578, 1357651, 1357227, 1364148]"
"RNNB-2-2-20230512","[1722522, 1722521, 1390421, 1722625, 1426004, 1426005, 1450849, 1744534, 1743244, 1362210]"
"RNNB-2-2-20240117","[1360701, 1359344, 1357227, 1357651, 1358203, 1743244, 1722441, 1396883, 1357713, 1722433]"
"RNNB-2-3-20230512","[1390421, 1426004, 1426005, 1450849, 1391661, 1363424, 1357509, 1743244, 1744534, 1356839]"
"RNNB-2-3-20240117","[1357227, 1722433, 1491514, 1357651, 1743244, 1400016, 1396883, 1393522, 1393474, 1744860]"
"RNNB-2-4-20230512","[1390421, 1426004, 1744534, 1363187, 1450849, 1357509, 1489087, 1392264, 1492957, 1359873]"
"RNNB-2-4-20240117","[1722433, 1360701, 1357227, 1545700, 1393522, 1357651, 1651204, 1357713, 1358203, 1360013]"
"RNNB-2-5-20230512","[1390421, 1744534, 1363187, 1426004, 1426005, 1492957, 1357509, 1389586, 1389495, 1450849]"
"RNNB-2-5-20240117","[1359344, 1357227, 1388812, 1357651, 1358203, 1743244, 1360701, 1491514, 1722433, 1359297]"
"RNNB-2-6-20230512","[1390421, 1744534, 1358573, 1422538, 1743365, 1356839, 1450849, 1359873, 1357509, 1361892]"
"RNNB-2-6-20240117","[1359344, 1357227, 1357651, 1397317, 1399609, 1358203, 1357713, 1722671, 1388812, 1364148]"
"RNNB-2-7-20230512","[1426004, 1450849, 1426005, 1744534, 1492957, 1356839, 1744335, 1363823, 1390421, 1400074]"
"RNNB-2-7-20240117","[1722433, 1360701, 1722441, 1357651, 1651204, 1357227, 1737441, 1393522, 1545700, 1357713]"
"RNNB-2-8-20230512","[1426004, 1390421, 1450849, 1363187, 1356839, 1744534, 1492957, 1744335, 1399485, 1363838]"
"RNNB-2-8-20240117","[1360701, 1359344, 1360719, 1651204, 1743244, 1502212, 1355950, 1722441, 1737441, 1358203]"
"RNNB-2-9-20230512","[1390421, 1426004, 1363187, 1744534, 1356839, 1362181, 1392264, 1450849, 1360036, 1426005]"
"RNNB-2-9-20240117","[1721018, 1360978, 1722433, 1363892, 1356083, 1392264, 1357227, 1364148, 1364037, 1360701]"
"RNNB-3-1-20230512","[1363526, 1396809, 1363497, 1389956, 1426088, 1390421, 1361245, 1744241, 1362181, 1356145]"
"RNNB-3-1-20240117","[1359344, 1722433, 1651204, 1722441, 1743244, 1491514, 1392147, 1361416, 1362952, 1363651]"
"RNNB-3-10-20230512","[1393522, 1722433, 1393992, 1722441, 1650228, 1363337, 1361721, 1379532, 1396416, 1647823]"
"RNNB-3-10-20240117","[1356083, 1721018, 1392264, 1363181, 1722433, 1361660, 1743244, 1651204, 1722619, 1396290]"
"RNNB-3-11-20230512","[1393992, 1722433, 1722441, 1737437, 1393522, 1743938, 1473216, 1650228, 1362194, 1744241]"
"RNNB-3-12-20230512","[1393522, 1722433, 1393992, 1722441, 1737437, 1390055, 1379532, 1650228, 1744241, 1473216]"
"RNNB-3-2-20230512","[1426004, 1360557, 1398721, 1492957, 1426088, 1422538, 1450849, 1358386, 1744534, 1647348]"
"RNNB-3-2-20240117","[1722433, 1359344, 1722441, 1651204, 1356055, 1743244, 1393522, 1356054, 1396290, 1361412]"
"RNNB-3-3-20240117","[1359344, 1722433, 1722441, 1651204, 1390761, 1389833, 1359650, 1361416, 1388812, 1491514]"
"RNNB-3-4-20230512","[1360931, 1360973, 1360964, 1393921, 1393919, 1362405, 1360925, 1361510, 1360926, 1393515]"
"RNNB-3-4-20240117","[1359344, 1356282, 1361792, 1361703, 1651204, 1743244, 1722619, 1359297, 1392264, 1545700]"
"RNNB-3-5-20230512","[1722441, 1722433, 1393522, 1400159, 1361540, 1647823, 1744241, 1394246, 1360989, 1361510]"
"RNNB-3-5-20240117","[1722436, 1722490, 1356083, 1721018, 1743244, 1360127, 1390421, 1363181, 1392846, 1491514]"
"RNNB-3-6-20230512","[1393522, 1722433, 1363079, 1737437, 1722441, 1379532, 1361721, 1647823, 1393992, 1361540]"
"RNNB-3-6-20240117","[1355977, 1400159, 1358581, 1363180, 1743244, 1392264, 1359344, 1742109, 1361569, 1393474]"
"RNNB-3-7-20230512","[1722433, 1393522, 1722441, 1650228, 1737437, 1737441, 1393992, 1473216, 1379532, 1648762]"
"RNNB-3-7-20240117","[1359344, 1355977, 1360978, 1358581, 1491514, 1743244, 1393474, 1398494, 1393473, 1400159]"
"RNNB-3-8-20230512","[1722433, 1722441, 1393522, 1361721, 1393992, 1650228, 1737437, 1647823, 1737441, 1356297]"
"RNNB-3-8-20240117","[1356083, 1491514, 1360978, 1393474, 1743244, 1359344, 1722441, 1363261, 1363181, 1722501]"
"RNNB-3-9-20230512","[1393522, 1361721, 1722433, 1722441, 1393992, 1379532, 1363337, 1737437, 1650228, 1647823]"
"RNNB-3-9-20240117","[1360701, 1651204, 1722441, 1737441, 1721018, 1743244, 1722433, 1363181, 1356083, 1545700]"
"RNNB-4-1-20240117","[1357769, 1399609, 1361703, 1392264, 1399677, 1359344, 1743819, 1358577, 1357630, 1744380]"
"RNNB-4-1-20240118","[1399609, 1392725, 1361412, 1361437, 1363261, 1392264, 1647348, 1400159, 1394331, 1743407]"
"RNNB-4-10-20240117","[1359344, 1722433, 1356083, 1722441, 1651204, 1361412, 1388812, 1721018, 1556901, 1362179]"
"RNNB-4-10-20240118","[1399609, 1392725, 1392264, 1397398, 1744489, 1357630, 1357004, 1396290, 1357962, 1360473]"
"RNNB-4-2-20240117","[1359344, 1361703, 1742895, 1358577, 1491514, 1744380, 1393770, 1363181, 1529395, 1743819]"
"RNNB-4-2-20240118","[1394019, 1361953, 1361412, 1361960, 1361986, 1743819, 1359388, 1660692, 1396290, 1743665]"
"RNNB-4-3-20240117","[1722441, 1392264, 1358577, 1722433, 1743819, 1361412, 1361703, 1359344, 1358203, 1742895]"
"RNNB-4-3-20240118","[1361412, 1363261, 1399609, 1361437, 1396274, 1363687, 1357004, 1392264, 1359388, 1360473]"
"RNNB-4-4-20240117","[1359344, 1722433, 1361703, 1742895, 1392264, 1361412, 1651204, 1545700, 1491514, 1743819]"
"RNNB-4-4-20240118","[1399609, 1361412, 1392725, 1397398, 1651204, 1743819, 1357630, 1647823, 1390421, 1389586]"
"RNNB-4-5-20240117","[1359344, 1722433, 1393770, 1722441, 1357227, 1651204, 1647823, 1361412, 1358203, 1393522]"
"RNNB-4-5-20240118","[1399609, 1392725, 1397398, 1356042, 1362179, 1360557, 1363814, 1357630, 1358766, 1390421]"
"RNNB-4-6-20240117","[1359344, 1722433, 1361703, 1722441, 1388812, 1651204, 1491514, 1390421, 1738652, 1722619]"
"RNNB-4-6-20240118","[1399609, 1392725, 1744489, 1361000, 1361001, 1395727, 1738658, 1395940, 1356564, 1465444]"
"RNNB-4-7-20240117","[1359344, 1722433, 1722441, 1388812, 1651204, 1393770, 1361412, 1396290, 1737441, 1393522]"
"RNNB-4-7-20240118","[1399609, 1392725, 1744489, 1357630, 1393748, 1722521, 1743407, 1722522, 1397398, 1400159]"
"RNNB-4-8-20240117","[1359344, 1722433, 1500391, 1393770, 1742895, 1722441, 1361703, 1357360, 1491514, 1743244]"
"RNNB-4-8-20240118","[1399609, 1392725, 1397398, 1357630, 1361412, 1361437, 1357771, 1737651, 1499783, 1357769]"
"RNNB-4-9-20240117","[1359344, 1357848, 1722433, 1722441, 1361412, 1651204, 1357847, 1394057, 1743244, 1363302]"
"RNNB-4-9-20240118","[1399609, 1392725, 1397398, 1357630, 1722409, 1357771, 1737651, 1356042, 1396898, 1744243]"
"RNNB-5-1-20240117","[1360542, 1743550, 1397373, 1399609, 1513498, 1360520, 1357771, 1400036, 1394349, 1358766]"
"RNNB-5-1-20240118","[1399609, 1392264, 1651204, 1361412, 1491514, 1392725, 1355886, 1489087, 1722441, 1357771]"
"RNNB-5-10-20240117","[1743819, 1360910, 1392341, 1452695, 1357742, 1563735, 1744498, 1360655, 1359388, 1361703]"
"RNNB-5-10-20240118","[1399609, 1392725, 1397398, 1357630, 1390421, 1722409, 1389400, 1744243, 1357771, 1357769]"
"RNNB-5-2-20240117","[1399609, 1392725, 1390421, 1363433, 1357769, 1392264, 1393479, 1357630, 1357771, 1397398]"
"RNNB-5-2-20240118","[1399609, 1392725, 1360185, 1722409, 1397398, 1357630, 1722441, 1360910, 1357769, 1742895]"
"RNNB-5-3-20240117","[1399609, 1360542, 1360520, 1743550, 1392725, 1400036, 1357630, 1357771, 1397398, 1397373]"
"RNNB-5-3-20240118","[1399609, 1392725, 1357630, 1361723, 1742895, 1392264, 1361892, 1363181, 1361540, 1400159]"
"RNNB-5-4-20240117","[1399609, 1392725, 1390421, 1357771, 1357911, 1397398, 1357630, 1360557, 1394349, 1361892]"
"RNNB-5-4-20240118","[1399609, 1392725, 1357630, 1397398, 1357771, 1390966, 1356054, 1737651, 1394349, 1400159]"
"RNNB-5-5-20240117","[1399609, 1392725, 1397398, 1357630, 1396898, 1357771, 1397373, 1400036, 1394349, 1391529]"
"RNNB-5-5-20240118","[1399609, 1392725, 1357630, 1397398, 1737651, 1357771, 1396898, 1388812, 1358766, 1399779]"
"RNNB-5-6-20240117","[1399609, 1360542, 1397373, 1743550, 1357771, 1358766, 1392725, 1397398, 1392264, 1400036]"
"RNNB-5-6-20240118","[1399609, 1392725, 1357630, 1357268, 1392264, 1396742, 1397398, 1357769, 1390421, 1357771]"
"RNNB-5-7-20240117","[1360542, 1743550, 1397373, 1400036, 1360550, 1360523, 1358186, 1363149, 1360520, 1392264]"
"RNNB-5-7-20240118","[1399609, 1364108, 1392264, 1392725, 1359452, 1357630, 1397398, 1357268, 1398721, 1396898]"
"RNNB-5-8-20240117","[1399609, 1452585, 1396197, 1400036, 1392417, 1743332, 1390421, 1360542, 1394640, 1360910]"
"RNNB-5-8-20240118","[1722441, 1398721, 1392264, 1359452, 1359388, 1399609, 1400159, 1742895, 1359406, 1720968]"
"RNNB-5-9-20240117","[1399609, 1396197, 1742895, 1400159, 1743332, 1529395, 1389659, 1452695, 1561314, 1394640]"
"RNNB-5-9-20240118","[1399609, 1722433, 1722441, 1398721, 1363261, 1357004, 1361117, 1393522, 1357509, 1647823]"
"RNNB-6-1-20240117","[1360542, 1357560, 1397373, 1361892, 1357568, 1358880, 1493662, 1357872, 1364127, 1357771]"
"RNNB-6-1-20240118","[1722433, 1651204, 1391371, 1390421, 1361117, 1361412, 1361071, 1389291, 1358577, 1355886]"
"RNNB-6-10-20240117","[1361892, 1361683, 1452750, 1357509, 1360910, 1361412, 1390421, 1360473, 1452689, 1399609]"
"RNNB-6-10-20240118","[1399609, 1392264, 1392725, 1357630, 1396898, 1391661, 1360701, 1397398, 1357771, 1358203]"
"RNNB-6-2-20240117","[1361412, 1359388, 1391371, 1493662, 1651204, 1363434, 1743297, 1358187, 1360127, 1493109]"
"RNNB-6-2-20240118","[1361412, 1742895, 1390421, 1389586, 1361703, 1360013, 1361071, 1418225, 1358577, 1360712]"
"RNNB-6-3-20240117","[1359388, 1360910, 1646126, 1361660, 1392264, 1395953, 1360473, 1396290, 1513498, 1361579]"
"RNNB-6-3-20240118","[1361412, 1361947, 1361354, 1392264, 1722433, 1390421, 1651204, 1360013, 1389586, 1361416]"
"RNNB-6-4-20240117","[1361412, 1360910, 1390421, 1399609, 1392264, 1647348, 1363302, 1722619, 1452689, 1361437]"
"RNNB-6-4-20240118","[1361416, 1722433, 1722441, 1651204, 1399609, 1359344, 1363424, 1359452, 1396416, 1744380]"
"RNNB-6-5-20240117","[1414353, 1361412, 1359388, 1363302, 1360910, 1422217, 1361117, 1392264, 1360978, 1391371]"
"RNNB-6-5-20240118","[1361416, 1396470, 1651204, 1392264, 1390421, 1722433, 1722441, 1357509, 1397398, 1399609]"
"RNNB-6-6-20240117","[1361412, 1359388, 1452689, 1361892, 1722441, 1391371, 1390421, 1651204, 1360993, 1361245]"
"RNNB-6-6-20240118","[1399609, 1390421, 1388812, 1397398, 1400159, 1357771, 1742895, 1392725, 1357769, 1392264]"
"RNNB-6-7-20240117","[1361412, 1361660, 1391371, 1361117, 1359388, 1363526, 1361245, 1357700, 1357526, 1651204]"
"RNNB-6-7-20240118","[1399609, 1392725, 1357630, 1357771, 1397398, 1396898, 1499783, 1357608, 1743754, 1359664]"
"RNNB-6-8-20240117","[1361412, 1500391, 1363261, 1357360, 1486742, 1359388, 1452689, 1361117, 1419915, 1357848]"
"RNNB-6-8-20240118","[1399609, 1392725, 1392264, 1390421, 1357771, 1357630, 1397398, 1722506, 1357608, 1361703]"
"RNNB-6-9-20240117","[1359388, 1361412, 1394596, 1360473, 1396290, 1357207, 1361579, 1557427]"
"RNNB-6-9-20240118","[1399609, 1742895, 1744380, 1392725, 1357630, 1392264, 1361703, 1357769, 1396898, 1400159]"
"RNNB-7-1-20240118","[1399609, 1392725, 1397398, 1647348, 1357771, 1361412, 1360557, 1564349, 1357630, 1359388]"
"RNNB-7-10-20240118","[1399609, 1392725, 1361412, 1647348, 1363526, 1397398, 1361437, 1357771, 1357742, 1396290]"
"RNNB-7-2-20240118","[1399609, 1361412, 1392725, 1361437, 1363481, 1356407, 1356282, 1359452, 1357771, 1647348]"
"RNNB-7-3-20240118","[1399609, 1392725, 1361412, 1361437, 1357771, 1722441, 1357630, 1647348, 1360473, 1742895]"
"RNNB-7-4-20240118","[1361412, 1359452, 1361437, 1359388, 1361117, 1392264, 1722433, 1393522, 1647348, 1358880]"
"RNNB-7-5-20240118","[1361412, 1399609, 1359452, 1392725, 1397398, 1647348, 1651204, 1357769, 1361437, 1361354]"
"RNNB-7-6-20240118","[1399609, 1361412, 1392725, 1359388, 1363261, 1393522, 1722441, 1452695, 1361437, 1357771]"
"RNNB-7-7-20240118","[1361412, 1399609, 1393522, 1361437, 1722433, 1742895, 1722441, 1392725, 1359452, 1651204]"
"RNNB-7-8-20240118","[1361437, 1361412, 1738652, 1651204, 1359452, 1397046, 1360701, 1392264, 1722441, 1363908]"
"RNNB-7-9-20240118","[1399609, 1359452, 1392725, 1392264, 1361437, 1361412, 1744489, 1398721, 1722441, 1362179]"
"RNNB-8-1-20240118","[1359344, 1722441, 1651204, 1722433, 1491514, 1393522, 1388812, 1399609, 1393992, 1573015]"
"RNNB-8-10-20240118","[1361412, 1722441, 1651204, 1722433, 1361117, 1393522, 1390421, 1360701, 1389586, 1419915]"
"RNNB-8-2-20240118","[1722441, 1722433, 1357227, 1651204, 1393522, 1361412, 1396883, 1357187, 1499638, 1499783]"
"RNNB-8-3-20240118","[1722433, 1722441, 1357848, 1393522, 1651204, 1357360, 1390421, 1647823, 1360931, 1357509]"
"RNNB-8-4-20240118","[1722441, 1651204, 1393522, 1361412, 1357227, 1722433, 1743244, 1390761, 1390421, 1363302]"
"RNNB-8-5-20240118","[1359344, 1491514, 1361071, 1390421, 1651204, 1392264, 1722441, 1545700, 1392846, 1389250]"
"RNNB-8-6-20240118","[1359344, 1491514, 1743244, 1356307, 1390421, 1743530, 1356054, 1399609, 1651204, 1396527]"
"RNNB-8-7-20240118","[1359344, 1357848, 1499638, 1388812, 1397352, 1396883, 1360719, 1357350, 1743244, 1491514]"
"RNNB-8-8-20240118","[1359344, 1357227, 1499638, 1491514, 1743244, 1396883, 1393770, 1390421, 1359297, 1651204]"
"RNNB-8-9-20240118","[1359344, 1392264, 1361412, 1722433, 1390421, 1722441, 1357509, 1651204, 1359297, 1743407]"
