"quadrat_id","species_ids"
"2024-CEV3-20240602","[1395045, 1362443, 1361592, 1362363, 1395114]"
"CBN-PdlC-A1-20130807","[1396253, 1395807, 1360299, 1390793, 1392611]"
"CBN-PdlC-A1-20130903","[1395807, 1412857, 1392611, 1396144, 1360299]"
"CBN-PdlC-A1-20140721","[1396253, 1395807, 1392611, 1360299, 1392608]"
"CBN-PdlC-A1-20140811","[1412857, 1395807, 1742053, 1360299, 1392611]"
"CBN-PdlC-A1-20140901","[1357608, 1412857, 1742053, 1392611, 1361367]"
"CBN-PdlC-A1-20150701","[1396253, 1394643, 1390793, 1392611, 1395807]"
"CBN-PdlC-A1-20150720","[1395807, 1392537, 1392549, 1392553, 1549015]"
"CBN-PdlC-A1-20150831","[1396253, 1395807, 1412857, 1392611, 1391092]"
"CBN-PdlC-A1-20160705","[1396253, 1394911, 1412857, 1390793, 1395807]"
"CBN-PdlC-A1-20160726","[1392553, 1392549, 1392537, 1392535, 1549015]"
"CBN-PdlC-A1-20170816","[1392553, 1412857, 1392537, 1396253, 1392535]"
"CBN-PdlC-A1-20170906","[1396253, 1412857, 1392553, 1395807, 1392535]"
"CBN-PdlC-A1-20180702","[1394911, 1390793, 1394910, 1397468, 1361771]"
"CBN-PdlC-A1-20180815","[1412857, 1360300, 1361367, 1360299, 1394311]"
"CBN-PdlC-A1-20180905","[1412857, 1396253, 1360299, 1742053, 1394311]"
"CBN-PdlC-A1-20190701","[1412857, 1742053, 1394643, 1394641, 1361382]"
"CBN-PdlC-A1-20190722","[1395807, 1396253, 1396843, 1392608, 1361367]"
"CBN-PdlC-A1-20190812","[1412857, 1361367, 1395807, 1392611, 1742053]"
"CBN-PdlC-A1-20190909","[1395807, 1394643, 1412857, 1742053, 1743474]"
"CBN-PdlC-A1-20200629","[1361801, 1361130, 1392655, 1651061, 1356407]"
"CBN-PdlC-A1-20200722","[1392549, 1392553, 1392537, 1392535, 1395807]"
"CBN-PdlC-A1-20200812","[1395807, 1742053, 1412857, 1392541, 1397535]"
"CBN-PdlC-A2-20130807","[1395807, 1396253, 1394643, 1412857, 1393224]"
"CBN-PdlC-A2-20130903","[1395807, 1393200, 1412857, 1394643, 1742053]"
"CBN-PdlC-A2-20140721","[1396253, 1395807, 1396144, 1412857, 1394674]"
"CBN-PdlC-A2-20140901","[1396253, 1412857, 1394643, 1742053, 1390793]"
"CBN-PdlC-A2-20150720","[1395807, 1396253, 1412857, 1393200, 1396733]"
"CBN-PdlC-A2-20150810","[1395807, 1396253, 1412857, 1393200, 1390793]"
"CBN-PdlC-A2-20150831","[1396253, 1395807, 1412857, 1396843, 1742053]"
"CBN-PdlC-A2-20160705","[1396253, 1412857, 1396843, 1393200, 1390793]"
"CBN-PdlC-A2-20160726","[1395807, 1392537, 1392553, 1392549, 1392535]"
"CBN-PdlC-A2-20170816","[1395807, 1396253, 1412857, 1742053, 1396144]"
"CBN-PdlC-A2-20180702","[1358746, 1369309, 1394643, 1396144, 1359750]"
"CBN-PdlC-A2-20180723","[1393200, 1395807, 1396253, 1359296, 1412857]"
"CBN-PdlC-A2-20180815","[1396253, 1412857, 1363740, 1742053, 1396843]"
"CBN-PdlC-A2-20180905","[1396253, 1412857, 1357608, 1742053, 1359296]"
"CBN-PdlC-A2-20190701","[1392298, 1392324, 1392260, 1743471, 1392314]"
"CBN-PdlC-A2-20190722","[1396253, 1392553, 1392537, 1392535, 1392549]"
"CBN-PdlC-A2-20190812","[1396253, 1412857, 1363455, 1742053, 1395807]"
"CBN-PdlC-A2-20190909","[1395807, 1412857, 1396253, 1742053, 1394643]"
"CBN-PdlC-A2-20200629","[1392298, 1361130, 1743999, 1741617, 1744067]"
"CBN-PdlC-A2-20200722","[1396253, 1395807, 1392537, 1392535, 1392549]"
"CBN-PdlC-A2-20200812","[1396253, 1395807, 1412857, 1392553, 1742053]"
"CBN-PdlC-A3-20130807","[1395807, 1412857, 1392611, 1393200, 1392608]"
"CBN-PdlC-A3-20130903","[1395807, 1412857, 1396253, 1742053, 1394643]"
"CBN-PdlC-A3-20140721","[1396253, 1737545, 1395807, 1390356, 1393200]"
"CBN-PdlC-A3-20140811","[1395807, 1412857, 1396144, 1396560, 1737545]"
"CBN-PdlC-A3-20140901","[1412857, 1394643, 1742053, 1395807, 1396144]"
"CBN-PdlC-A3-20150701","[1412857, 1737545, 1396632, 1396560, 1395807]"
"CBN-PdlC-A3-20150720","[1395807, 1412857, 1523343, 1390426, 1737545]"
"CBN-PdlC-A3-20150810","[1396253, 1395807, 1412857, 1396144, 1369309]"
"CBN-PdlC-A3-20150831","[1395807, 1396253, 1412857, 1396144, 1393200]"
"CBN-PdlC-A3-20160705","[1396144, 1393200, 1412857, 1737545, 1396632]"
"CBN-PdlC-A3-20160726","[1392553, 1392537, 1392549, 1392535, 1549015]"
"CBN-PdlC-A3-20170816","[1394643, 1412857, 1742053, 1396144, 1395807]"
"CBN-PdlC-A3-20170906","[1412857, 1742053, 1392611, 1392608, 1393200]"
"CBN-PdlC-A3-20180702","[1394643, 1412857, 1396144, 1393200, 1394641]"
"CBN-PdlC-A3-20180723","[1395807, 1393200, 1396632, 1390356, 1392608]"
"CBN-PdlC-A3-20180815","[1394643, 1412857, 1742053, 1394671, 1390899]"
"CBN-PdlC-A3-20180905","[1412857, 1742053, 1393200, 1357608, 1394643]"
"CBN-PdlC-A3-20190701","[1394643, 1393200, 1358746, 1412857, 1390793]"
"CBN-PdlC-A3-20190722","[1397043, 1395807, 1390426, 1396560, 1390356]"
"CBN-PdlC-A3-20190812","[1357608, 1395807, 1393200, 1412857, 1392611]"
"CBN-PdlC-A3-20190909","[1394643, 1395807, 1412857, 1742053, 1392608]"
"CBN-PdlC-A3-20200629","[1356395, 1361703, 1741834, 1356228, 1395974]"
"CBN-PdlC-A3-20200722","[1395807, 1397521, 1393200, 1394643, 1412857]"
"CBN-PdlC-A3-20200812","[1412857, 1742053, 1395807, 1357608, 1393200]"
"CBN-PdlC-A4-20130807","[1395807, 1393200, 1397475, 1741661, 1397450]"
"CBN-PdlC-A4-20130903","[1397475, 1741661, 1393200, 1395190, 1392611]"
"CBN-PdlC-A4-20140811","[1396253, 1395807, 1741661, 1412857, 1395190]"
"CBN-PdlC-A4-20140901","[1397475, 1358746, 1741661, 1393200, 1395807]"
"CBN-PdlC-A4-20150701","[1397475, 1741661, 1393200, 1412857, 1396253]"
"CBN-PdlC-A4-20150810","[1396253, 1395807, 1397475, 1741661, 1362271]"
"CBN-PdlC-A4-20150831","[1395807, 1400101, 1741661, 1396253, 1396144]"
"CBN-PdlC-A4-20160705","[1741661, 1397475, 1393200, 1392611, 1392614]"
"CBN-PdlC-A4-20160726","[1396253, 1395807, 1396144, 1392537, 1393200]"
"CBN-PdlC-A4-20170816","[1397521, 1395807, 1412857, 1742053, 1396253]"
"CBN-PdlC-A4-20170906","[1395807, 1396253, 1741661, 1396144, 1397475]"
"CBN-PdlC-A4-20180702","[1397475, 1741661, 1393200, 1395190, 1398589]"
"CBN-PdlC-A4-20180723","[1400101, 1396253, 1397521, 1397475, 1393200]"
"CBN-PdlC-A4-20180815","[1741661, 1397475, 1393200, 1395190, 1396561]"
"CBN-PdlC-A4-20180905","[1396253, 1741661, 1412857, 1397475, 1395807]"
"CBN-PdlC-A4-20190701","[1397475, 1741661, 1393200, 1358746, 1395190]"
"CBN-PdlC-A4-20190722","[1741661, 1397475, 1397043, 1393200, 1397046]"
"CBN-PdlC-A4-20190812","[1741661, 1397475, 1395807, 1393200, 1742053]"
"CBN-PdlC-A4-20190909","[1397450, 1397475, 1741661, 1395190, 1363489]"
"CBN-PdlC-A4-20200629","[1397475, 1741661, 1392611, 1395190, 1360299]"
"CBN-PdlC-A4-20200722","[1400101, 1741661, 1393200, 1397475, 1395190]"
"CBN-PdlC-A4-20200812","[1397475, 1741661, 1395807, 1393200, 1412857]"
"CBN-PdlC-A5-20130807","[1400101, 1395807, 1396253, 1741661, 1397475]"
"CBN-PdlC-A5-20130903","[1396253, 1397475, 1395807, 1741661, 1395001]"
"CBN-PdlC-A5-20140721","[1395807, 1397475, 1741661, 1396253, 1393708]"
"CBN-PdlC-A5-20140811","[1397043, 1395807, 1396253, 1397521, 1397046]"
"CBN-PdlC-A5-20150701","[1395807, 1396253, 1741661, 1393200, 1397475]"
"CBN-PdlC-A5-20150831","[1396253, 1395807, 1397475, 1741661, 1395870]"
"CBN-PdlC-A5-20160705","[1396253, 1397475, 1741661, 1395807, 1395190]"
"CBN-PdlC-A5-20160726","[1396253, 1397043, 1392537, 1392553, 1392535]"
"CBN-PdlC-A5-20170816","[1396253, 1397475, 1741661, 1395807, 1363543]"
"CBN-PdlC-A5-20170906","[1396253, 1741661, 1397475, 1395807, 1363543]"
"CBN-PdlC-A5-20180815","[1396253, 1395807, 1741661, 1393200, 1397475]"
"CBN-PdlC-A5-20180905","[1396253, 1741661, 1363543, 1395807, 1397475]"
"CBN-PdlC-A5-20190909","[1396253, 1397475, 1741661, 1395807, 1363501]"
"CBN-PdlC-A5-20200722","[1396253, 1397043, 1741661, 1395807, 1397475]"
"CBN-PdlC-A6-20130807","[1741661, 1397475, 1395807, 1395190, 1392537]"
"CBN-PdlC-A6-20130903","[1396253, 1741661, 1397475, 1395190, 1392553]"
"CBN-PdlC-A6-20140630","[1397475, 1741661, 1396253, 1357103, 1741880]"
"CBN-PdlC-A6-20140721","[1396253, 1395807, 1741661, 1397475, 1393708]"
"CBN-PdlC-A6-20140901","[1741661, 1397475, 1395190, 1396253, 1396971]"
"CBN-PdlC-A6-20150701","[1397475, 1741661, 1397450, 1395807, 1393200]"
"CBN-PdlC-A6-20150810","[1395807, 1396253, 1741661, 1397475, 1362271]"
"CBN-PdlC-A6-20150831","[1397475, 1741661, 1395807, 1396253, 1395190]"
"CBN-PdlC-A6-20160705","[1741661, 1397475, 1395807, 1396253, 1393200]"
"CBN-PdlC-A6-20160726","[1396253, 1397475, 1741661, 1395807, 1393200]"
"CBN-PdlC-A6-20170816","[1396253, 1741661, 1397475, 1396971, 1395190]"
"CBN-PdlC-A6-20170906","[1396253, 1741661, 1397475, 1393200, 1395190]"
"CBN-PdlC-A6-20180702","[1741661, 1397475, 1396253, 1395190, 1393200]"
"CBN-PdlC-A6-20180723","[1396971, 1741661, 1413421, 1393200, 1396253]"
"CBN-PdlC-A6-20180815","[1741661, 1397475, 1393874, 1395190, 1357103]"
"CBN-PdlC-A6-20180905","[1397475, 1741661, 1396253, 1393200, 1395190]"
"CBN-PdlC-A6-20190701","[1741661, 1396253, 1397475, 1395190, 1393200]"
"CBN-PdlC-A6-20190722","[1741661, 1396253, 1395807, 1397475, 1395190]"
"CBN-PdlC-A6-20190812","[1400101, 1741661, 1397475, 1396253, 1395807]"
"CBN-PdlC-A6-20190909","[1741661, 1397475, 1396253, 1395190, 1395807]"
"CBN-PdlC-A6-20200722","[1741661, 1397450, 1395807, 1397475, 1396253]"
"CBN-PdlC-A6-20200812","[1396253, 1741661, 1397475, 1395807, 1413421]"
"CBN-PdlC-B1-20130807","[1395807, 1393200, 1392611, 1392608, 1360299]"
"CBN-PdlC-B1-20130903","[1395807, 1393200, 1392611, 1394643, 1392608]"
"CBN-PdlC-B1-20140721","[1396253, 1395807, 1392611, 1392608, 1393200]"
"CBN-PdlC-B1-20140811","[1395807, 1361382, 1363455, 1392608, 1360299]"
"CBN-PdlC-B1-20140901","[1395807, 1360299, 1412857, 1396253, 1392608]"
"CBN-PdlC-B1-20150701","[1396253, 1392608, 1392611, 1393200, 1360299]"
"CBN-PdlC-B1-20150720","[1395807, 1396253, 1392608, 1363455, 1361382]"
"CBN-PdlC-B1-20150810","[1395807, 1396253, 1412857, 1360299, 1392611]"
"CBN-PdlC-B1-20150831","[1395807, 1396253, 1412857, 1742053, 1396144]"
"CBN-PdlC-B1-20160705","[1396144, 1396253, 1393200, 1392611, 1390793]"
"CBN-PdlC-B1-20160726","[1395807, 1412857, 1361367, 1392608, 1396144]"
"CBN-PdlC-B1-20170816","[1395807, 1412857, 1396253, 1742053, 1392611]"
"CBN-PdlC-B1-20170906","[1395807, 1412857, 1742053, 1392611, 1361382]"
"CBN-PdlC-B1-20180702","[1398820, 1396144, 1647170, 1396441, 1647128]"
"CBN-PdlC-B1-20180723","[1395807, 1392608, 1356303, 1392611, 1396253]"
"CBN-PdlC-B1-20180815","[1363455, 1361382, 1412857, 1392608, 1360300]"
"CBN-PdlC-B1-20180905","[1412857, 1396253, 1742053, 1396144, 1390793]"
"CBN-PdlC-B1-20190701","[1392608, 1396144, 1392611, 1394643, 1392612]"
"CBN-PdlC-B1-20190722","[1396253, 1395807, 1363455, 1392608, 1361382]"
"CBN-PdlC-B1-20190812","[1363455, 1395807, 1361382, 1396253, 1356278]"
"CBN-PdlC-B1-20190909","[1394643, 1395807, 1412857, 1392611, 1390793]"
"CBN-PdlC-B1-20200629","[1390793, 1393200, 1392611, 1390899, 1397500]"
"CBN-PdlC-B1-20200722","[1395807, 1394643, 1392608, 1412857, 1392612]"
"CBN-PdlC-B1-20200812","[1395807, 1412857, 1396253, 1742053, 1363455]"
"CBN-PdlC-B2-20130807","[1395807, 1392608, 1392611, 1647128, 1360299]"
"CBN-PdlC-B2-20130903","[1395807, 1392611, 1360299, 1392608, 1392614]"
"CBN-PdlC-B2-20140721","[1392611, 1392608, 1667464, 1392612, 1360299]"
"CBN-PdlC-B2-20140811","[1395807, 1412857, 1392608, 1360299, 1392606]"
"CBN-PdlC-B2-20140901","[1393708, 1667464, 1392611, 1392614, 1392606]"
"CBN-PdlC-B2-20150701","[1395807, 1392608, 1392611, 1392612, 1360299]"
"CBN-PdlC-B2-20150720","[1395807, 1392611, 1392608, 1392612, 1412857]"
"CBN-PdlC-B2-20150810","[1395807, 1412857, 1742053, 1360299, 1392611]"
"CBN-PdlC-B2-20150831","[1395807, 1392608, 1392611, 1392612, 1360299]"
"CBN-PdlC-B2-20160705","[1392611, 1392608, 1392612, 1398820, 1396441]"
"CBN-PdlC-B2-20160726","[1395807, 1412857, 1363455, 1361382, 1397521]"
"CBN-PdlC-B2-20170816","[1395807, 1394643, 1412857, 1362482, 1742053]"
"CBN-PdlC-B2-20170906","[1412857, 1363461, 1392611, 1395807, 1743471]"
"CBN-PdlC-B2-20180702","[1369309, 1359952, 1397383, 1390793, 1361382]"
"CBN-PdlC-B2-20180723","[1400101, 1392537, 1392553, 1392549, 1395807]"
"CBN-PdlC-B2-20180815","[1393708, 1412857, 1397521, 1360299, 1359979]"
"CBN-PdlC-B2-20180905","[1412857, 1395807, 1392553, 1356303, 1742053]"
"CBN-PdlC-B2-20190701","[1391427, 1390793, 1743474, 1741617, 1394898]"
"CBN-PdlC-B2-20190722","[1400101, 1392553, 1392549, 1392537, 1392535]"
"CBN-PdlC-B2-20190812","[1395807, 1362482, 1392614, 1400101, 1412857]"
"CBN-PdlC-B2-20190909","[1362482, 1395807, 1412857, 1360299, 1392611]"
"CBN-PdlC-B2-20200629","[1397463, 1651061, 1390793, 1392298, 1390899]"
"CBN-PdlC-B2-20200722","[1395807, 1400101, 1392608, 1412857, 1397043]"
"CBN-PdlC-B2-20200812","[1395807, 1360299, 1392606, 1412857, 1362482]"
"CBN-PdlC-B3-20130807","[1395807, 1396253, 1391427, 1741880, 1395870]"
"CBN-PdlC-B3-20130903","[1395807, 1393200, 1388913, 1362729, 1394910]"
"CBN-PdlC-B3-20140721","[1395807, 1395870, 1393200, 1741880, 1412857]"
"CBN-PdlC-B3-20140811","[1395807, 1412857, 1393200, 1364066, 1395870]"
"CBN-PdlC-B3-20140901","[1412857, 1395807, 1742053, 1394636, 1393200]"
"CBN-PdlC-B3-20150701","[1395807, 1395870, 1391427, 1361367, 1390793]"
"CBN-PdlC-B3-20150810","[1395807, 1412857, 1742053, 1393200, 1390793]"
"CBN-PdlC-B3-20150831","[1393200, 1412857, 1742053, 1394674, 1394910]"
"CBN-PdlC-B3-20160705","[1394911, 1393200, 1412857, 1357575, 1394910]"
"CBN-PdlC-B3-20160726","[1412857, 1397043, 1393200, 1742053, 1361367]"
"CBN-PdlC-B3-20170816","[1394543, 1394542, 1412857, 1742053, 1389929]"
"CBN-PdlC-B3-20170906","[1412857, 1395807, 1393200, 1742053, 1390793]"
"CBN-PdlC-B3-20180702","[1390793, 1390532, 1396144, 1718504, 1393200]"
"CBN-PdlC-B3-20180723","[1395807, 1394540, 1393200, 1390793, 1391427]"
"CBN-PdlC-B3-20180815","[1393200, 1412857, 1391427, 1742053, 1394643]"
"CBN-PdlC-B3-20180905","[1412857, 1742053, 1393200, 1394643, 1390793]"
"CBN-PdlC-B3-20190701","[1396144, 1390793, 1651061, 1362192, 1394311]"
"CBN-PdlC-B3-20190722","[1395807, 1393200, 1357594, 1361367, 1412857]"
"CBN-PdlC-B3-20190812","[1395807, 1412857, 1357608, 1742053, 1361367]"
"CBN-PdlC-B3-20190909","[1394643, 1395807, 1390793, 1412857, 1742053]"
"CBN-PdlC-B3-20200629","[1361255, 1356228, 1356033, 1400721, 1361425]"
"CBN-PdlC-B3-20200722","[1395807, 1393200, 1412857, 1397070, 1394643]"
"CBN-PdlC-B3-20200812","[1412857, 1742053, 1395807, 1364066, 1393200]"
"CBN-PdlC-B4-20130807","[1397475, 1741661, 1395190, 1394643, 1384658]"
"CBN-PdlC-B4-20130903","[1397475, 1741661, 1395190, 1744241, 1397463]"
"CBN-PdlC-B4-20140721","[1397475, 1741661, 1400101, 1395190, 1393200]"
"CBN-PdlC-B4-20140811","[1395807, 1397475, 1395190, 1741661, 1396253]"
"CBN-PdlC-B4-20140901","[1397475, 1741661, 1412857, 1395190, 1742053]"
"CBN-PdlC-B4-20150701","[1397475, 1741661, 1395190, 1390899, 1412857]"
"CBN-PdlC-B4-20150810","[1741661, 1397475, 1369309, 1362271, 1395190]"
"CBN-PdlC-B4-20150831","[1397475, 1741661, 1394311, 1395190, 1393200]"
"CBN-PdlC-B4-20160726","[1397475, 1741661, 1412857, 1393200, 1395190]"
"CBN-PdlC-B4-20170816","[1519650, 1397475, 1741661, 1358746, 1388793]"
"CBN-PdlC-B4-20170906","[1741661, 1397475, 1395190, 1397521, 1412857]"
"CBN-PdlC-B4-20180702","[1397475, 1741661, 1395190, 1396144, 1393874]"
"CBN-PdlC-B4-20180723","[1397475, 1741661, 1400101, 1395190, 1396144]"
"CBN-PdlC-B4-20180815","[1741661, 1397475, 1396144, 1395190, 1744207]"
"CBN-PdlC-B4-20180905","[1741661, 1397475, 1396144, 1389929, 1393200]"
"CBN-PdlC-B4-20190701","[1741661, 1397475, 1395190, 1369309, 1395805]"
"CBN-PdlC-B4-20190722","[1397475, 1741661, 1395190, 1396970, 1361801]"
"CBN-PdlC-B4-20190812","[1741661, 1397475, 1362482, 1400101, 1395190]"
"CBN-PdlC-B4-20190909","[1741661, 1397475, 1395190, 1356729, 1395805]"
"CBN-PdlC-B4-20200629","[1397475, 1741661, 1395190, 1397594, 1356728]"
"CBN-PdlC-B4-20200722","[1397475, 1741661, 1395190, 1393200, 1394643]"
"CBN-PdlC-B4-20200812","[1397475, 1741661, 1412857, 1742053, 1395807]"
"CBN-PdlC-B5-20130807","[1395807, 1397475, 1741661, 1395190, 1395870]"
"CBN-PdlC-B5-20130903","[1395807, 1397475, 1741661, 1395190, 1395758]"
"CBN-PdlC-B5-20140630","[1741617, 1397463, 1743474, 1394671, 1392298]"
"CBN-PdlC-B5-20140721","[1396253, 1395807, 1397475, 1741661, 1396970]"
"CBN-PdlC-B5-20140811","[1395807, 1396253, 1397475, 1741661, 1361367]"
"CBN-PdlC-B5-20140901","[1397353, 1397475, 1395807, 1741661, 1361367]"
"CBN-PdlC-B5-20150701","[1397475, 1395807, 1394911, 1741661, 1394913]"
"CBN-PdlC-B5-20150720","[1741661, 1395807, 1397475, 1400101, 1395190]"
"CBN-PdlC-B5-20150810","[1395807, 1397475, 1741661, 1400101, 1395190]"
"CBN-PdlC-B5-20150831","[1395807, 1397475, 1400101, 1741661, 1396253]"
"CBN-PdlC-B5-20160705","[1395807, 1397475, 1741661, 1396253, 1396970]"
"CBN-PdlC-B5-20160726","[1397475, 1395807, 1741661, 1400101, 1395190]"
"CBN-PdlC-B5-20170816","[1741661, 1397475, 1394311, 1394312, 1395807]"
"CBN-PdlC-B5-20170906","[1741661, 1397475, 1395807, 1396970, 1400101]"
"CBN-PdlC-B5-20180702","[1741661, 1397475, 1361801, 1395190, 1396970]"
"CBN-PdlC-B5-20180723","[1395807, 1397475, 1741661, 1400101, 1395190]"
"CBN-PdlC-B5-20180815","[1395807, 1397475, 1741661, 1395190, 1361801]"
"CBN-PdlC-B5-20180905","[1397475, 1741661, 1395190, 1395807, 1395870]"
"CBN-PdlC-B5-20190701","[1397475, 1741661, 1395807, 1396970, 1395870]"
"CBN-PdlC-B5-20190722","[1395807, 1397475, 1396253, 1741661, 1397043]"
"CBN-PdlC-B5-20190812","[1395807, 1741661, 1397475, 1400101, 1361367]"
"CBN-PdlC-B5-20190909","[1395807, 1397475, 1741661, 1397450, 1400101]"
"CBN-PdlC-B5-20200629","[1397475, 1741661, 1396970, 1396253, 1361801]"
"CBN-PdlC-B5-20200722","[1395807, 1741661, 1397475, 1397450, 1400101]"
"CBN-PdlC-B5-20200812","[1395807, 1397450, 1741661, 1397475, 1395000]"
"CBN-PdlC-B6-20130807","[1392537, 1392553, 1392549, 1395807, 1392535]"
"CBN-PdlC-B6-20130903","[1395807, 1361367, 1744241, 1363543, 1393600]"
"CBN-PdlC-B6-20140630","[1393200, 1390793, 1651061, 1743999, 1359995]"
"CBN-PdlC-B6-20140721","[1395807, 1396253, 1413421, 1395870, 1741661]"
"CBN-PdlC-B6-20140811","[1396253, 1395807, 1396970, 1519650, 1361801]"
"CBN-PdlC-B6-20140901","[1395807, 1396253, 1394542, 1363455, 1413421]"
"CBN-PdlC-B6-20150701","[1396253, 1395807, 1394911, 1395870, 1396970]"
"CBN-PdlC-B6-20150720","[1395807, 1396253, 1395870, 1397450, 1361801]"
"CBN-PdlC-B6-20150810","[1397450, 1395807, 1397475, 1741661, 1396970]"
"CBN-PdlC-B6-20150831","[1395807, 1396253, 1396970, 1397450, 1361801]"
"CBN-PdlC-B6-20160705","[1395807, 1396253, 1397475, 1741661, 1396970]"
"CBN-PdlC-B6-20160726","[1395807, 1396253, 1397450, 1397475, 1741661]"
"CBN-PdlC-B6-20170816","[1395807, 1396253, 1396970, 1393708, 1361801]"
"CBN-PdlC-B6-20170906","[1396253, 1395807, 1396970, 1361801, 1741661]"
"CBN-PdlC-B6-20180702","[1396253, 1394911, 1394910, 1361801, 1393200]"
"CBN-PdlC-B6-20180723","[1395807, 1396253, 1400132, 1396970, 1741661]"
"CBN-PdlC-B6-20180905","[1396253, 1418688, 1396970, 1395807, 1396060]"
"CBN-PdlC-B6-20190701","[1396253, 1394911, 1397475, 1741661, 1396971]"
"CBN-PdlC-B6-20190722","[1396253, 1395807, 1741661, 1393200, 1397475]"
"CBN-PdlC-B6-20190812","[1396253, 1395807, 1397475, 1741661, 1397450]"
"CBN-PdlC-B6-20190909","[1395807, 1397450, 1396253, 1396970, 1361801]"
"CBN-PdlC-B6-20200629","[1397475, 1741661, 1396253, 1358746, 1390793]"
"CBN-PdlC-B6-20200722","[1395807, 1392537, 1392553, 1392549, 1396253]"
"CBN-PdlC-B6-20200812","[1395807, 1741661, 1396253, 1397475, 1396970]"
"CBN-PdlC-C1-20130807","[1393708, 1396253, 1356575, 1397432, 1395807]"
"CBN-PdlC-C1-20130903","[1395807, 1396253, 1359296, 1741624, 1359322]"
"CBN-PdlC-C1-20140721","[1396253, 1397500, 1393708, 1392241, 1393200]"
"CBN-PdlC-C1-20140811","[1395807, 1396253, 1393200, 1413421, 1395758]"
"CBN-PdlC-C1-20140901","[1393604, 1395807, 1397043, 1396253, 1393200]"
"CBN-PdlC-C1-20150701","[1393200, 1392631, 1397500, 1743660, 1392628]"
"CBN-PdlC-C1-20150720","[1396253, 1395807, 1397043, 1393200, 1412857]"
"CBN-PdlC-C1-20150810","[1395807, 1413421, 1396253, 1393200, 1647677]"
"CBN-PdlC-C1-20150831","[1395807, 1396253, 1412857, 1647677, 1393200]"
"CBN-PdlC-C1-20160705","[1396253, 1393200, 1397500, 1361347, 1609716]"
"CBN-PdlC-C1-20160726","[1396253, 1395807, 1361367, 1393708, 1397043]"
"CBN-PdlC-C1-20170816","[1395807, 1396253, 1359296, 1359322, 1412585]"
"CBN-PdlC-C1-20170906","[1396253, 1393708, 1361347, 1397500, 1392336]"
"CBN-PdlC-C1-20180723","[1396253, 1393708, 1395807, 1393200, 1395870]"
"CBN-PdlC-C1-20180815","[1395807, 1396971, 1356398, 1739043, 1397046]"
"CBN-PdlC-C1-20180905","[1396253, 1395807, 1393224, 1384658, 1393200]"
"CBN-PdlC-C1-20190701","[1392655, 1391841, 1743999, 1358496, 1394754]"
"CBN-PdlC-C1-20190722","[1396253, 1395807, 1397043, 1360141, 1393200]"
"CBN-PdlC-C1-20190812","[1396253, 1395807, 1392553, 1393708, 1413421]"
"CBN-PdlC-C1-20190909","[1395807, 1393708, 1396253, 1393200, 1743474]"
"CBN-PdlC-C1-20200722","[1396253, 1395807, 1393200, 1395870, 1392539]"
"CBN-PdlC-C1-20200812","[1396253, 1395807, 1392553, 1392537, 1392535]"
"CBN-PdlC-C2-20130903","[1395807, 1412857, 1742053, 1396253, 1397043]"
"CBN-PdlC-C2-20140721","[1396253, 1396144, 1412857, 1393200, 1397070]"
"CBN-PdlC-C2-20140811","[1395807, 1412857, 1396253, 1392549, 1392537]"
"CBN-PdlC-C2-20140901","[1412857, 1395807, 1742053, 1394643, 1361367]"
"CBN-PdlC-C2-20150701","[1412857, 1396144, 1742053, 1396094, 1394643]"
"CBN-PdlC-C2-20150720","[1395807, 1397043, 1412857, 1397046, 1742053]"
"CBN-PdlC-C2-20150810","[1395807, 1412857, 1742053, 1400101, 1363455]"
"CBN-PdlC-C2-20150831","[1395807, 1412857, 1742053, 1394643, 1396253]"
"CBN-PdlC-C2-20160705","[1412857, 1396253, 1396144, 1742053, 1394643]"
"CBN-PdlC-C2-20160726","[1395807, 1396253, 1392549, 1392537, 1392553]"
"CBN-PdlC-C2-20170816","[1395807, 1396253, 1412857, 1394643, 1392553]"
"CBN-PdlC-C2-20170906","[1396253, 1395807, 1412857, 1392553, 1392537]"
"CBN-PdlC-C2-20180723","[1395807, 1393708, 1396253, 1394643, 1393200]"
"CBN-PdlC-C2-20180815","[1395807, 1412857, 1362729, 1651485, 1392296]"
"CBN-PdlC-C2-20180905","[1396253, 1412857, 1395807, 1742053, 1392537]"
"CBN-PdlC-C2-20190701","[1391841, 1358496, 1361255, 1361130, 1391840]"
"CBN-PdlC-C2-20190722","[1395807, 1396253, 1412857, 1393200, 1394643]"
"CBN-PdlC-C2-20190812","[1396253, 1395807, 1392553, 1392537, 1400101]"
"CBN-PdlC-C2-20190909","[1396253, 1395807, 1361141, 1412857, 1394643]"
"CBN-PdlC-C2-20200722","[1395807, 1396253, 1412857, 1394643, 1742053]"
"CBN-PdlC-C2-20200812","[1395807, 1396253, 1392553, 1395870, 1412857]"
"CBN-PdlC-C3-20130807","[1396253, 1395807, 1361347, 1395870, 1364066]"
"CBN-PdlC-C3-20130903","[1396253, 1395807, 1412857, 1396441, 1395870]"
"CBN-PdlC-C3-20140721","[1396253, 1358746, 1394540, 1397070, 1361347]"
"CBN-PdlC-C3-20140811","[1395807, 1361382, 1412857, 1363455, 1396253]"
"CBN-PdlC-C3-20140901","[1396253, 1412857, 1361382, 1363455, 1742053]"
"CBN-PdlC-C3-20150701","[1396253, 1609716, 1361347, 1390793, 1392296]"
"CBN-PdlC-C3-20150720","[1396253, 1395807, 1363455, 1397043, 1361382]"
"CBN-PdlC-C3-20150831","[1396253, 1395807, 1363455, 1361382, 1390899]"
"CBN-PdlC-C3-20160705","[1396253, 1363543, 1361347, 1390793, 1396838]"
"CBN-PdlC-C3-20160726","[1396253, 1397043, 1392608, 1397046, 1395807]"
"CBN-PdlC-C3-20170816","[1396253, 1395807, 1397043, 1390793, 1390899]"
"CBN-PdlC-C3-20170906","[1396253, 1395807, 1412857, 1742053, 1392296]"
"CBN-PdlC-C3-20180723","[1396253, 1395807, 1393708, 1395870, 1741880]"
"CBN-PdlC-C3-20180815","[1396253, 1395807, 1741880, 1395870, 1362729]"
"CBN-PdlC-C3-20180905","[1396253, 1395807, 1392336, 1396843, 1392291]"
"CBN-PdlC-C3-20190701","[1609716, 1361709, 1400721, 1743315, 1390532]"
"CBN-PdlC-C3-20190722","[1396253, 1361598, 1395807, 1397430, 1364066]"
"CBN-PdlC-C3-20190812","[1395807, 1396253, 1395870, 1392336, 1741880]"
"CBN-PdlC-C3-20190909","[1396253, 1395807, 1392336, 1396843, 1392299]"
"CBN-PdlC-C3-20200722","[1396253, 1395807, 1393659, 1393708, 1393660]"
"CBN-PdlC-C3-20200812","[1395807, 1396253, 1393660, 1395870, 1741880]"
"CBN-PdlC-C4-20130807","[1395807, 1393708, 1395870, 1741880, 1390793]"
"CBN-PdlC-C4-20130903","[1395807, 1363455, 1361382, 1396253, 1395758]"
"CBN-PdlC-C4-20140721","[1393708, 1390793, 1361382, 1390899, 1413421]"
"CBN-PdlC-C4-20140811","[1395807, 1361382, 1363455, 1395758, 1361367]"
"CBN-PdlC-C4-20140901","[1396253, 1363455, 1361382, 1395807, 1743456]"
"CBN-PdlC-C4-20150701","[1361367, 1390793, 1393708, 1742064, 1393200]"
"CBN-PdlC-C4-20150720","[1397043, 1395807, 1396253, 1397046, 1394910]"
"CBN-PdlC-C4-20150831","[1396253, 1395807, 1392291, 1390899, 1361367]"
"CBN-PdlC-C4-20160705","[1392611, 1395807, 1390793, 1360299, 1392606]"
"CBN-PdlC-C4-20160726","[1397043, 1364066, 1393708, 1395807, 1397046]"
"CBN-PdlC-C4-20170816","[1395807, 1397043, 1395870, 1390793, 1395758]"
"CBN-PdlC-C4-20170906","[1396253, 1395807, 1393200, 1390793, 1400132]"
"CBN-PdlC-C4-20180723","[1395807, 1393708, 1741880, 1737461, 1395870]"
"CBN-PdlC-C4-20180815","[1396253, 1395807, 1363543, 1390793, 1396843]"
"CBN-PdlC-C4-20180905","[1395807, 1390899, 1390793, 1395870, 1395758]"
"CBN-PdlC-C4-20190701","[1363595, 1653859, 1390793, 1394910, 1356405]"
"CBN-PdlC-C4-20190722","[1396253, 1395807, 1363455, 1361382, 1363543]"
"CBN-PdlC-C4-20190812","[1396253, 1397043, 1395807, 1397046, 1394910]"
"CBN-PdlC-C4-20190909","[1395807, 1397043, 1395758, 1361367, 1395870]"
"CBN-PdlC-C4-20200722","[1395807, 1393660, 1393708, 1394910, 1395870]"
"CBN-PdlC-C4-20200812","[1395807, 1396253, 1361367, 1390899, 1395758]"
"CBN-PdlC-C5-20130807","[1395807, 1364068, 1396253, 1397070, 1394910]"
"CBN-PdlC-C5-20130903","[1395807, 1363455, 1364067, 1361382, 1394311]"
"CBN-PdlC-C5-20140721","[1396253, 1363543, 1390793, 1393708, 1364066]"
"CBN-PdlC-C5-20140811","[1397043, 1395807, 1396253, 1397046, 1361367]"
"CBN-PdlC-C5-20140901","[1396253, 1363455, 1397043, 1361382, 1361367]"
"CBN-PdlC-C5-20150701","[1396253, 1390793, 1363543, 1395870, 1390899]"
"CBN-PdlC-C5-20150720","[1396253, 1395807, 1397046, 1397043, 1392611]"
"CBN-PdlC-C5-20150810","[1396253, 1395807, 1390793, 1397043, 1361367]"
"CBN-PdlC-C5-20150831","[1396253, 1395807, 1356303, 1392611, 1396843]"
"CBN-PdlC-C5-20160705","[1396253, 1390793, 1395807, 1395870, 1363543]"
"CBN-PdlC-C5-20160726","[1397043, 1396253, 1395807, 1397046, 1397070]"
"CBN-PdlC-C5-20170816","[1396253, 1395807, 1392066, 1392608, 1395870]"
"CBN-PdlC-C5-20170906","[1396253, 1395807, 1392608, 1395870, 1392611]"
"CBN-PdlC-C5-20180723","[1396253, 1395807, 1393708, 1391313, 1395870]"
"CBN-PdlC-C5-20180815","[1397043, 1396253, 1395807, 1394311, 1397046]"
"CBN-PdlC-C5-20180905","[1396253, 1395807, 1392241, 1390793, 1392113]"
"CBN-PdlC-C5-20190701","[1390793, 1359937, 1718504, 1390532, 1392608]"
"CBN-PdlC-C5-20190722","[1396253, 1397043, 1395807, 1397046, 1390793]"
"CBN-PdlC-C5-20190812","[1396253, 1395807, 1397043, 1392611, 1390899]"
"CBN-PdlC-C5-20190909","[1396253, 1395807, 1397450, 1392611, 1364066]"
"CBN-PdlC-C5-20200722","[1396253, 1395807, 1397043, 1397046, 1395758]"
"CBN-PdlC-C5-20200812","[1396253, 1395807, 1397043, 1392611, 1392291]"
"CBN-PdlC-C6-20130807","[1396253, 1395807, 1393200, 1392611, 1395870]"
"CBN-PdlC-C6-20130903","[1395807, 1396253, 1397043, 1359649, 1397046]"
"CBN-PdlC-C6-20140721","[1396253, 1392611, 1392608, 1393200, 1390793]"
"CBN-PdlC-C6-20140811","[1395807, 1396253, 1393892, 1361367, 1356708]"
"CBN-PdlC-C6-20140901","[1396253, 1363455, 1395807, 1356303, 1361382]"
"CBN-PdlC-C6-20150701","[1396253, 1392075, 1392234, 1390793, 1392300]"
"CBN-PdlC-C6-20150720","[1396253, 1395807, 1397043, 1390899, 1395870]"
"CBN-PdlC-C6-20150810","[1396253, 1395807, 1395758, 1393200, 1395870]"
"CBN-PdlC-C6-20150831","[1396253, 1395807, 1390899, 1651485, 1395870]"
"CBN-PdlC-C6-20160705","[1396253, 1390793, 1393200, 1395870, 1392608]"
"CBN-PdlC-C6-20160726","[1396253, 1395807, 1397043, 1397046, 1519650]"
"CBN-PdlC-C6-20170816","[1396253, 1395807, 1362482, 1393200, 1361367]"
"CBN-PdlC-C6-20170906","[1395807, 1396253, 1393200, 1418688, 1395868]"
"CBN-PdlC-C6-20180723","[1396253, 1395807, 1360141, 1393200, 1362831]"
"CBN-PdlC-C6-20180815","[1362482, 1396253, 1393200, 1647677, 1394847]"
"CBN-PdlC-C6-20180905","[1396253, 1395807, 1393200, 1390793, 1390899]"
"CBN-PdlC-C6-20190701","[1393200, 1390793, 1707089, 1651061, 1358746]"
"CBN-PdlC-C6-20190722","[1396253, 1397043, 1395807, 1393200, 1397046]"
"CBN-PdlC-C6-20190812","[1396253, 1395807, 1397043, 1392611, 1397046]"
"CBN-PdlC-C6-20190909","[1396253, 1395807, 1362482, 1393200, 1392611]"
"CBN-PdlC-C6-20200722","[1396253, 1395807, 1397043, 1397046, 1392611]"
"CBN-PdlC-C6-20200812","[1396253, 1395807, 1395758, 1392611, 1392608]"
"CBN-PdlC-D1-20130807","[1396253, 1395807, 1393708, 1397353, 1395870]"
"CBN-PdlC-D1-20130903","[1395807, 1396253, 1395870, 1390793, 1397386]"
"CBN-PdlC-D1-20140721","[1396253, 1395870, 1395807, 1396970, 1741880]"
"CBN-PdlC-D1-20140811","[1396253, 1395807, 1361367, 1396843, 1395870]"
"CBN-PdlC-D1-20140901","[1396253, 1395807, 1412857, 1742053, 1363455]"
"CBN-PdlC-D1-20150701","[1396253, 1392241, 1395870, 1390793, 1392291]"
"CBN-PdlC-D1-20150720","[1396253, 1395807, 1392553, 1392537, 1392549]"
"CBN-PdlC-D1-20150810","[1396253, 1395807, 1392553, 1361382, 1392549]"
"CBN-PdlC-D1-20150831","[1396253, 1395807, 1392553, 1392549, 1392535]"
"CBN-PdlC-D1-20160705","[1396253, 1395807, 1395870, 1363543, 1741880]"
"CBN-PdlC-D1-20160726","[1396253, 1395807, 1392537, 1392553, 1397043]"
"CBN-PdlC-D1-20170816","[1396253, 1395807, 1412857, 1742052, 1742053]"
"CBN-PdlC-D1-20170906","[1396253, 1395807, 1361367, 1392059, 1395870]"
"CBN-PdlC-D1-20180723","[1396253, 1395807, 1393708, 1393200, 1395870]"
"CBN-PdlC-D1-20180815","[1396253, 1395807, 1396843, 1395870, 1744241]"
"CBN-PdlC-D1-20180905","[1396253, 1395807, 1412857, 1742053, 1396843]"
"CBN-PdlC-D1-20190701","[1396253, 1356418, 1398699, 1390793, 1392291]"
"CBN-PdlC-D1-20190722","[1396253, 1395807, 1397043, 1397046, 1395870]"
"CBN-PdlC-D1-20190812","[1396253, 1395807, 1363455, 1400101, 1392553]"
"CBN-PdlC-D1-20190909","[1396253, 1395807, 1412857, 1392293, 1651363]"
"CBN-PdlC-D1-20200722","[1396253, 1395807, 1392537, 1392553, 1392535]"
"CBN-PdlC-D1-20200812","[1396253, 1395807, 1392553, 1392537, 1392535]"
"CBN-PdlC-D2-20130807","[1396253, 1395807, 1393708, 1412857, 1394643]"
"CBN-PdlC-D2-20130903","[1396253, 1395807, 1412857, 1394643, 1742053]"
"CBN-PdlC-D2-20140721","[1396253, 1394643, 1412857, 1392241, 1390793]"
"CBN-PdlC-D2-20140811","[1396253, 1412857, 1395807, 1394643, 1742053]"
"CBN-PdlC-D2-20140901","[1396253, 1742053, 1412857, 1394643, 1395807]"
"CBN-PdlC-D2-20150720","[1396253, 1392537, 1395807, 1412857, 1392553]"
"CBN-PdlC-D2-20150810","[1396253, 1395807, 1412857, 1742053, 1394643]"
"CBN-PdlC-D2-20150831","[1396253, 1412857, 1395807, 1742053, 1394643]"
"CBN-PdlC-D2-20160705","[1396253, 1412857, 1361347, 1390793, 1742053]"
"CBN-PdlC-D2-20160726","[1396253, 1395807, 1392537, 1392553, 1392549]"
"CBN-PdlC-D2-20170816","[1396253, 1395807, 1412857, 1394643, 1742053]"
"CBN-PdlC-D2-20170906","[1396253, 1395807, 1412857, 1742053, 1394643]"
"CBN-PdlC-D2-20180723","[1396253, 1395807, 1393708, 1394643, 1412857]"
"CBN-PdlC-D2-20180815","[1396253, 1394643, 1412857, 1742053, 1394886]"
"CBN-PdlC-D2-20180905","[1396253, 1412857, 1394643, 1742053, 1390793]"
"CBN-PdlC-D2-20190701","[1609716, 1390532, 1400721, 1359973, 1743999]"
"CBN-PdlC-D2-20190722","[1396253, 1395807, 1394643, 1392291, 1412857]"
"CBN-PdlC-D2-20190812","[1396253, 1395807, 1412857, 1742053, 1394643]"
"CBN-PdlC-D2-20190909","[1396253, 1395807, 1394643, 1412857, 1742053]"
"CBN-PdlC-D2-20200722","[1396253, 1395807, 1394643, 1412857, 1390793]"
"CBN-PdlC-D2-20200812","[1396253, 1395807, 1394643, 1412857, 1742053]"
"CBN-PdlC-D3-20130807","[1396441, 1396379, 1398820, 1647170, 1396253]"
"CBN-PdlC-D3-20130903","[1396379, 1744479, 1396253, 1647141, 1413349]"
"CBN-PdlC-D3-20140721","[1396253, 1647170, 1396441, 1396379, 1398820]"
"CBN-PdlC-D3-20140811","[1412857, 1397043, 1396379, 1396253, 1397046]"
"CBN-PdlC-D3-20140901","[1396253, 1412857, 1363455, 1396379, 1361382]"
"CBN-PdlC-D3-20150701","[1396253, 1647170, 1396441, 1390793, 1398820]"
"CBN-PdlC-D3-20150720","[1396253, 1396379, 1392537, 1392553, 1395807]"
"CBN-PdlC-D3-20150831","[1396253, 1412857, 1742053, 1647170, 1396379]"
"CBN-PdlC-D3-20160705","[1396441, 1398820, 1396379, 1647170, 1413349]"
"CBN-PdlC-D3-20160726","[1396379, 1392553, 1392537, 1413349, 1356278]"
"CBN-PdlC-D3-20170816","[1396253, 1647170, 1396441, 1396379, 1413349]"
"CBN-PdlC-D3-20170906","[1396253, 1647170, 1396441, 1396379, 1398820]"
"CBN-PdlC-D3-20180723","[1396441, 1396253, 1647170, 1395807, 1396379]"
"CBN-PdlC-D3-20180815","[1395807, 1397046, 1390793, 1396441, 1397043]"
"CBN-PdlC-D3-20180905","[1396253, 1412857, 1397043, 1742053, 1396441]"
"CBN-PdlC-D3-20190701","[1359952, 1400721, 1418612, 1390793, 1398820]"
"CBN-PdlC-D3-20190722","[1396253, 1396441, 1647170, 1399082, 1395807]"
"CBN-PdlC-D3-20190812","[1396253, 1396379, 1413349, 1744479, 1398820]"
"CBN-PdlC-D3-20190909","[1396253, 1396441, 1412857, 1647170, 1395807]"
"CBN-PdlC-D3-20200722","[1395807, 1392553, 1392537, 1396441, 1396379]"
"CBN-PdlC-D3-20200812","[1744479, 1396253, 1396379, 1395807, 1392553]"
"CBN-PdlC-D4-20130807","[1396253, 1395807, 1647128, 1398820, 1390793]"
"CBN-PdlC-D4-20130903","[1396253, 1395807, 1744479, 1412857, 1396379]"
"CBN-PdlC-D4-20140721","[1396253, 1395807, 1396970, 1360141, 1362831]"
"CBN-PdlC-D4-20140811","[1396253, 1395807, 1397043, 1412857, 1413421]"
"CBN-PdlC-D4-20140901","[1396253, 1361382, 1363455, 1412857, 1742053]"
"CBN-PdlC-D4-20150701","[1396253, 1412857, 1742053, 1390793, 1394643]"
"CBN-PdlC-D4-20150720","[1396253, 1395807, 1392537, 1392553, 1361367]"
"CBN-PdlC-D4-20150831","[1396253, 1395807, 1412857, 1742053, 1360299]"
"CBN-PdlC-D4-20160705","[1396253, 1395807, 1395870, 1412857, 1394643]"
"CBN-PdlC-D4-20160726","[1396253, 1395807, 1412857, 1392537, 1397043]"
"CBN-PdlC-D4-20170816","[1396253, 1395807, 1363543, 1412857, 1395870]"
"CBN-PdlC-D4-20170906","[1396253, 1412857, 1395807, 1395870, 1742053]"
"CBN-PdlC-D4-20180723","[1396253, 1395807, 1394643, 1395870, 1741880]"
"CBN-PdlC-D4-20180815","[1396253, 1395807, 1718504, 1412857, 1742053]"
"CBN-PdlC-D4-20180905","[1396253, 1412857, 1395807, 1742053, 1396843]"
"CBN-PdlC-D4-20190701","[1369309, 1396253, 1392241, 1651061, 1394643]"
"CBN-PdlC-D4-20190722","[1396253, 1395807, 1400101, 1394643, 1741880]"
"CBN-PdlC-D4-20190812","[1396253, 1412857, 1395807, 1742053, 1397043]"
"CBN-PdlC-D4-20190909","[1396253, 1395807, 1412857, 1742053, 1390899]"
"CBN-PdlC-D4-20200722","[1396253, 1395807, 1395870, 1392537, 1394643]"
"CBN-PdlC-D4-20200812","[1396253, 1395807, 1412857, 1742053, 1361367]"
"CBN-PdlC-D5-20130807","[1395807, 1396253, 1744241, 1395870, 1363740]"
"CBN-PdlC-D5-20130903","[1395807, 1651485, 1651358, 1362729, 1418688]"
"CBN-PdlC-D5-20140721","[1396253, 1392611, 1395807, 1360299, 1392608]"
"CBN-PdlC-D5-20140811","[1395807, 1396253, 1413421, 1392608, 1390793]"
"CBN-PdlC-D5-20140901","[1395807, 1361367, 1392611, 1396253, 1395870]"
"CBN-PdlC-D5-20150701","[1396253, 1390793, 1395870, 1743315, 1392241]"
"CBN-PdlC-D5-20150720","[1396253, 1395807, 1363455, 1361382, 1397043]"
"CBN-PdlC-D5-20150810","[1396253, 1395807, 1361382, 1363455, 1395870]"
"CBN-PdlC-D5-20150831","[1395807, 1396253, 1389929, 1390793, 1395870]"
"CBN-PdlC-D5-20160705","[1396253, 1363543, 1390793, 1395807, 1390899]"
"CBN-PdlC-D5-20160726","[1397043, 1396253, 1395807, 1397046, 1363455]"
"CBN-PdlC-D5-20170816","[1396253, 1395807, 1397386, 1395870, 1392608]"
"CBN-PdlC-D5-20170906","[1395807, 1396253, 1363543, 1356397, 1706074]"
"CBN-PdlC-D5-20180723","[1400101, 1392608, 1395807, 1393708, 1392611]"
"CBN-PdlC-D5-20180815","[1395807, 1395870, 1741880, 1392296, 1395758]"
"CBN-PdlC-D5-20180905","[1396253, 1395807, 1706074, 1390899, 1390793]"
"CBN-PdlC-D5-20190701","[1363946, 1390793, 1363944, 1359639, 1390899]"
"CBN-PdlC-D5-20190722","[1395807, 1392537, 1392553, 1396253, 1392549]"
"CBN-PdlC-D5-20190812","[1392553, 1395807, 1400101, 1392549, 1392537]"
"CBN-PdlC-D5-20190909","[1396253, 1395807, 1397043, 1397521, 1400101]"
"CBN-PdlC-D5-20200722","[1395807, 1395870, 1741880, 1397070, 1392611]"
"CBN-PdlC-D5-20200812","[1395807, 1396253, 1392611, 1397043, 1362482]"
"CBN-PdlC-D6-20130807","[1396253, 1395807, 1393708, 1395870, 1741810]"
"CBN-PdlC-D6-20130903","[1396253, 1395807, 1397043, 1397046, 1397049]"
"CBN-PdlC-D6-20140721","[1396253, 1390793, 1390899, 1395870, 1394065]"
"CBN-PdlC-D6-20140811","[1397043, 1396253, 1395807, 1397046, 1722440]"
"CBN-PdlC-D6-20140901","[1396253, 1395807, 1412857, 1397043, 1742053]"
"CBN-PdlC-D6-20150701","[1396253, 1393660, 1356405, 1390793, 1390899]"
"CBN-PdlC-D6-20150720","[1396253, 1395807, 1412857, 1390899, 1742053]"
"CBN-PdlC-D6-20150810","[1396253, 1395807, 1412857, 1395870, 1361568]"
"CBN-PdlC-D6-20150831","[1396253, 1395807, 1412857, 1742053, 1359835]"
"CBN-PdlC-D6-20160705","[1396253, 1390793, 1390899, 1412857, 1741880]"
"CBN-PdlC-D6-20160726","[1395807, 1397043, 1396253, 1412857, 1397046]"
"CBN-PdlC-D6-20170816","[1395807, 1412857, 1742053, 1396253, 1394910]"
"CBN-PdlC-D6-20170906","[1395807, 1412857, 1394910, 1396253, 1397521]"
"CBN-PdlC-D6-20180723","[1396253, 1395807, 1393708, 1741880, 1395870]"
"CBN-PdlC-D6-20180815","[1397450, 1396253, 1392291, 1394643, 1392075]"
"CBN-PdlC-D6-20180905","[1396253, 1395807, 1412857, 1390793, 1393660]"
"CBN-PdlC-D6-20190701","[1609716, 1396253, 1390793, 1743999, 1361367]"
"CBN-PdlC-D6-20190722","[1397043, 1396253, 1397046, 1395807, 1396843]"
"CBN-PdlC-D6-20190812","[1397043, 1395807, 1396253, 1397046, 1361367]"
"CBN-PdlC-D6-20190909","[1396253, 1395807, 1397450, 1393660, 1412857]"
"CBN-PdlC-D6-20200722","[1397043, 1395807, 1356427, 1397046, 1396253]"
"CBN-PdlC-D6-20200812","[1396253, 1395807, 1412857, 1395870, 1362482]"
"CBN-PdlC-E1-20130723","[1396253, 1390793, 1390899, 1396809, 1395870]"
"CBN-PdlC-E1-20130807","[1396253, 1395807, 1390793, 1391313, 1395870]"
"CBN-PdlC-E1-20130903","[1396253, 1395807, 1397403, 1395870, 1390793]"
"CBN-PdlC-E1-20140630","[1396253, 1359750, 1392611, 1392608, 1609716]"
"CBN-PdlC-E1-20140721","[1396253, 1395807, 1397528, 1390793, 1391778]"
"CBN-PdlC-E1-20140811","[1396253, 1395807, 1412857, 1742053, 1651485]"
"CBN-PdlC-E1-20140901","[1396253, 1412857, 1742053, 1395807, 1363883]"
"CBN-PdlC-E1-20150701","[1396253, 1392608, 1395807, 1397528, 1392611]"
"CBN-PdlC-E1-20150720","[1396253, 1395807, 1392553, 1392537, 1390793]"
"CBN-PdlC-E1-20150810","[1396253, 1400101, 1397521, 1741661, 1393200]"
"CBN-PdlC-E1-20150831","[1396253, 1395807, 1390793, 1395870, 1392608]"
"CBN-PdlC-E1-20160705","[1396253, 1395807, 1397528, 1395870, 1390793]"
"CBN-PdlC-E1-20160726","[1396253, 1395807, 1392611, 1392608, 1392612]"
"CBN-PdlC-E1-20170816","[1396253, 1395807, 1390793, 1392608, 1412857]"
"CBN-PdlC-E1-20170906","[1396253, 1412857, 1392611, 1392608, 1390793]"
"CBN-PdlC-E1-20180702","[1396253, 1390793, 1391427, 1395870, 1392608]"
"CBN-PdlC-E1-20180723","[1392537, 1392549, 1395807, 1392535, 1392553]"
"CBN-PdlC-E1-20180815","[1395807, 1396253, 1392611, 1394643, 1392608]"
"CBN-PdlC-E1-20180905","[1396253, 1392611, 1412857, 1390793, 1392608]"
"CBN-PdlC-E1-20190701","[1396253, 1395807, 1395870, 1741880, 1362729]"
"CBN-PdlC-E1-20190812","[1396253, 1395807, 1392553, 1392611, 1392549]"
"CBN-PdlC-E1-20190909","[1396253, 1395807, 1392608, 1390793, 1392611]"
"CBN-PdlC-E1-20200629","[1396253, 1395807, 1392611, 1392608, 1395870]"
"CBN-PdlC-E1-20200722","[1395807, 1396253, 1392608, 1741754, 1390793]"
"CBN-PdlC-E1-20200812","[1395807, 1390793, 1392611, 1392608, 1743474]"
"CBN-PdlC-E2-20130723","[1396253, 1397528, 1395807, 1390793, 1396144]"
"CBN-PdlC-E2-20130807","[1395807, 1395870, 1390793, 1394599, 1397450]"
"CBN-PdlC-E2-20130903","[1395807, 1741880, 1395870, 1396970, 1392296]"
"CBN-PdlC-E2-20140630","[1396253, 1390793, 1396144, 1412857, 1418612]"
"CBN-PdlC-E2-20140721","[1395807, 1396253, 1397528, 1741880, 1395870]"
"CBN-PdlC-E2-20140811","[1395807, 1412857, 1742053, 1396253, 1392537]"
"CBN-PdlC-E2-20140901","[1396253, 1395807, 1412857, 1742053, 1361281]"
"CBN-PdlC-E2-20150720","[1396253, 1395807, 1412857, 1393584, 1742053]"
"CBN-PdlC-E2-20150810","[1395807, 1412857, 1742053, 1395870, 1394643]"
"CBN-PdlC-E2-20150831","[1395807, 1396253, 1412857, 1395758, 1397386]"
"CBN-PdlC-E2-20160705","[1396253, 1395807, 1397528, 1393584, 1391666]"
"CBN-PdlC-E2-20160726","[1395807, 1412857, 1395870, 1742053, 1357608]"
"CBN-PdlC-E2-20170816","[1396253, 1395807, 1396060, 1412857, 1418688]"
"CBN-PdlC-E2-20170906","[1396253, 1395807, 1412857, 1742053, 1390793]"
"CBN-PdlC-E2-20180702","[1396253, 1394911, 1412857, 1395807, 1742053]"
"CBN-PdlC-E2-20180723","[1395807, 1396253, 1412857, 1393584, 1392608]"
"CBN-PdlC-E2-20180815","[1395807, 1412857, 1742053, 1396144, 1392314]"
"CBN-PdlC-E2-20180905","[1396253, 1395807, 1412857, 1742053, 1390793]"
"CBN-PdlC-E2-20190701","[1396253, 1395807, 1394911, 1395870, 1395758]"
"CBN-PdlC-E2-20190812","[1395807, 1396253, 1412857, 1396144, 1390793]"
"CBN-PdlC-E2-20190909","[1396253, 1395807, 1390793, 1361284, 1743474]"
"CBN-PdlC-E2-20200629","[1396253, 1397450, 1395807, 1395870, 1393725]"
"CBN-PdlC-E2-20200722","[1396253, 1395807, 1412857, 1392612, 1742053]"
"CBN-PdlC-E2-20200812","[1395807, 1396253, 1412857, 1418688, 1395758]"
"CBN-PdlC-E3-20130723","[1396253, 1420364, 1744241, 1391666, 1395807]"
"CBN-PdlC-E3-20130807","[1396253, 1397450, 1395000, 1744241, 1395807]"
"CBN-PdlC-E3-20130903","[1396253, 1395807, 1395870, 1392331, 1651363]"
"CBN-PdlC-E3-20140630","[1396253, 1744241, 1390793, 1392314, 1392310]"
"CBN-PdlC-E3-20140721","[1396253, 1395807, 1392291, 1395758, 1741810]"
"CBN-PdlC-E3-20140811","[1396253, 1395807, 1392228, 1392216, 1397381]"
"CBN-PdlC-E3-20140901","[1396253, 1395807, 1392291, 1651485, 1359697]"
"CBN-PdlC-E3-20150701","[1396253, 1395807, 1395870, 1395758, 1744241]"
"CBN-PdlC-E3-20150720","[1396253, 1395807, 1397450, 1744241, 1395935]"
"CBN-PdlC-E3-20150810","[1396253, 1395807, 1359697, 1397381, 1397533]"
"CBN-PdlC-E3-20150831","[1396253, 1395807, 1361347, 1392293, 1392314]"
"CBN-PdlC-E3-20160705","[1396253, 1395807, 1393681, 1393659, 1393665]"
"CBN-PdlC-E3-20160726","[1396253, 1395807, 1359697, 1395870, 1741880]"
"CBN-PdlC-E3-20170816","[1396253, 1395807, 1392336, 1362023, 1743472]"
"CBN-PdlC-E3-20170906","[1396253, 1392336, 1397070, 1396970, 1391666]"
"CBN-PdlC-E3-20180702","[1396253, 1393665, 1390793, 1390899, 1359750]"
"CBN-PdlC-E3-20180723","[1395807, 1396253, 1392291, 1392075, 1393665]"
"CBN-PdlC-E3-20180815","[1396253, 1397381, 1636731, 1392228, 1392218]"
"CBN-PdlC-E3-20180905","[1396253, 1363016, 1392293, 1744241, 1395807]"
"CBN-PdlC-E3-20190701","[1396253, 1393665, 1393708, 1395807, 1392296]"
"CBN-PdlC-E3-20190812","[1396253, 1395807, 1359697, 1397381, 1636731]"
"CBN-PdlC-E3-20190909","[1396253, 1743474, 1356418, 1361284, 1651363]"
"CBN-PdlC-E3-20200629","[1396253, 1393665, 1361592, 1393681, 1397430]"
"CBN-PdlC-E3-20200722","[1396253, 1395807, 1393681, 1393665, 1393684]"
"CBN-PdlC-E3-20200812","[1396253, 1395807, 1392059, 1392336, 1395870]"
"CBN-PdlC-E4-20130807","[1396253, 1395807, 1392611, 1396843, 1392608]"
"CBN-PdlC-E4-20130903","[1396253, 1395807, 1396843, 1392611, 1395870]"
"CBN-PdlC-E4-20140630","[1396253, 1392611, 1392608, 1609716, 1389817]"
"CBN-PdlC-E4-20140721","[1396253, 1395807, 1392611, 1392291, 1396843]"
"CBN-PdlC-E4-20140811","[1396253, 1395807, 1396843, 1743456, 1392652]"
"CBN-PdlC-E4-20140901","[1396253, 1395807, 1396843, 1744241, 1392291]"
"CBN-PdlC-E4-20150701","[1396253, 1395807, 1392608, 1392611, 1361592]"
"CBN-PdlC-E4-20150720","[1396253, 1395807, 1396843, 1361281, 1743471]"
"CBN-PdlC-E4-20150810","[1396253, 1395807, 1392220, 1392228, 1397381]"
"CBN-PdlC-E4-20160705","[1396253, 1395807, 1392608, 1364066, 1361592]"
"CBN-PdlC-E4-20160726","[1396253, 1363740, 1395807, 1360748, 1363739]"
"CBN-PdlC-E4-20170816","[1396253, 1396843, 1395807, 1394848, 1392291]"
"CBN-PdlC-E4-20170906","[1396253, 1727501, 1361233, 1396843, 1392336]"
"CBN-PdlC-E4-20180702","[1396253, 1393665, 1397430, 1359750, 1396970]"
"CBN-PdlC-E4-20180723","[1396253, 1395807, 1361592, 1392611, 1393681]"
"CBN-PdlC-E4-20180815","[1396253, 1395807, 1727501, 1744241, 1397386]"
"CBN-PdlC-E4-20180905","[1396253, 1727501, 1395807, 1392611, 1356397]"
"CBN-PdlC-E4-20190701","[1396253, 1393665, 1395807, 1393708, 1397430]"
"CBN-PdlC-E4-20190812","[1396253, 1395807, 1361281, 1396843, 1737440]"
"CBN-PdlC-E4-20190909","[1395807, 1396843, 1392608, 1396253, 1393691]"
"CBN-PdlC-E4-20200629","[1396253, 1393665, 1361592, 1397430, 1393681]"
"CBN-PdlC-E4-20200722","[1396253, 1395807, 1396843, 1392608, 1393681]"
"CBN-PdlC-E4-20200812","[1396253, 1395807, 1396843, 1636731, 1359697]"
"CBN-PdlC-E5-20130723","[1396253, 1393200, 1392611, 1396970, 1396843]"
"CBN-PdlC-E5-20130807","[1392608, 1392611, 1395807, 1396253, 1393708]"
"CBN-PdlC-E5-20130903","[1396253, 1360748, 1395807, 1396843, 1392611]"
"CBN-PdlC-E5-20140630","[1392611, 1393200, 1390793, 1360299, 1392608]"
"CBN-PdlC-E5-20140721","[1396253, 1393708, 1395807, 1393200, 1363455]"
"CBN-PdlC-E5-20140811","[1395807, 1393200, 1363455, 1361382, 1396843]"
"CBN-PdlC-E5-20150720","[1396253, 1395807, 1392608, 1392612, 1396843]"
"CBN-PdlC-E5-20150810","[1396253, 1395807, 1361382, 1392608, 1363455]"
"CBN-PdlC-E5-20150831","[1396253, 1395807, 1392611, 1396843, 1393200]"
"CBN-PdlC-E5-20160705","[1392608, 1395807, 1393708, 1396253, 1393200]"
"CBN-PdlC-E5-20160726","[1396253, 1395807, 1361367, 1361382, 1363455]"
"CBN-PdlC-E5-20170816","[1396253, 1396843, 1395807, 1392611, 1390793]"
"CBN-PdlC-E5-20170906","[1396253, 1392611, 1395807, 1396843, 1363501]"
"CBN-PdlC-E5-20180702","[1396253, 1397108, 1392611, 1360141, 1654025]"
"CBN-PdlC-E5-20180723","[1396253, 1392608, 1395807, 1392611, 1396843]"
"CBN-PdlC-E5-20180815","[1395807, 1396253, 1396843, 1363740, 1390793]"
"CBN-PdlC-E5-20180905","[1396253, 1396843, 1392608, 1392611, 1390793]"
"CBN-PdlC-E5-20190722","[1396253, 1395807, 1393708, 1363455, 1396843]"
"CBN-PdlC-E5-20190812","[1396253, 1395807, 1396843, 1392611, 1361281]"
"CBN-PdlC-E5-20190909","[1396253, 1361382, 1363455, 1392611, 1396843]"
"CBN-PdlC-E5-20200629","[1396253, 1395807, 1392611, 1392608, 1395870]"
"CBN-PdlC-E5-20200722","[1396253, 1392553, 1392537, 1396843, 1395807]"
"CBN-PdlC-E5-20200812","[1396253, 1395807, 1392611, 1395870, 1396843]"
"CBN-PdlC-E6-20130723","[1413421, 1390793, 1396253, 1741810, 1392534]"
"CBN-PdlC-E6-20130807","[1395807, 1396253, 1396843, 1392611, 1395870]"
"CBN-PdlC-E6-20130903","[1396843, 1396253, 1356278, 1395807, 1390899]"
"CBN-PdlC-E6-20140630","[1390793, 1393200, 1390899, 1358746, 1391427]"
"CBN-PdlC-E6-20140721","[1395807, 1393708, 1396843, 1396253, 1363739]"
"CBN-PdlC-E6-20140811","[1395807, 1396843, 1361367, 1396253, 1393200]"
"CBN-PdlC-E6-20150701","[1395807, 1392537, 1392553, 1392549, 1392534]"
"CBN-PdlC-E6-20150720","[1395807, 1396843, 1363455, 1361382, 1396253]"
"CBN-PdlC-E6-20150810","[1395807, 1392608, 1396843, 1395870, 1741880]"
"CBN-PdlC-E6-20150831","[1395807, 1396843, 1359835, 1361367, 1392611]"
"CBN-PdlC-E6-20160705","[1392608, 1395807, 1390793, 1397123, 1396253]"
"CBN-PdlC-E6-20160726","[1395807, 1392553, 1392537, 1392549, 1361367]"
"CBN-PdlC-E6-20170816","[1396843, 1396253, 1395807, 1390899, 1390793]"
"CBN-PdlC-E6-20170906","[1395807, 1396843, 1396253, 1394886, 1392274]"
"CBN-PdlC-E6-20180702","[1396253, 1390793, 1392608, 1392611, 1418688]"
"CBN-PdlC-E6-20180723","[1392537, 1392553, 1392549, 1392535, 1549015]"
"CBN-PdlC-E6-20180815","[1395807, 1396843, 1396253, 1390899, 1390793]"
"CBN-PdlC-E6-20180905","[1396843, 1361382, 1363455, 1396253, 1390793]"
"CBN-PdlC-E6-20190722","[1395807, 1396843, 1363455, 1361382, 1393200]"
"CBN-PdlC-E6-20190812","[1395807, 1396253, 1744241, 1396843, 1363016]"
"CBN-PdlC-E6-20190909","[1395807, 1396843, 1390793, 1392611, 1392608]"
"CBN-PdlC-E6-20200629","[1393725, 1396253, 1393200, 1395807, 1741880]"
"CBN-PdlC-E6-20200722","[1395807, 1396843, 1392553, 1392537, 1392549]"
"CBN-PdlC-E6-20200812","[1395807, 1396253, 1396843, 1359835, 1390899]"
"CBN-PdlC-F1-20130723","[1396253, 1395807, 1397528, 1741810, 1392541]"
"CBN-PdlC-F1-20130807","[1396253, 1395807, 1395870, 1741880, 1396144]"
"CBN-PdlC-F1-20130903","[1396253, 1395807, 1395870, 1741880, 1392541]"
"CBN-PdlC-F1-20140630","[1396253, 1390793, 1396144, 1398222, 1741810]"
"CBN-PdlC-F1-20140721","[1396253, 1395807, 1393214, 1397528, 1741810]"
"CBN-PdlC-F1-20140811","[1396253, 1395807, 1357608, 1412857, 1742053]"
"CBN-PdlC-F1-20140901","[1396253, 1395807, 1412857, 1742053, 1363884]"
"CBN-PdlC-F1-20150701","[1396253, 1395807, 1392537, 1392534, 1392549]"
"CBN-PdlC-F1-20150720","[1396253, 1395807, 1412857, 1742053, 1390793]"
"CBN-PdlC-F1-20150810","[1396253, 1395807, 1412857, 1395870, 1397381]"
"CBN-PdlC-F1-20150831","[1396253, 1395807, 1412857, 1358094, 1742053]"
"CBN-PdlC-F1-20160705","[1396253, 1395807, 1392553, 1392537, 1392549]"
"CBN-PdlC-F1-20160726","[1396253, 1395807, 1396144, 1361382, 1397070]"
"CBN-PdlC-F1-20170816","[1396253, 1395807, 1412857, 1396144, 1742053]"
"CBN-PdlC-F1-20170906","[1396253, 1396144, 1395807, 1412857, 1396180]"
"CBN-PdlC-F1-20180702","[1396253, 1390793, 1396144, 1396180, 1395807]"
"CBN-PdlC-F1-20180723","[1395807, 1396253, 1395870, 1741880, 1396144]"
"CBN-PdlC-F1-20180815","[1396253, 1395807, 1396843, 1395870, 1396180]"
"CBN-PdlC-F1-20180905","[1396253, 1412857, 1742053, 1390899, 1396144]"
"CBN-PdlC-F1-20190701","[1395807, 1396253, 1395870, 1741880, 1395758]"
"CBN-PdlC-F1-20190812","[1396253, 1395807, 1363460, 1395870, 1744241]"
"CBN-PdlC-F1-20190909","[1396253, 1395807, 1396843, 1392293, 1396144]"
"CBN-PdlC-F1-20200629","[1396253, 1393708, 1395807, 1741880, 1395870]"
"CBN-PdlC-F1-20200722","[1396253, 1395807, 1393584, 1396843, 1741880]"
"CBN-PdlC-F1-20200812","[1396253, 1395807, 1396843, 1743474, 1395870]"
"CBN-PdlC-F2-20130723","[1396253, 1395807, 1358392, 1395870, 1397528]"
"CBN-PdlC-F2-20130807","[1396253, 1395807, 1395870, 1392611, 1741880]"
"CBN-PdlC-F2-20130903","[1396253, 1395807, 1412857, 1395870, 1741880]"
"CBN-PdlC-F2-20140630","[1396253, 1396144, 1392611, 1392608, 1392628]"
"CBN-PdlC-F2-20140721","[1396253, 1395807, 1397528, 1412857, 1393214]"
"CBN-PdlC-F2-20140811","[1396253, 1395807, 1636731, 1742053, 1412857]"
"CBN-PdlC-F2-20140901","[1396253, 1395807, 1396843, 1412857, 1609716]"
"CBN-PdlC-F2-20150701","[1396253, 1395807, 1397528, 1741810, 1395870]"
"CBN-PdlC-F2-20150720","[1396253, 1395807, 1412857, 1395870, 1742053]"
"CBN-PdlC-F2-20150810","[1395807, 1396253, 1412857, 1742053, 1359697]"
"CBN-PdlC-F2-20150831","[1395807, 1396253, 1742053, 1412857, 1392611]"
"CBN-PdlC-F2-20160705","[1396253, 1395807, 1397528, 1392553, 1392537]"
"CBN-PdlC-F2-20160726","[1396253, 1395807, 1412857, 1364066, 1742053]"
"CBN-PdlC-F2-20170906","[1396253, 1395807, 1396843, 1395870, 1396970]"
"CBN-PdlC-F2-20180702","[1396253, 1412857, 1392611, 1742052, 1742053]"
"CBN-PdlC-F2-20180723","[1396253, 1393584, 1395807, 1741880, 1395870]"
"CBN-PdlC-F2-20180815","[1396253, 1395807, 1412857, 1742053, 1396843]"
"CBN-PdlC-F2-20180905","[1396253, 1395807, 1392611, 1412857, 1396843]"
"CBN-PdlC-F2-20190701","[1396253, 1395807, 1395870, 1396843, 1395758]"
"CBN-PdlC-F2-20190812","[1396253, 1395807, 1395870, 1361367, 1744241]"
"CBN-PdlC-F2-20190909","[1395807, 1396253, 1361347, 1412857, 1392291]"
"CBN-PdlC-F2-20200629","[1396253, 1395870, 1395807, 1741880, 1394540]"
"CBN-PdlC-F2-20200722","[1395807, 1396253, 1412857, 1363885, 1363884]"
"CBN-PdlC-F2-20200812","[1396253, 1395807, 1396843, 1636731, 1395868]"
"CBN-PdlC-F3-20130723","[1393665, 1395807, 1393681, 1397430, 1361594]"
"CBN-PdlC-F3-20130807","[1396253, 1395807, 1392611, 1392608, 1363883]"
"CBN-PdlC-F3-20130903","[1395807, 1396253, 1392611, 1395868, 1360748]"
"CBN-PdlC-F3-20140630","[1392611, 1392608, 1358746, 1360299, 1392606]"
"CBN-PdlC-F3-20140721","[1396253, 1395807, 1397528, 1392611, 1392608]"
"CBN-PdlC-F3-20140811","[1395807, 1396253, 1363883, 1359697, 1392608]"
"CBN-PdlC-F3-20140901","[1395807, 1396060, 1396253, 1418688, 1392611]"
"CBN-PdlC-F3-20150701","[1396253, 1395807, 1392608, 1364066, 1361592]"
"CBN-PdlC-F3-20150720","[1396253, 1395807, 1392608, 1392612, 1393681]"
"CBN-PdlC-F3-20150810","[1395807, 1392611, 1392608, 1396253, 1412857]"
"CBN-PdlC-F3-20150831","[1396253, 1395807, 1395758, 1412857, 1392611]"
"CBN-PdlC-F3-20160705","[1395807, 1393659, 1361592, 1393665, 1396253]"
"CBN-PdlC-F3-20160726","[1395807, 1395870, 1396253, 1392611, 1741880]"
"CBN-PdlC-F3-20170816","[1396253, 1392608, 1744241, 1392611, 1392612]"
"CBN-PdlC-F3-20170906","[1395807, 1392336, 1390793, 1392611, 1397386]"
"CBN-PdlC-F3-20180702","[1393665, 1393200, 1393691, 1361596, 1397430]"
"CBN-PdlC-F3-20180723","[1395807, 1392537, 1392553, 1392534, 1549015]"
"CBN-PdlC-F3-20180815","[1395807, 1609716, 1397381, 1744241, 1392228]"
"CBN-PdlC-F3-20180905","[1396253, 1395807, 1744241, 1392611, 1363543]"
"CBN-PdlC-F3-20190701","[1395807, 1361592, 1393665, 1392611, 1393708]"
"CBN-PdlC-F3-20190722","[1395807, 1393665, 1396253, 1722436, 1392608]"
"CBN-PdlC-F3-20190812","[1395807, 1396253, 1361281, 1392611, 1395870]"
"CBN-PdlC-F3-20190909","[1395807, 1396253, 1392059, 1392293, 1392611]"
"CBN-PdlC-F3-20200629","[1396253, 1395807, 1361592, 1393665, 1393708]"
"CBN-PdlC-F3-20200722","[1395807, 1396253, 1361592, 1392159, 1392114]"
"CBN-PdlC-F3-20200812","[1395807, 1396253, 1397381, 1636731, 1359697]"
"CBN-PdlC-F4-20130723","[1396253, 1392611, 1358746, 1393665, 1393200]"
"CBN-PdlC-F4-20130807","[1396253, 1392611, 1395807, 1392608, 1396843]"
"CBN-PdlC-F4-20130903","[1358746, 1395807, 1396253, 1394543, 1394542]"
"CBN-PdlC-F4-20140630","[1396253, 1413421, 1392611, 1393200, 1358746]"
"CBN-PdlC-F4-20140811","[1396253, 1395807, 1393200, 1358746, 1392608]"
"CBN-PdlC-F4-20140901","[1396253, 1395807, 1396843, 1397430, 1358746]"
"CBN-PdlC-F4-20150701","[1396253, 1392608, 1392612, 1395807, 1392611]"
"CBN-PdlC-F4-20150720","[1395807, 1396253, 1396843, 1393681, 1393659]"
"CBN-PdlC-F4-20150810","[1396253, 1395807, 1392611, 1396843, 1393681]"
"CBN-PdlC-F4-20150831","[1396253, 1396843, 1395807, 1397430, 1392611]"
"CBN-PdlC-F4-20160705","[1392608, 1395807, 1396253, 1392611, 1393665]"
"CBN-PdlC-F4-20160726","[1396253, 1395807, 1392611, 1392608, 1393681]"
"CBN-PdlC-F4-20170816","[1362482, 1396253, 1395807, 1396843, 1392336]"
"CBN-PdlC-F4-20170906","[1396253, 1396843, 1743472, 1392291, 1392274]"
"CBN-PdlC-F4-20180702","[1358746, 1393200, 1396253, 1393665, 1395870]"
"CBN-PdlC-F4-20180723","[1395807, 1393681, 1397430, 1392608, 1393665]"
"CBN-PdlC-F4-20180815","[1396253, 1393665, 1392608, 1396843, 1393200]"
"CBN-PdlC-F4-20180905","[1396253, 1392611, 1392336, 1392608, 1396843]"
"CBN-PdlC-F4-20190701","[1392608, 1395807, 1396253, 1393665, 1392611]"
"CBN-PdlC-F4-20190722","[1396843, 1395807, 1393665, 1393681, 1392611]"
"CBN-PdlC-F4-20190812","[1396253, 1395807, 1361281, 1392611, 1651162]"
"CBN-PdlC-F4-20190909","[1395807, 1396843, 1392611, 1392608, 1396253]"
"CBN-PdlC-F4-20200629","[1396253, 1361592, 1395807, 1393708, 1393665]"
"CBN-PdlC-F4-20200722","[1396253, 1395807, 1396843, 1361592, 1392611]"
"CBN-PdlC-F4-20200812","[1396253, 1396843, 1395807, 1362023, 1397384]"
"CBN-PdlC-F5-20130723","[1396253, 1392611, 1359296, 1741624, 1396843]"
"CBN-PdlC-F5-20130903","[1396253, 1396843, 1392241, 1390793, 1395807]"
"CBN-PdlC-F5-20140630","[1396253, 1388766, 1390793, 1356422, 1390899]"
"CBN-PdlC-F5-20140721","[1396253, 1392608, 1395807, 1393708, 1392611]"
"CBN-PdlC-F5-20140811","[1396253, 1395807, 1396843, 1392608, 1392159]"
"CBN-PdlC-F5-20150701","[1396253, 1395807, 1392608, 1359649, 1413421]"
"CBN-PdlC-F5-20150720","[1396253, 1395807, 1361367, 1396843, 1392608]"
"CBN-PdlC-F5-20150810","[1396253, 1395807, 1396843, 1651363, 1392608]"
"CBN-PdlC-F5-20150831","[1396253, 1395807, 1396843, 1392611, 1390793]"
"CBN-PdlC-F5-20160705","[1396253, 1395807, 1396843, 1390793, 1361367]"
"CBN-PdlC-F5-20160726","[1396253, 1361367, 1396843, 1395807, 1363455]"
"CBN-PdlC-F5-20170816","[1396253, 1396843, 1394830, 1390793, 1394311]"
"CBN-PdlC-F5-20170906","[1396253, 1396843, 1363543, 1390793, 1390899]"
"CBN-PdlC-F5-20180702","[1396253, 1393708, 1392608, 1392611, 1392612]"
"CBN-PdlC-F5-20180723","[1396253, 1392608, 1396843, 1363740, 1363739]"
"CBN-PdlC-F5-20180815","[1396253, 1396843, 1390793, 1391847, 1392611]"
"CBN-PdlC-F5-20180905","[1396253, 1396843, 1359649, 1667780, 1392611]"
"CBN-PdlC-F5-20190722","[1396253, 1395807, 1396843, 1392608, 1392611]"
"CBN-PdlC-F5-20190812","[1396253, 1392614, 1396843, 1392611, 1395807]"
"CBN-PdlC-F5-20190909","[1396253, 1395807, 1392611, 1396843, 1390793]"
"CBN-PdlC-F5-20200629","[1396253, 1390793, 1395807, 1392608, 1392611]"
"CBN-PdlC-F5-20200722","[1396253, 1363455, 1396843, 1361382, 1395807]"
"CBN-PdlC-F5-20200812","[1396253, 1395807, 1396843, 1392293, 1390793]"
"CBN-PdlC-F6-20130723","[1396253, 1390793, 1390899, 1743474, 1396843]"
"CBN-PdlC-F6-20130807","[1395807, 1396253, 1390904, 1390793, 1395870]"
"CBN-PdlC-F6-20130903","[1396253, 1390904, 1390793, 1396843, 1743474]"
"CBN-PdlC-F6-20140630","[1390793, 1418612, 1390899, 1390874, 1398222]"
"CBN-PdlC-F6-20140721","[1395807, 1392537, 1393708, 1392549, 1392553]"
"CBN-PdlC-F6-20140811","[1395807, 1363455, 1392537, 1361382, 1392549]"
"CBN-PdlC-F6-20150701","[1395807, 1396843, 1393200, 1396253, 1361367]"
"CBN-PdlC-F6-20150720","[1392608, 1396843, 1392612, 1395807, 1396253]"
"CBN-PdlC-F6-20150810","[1395807, 1396843, 1356278, 1392611, 1361367]"
"CBN-PdlC-F6-20150831","[1395807, 1396843, 1390793, 1392611, 1392608]"
"CBN-PdlC-F6-20160705","[1395807, 1390793, 1741810, 1397528, 1396253]"
"CBN-PdlC-F6-20160726","[1392553, 1392537, 1392549, 1396843, 1392535]"
"CBN-PdlC-F6-20170816","[1396253, 1396843, 1412857, 1395807, 1390793]"
"CBN-PdlC-F6-20170906","[1396253, 1396843, 1390793, 1392553, 1393200]"
"CBN-PdlC-F6-20180702","[1396253, 1363543, 1395807, 1390793, 1395870]"
"CBN-PdlC-F6-20180723","[1396843, 1395807, 1392611, 1390793, 1392608]"
"CBN-PdlC-F6-20180815","[1396253, 1390793, 1396843, 1395807, 1390899]"
"CBN-PdlC-F6-20180905","[1393200, 1396253, 1396843, 1394828, 1390793]"
"CBN-PdlC-F6-20190722","[1363455, 1361382, 1395807, 1361367, 1396843]"
"CBN-PdlC-F6-20190812","[1395807, 1396253, 1396843, 1361367, 1390793]"
"CBN-PdlC-F6-20190909","[1396843, 1390793, 1651485, 1395807, 1394311]"
"CBN-PdlC-F6-20200629","[1392611, 1392608, 1390793, 1395807, 1394311]"
"CBN-PdlC-F6-20200722","[1392553, 1392537, 1392549, 1392535, 1395807]"
"CBN-PdlC-F6-20200812","[1395807, 1390793, 1396843, 1396253, 1392553]"
"CBN-Pla-A1-20130808","[1395807, 1396253, 1741661, 1397475, 1390793]"
"CBN-Pla-A1-20130904","[1395807, 1741661, 1397475, 1396971, 1396253]"
"CBN-Pla-A1-20140722","[1396253, 1397475, 1741661, 1390793, 1395190]"
"CBN-Pla-A1-20140812","[1395807, 1396253, 1397475, 1741661, 1412857]"
"CBN-Pla-A1-20140902","[1395807, 1397475, 1741661, 1361367, 1395190]"
"CBN-Pla-A1-20150702","[1397475, 1741661, 1395807, 1396253, 1395190]"
"CBN-Pla-A1-20150723","[1395807, 1363455, 1361382, 1397475, 1741661]"
"CBN-Pla-A1-20150811","[1395807, 1396253, 1397475, 1741661, 1400176]"
"CBN-Pla-A1-20150901","[1396253, 1395807, 1397475, 1741661, 1400176]"
"CBN-Pla-A1-20160707","[1397475, 1741661, 1357575, 1395807, 1395190]"
"CBN-Pla-A1-20160728","[1395807, 1397043, 1741661, 1396253, 1397046]"
"CBN-Pla-A1-20180724","[1397475, 1741661, 1395190, 1390793, 1394643]"
"CBN-Pla-A1-20180816","[1395807, 1396253, 1741661, 1400176, 1397475]"
"CBN-Pla-A1-20180906","[1395807, 1741661, 1397475, 1412857, 1400176]"
"CBN-Pla-A1-20190723","[1395807, 1396253, 1741661, 1400176, 1397475]"
"CBN-Pla-A1-20190814","[1395807, 1396253, 1741661, 1397475, 1743474]"
"CBN-Pla-A1-20200630","[1356407, 1366028, 1361709, 1658958, 1362195]"
"CBN-Pla-A1-20200723","[1395807, 1397043, 1741661, 1397046, 1396253]"
"CBN-Pla-A1-20200814","[1400176, 1395807, 1392566, 1741661, 1392552]"
"CBN-Pla-A2-20130724","[1390793, 1395973, 1396015, 1390899, 1743474]"
"CBN-Pla-A2-20130808","[1395807, 1396253, 1395870, 1651485, 1392314]"
"CBN-Pla-A2-20130904","[1395807, 1412857, 1395987, 1395870, 1396015]"
"CBN-Pla-A2-20140722","[1395973, 1396015, 1390793, 1412857, 1396144]"
"CBN-Pla-A2-20140812","[1395807, 1396253, 1361367, 1412857, 1396144]"
"CBN-Pla-A2-20140902","[1395807, 1361367, 1396015, 1395987, 1741790]"
"CBN-Pla-A2-20150702","[1396253, 1412857, 1390793, 1742053, 1396015]"
"CBN-Pla-A2-20150723","[1395807, 1396869, 1396015, 1412857, 1741790]"
"CBN-Pla-A2-20150811","[1395807, 1392552, 1392566, 1742052, 1396015]"
"CBN-Pla-A2-20150901","[1396253, 1395807, 1412857, 1742053, 1395973]"
"CBN-Pla-A2-20160707","[1396253, 1412857, 1395807, 1395973, 1394643]"
"CBN-Pla-A2-20160728","[1395807, 1397043, 1395870, 1397046, 1742052]"
"CBN-Pla-A2-20180724","[1396180, 1390793, 1396144, 1395973, 1396015]"
"CBN-Pla-A2-20180816","[1397043, 1395807, 1396253, 1397046, 1412857]"
"CBN-Pla-A2-20180906","[1395807, 1396253, 1412857, 1742053, 1396015]"
"CBN-Pla-A2-20190723","[1396253, 1395807, 1395870, 1394641, 1741880]"
"CBN-Pla-A2-20190814","[1395807, 1396253, 1395987, 1396015, 1395870]"
"CBN-Pla-A2-20200723","[1397043, 1395807, 1396253, 1397046, 1396144]"
"CBN-Pla-A2-20200814","[1400176, 1395807, 1412857, 1742053, 1392539]"
"CBN-Pla-A3-20130724","[1390793, 1418612, 1394674, 1741587, 1395870]"
"CBN-Pla-A3-20130808","[1395807, 1396253, 1394641, 1394643, 1395870]"
"CBN-Pla-A3-20130904","[1395807, 1360269, 1395870, 1741880, 1393604]"
"CBN-Pla-A3-20140722","[1390793, 1418612, 1360591, 1743474, 1390899]"
"CBN-Pla-A3-20140812","[1395807, 1396843, 1397043, 1395870, 1397046]"
"CBN-Pla-A3-20140902","[1395807, 1361367, 1361382, 1396843, 1397070]"
"CBN-Pla-A3-20150702","[1395807, 1390793, 1743474, 1395870, 1396843]"
"CBN-Pla-A3-20150723","[1395807, 1395870, 1362482, 1741880, 1396843]"
"CBN-Pla-A3-20150811","[1395807, 1412857, 1395870, 1361367, 1741880]"
"CBN-Pla-A3-20150901","[1395807, 1396253, 1412857, 1396843, 1395870]"
"CBN-Pla-A3-20160707","[1396144, 1395870, 1395807, 1394674, 1418612]"
"CBN-Pla-A3-20160728","[1395807, 1397043, 1412857, 1396253, 1397046]"
"CBN-Pla-A3-20180724","[1390793, 1743474, 1651061, 1396144, 1395870]"
"CBN-Pla-A3-20180816","[1395807, 1397043, 1397046, 1395870, 1361367]"
"CBN-Pla-A3-20180906","[1395807, 1396253, 1397043, 1395870, 1396144]"
"CBN-Pla-A3-20190723","[1395807, 1396253, 1395870, 1396843, 1361367]"
"CBN-Pla-A3-20190814","[1395807, 1741880, 1361367, 1395870, 1396843]"
"CBN-Pla-A3-20200723","[1395807, 1361367, 1397043, 1397046, 1395870]"
"CBN-Pla-A3-20200814","[1395807, 1396843, 1395870, 1397043, 1651485]"
"CBN-Pla-A4-20130724","[1390793, 1418612, 1651061, 1390899, 1359587]"
"CBN-Pla-A4-20130808","[1395807, 1395870, 1741880, 1395758, 1363543]"
"CBN-Pla-A4-20130904","[1395807, 1741880, 1397043, 1395870, 1397046]"
"CBN-Pla-A4-20140722","[1390793, 1651061, 1418612, 1390899, 1397463]"
"CBN-Pla-A4-20140812","[1395807, 1741880, 1395870, 1395718, 1356942]"
"CBN-Pla-A4-20140902","[1395807, 1741880, 1395870, 1361367, 1651485]"
"CBN-Pla-A4-20150702","[1390793, 1743474, 1390899, 1651061, 1609716]"
"CBN-Pla-A4-20150723","[1395807, 1741880, 1396869, 1395870, 1395758]"
"CBN-Pla-A4-20150811","[1395807, 1741880, 1395870, 1395718, 1390793]"
"CBN-Pla-A4-20150901","[1395807, 1741880, 1395870, 1395718, 1395758]"
"CBN-Pla-A4-20160707","[1395870, 1395807, 1363543, 1390793, 1741880]"
"CBN-Pla-A4-20160728","[1395807, 1395718, 1397043, 1741880, 1397046]"
"CBN-Pla-A4-20180724","[1357950, 1390793, 1609716, 1361374, 1360591]"
"CBN-Pla-A4-20180816","[1395807, 1397043, 1741880, 1395870, 1397046]"
"CBN-Pla-A4-20180906","[1395807, 1397043, 1395870, 1741880, 1397046]"
"CBN-Pla-A4-20190723","[1395807, 1393708, 1741880, 1395870, 1396253]"
"CBN-Pla-A4-20190814","[1395807, 1741880, 1395870, 1397043, 1395758]"
"CBN-Pla-A4-20200723","[1395807, 1396253, 1395870, 1741880, 1396843]"
"CBN-Pla-A4-20200814","[1395807, 1395870, 1361382, 1396869, 1741880]"
"CBN-Pla-A5-20130724","[1390793, 1395870, 1609716, 1390899, 1395807]"
"CBN-Pla-A5-20130808","[1395807, 1741880, 1395870, 1395758, 1651485]"
"CBN-Pla-A5-20130904","[1395807, 1741880, 1396060, 1395870, 1418688]"
"CBN-Pla-A5-20140722","[1390793, 1418612, 1651061, 1358099, 1395870]"
"CBN-Pla-A5-20140812","[1395807, 1395870, 1741880, 1396253, 1361367]"
"CBN-Pla-A5-20140902","[1395807, 1741880, 1395870, 1392628, 1392632]"
"CBN-Pla-A5-20150702","[1390793, 1395870, 1609716, 1390899, 1727501]"
"CBN-Pla-A5-20150723","[1395807, 1741880, 1395870, 1397070, 1360269]"
"CBN-Pla-A5-20150811","[1395807, 1741880, 1395870, 1390793, 1360269]"
"CBN-Pla-A5-20160707","[1395807, 1395870, 1390793, 1741880, 1743474]"
"CBN-Pla-A5-20160728","[1395807, 1741880, 1395870, 1396144, 1358094]"
"CBN-Pla-A5-20180724","[1390793, 1742064, 1744869, 1394641, 1412857]"
"CBN-Pla-A5-20180816","[1395807, 1741880, 1395870, 1390793, 1395758]"
"CBN-Pla-A5-20180906","[1395807, 1741880, 1395870, 1390793, 1392632]"
"CBN-Pla-A5-20190723","[1395807, 1741880, 1395870, 1393708, 1395758]"
"CBN-Pla-A5-20190814","[1395807, 1395870, 1741880, 1396253, 1361347]"
"CBN-Pla-A5-20200723","[1395807, 1741880, 1395870, 1360141, 1393708]"
"CBN-Pla-A5-20200814","[1395807, 1395870, 1412857, 1741880, 1742053]"
"CBN-Pla-A6-20130724","[1390793, 1609716, 1395870, 1741880, 1398222]"
"CBN-Pla-A6-20130808","[1395807, 1396253, 1395870, 1741880, 1390793]"
"CBN-Pla-A6-20130904","[1395807, 1741880, 1395870, 1396253, 1395758]"
"CBN-Pla-A6-20140722","[1390793, 1609716, 1741880, 1743315, 1395870]"
"CBN-Pla-A6-20140812","[1395807, 1396253, 1741880, 1395870, 1396144]"
"CBN-Pla-A6-20140902","[1395807, 1395870, 1741880, 1361367, 1741624]"
"CBN-Pla-A6-20150702","[1396253, 1741880, 1390793, 1392241, 1395870]"
"CBN-Pla-A6-20150723","[1395807, 1396869, 1741880, 1395870, 1396858]"
"CBN-Pla-A6-20150811","[1395807, 1396253, 1741880, 1395870, 1396843]"
"CBN-Pla-A6-20150901","[1395807, 1396253, 1395870, 1741880, 1741624]"
"CBN-Pla-A6-20160707","[1395807, 1390793, 1395870, 1397463, 1741880]"
"CBN-Pla-A6-20160728","[1395807, 1396869, 1395870, 1741880, 1396843]"
"CBN-Pla-A6-20180724","[1390793, 1609716, 1651061, 1390899, 1743474]"
"CBN-Pla-A6-20180816","[1395807, 1395870, 1741880, 1396253, 1390793]"
"CBN-Pla-A6-20180906","[1395807, 1741880, 1395870, 1396253, 1363740]"
"CBN-Pla-A6-20190723","[1395807, 1395870, 1395758, 1741880, 1390793]"
"CBN-Pla-A6-20190814","[1395807, 1741624, 1361367, 1392228, 1397533]"
"CBN-Pla-A6-20200723","[1395807, 1395870, 1741880, 1741624, 1390793]"
"CBN-Pla-A6-20200814","[1395807, 1741880, 1395870, 1743474, 1396970]"
"CBN-Pla-B1-20130724","[1390793, 1394655, 1418612, 1743474, 1395974]"
"CBN-Pla-B1-20130808","[1396253, 1395807, 1395870, 1741880, 1390793]"
"CBN-Pla-B1-20130904","[1396253, 1395807, 1743474, 1395870, 1390899]"
"CBN-Pla-B1-20140722","[1390793, 1390874, 1392241, 1390899, 1398222]"
"CBN-Pla-B1-20140812","[1395807, 1396253, 1395870, 1361382, 1412857]"
"CBN-Pla-B1-20140902","[1396253, 1363455, 1395807, 1361382, 1361367]"
"CBN-Pla-B1-20150702","[1396253, 1393708, 1392241, 1392293, 1392260]"
"CBN-Pla-B1-20150723","[1395807, 1396253, 1412857, 1361367, 1742053]"
"CBN-Pla-B1-20150811","[1395807, 1396253, 1412857, 1651357, 1741616]"
"CBN-Pla-B1-20150901","[1396253, 1395807, 1651061, 1395870, 1743474]"
"CBN-Pla-B1-20160707","[1396253, 1412857, 1743474, 1390793, 1394641]"
"CBN-Pla-B1-20160728","[1396253, 1395807, 1395870, 1361367, 1390793]"
"CBN-Pla-B1-20180724","[1396253, 1390793, 1394643, 1396843, 1361130]"
"CBN-Pla-B1-20180816","[1395807, 1396253, 1395870, 1741880, 1743474]"
"CBN-Pla-B1-20180906","[1396253, 1412857, 1395807, 1359835, 1742053]"
"CBN-Pla-B1-20190723","[1395807, 1396253, 1395870, 1397070, 1741880]"
"CBN-Pla-B1-20190814","[1395807, 1392324, 1412857, 1742545, 1741880]"
"CBN-Pla-B1-20200630","[1409275, 1356407, 1357159, 1397838, 1743819]"
"CBN-Pla-B1-20200723","[1395807, 1743474, 1361382, 1363455, 1395870]"
"CBN-Pla-B1-20200814","[1395807, 1392228, 1359697, 1396253, 1397533]"
"CBN-Pla-B2-20130724","[1390793, 1395870, 1609716, 1743474, 1397384]"
"CBN-Pla-B2-20130808","[1395807, 1396253, 1395870, 1396843, 1741880]"
"CBN-Pla-B2-20130904","[1395807, 1395870, 1741880, 1363543, 1396060]"
"CBN-Pla-B2-20140722","[1390793, 1743474, 1418612, 1390899, 1741880]"
"CBN-Pla-B2-20140812","[1395807, 1395870, 1396843, 1361382, 1741880]"
"CBN-Pla-B2-20140902","[1395807, 1651485, 1396843, 1743474, 1361367]"
"CBN-Pla-B2-20150702","[1390793, 1412857, 1394643, 1743474, 1394641]"
"CBN-Pla-B2-20150723","[1395807, 1741880, 1396253, 1395870, 1395758]"
"CBN-Pla-B2-20150811","[1395807, 1396253, 1392552, 1392566, 1392293]"
"CBN-Pla-B2-20150901","[1396253, 1395807, 1392552, 1741880, 1395870]"
"CBN-Pla-B2-20160707","[1396253, 1396970, 1390793, 1741880, 1395807]"
"CBN-Pla-B2-20160728","[1395807, 1741880, 1395870, 1397386, 1390793]"
"CBN-Pla-B2-20180724","[1651061, 1391846, 1390793, 1743474, 1392314]"
"CBN-Pla-B2-20180816","[1395807, 1741880, 1651485, 1395870, 1743474]"
"CBN-Pla-B2-20180906","[1395807, 1396253, 1743474, 1651485, 1397070]"
"CBN-Pla-B2-20190723","[1395807, 1395870, 1741880, 1390793, 1394311]"
"CBN-Pla-B2-20190814","[1395807, 1362482, 1395870, 1741880, 1392293]"
"CBN-Pla-B2-20200723","[1395807, 1396253, 1397043, 1393708, 1395870]"
"CBN-Pla-B2-20200814","[1395807, 1356857, 1743474, 1390793, 1395870]"
"CBN-Pla-B3-20130724","[1390793, 1395807, 1390899, 1358492, 1395870]"
"CBN-Pla-B3-20130808","[1396253, 1395807, 1395870, 1743474, 1741880]"
"CBN-Pla-B3-20130904","[1396253, 1395807, 1743474, 1397043, 1741880]"
"CBN-Pla-B3-20140722","[1390793, 1651061, 1743474, 1361273, 1359193]"
"CBN-Pla-B3-20140812","[1396253, 1395807, 1397043, 1412857, 1361347]"
"CBN-Pla-B3-20140902","[1363455, 1396253, 1361382, 1395807, 1361367]"
"CBN-Pla-B3-20150811","[1396253, 1395807, 1361141, 1741880, 1395870]"
"CBN-Pla-B3-20150901","[1396253, 1395807, 1361347, 1396843, 1395870]"
"CBN-Pla-B3-20160707","[1396253, 1395807, 1390793, 1392314, 1396843]"
"CBN-Pla-B3-20160728","[1396253, 1395807, 1395870, 1743474, 1651485]"
"CBN-Pla-B3-20180724","[1390793, 1392298, 1361347, 1743474, 1394311]"
"CBN-Pla-B3-20180816","[1395807, 1396253, 1397070, 1395870, 1741880]"
"CBN-Pla-B3-20180906","[1396253, 1395807, 1412857, 1397043, 1742053]"
"CBN-Pla-B3-20190723","[1395807, 1396253, 1741880, 1395870, 1361099]"
"CBN-Pla-B3-20190814","[1395807, 1396843, 1395870, 1651485, 1743474]"
"CBN-Pla-B3-20200723","[1396253, 1395807, 1395870, 1743474, 1390899]"
"CBN-Pla-B3-20200814","[1396253, 1395807, 1361367, 1651485, 1741880]"
"CBN-Pla-B4-20130724","[1418612, 1390793, 1743474, 1392310, 1362023]"
"CBN-Pla-B4-20130808","[1395807, 1395870, 1741880, 1651485, 1395758]"
"CBN-Pla-B4-20130904","[1397043, 1395807, 1397046, 1392296, 1741880]"
"CBN-Pla-B4-20140722","[1390793, 1651061, 1743474, 1359193, 1394311]"
"CBN-Pla-B4-20140812","[1395807, 1396253, 1361382, 1390793, 1392314]"
"CBN-Pla-B4-20140902","[1395807, 1361347, 1392336, 1392293, 1390793]"
"CBN-Pla-B4-20150702","[1390793, 1361063, 1651061, 1743474, 1392314]"
"CBN-Pla-B4-20150723","[1395807, 1741880, 1392336, 1396253, 1743474]"
"CBN-Pla-B4-20150811","[1395807, 1361347, 1651363, 1651485, 1743474]"
"CBN-Pla-B4-20150901","[1395807, 1361141, 1396843, 1741616, 1361347]"
"CBN-Pla-B4-20160707","[1359750, 1743474, 1390793, 1651061, 1392314]"
"CBN-Pla-B4-20160728","[1397043, 1395807, 1397046, 1396253, 1741880]"
"CBN-Pla-B4-20180724","[1743474, 1390793, 1651061, 1651485, 1362023]"
"CBN-Pla-B4-20180816","[1397043, 1395807, 1397046, 1741880, 1396843]"
"CBN-Pla-B4-20180906","[1396253, 1395807, 1397043, 1397046, 1361347]"
"CBN-Pla-B4-20190723","[1395807, 1395870, 1741880, 1743474, 1393708]"
"CBN-Pla-B4-20190814","[1395807, 1396253, 1741880, 1744618, 1651485]"
"CBN-Pla-B4-20200723","[1395807, 1741880, 1395870, 1743474, 1396253]"
"CBN-Pla-B4-20200814","[1395807, 1361347, 1743474, 1741880, 1390793]"
"CBN-Pla-B5-20130724","[1390793, 1651142, 1390874, 1390899, 1743474]"
"CBN-Pla-B5-20130808","[1395807, 1395870, 1364066, 1393708, 1741880]"
"CBN-Pla-B5-20130904","[1395807, 1397043, 1397046, 1395870, 1396843]"
"CBN-Pla-B5-20140722","[1390793, 1363543, 1390899, 1362023, 1390927]"
"CBN-Pla-B5-20140812","[1395807, 1397043, 1395870, 1396144, 1741880]"
"CBN-Pla-B5-20140902","[1395807, 1361367, 1395870, 1397043, 1396253]"
"CBN-Pla-B5-20150702","[1390793, 1361367, 1743474, 1651142, 1394311]"
"CBN-Pla-B5-20150723","[1395807, 1397043, 1395870, 1359988, 1397046]"
"CBN-Pla-B5-20150811","[1395807, 1395870, 1395758, 1741880, 1392324]"
"CBN-Pla-B5-20150901","[1395807, 1395870, 1396843, 1741880, 1394311]"
"CBN-Pla-B5-20160707","[1396970, 1395870, 1395807, 1393708, 1390793]"
"CBN-Pla-B5-20160728","[1397043, 1395807, 1397046, 1390899, 1395870]"
"CBN-Pla-B5-20180724","[1358099, 1390793, 1390899, 1743465, 1392293]"
"CBN-Pla-B5-20180816","[1395807, 1395870, 1741880, 1361367, 1397070]"
"CBN-Pla-B5-20180906","[1395807, 1741880, 1395870, 1418612, 1359835]"
"CBN-Pla-B5-20190723","[1395807, 1359649, 1395870, 1396561, 1356939]"
"CBN-Pla-B5-20190814","[1395807, 1397043, 1395870, 1361367, 1741880]"
"CBN-Pla-B5-20200723","[1397043, 1395807, 1397046, 1395870, 1741880]"
"CBN-Pla-B5-20200814","[1395807, 1397043, 1396253, 1395870, 1397046]"
"CBN-Pla-B6-20130724","[1396144, 1358097, 1390793, 1529112, 1390899]"
"CBN-Pla-B6-20130808","[1395807, 1396253, 1396144, 1390793, 1741880]"
"CBN-Pla-B6-20130904","[1395807, 1396253, 1396144, 1651485, 1397386]"
"CBN-Pla-B6-20140722","[1396144, 1390793, 1609716, 1394674, 1651061]"
"CBN-Pla-B6-20140812","[1395807, 1396144, 1396253, 1361367, 1395940]"
"CBN-Pla-B6-20140902","[1395807, 1361367, 1396144, 1395987, 1396015]"
"CBN-Pla-B6-20150702","[1396253, 1390793, 1360487, 1392241, 1687896]"
"CBN-Pla-B6-20150723","[1395807, 1396869, 1396253, 1396015, 1397070]"
"CBN-Pla-B6-20150811","[1395807, 1396253, 1396843, 1519650, 1396869]"
"CBN-Pla-B6-20150901","[1396253, 1395807, 1396015, 1743471, 1395973]"
"CBN-Pla-B6-20160707","[1395807, 1741587, 1397463, 1390793, 1396144]"
"CBN-Pla-B6-20160728","[1397043, 1395987, 1395807, 1396015, 1397046]"
"CBN-Pla-B6-20180816","[1395807, 1397043, 1397046, 1396144, 1364066]"
"CBN-Pla-B6-20180906","[1395807, 1395987, 1396144, 1395940, 1396253]"
"CBN-Pla-B6-20190723","[1395807, 1396144, 1393708, 1395870, 1741880]"
"CBN-Pla-B6-20190814","[1395807, 1396253, 1395987, 1361382, 1363455]"
"CBN-Pla-B6-20200723","[1395807, 1396023, 1743474, 1396015, 1741880]"
"CBN-Pla-B6-20200814","[1395807, 1396144, 1395987, 1396843, 1395940]"
"CBN-Pla-C1-20130808","[1395807, 1395870, 1392535, 1395758, 1743474]"
"CBN-Pla-C1-20130904","[1395807, 1395870, 1741880, 1743474, 1360269]"
"CBN-Pla-C1-20150702","[1395870, 1390793, 1391427, 1741880, 1395807]"
"CBN-Pla-C1-20150723","[1742052, 1395807, 1395870, 1741880, 1743474]"
"CBN-Pla-C1-20150811","[1395807, 1395870, 1743474, 1390899, 1741880]"
"CBN-Pla-C1-20150901","[1395807, 1742053, 1395870, 1412857, 1395718]"
"CBN-Pla-C1-20160707","[1395807, 1743474, 1395870, 1741880, 1390793]"
"CBN-Pla-C1-20160728","[1395870, 1580587, 1395718, 1395807, 1741624]"
"CBN-Pla-C1-20180816","[1395807, 1400176, 1395870, 1741880, 1741624]"
"CBN-Pla-C1-20180906","[1395807, 1395870, 1741880, 1743474, 1651485]"
"CBN-Pla-C1-20190723","[1395807, 1395870, 1741880, 1392553, 1395758]"
"CBN-Pla-C1-20190814","[1400176, 1395807, 1395870, 1741880, 1395758]"
"CBN-Pla-C1-20200723","[1395807, 1395870, 1741624, 1359296, 1741880]"
"CBN-Pla-C1-20200814","[1395807, 1400176, 1395870, 1741880, 1743474]"
"CBN-Pla-C2-20130808","[1396253, 1395807, 1395870, 1741880, 1390793]"
"CBN-Pla-C2-20130904","[1396253, 1741880, 1395870, 1743474, 1395807]"
"CBN-Pla-C2-20140722","[1396144, 1390793, 1395870, 1358099, 1390899]"
"CBN-Pla-C2-20140902","[1741880, 1395870, 1395807, 1361382, 1390899]"
"CBN-Pla-C2-20150702","[1390793, 1395870, 1395807, 1396144, 1741880]"
"CBN-Pla-C2-20150723","[1395807, 1395870, 1741880, 1651485, 1743474]"
"CBN-Pla-C2-20150811","[1395807, 1395870, 1741880, 1396253, 1412857]"
"CBN-Pla-C2-20150901","[1395807, 1396253, 1741880, 1394542, 1412857]"
"CBN-Pla-C2-20160707","[1390793, 1743474, 1418612, 1361275, 1394641]"
"CBN-Pla-C2-20160728","[1395807, 1412857, 1742053, 1390793, 1397386]"
"CBN-Pla-C2-20180724","[1412857, 1743471, 1396253, 1742053, 1737699]"
"CBN-Pla-C2-20180816","[1396253, 1395807, 1397043, 1397046, 1412857]"
"CBN-Pla-C2-20180906","[1400176, 1412857, 1396253, 1742053, 1743474]"
"CBN-Pla-C2-20190723","[1360141, 1395807, 1362831, 1396253, 1389806]"
"CBN-Pla-C2-20190814","[1397043, 1395807, 1397046, 1395870, 1743474]"
"CBN-Pla-C2-20200723","[1396253, 1395807, 1400176, 1392291, 1395870]"
"CBN-Pla-C2-20200814","[1396253, 1395807, 1742053, 1412857, 1392539]"
"CBN-Pla-C3-20130808","[1395807, 1394643, 1400176, 1390793, 1743474]"
"CBN-Pla-C3-20130904","[1395807, 1396253, 1400176, 1390899, 1651485]"
"CBN-Pla-C3-20140722","[1390793, 1390899, 1651061, 1743474, 1418612]"
"CBN-Pla-C3-20140902","[1400176, 1395807, 1361367, 1395870, 1392293]"
"CBN-Pla-C3-20150702","[1390793, 1418612, 1651061, 1361273, 1743474]"
"CBN-Pla-C3-20150723","[1395807, 1400176, 1395870, 1390793, 1741880]"
"CBN-Pla-C3-20150811","[1395807, 1400176, 1395870, 1741880, 1390793]"
"CBN-Pla-C3-20150901","[1395807, 1395870, 1741880, 1400176, 1390793]"
"CBN-Pla-C3-20160707","[1395807, 1390793, 1743474, 1741880, 1395870]"
"CBN-Pla-C3-20160728","[1395807, 1741880, 1395870, 1397043, 1361367]"
"CBN-Pla-C3-20180724","[1390793, 1390899, 1398222, 1394655, 1394674]"
"CBN-Pla-C3-20180816","[1395807, 1395870, 1400176, 1741880, 1412857]"
"CBN-Pla-C3-20180906","[1395807, 1400176, 1395870, 1741880, 1390793]"
"CBN-Pla-C3-20190723","[1395807, 1400176, 1395870, 1741880, 1412857]"
"CBN-Pla-C3-20190814","[1395807, 1395870, 1361367, 1741880, 1651485]"
"CBN-Pla-C3-20200723","[1395807, 1400176, 1395870, 1741880, 1361367]"
"CBN-Pla-C3-20200814","[1395807, 1400176, 1395870, 1741880, 1743474]"
"CBN-Pla-C4-20130808","[1395807, 1395870, 1390793, 1363543, 1390899]"
"CBN-Pla-C4-20130904","[1395807, 1395870, 1741880, 1651485, 1397450]"
"CBN-Pla-C4-20140902","[1395807, 1394725, 1390793, 1390899, 1361099]"
"CBN-Pla-C4-20150702","[1397500, 1390793, 1392293, 1392241, 1651061]"
"CBN-Pla-C4-20150723","[1395807, 1395870, 1743474, 1741880, 1395758]"
"CBN-Pla-C4-20150811","[1395807, 1363740, 1363739, 1412857, 1396843]"
"CBN-Pla-C4-20150901","[1395807, 1390793, 1395870, 1396843, 1396253]"
"CBN-Pla-C4-20160707","[1395807, 1396253, 1390793, 1395870, 1396970]"
"CBN-Pla-C4-20160728","[1395807, 1397043, 1397046, 1396857, 1397500]"
"CBN-Pla-C4-20180724","[1396253, 1390793, 1397500, 1392299, 1398222]"
"CBN-Pla-C4-20180816","[1396253, 1395807, 1363740, 1363739, 1412857]"
"CBN-Pla-C4-20180906","[1396253, 1395807, 1412857, 1395870, 1742053]"
"CBN-Pla-C4-20190723","[1395807, 1396253, 1396843, 1388766, 1394910]"
"CBN-Pla-C4-20190814","[1396253, 1395807, 1412857, 1396869, 1742053]"
"CBN-Pla-C4-20200723","[1396253, 1395807, 1397043, 1397046, 1395870]"
"CBN-Pla-C4-20200814","[1396253, 1395807, 1412857, 1742053, 1396869]"
"CBN-Pla-C5-20130808","[1395807, 1396144, 1390793, 1393224, 1390899]"
"CBN-Pla-C5-20130904","[1395807, 1395870, 1741880, 1651485, 1396144]"
"CBN-Pla-C5-20140722","[1396144, 1390793, 1394655, 1390899, 1418612]"
"CBN-Pla-C5-20140902","[1395807, 1363740, 1397043, 1363739, 1396144]"
"CBN-Pla-C5-20150702","[1358099, 1529112, 1390793, 1396144, 1358097]"
"CBN-Pla-C5-20150723","[1395807, 1397046, 1396144, 1396869, 1397043]"
"CBN-Pla-C5-20150811","[1395807, 1396144, 1396869, 1741880, 1412857]"
"CBN-Pla-C5-20150901","[1395807, 1396144, 1361347, 1396869, 1390793]"
"CBN-Pla-C5-20160707","[1395807, 1390793, 1395870, 1651061, 1418612]"
"CBN-Pla-C5-20160728","[1395807, 1395870, 1651061, 1390793, 1743474]"
"CBN-Pla-C5-20180724","[1390793, 1396144, 1743474, 1361374, 1361273]"
"CBN-Pla-C5-20180816","[1395807, 1396869, 1412857, 1395870, 1390793]"
"CBN-Pla-C5-20180906","[1395807, 1412857, 1363740, 1395870, 1741880]"
"CBN-Pla-C5-20190723","[1395807, 1743474, 1741880, 1362023, 1395870]"
"CBN-Pla-C5-20190814","[1395807, 1743474, 1389929, 1395870, 1744241]"
"CBN-Pla-C5-20200723","[1395807, 1412857, 1395870, 1397779, 1392276]"
"CBN-Pla-C5-20200814","[1395807, 1396869, 1390793, 1394641, 1743474]"
"CBN-Pla-C6-20130808","[1395807, 1396253, 1395870, 1395758, 1418688]"
"CBN-Pla-C6-20130904","[1395807, 1396253, 1395870, 1741880, 1392310]"
"CBN-Pla-C6-20140902","[1395807, 1412857, 1742053, 1741880, 1361367]"
"CBN-Pla-C6-20150702","[1396253, 1390793, 1743474, 1742053, 1412857]"
"CBN-Pla-C6-20150723","[1395807, 1741880, 1395870, 1390899, 1743474]"
"CBN-Pla-C6-20150811","[1395807, 1396253, 1412857, 1742053, 1395870]"
"CBN-Pla-C6-20150901","[1395807, 1396253, 1412857, 1395870, 1742053]"
"CBN-Pla-C6-20160707","[1395807, 1390793, 1395870, 1390899, 1396253]"
"CBN-Pla-C6-20160728","[1395807, 1396253, 1395870, 1741880, 1361367]"
"CBN-Pla-C6-20180724","[1396253, 1390793, 1743474, 1398222, 1390874]"
"CBN-Pla-C6-20180816","[1395807, 1396253, 1395870, 1360269, 1390793]"
"CBN-Pla-C6-20180906","[1395807, 1396253, 1418612, 1412857, 1390793]"
"CBN-Pla-C6-20190723","[1395807, 1393708, 1741880, 1395870, 1390899]"
"CBN-Pla-C6-20190814","[1395807, 1741880, 1395870, 1390793, 1743474]"
"CBN-Pla-C6-20200723","[1395807, 1396253, 1395870, 1741880, 1390793]"
"CBN-Pla-C6-20200814","[1395807, 1395870, 1741880, 1743474, 1363741]"
"CBN-Pla-D1-20130808","[1396253, 1395807, 1395870, 1741880, 1361347]"
"CBN-Pla-D1-20130904","[1396253, 1395807, 1741880, 1395870, 1390793]"
"CBN-Pla-D1-20140722","[1390793, 1359952, 1397461, 1390822, 1647128]"
"CBN-Pla-D1-20140902","[1396253, 1395807, 1741880, 1395870, 1392241]"
"CBN-Pla-D1-20150702","[1395870, 1390793, 1396253, 1741880, 1743474]"
"CBN-Pla-D1-20150723","[1395807, 1395870, 1741880, 1396253, 1392293]"
"CBN-Pla-D1-20150811","[1396253, 1395807, 1741880, 1395870, 1651485]"
"CBN-Pla-D1-20150901","[1396253, 1395807, 1361347, 1743474, 1741880]"
"CBN-Pla-D1-20160707","[1396253, 1395807, 1743474, 1390793, 1394674]"
"CBN-Pla-D1-20160728","[1395807, 1396253, 1395870, 1412857, 1742053]"
"CBN-Pla-D1-20180724","[1396253, 1390793, 1392314, 1651061, 1743474]"
"CBN-Pla-D1-20180816","[1395807, 1397043, 1395870, 1412857, 1741880]"
"CBN-Pla-D1-20180906","[1395807, 1395870, 1741880, 1743474, 1400176]"
"CBN-Pla-D1-20190723","[1395807, 1741880, 1396253, 1395870, 1651142]"
"CBN-Pla-D1-20190814","[1395807, 1395870, 1741880, 1651357, 1651485]"
"CBN-Pla-D1-20200723","[1395807, 1395870, 1741880, 1743474, 1394674]"
"CBN-Pla-D1-20200814","[1741624, 1359296, 1395807, 1359322, 1412857]"
"CBN-Pla-D2-20130808","[1395807, 1395870, 1396253, 1361347, 1390793]"
"CBN-Pla-D2-20130904","[1396971, 1395807, 1397450, 1396843, 1651485]"
"CBN-Pla-D2-20140722","[1390793, 1651061, 1359995, 1362023, 1651142]"
"CBN-Pla-D2-20140902","[1395807, 1396843, 1651485, 1392293, 1392310]"
"CBN-Pla-D2-20150702","[1609716, 1390793, 1394655, 1361347, 1743474]"
"CBN-Pla-D2-20150723","[1400176, 1395807, 1396843, 1356857, 1743474]"
"CBN-Pla-D2-20150811","[1395807, 1412857, 1396843, 1742053, 1400176]"
"CBN-Pla-D2-20150901","[1395807, 1412857, 1396253, 1742053, 1396843]"
"CBN-Pla-D2-20160707","[1412857, 1390793, 1741880, 1394643, 1742053]"
"CBN-Pla-D2-20160728","[1395807, 1412857, 1396843, 1742053, 1395646]"
"CBN-Pla-D2-20180724","[1412857, 1390793, 1742053, 1390837, 1394641]"
"CBN-Pla-D2-20180816","[1397043, 1396253, 1395807, 1397046, 1412857]"
"CBN-Pla-D2-20180906","[1400176, 1396253, 1395807, 1397043, 1741624]"
"CBN-Pla-D2-20190723","[1395807, 1394643, 1396253, 1396843, 1412857]"
"CBN-Pla-D2-20190814","[1396253, 1412857, 1742053, 1395807, 1396843]"
"CBN-Pla-D2-20200723","[1395807, 1400176, 1396253, 1412857, 1396843]"
"CBN-Pla-D2-20200814","[1400176, 1741624, 1359296, 1396253, 1395807]"
"CBN-Pla-D3-20130808","[1395870, 1741880, 1395807, 1396253, 1390899]"
"CBN-Pla-D3-20130904","[1396253, 1395807, 1741880, 1395870, 1743474]"
"CBN-Pla-D3-20140722","[1390793, 1390899, 1363016, 1743474, 1651061]"
"CBN-Pla-D3-20140902","[1396253, 1395807, 1395870, 1741880, 1743474]"
"CBN-Pla-D3-20150702","[1396253, 1395807, 1397500, 1412857, 1390793]"
"CBN-Pla-D3-20150723","[1395807, 1395870, 1741880, 1397070, 1651485]"
"CBN-Pla-D3-20150811","[1396253, 1394643, 1395807, 1741880, 1395870]"
"CBN-Pla-D3-20150901","[1396253, 1412857, 1395870, 1742053, 1395807]"
"CBN-Pla-D3-20160707","[1395870, 1743474, 1390793, 1395807, 1394911]"
"CBN-Pla-D3-20160728","[1395870, 1741880, 1395807, 1390793, 1390899]"
"CBN-Pla-D3-20180724","[1390793, 1743471, 1390874, 1361347, 1651061]"
"CBN-Pla-D3-20180816","[1395807, 1397043, 1395870, 1396253, 1741880]"
"CBN-Pla-D3-20180906","[1396253, 1395807, 1395870, 1741880, 1390899]"
"CBN-Pla-D3-20190723","[1395807, 1741880, 1395870, 1396253, 1394725]"
"CBN-Pla-D3-20190814","[1395870, 1395807, 1741880, 1396253, 1390899]"
"CBN-Pla-D3-20200723","[1396253, 1397043, 1395807, 1400176, 1395870]"
"CBN-Pla-D3-20200814","[1396253, 1397043, 1392566, 1395870, 1741880]"
"CBN-Pla-D4-20130808","[1396253, 1395807, 1395870, 1741880, 1394674]"
"CBN-Pla-D4-20130904","[1395807, 1396253, 1397043, 1395870, 1397046]"
"CBN-Pla-D4-20140722","[1396253, 1390793, 1743474, 1358099, 1651061]"
"CBN-Pla-D4-20140902","[1395807, 1396253, 1361367, 1395870, 1360141]"
"CBN-Pla-D4-20150702","[1396253, 1390793, 1392293, 1358111, 1743474]"
"CBN-Pla-D4-20150723","[1395807, 1361382, 1396253, 1395870, 1363455]"
"CBN-Pla-D4-20150811","[1396253, 1395807, 1395870, 1397461, 1413421]"
"CBN-Pla-D4-20150901","[1396253, 1395807, 1395870, 1390793, 1395758]"
"CBN-Pla-D4-20160707","[1396253, 1394674, 1390793, 1395870, 1390899]"
"CBN-Pla-D4-20160728","[1395807, 1396253, 1395870, 1361367, 1397043]"
"CBN-Pla-D4-20180724","[1396253, 1361347, 1390793, 1651061, 1361382]"
"CBN-Pla-D4-20180816","[1396253, 1395807, 1395870, 1396060, 1741880]"
"CBN-Pla-D4-20180906","[1396253, 1395807, 1395870, 1741880, 1396843]"
"CBN-Pla-D4-20190723","[1396253, 1395807, 1741880, 1360591, 1395870]"
"CBN-Pla-D4-20190814","[1395807, 1396253, 1395870, 1741880, 1361367]"
"CBN-Pla-D4-20200723","[1396253, 1395807, 1395870, 1741880, 1360269]"
"CBN-Pla-D4-20200814","[1396253, 1395807, 1395870, 1651485, 1361281]"
"CBN-Pla-D5-20130808","[1396253, 1395807, 1396144, 1395870, 1741880]"
"CBN-Pla-D5-20130904","[1395807, 1396253, 1396843, 1390793, 1418612]"
"CBN-Pla-D5-20140722","[1396144, 1390793, 1743474, 1398222, 1396145]"
"CBN-Pla-D5-20140902","[1395807, 1361367, 1396253, 1412857, 1742053]"
"CBN-Pla-D5-20150702","[1396253, 1363740, 1363739, 1390793, 1743474]"
"CBN-Pla-D5-20150723","[1395807, 1396253, 1743474, 1396144, 1390899]"
"CBN-Pla-D5-20150811","[1395807, 1396253, 1361281, 1395870, 1390793]"
"CBN-Pla-D5-20150901","[1395807, 1396253, 1390793, 1396843, 1392293]"
"CBN-Pla-D5-20160707","[1395807, 1741880, 1395870, 1390793, 1356427]"
"CBN-Pla-D5-20160728","[1395807, 1651485, 1395870, 1743474, 1392314]"
"CBN-Pla-D5-20180724","[1396253, 1390793, 1390899, 1651061, 1392241]"
"CBN-Pla-D5-20180816","[1396253, 1395807, 1395870, 1397046, 1396843]"
"CBN-Pla-D5-20180906","[1396253, 1395807, 1396843, 1398222, 1359697]"
"CBN-Pla-D5-20190723","[1395807, 1396253, 1396843, 1395870, 1743474]"
"CBN-Pla-D5-20190814","[1395807, 1397043, 1397046, 1361367, 1651485]"
"CBN-Pla-D5-20200723","[1396253, 1395807, 1396843, 1395870, 1392291]"
"CBN-Pla-D6-20130808","[1395807, 1396253, 1395870, 1741880, 1412857]"
"CBN-Pla-D6-20130904","[1395807, 1396253, 1395870, 1741880, 1412857]"
"CBN-Pla-D6-20140722","[1390793, 1399798, 1394598, 1394597, 1744294]"
"CBN-Pla-D6-20140902","[1395807, 1392539, 1396253, 1396843, 1549192]"
"CBN-Pla-D6-20150702","[1395807, 1395870, 1397461, 1741880, 1609716]"
"CBN-Pla-D6-20150723","[1395807, 1396253, 1396843, 1395718, 1390899]"
"CBN-Pla-D6-20150811","[1395807, 1396253, 1396843, 1392552, 1395870]"
"CBN-Pla-D6-20150901","[1395807, 1396253, 1396843, 1395870, 1390899]"
"CBN-Pla-D6-20160707","[1395807, 1741880, 1395870, 1390793, 1391427]"
"CBN-Pla-D6-20160728","[1395807, 1396253, 1397043, 1395870, 1397046]"
"CBN-Pla-D6-20180724","[1390793, 1398222, 1412857, 1390899, 1391207]"
"CBN-Pla-D6-20180816","[1397043, 1395807, 1397046, 1397045, 1395870]"
"CBN-Pla-D6-20180906","[1395807, 1396253, 1397043, 1395870, 1397046]"
"CBN-Pla-D6-20190723","[1395807, 1395870, 1396253, 1741880, 1394540]"
"CBN-Pla-D6-20190814","[1395807, 1397043, 1397046, 1394311, 1395870]"
"CBN-Pla-D6-20200723","[1395807, 1412857, 1395870, 1741880, 1742053]"
"CBN-Pla-D6-20200814","[1395807, 1396253, 1392566, 1392552, 1395870]"
"CBN-Pla-E1-20130808","[1396253, 1396144, 1390793, 1743474, 1394540]"
"CBN-Pla-E1-20130904","[1396253, 1741624, 1743474, 1396144, 1418612]"
"CBN-Pla-E1-20140722","[1396253, 1396144, 1390793, 1743474, 1396843]"
"CBN-Pla-E1-20140902","[1396253, 1741624, 1361367, 1396144, 1396858]"
"CBN-Pla-E1-20150702","[1396253, 1396144, 1396843, 1390793, 1741587]"
"CBN-Pla-E1-20150723","[1741624, 1396272, 1359296, 1412857, 1580587]"
"CBN-Pla-E1-20150901","[1396272, 1396144, 1396253, 1390793, 1396843]"
"CBN-Pla-E1-20160707","[1396144, 1396253, 1743474, 1647128, 1359973]"
"CBN-Pla-E1-20160728","[1396253, 1741624, 1359296, 1392537, 1580587]"
"CBN-Pla-E1-20180816","[1396253, 1359296, 1741624, 1396441, 1647170]"
"CBN-Pla-E1-20180906","[1396253, 1396379, 1394543, 1413349, 1744479]"
"CBN-Pla-E1-20190723","[1396253, 1392553, 1392537, 1392549, 1392535]"
"CBN-Pla-E1-20190814","[1396253, 1396379, 1396355, 1744479, 1396408]"
"CBN-Pla-E1-20200630","[1396253, 1396144, 1359952, 1390793, 1392300]"
"CBN-Pla-E1-20200723","[1396253, 1741624, 1359296, 1396843, 1412585]"
"CBN-Pla-E1-20200814","[1396253, 1412857, 1396379, 1742053, 1399082]"
"CBN-Pla-E2-20130808","[1396253, 1396144, 1741624, 1359296, 1396272]"
"CBN-Pla-E2-20130904","[1396253, 1396272, 1741624, 1359296, 1396144]"
"CBN-Pla-E2-20140722","[1396253, 1396144, 1412857, 1396272, 1738749]"
"CBN-Pla-E2-20140902","[1396253, 1396144, 1400176, 1412857, 1361367]"
"CBN-Pla-E2-20150702","[1396253, 1396144, 1396272, 1738749, 1743474]"
"CBN-Pla-E2-20150723","[1396253, 1741624, 1396272, 1359296, 1412585]"
"CBN-Pla-E2-20150901","[1396253, 1396272, 1412857, 1400176, 1742053]"
"CBN-Pla-E2-20160707","[1396253, 1400176, 1647128, 1398820, 1743474]"
"CBN-Pla-E2-20160728","[1400176, 1396253, 1396379, 1741624, 1647128]"
"CBN-Pla-E2-20180724","[1396253, 1390793, 1647128, 1743474, 1396144]"
"CBN-Pla-E2-20180816","[1396253, 1741624, 1359296, 1412857, 1580587]"
"CBN-Pla-E2-20180906","[1396253, 1742053, 1412857, 1394643, 1359296]"
"CBN-Pla-E2-20190723","[1396253, 1741624, 1359296, 1398820, 1412585]"
"CBN-Pla-E2-20190814","[1396253, 1744479, 1647141, 1412857, 1397461]"
"CBN-Pla-E2-20200630","[1396253, 1647128, 1359973, 1397461, 1398820]"
"CBN-Pla-E2-20200723","[1396253, 1741624, 1359296, 1412585, 1412857]"
"CBN-Pla-E2-20200814","[1396253, 1399082, 1412857, 1647170, 1396441]"
"CBN-Pla-E3-20130808","[1396253, 1396144, 1361347, 1390793, 1743474]"
"CBN-Pla-E3-20130904","[1396253, 1412857, 1742053, 1396144, 1392241]"
"CBN-Pla-E3-20140722","[1396253, 1396144, 1390793, 1412857, 1361367]"
"CBN-Pla-E3-20140902","[1396253, 1412857, 1396144, 1361367, 1390793]"
"CBN-Pla-E3-20150702","[1396253, 1361347, 1390793, 1396144, 1389929]"
"CBN-Pla-E3-20150723","[1396253, 1412857, 1396843, 1361367, 1396144]"
"CBN-Pla-E3-20150811","[1396253, 1412857, 1742053, 1391335, 1737701]"
"CBN-Pla-E3-20150901","[1396253, 1412857, 1742053, 1361141, 1396843]"
"CBN-Pla-E3-20160707","[1396253, 1396144, 1390793, 1743474, 1397463]"
"CBN-Pla-E3-20160728","[1396253, 1397043, 1397046, 1390793, 1743474]"
"CBN-Pla-E3-20180724","[1396253, 1390793, 1392291, 1358496, 1743474]"
"CBN-Pla-E3-20180816","[1396253, 1397043, 1397046, 1412857, 1390793]"
"CBN-Pla-E3-20180906","[1396253, 1412857, 1742053, 1396843, 1743474]"
"CBN-Pla-E3-20190723","[1396253, 1392553, 1392537, 1392535, 1392549]"
"CBN-Pla-E3-20190814","[1396253, 1397043, 1397046, 1412857, 1742052]"
"CBN-Pla-E3-20200630","[1390793, 1361382, 1651061, 1394641, 1360435]"
"CBN-Pla-E3-20200723","[1396253, 1397043, 1397046, 1412857, 1651485]"
"CBN-Pla-E3-20200814","[1400176, 1396253, 1412857, 1742053, 1396843]"
"CBN-Pla-E4-20130808","[1396253, 1395807, 1743474, 1390793, 1396843]"
"CBN-Pla-E4-20130904","[1396253, 1395807, 1396843, 1743474, 1390793]"
"CBN-Pla-E4-20140722","[1390793, 1651061, 1358496, 1392241, 1396253]"
"CBN-Pla-E4-20140902","[1396253, 1395718, 1361367, 1396843, 1395807]"
"CBN-Pla-E4-20150702","[1396253, 1390793, 1396843, 1743474, 1412857]"
"CBN-Pla-E4-20150811","[1396253, 1395807, 1396843, 1400176, 1741616]"
"CBN-Pla-E4-20150901","[1396253, 1412857, 1400176, 1356942, 1396843]"
"CBN-Pla-E4-20160707","[1396253, 1743474, 1390793, 1651061, 1361367]"
"CBN-Pla-E4-20160728","[1396253, 1395807, 1396843, 1392314, 1412857]"
"CBN-Pla-E4-20180724","[1396253, 1394540, 1743474, 1390793, 1397461]"
"CBN-Pla-E4-20180816","[1396253, 1397043, 1395807, 1392537, 1392553]"
"CBN-Pla-E4-20180906","[1396253, 1397043, 1395807, 1737720, 1396843]"
"CBN-Pla-E4-20190723","[1396253, 1395807, 1396843, 1390793, 1741880]"
"CBN-Pla-E4-20190814","[1396253, 1395807, 1396843, 1743474, 1651485]"
"CBN-Pla-E4-20200630","[1396253, 1390793, 1359937, 1396843, 1399798]"
"CBN-Pla-E4-20200723","[1397043, 1396253, 1395807, 1397046, 1364066]"
"CBN-Pla-E4-20200814","[1395807, 1396253, 1397043, 1396843, 1361281]"
"CBN-Pla-E5-20130808","[1396253, 1395807, 1391427, 1743474, 1362023]"
"CBN-Pla-E5-20130904","[1395807, 1394540, 1391427, 1651061, 1395870]"
"CBN-Pla-E5-20140722","[1391427, 1394725, 1390793, 1399800, 1743506]"
"CBN-Pla-E5-20140902","[1395807, 1361347, 1651485, 1361281, 1390793]"
"CBN-Pla-E5-20150702","[1390793, 1743474, 1396843, 1391427, 1361273]"
"CBN-Pla-E5-20150723","[1395807, 1394725, 1397386, 1392296, 1403533]"
"CBN-Pla-E5-20150811","[1395807, 1651485, 1396843, 1361347, 1361367]"
"CBN-Pla-E5-20150901","[1395807, 1412857, 1392336, 1396253, 1361347]"
"CBN-Pla-E5-20160707","[1394643, 1394725, 1391427, 1396253, 1390793]"
"CBN-Pla-E5-20160728","[1395807, 1412857, 1392537, 1392549, 1392553]"
"CBN-Pla-E5-20180724","[1391427, 1399798, 1394597, 1528543, 1743506]"
"CBN-Pla-E5-20180816","[1395807, 1392537, 1396253, 1392553, 1392549]"
"CBN-Pla-E5-20180906","[1395807, 1397043, 1397046, 1391427, 1396843]"
"CBN-Pla-E5-20190723","[1395807, 1400176, 1400175, 1391427, 1403533]"
"CBN-Pla-E5-20190814","[1395807, 1741880, 1395870, 1403533, 1394643]"
"CBN-Pla-E5-20200630","[1397070, 1394725, 1742545, 1397049, 1391427]"
"CBN-Pla-E5-20200723","[1395807, 1392537, 1392549, 1392553, 1392535]"
"CBN-Pla-E5-20200814","[1395807, 1412857, 1400176, 1362482, 1395718]"
"CBN-Pla-E6-20130808","[1395807, 1396253, 1397450, 1395870, 1741880]"
"CBN-Pla-E6-20130904","[1396253, 1395807, 1392293, 1392296, 1395870]"
"CBN-Pla-E6-20140722","[1396253, 1390793, 1392241, 1412857, 1392291]"
"CBN-Pla-E6-20140902","[1395807, 1396253, 1412857, 1363455, 1361382]"
"CBN-Pla-E6-20150702","[1396253, 1412857, 1742053, 1737701, 1390793]"
"CBN-Pla-E6-20150723","[1395807, 1393708, 1412857, 1741880, 1395870]"
"CBN-Pla-E6-20150811","[1395807, 1396253, 1412857, 1741624, 1390793]"
"CBN-Pla-E6-20150901","[1396253, 1395807, 1412857, 1742053, 1741624]"
"CBN-Pla-E6-20160707","[1396253, 1395807, 1412857, 1390793, 1396144]"
"CBN-Pla-E6-20160728","[1396253, 1395807, 1741624, 1359296, 1412857]"
"CBN-Pla-E6-20180724","[1412857, 1390783, 1529289, 1742053, 1394643]"
"CBN-Pla-E6-20180816","[1395807, 1397043, 1396253, 1397046, 1412857]"
"CBN-Pla-E6-20180906","[1396253, 1412857, 1395807, 1742053, 1397043]"
"CBN-Pla-E6-20190723","[1396253, 1395807, 1393708, 1396843, 1395870]"
"CBN-Pla-E6-20190814","[1359296, 1741624, 1396253, 1395807, 1412585]"
"CBN-Pla-E6-20200723","[1396253, 1395807, 1397043, 1397046, 1412857]"
"CBN-Pla-E6-20200814","[1396253, 1741624, 1359296, 1397043, 1412857]"
"CBN-Pla-F1-20130808","[1741624, 1359296, 1580587, 1390793, 1743474]"
"CBN-Pla-F1-20130904","[1741624, 1743474, 1359296, 1390793, 1651485]"
"CBN-Pla-F1-20140722","[1397461, 1394597, 1361080, 1390793, 1743474]"
"CBN-Pla-F1-20140902","[1361367, 1396441, 1399082, 1396408, 1647175]"
"CBN-Pla-F1-20150702","[1743474, 1390793, 1399082, 1396441, 1741624]"
"CBN-Pla-F1-20150723","[1744479, 1399082, 1396441, 1396379, 1396408]"
"CBN-Pla-F1-20150901","[1728573, 1647170, 1396441, 1741624, 1361347]"
"CBN-Pla-F1-20160707","[1393679, 1741624, 1359296, 1743474, 1396094]"
"CBN-Pla-F1-20160728","[1741624, 1728573, 1359296, 1580587, 1359592]"
"CBN-Pla-F1-20180724","[1390793, 1397461, 1743474, 1358496, 1361347]"
"CBN-Pla-F1-20180816","[1359296, 1741624, 1412585, 1580587, 1359322]"
"CBN-Pla-F1-20180906","[1728573, 1400176, 1741624, 1394479, 1359296]"
"CBN-Pla-F1-20190723","[1741624, 1359296, 1400176, 1580587, 1580588]"
"CBN-Pla-F1-20190814","[1400176, 1359296, 1741624, 1651363, 1651162]"
"CBN-Pla-F1-20200630","[1390793, 1743474, 1390899, 1742545, 1418612]"
"CBN-Pla-F1-20200723","[1359296, 1741624, 1397043, 1412585, 1397046]"
"CBN-Pla-F1-20200814","[1400176, 1728573, 1359296, 1743474, 1741624]"
"CBN-Pla-F2-20130808","[1396253, 1741624, 1743474, 1359296, 1390793]"
"CBN-Pla-F2-20130904","[1412857, 1742053, 1394540, 1390793, 1741624]"
"CBN-Pla-F2-20140722","[1396253, 1390793, 1418612, 1396144, 1394311]"
"CBN-Pla-F2-20140902","[1412857, 1396253, 1741624, 1742053, 1359296]"
"CBN-Pla-F2-20150702","[1396253, 1396144, 1390793, 1743471, 1394311]"
"CBN-Pla-F2-20150723","[1741624, 1359296, 1412585, 1412857, 1580588]"
"CBN-Pla-F2-20150901","[1412857, 1396253, 1742053, 1390793, 1418612]"
"CBN-Pla-F2-20160707","[1396253, 1390793, 1412857, 1743474, 1651061]"
"CBN-Pla-F2-20160728","[1396253, 1741624, 1395718, 1412585, 1359296]"
"CBN-Pla-F2-20180724","[1396253, 1390793, 1358496, 1358123, 1529112]"
"CBN-Pla-F2-20180816","[1741624, 1359296, 1396253, 1412585, 1395718]"
"CBN-Pla-F2-20180906","[1412857, 1395718, 1737720, 1741624, 1396253]"
"CBN-Pla-F2-20190723","[1741624, 1395718, 1359296, 1396094, 1743474]"
"CBN-Pla-F2-20190814","[1395718, 1580587, 1390793, 1744080, 1396253]"
"CBN-Pla-F2-20200630","[1358496, 1390793, 1356042, 1741615, 1418612]"
"CBN-Pla-F2-20200723","[1741624, 1396253, 1359296, 1397043, 1363740]"
"CBN-Pla-F2-20200814","[1741624, 1743474, 1359296, 1390793, 1392300]"
"CBN-Pla-F3-20130808","[1396253, 1390793, 1361367, 1394311, 1743474]"
"CBN-Pla-F3-20130904","[1396253, 1390793, 1412857, 1743474, 1742053]"
"CBN-Pla-F3-20140722","[1396253, 1418612, 1396144, 1392241, 1390793]"
"CBN-Pla-F3-20140902","[1396253, 1744479, 1396379, 1741624, 1399082]"
"CBN-Pla-F3-20150702","[1396253, 1390793, 1396843, 1392293, 1743474]"
"CBN-Pla-F3-20150723","[1741624, 1359296, 1396253, 1412585, 1359322]"
"CBN-Pla-F3-20150811","[1396253, 1412857, 1742053, 1396441, 1396379]"
"CBN-Pla-F3-20150901","[1396253, 1412857, 1396441, 1743474, 1394311]"
"CBN-Pla-F3-20160707","[1396253, 1412857, 1390793, 1396145, 1647128]"
"CBN-Pla-F3-20160728","[1359296, 1741624, 1412585, 1359322, 1396253]"
"CBN-Pla-F3-20180724","[1396253, 1412857, 1391427, 1400176, 1362729]"
"CBN-Pla-F3-20180816","[1396253, 1741624, 1359296, 1412857, 1400176]"
"CBN-Pla-F3-20180906","[1396253, 1395718, 1743474, 1412857, 1741624]"
"CBN-Pla-F3-20190723","[1396253, 1356942, 1397528, 1412857, 1395718]"
"CBN-Pla-F3-20190814","[1396253, 1394438, 1394444, 1412857, 1392291]"
"CBN-Pla-F3-20200630","[1390793, 1609716, 1418612, 1363016, 1391427]"
"CBN-Pla-F3-20200723","[1396253, 1359296, 1741624, 1356942, 1412857]"
"CBN-Pla-F3-20200814","[1396253, 1744479, 1396144, 1741624, 1419963]"
"CBN-Pla-F4-20130808","[1395807, 1396253, 1396144, 1390793, 1361723]"
"CBN-Pla-F4-20130904","[1396253, 1394643, 1743474, 1418612, 1394540]"
"CBN-Pla-F4-20140722","[1397461, 1396144, 1359952, 1390793, 1359973]"
"CBN-Pla-F4-20150723","[1412857, 1396408, 1395807, 1647128, 1399082]"
"CBN-Pla-F4-20150811","[1396379, 1744479, 1399082, 1413349, 1647175]"
"CBN-Pla-F4-20150901","[1412857, 1396441, 1392336, 1743474, 1744479]"
"CBN-Pla-F4-20160707","[1412857, 1390793, 1395807, 1418612, 1394674]"
"CBN-Pla-F4-20160728","[1412857, 1396253, 1742053, 1359296, 1394643]"
"CBN-Pla-F4-20180724","[1390793, 1394674, 1361063, 1412857, 1390822]"
"CBN-Pla-F4-20180816","[1395807, 1390793, 1359322, 1412857, 1741624]"
"CBN-Pla-F4-20180906","[1396253, 1412857, 1742053, 1395807, 1743474]"
"CBN-Pla-F4-20190723","[1396253, 1395807, 1412857, 1356942, 1390793]"
"CBN-Pla-F4-20190814","[1395807, 1412857, 1742053, 1396253, 1394643]"
"CBN-Pla-F4-20200630","[1393314, 1359937, 1392293, 1743819, 1356405]"
"CBN-Pla-F4-20200723","[1359296, 1395807, 1741624, 1396253, 1412857]"
"CBN-Pla-F4-20200814","[1412857, 1742053, 1395807, 1647175, 1744479]"
"CBN-Pla-F5-20130808","[1396253, 1396144, 1390793, 1743474, 1741617]"
"CBN-Pla-F5-20130904","[1396253, 1396144, 1396843, 1743474, 1390899]"
"CBN-Pla-F5-20140722","[1396253, 1743474, 1390793, 1396144, 1392299]"
"CBN-Pla-F5-20140902","[1400176, 1396253, 1392291, 1396843, 1392314]"
"CBN-Pla-F5-20150702","[1396253, 1390793, 1396843, 1743474, 1651061]"
"CBN-Pla-F5-20150723","[1396253, 1392314, 1390793, 1743474, 1400176]"
"CBN-Pla-F5-20150811","[1396253, 1361281, 1396843, 1361347, 1395807]"
"CBN-Pla-F5-20150901","[1396253, 1395807, 1396843, 1361141, 1392336]"
"CBN-Pla-F5-20160707","[1396253, 1743474, 1390793, 1651061, 1392241]"
"CBN-Pla-F5-20160728","[1396253, 1397043, 1397046, 1395807, 1400176]"
"CBN-Pla-F5-20180724","[1390793, 1358497, 1358496, 1392314, 1651061]"
"CBN-Pla-F5-20180816","[1396253, 1397043, 1395807, 1397046, 1396843]"
"CBN-Pla-F5-20180906","[1396253, 1397043, 1395807, 1397046, 1396843]"
"CBN-Pla-F5-20190723","[1396253, 1395807, 1744241, 1395868, 1395870]"
"CBN-Pla-F5-20190814","[1396253, 1395807, 1397043, 1397046, 1359988]"
"CBN-Pla-F5-20200723","[1396253, 1395807, 1397043, 1397046, 1743474]"
"CBN-Pla-F5-20200814","[1396253, 1400176, 1395807, 1392291, 1394311]"
"CBN-Pla-F6-20130808","[1396253, 1395807, 1396843, 1743474, 1395758]"
"CBN-Pla-F6-20130904","[1396253, 1397043, 1396843, 1397046, 1395807]"
"CBN-Pla-F6-20140722","[1396253, 1390793, 1392241, 1651142, 1359193]"
"CBN-Pla-F6-20140902","[1396253, 1395807, 1361367, 1396843, 1392241]"
"CBN-Pla-F6-20150702","[1396253, 1609716, 1390793, 1392241, 1394643]"
"CBN-Pla-F6-20150723","[1396253, 1396843, 1412857, 1397043, 1392336]"
"CBN-Pla-F6-20150811","[1396253, 1396843, 1395807, 1412857, 1396869]"
"CBN-Pla-F6-20150901","[1396253, 1396843, 1412857, 1742053, 1392336]"
"CBN-Pla-F6-20160707","[1396253, 1395807, 1394643, 1390793, 1394847]"
"CBN-Pla-F6-20160728","[1396253, 1397043, 1397046, 1395807, 1392241]"
"CBN-Pla-F6-20180724","[1396253, 1390822, 1390756, 1395085, 1390793]"
"CBN-Pla-F6-20180816","[1397043, 1396253, 1397046, 1395807, 1395870]"
"CBN-Pla-F6-20180906","[1396253, 1397043, 1396843, 1397046, 1392336]"
"CBN-Pla-F6-20190723","[1396253, 1396843, 1395807, 1396144, 1390793]"
"CBN-Pla-F6-20190814","[1396253, 1397043, 1395807, 1412857, 1361281]"
"CBN-Pla-F6-20200723","[1396253, 1397043, 1395807, 1397046, 1396843]"
"CBN-Pla-F6-20200814","[1396253, 1397043, 1361347, 1361281, 1396843]"
"CBN-Pyr-01-20230706","[1359508, 1396843, 1362442, 1363803, 1361347]"
"CBN-Pyr-03-20230706","[1741624, 1359296, 1396784, 1741560, 1412585]"
"CBN-can-A1-20230705","[1395807, 1396253, 1392611, 1412857, 1360299]"
"CBN-can-A2-20230705","[1395807, 1357575, 1393708, 1357584, 1357594]"
"CBN-can-A3-20230705","[1393200, 1412857, 1392611, 1395807, 1397430]"
"CBN-can-A5-20230705","[1396253, 1392549, 1392537, 1392553, 1392535]"
"CBN-can-A6-20230705","[1400101, 1397475, 1396253, 1395807, 1741661]"
"CBN-can-B1-20230705","[1395807, 1412857, 1392608, 1396253, 1392611]"
"CBN-can-B2-20230705","[1400101, 1392608, 1395807, 1392611, 1396970]"
"CBN-can-B3-20230705","[1395807, 1357608, 1412857, 1393200, 1393619]"
"CBN-can-B4-20230705","[1397475, 1393200, 1741661, 1361772, 1361771]"
"CBN-can-B5-20230705","[1400101, 1395807, 1397475, 1392537, 1396253]"
"CBN-can-B6-20230705","[1395807, 1397475, 1396253, 1741661, 1420364]"
"CBN-can-C1-20230705","[1356066, 1394627, 1395807, 1396253, 1394638]"
"CBN-can-C2-20230705","[1395807, 1412857, 1396253, 1393708, 1358746]"
"CBN-can-C3-20230705","[1396253, 1395807, 1364066, 1397070, 1364068]"
"CBN-can-C4-20230705","[1395807, 1396253, 1364066, 1393708, 1357317]"
"CBN-can-D1-20230705","[1396253, 1395807, 1393708, 1396843, 1361389]"
"CBN-can-D2-20230705","[1396253, 1395807, 1412857, 1361347, 1392291]"
"CBN-can-D3-20230705","[1396253, 1395807, 1647128, 1364066, 1396379]"
"CBN-can-D4-20230705","[1400101, 1396253, 1395807, 1392537, 1392534]"
"CBN-can-E1-20230706","[1396253, 1392608, 1395807, 1392611, 1667464]"
"CBN-can-E2-20230706","[1395807, 1396253, 1393584, 1420364, 1392336]"
"CBN-can-E3-20230706","[1396253, 1392537, 1392553, 1392549, 1395807]"
"CBN-can-E4-20230706","[1396253, 1395807, 1397430, 1393681, 1393665]"
"CBN-can-E5-20230706","[1392549, 1392553, 1392537, 1392535, 1549015]"
"CBN-can-E6-20230706","[1392553, 1392537, 1392549, 1392535, 1395807]"
"CBN-can-F1-20230705","[1392553, 1396253, 1392549, 1392537, 1395807]"
"CBN-can-F2-20230706","[1396253, 1395807, 1362729, 1395870, 1395868]"
"CBN-can-F3-20230706","[1395807, 1396253, 1412857, 1361598, 1359508]"
"CBN-can-F4-20230706","[1397430, 1395807, 1363803, 1361598, 1396843]"
"CBN-can-F5-20230706","[1667464, 1396843, 1392614, 1396253, 1392611]"
"GUARDEN-AMB-CF04-1-10-20240325","[1359344, 1363882, 1744174, 1363729, 1363302]"
"GUARDEN-AMB-CF04-1-5-20240325","[1359344, 1363882, 1363302, 1482204, 1399623]"
"GUARDEN-AMB-CF21-1-1-20240326","[1388812, 1397509, 1362038, 1359344, 1355977]"
"GUARDEN-AMB-CF21-1-10-20240326","[1390793, 1744602, 1360701, 1359995, 1743664]"
"GUARDEN-AMB-CF21-1-2-20240326","[1358203, 1722441, 1360719, 1363922, 1363302]"
"GUARDEN-AMB-CF21-1-3-20240326","[1360719, 1359344, 1355977, 1363302, 1360381]"
"GUARDEN-AMB-CF21-1-4-20240326","[1359344, 1363302, 1744174, 1722441, 1360978]"
"GUARDEN-AMB-CF21-1-5-20240326","[1359344, 1359082, 1359297, 1363302, 1388812]"
"GUARDEN-AMB-CF21-1-6-20240326","[1359344, 1359297, 1744602, 1388812, 1499416]"
"GUARDEN-AMB-CF21-1-7-20240326","[1359344, 1744602, 1357970, 1743244, 1738652]"
"GUARDEN-AMB-CF21-1-8-20240326","[1359344, 1743403, 1722619, 1743249, 1738652]"
"GUARDEN-AMB-CF21-1-9-20240326","[1722619, 1743403, 1738652, 1743249, 1397434]"
"GUARDEN-AMB-GV04-1-3-20240326","[1359344, 1359297, 1743990, 1359298, 1363722]"
"GUARDEN-AMB-GV04-1-4-20240326","[1359344, 1359297, 1743990, 1363722, 1359298]"
"GUARDEN-AMB-GV04-1-5-20240326","[1359344, 1359297, 1359298, 1743990, 1363722]"
"GUARDEN-AMB-GV04-1-6-20240326","[1359344, 1359297, 1743990, 1363722, 1362322]"
"GUARDEN-AMB-GV04-1-7-20240326","[1363882, 1359344, 1359297, 1363722, 1743990]"
"GUARDEN-AMB-PR13-1-10-20240417","[1721018, 1359344, 1359297, 1363722, 1359169]"
"GUARDEN-AMB-PR13-1-2-20240417","[1721018, 1359344, 1364037, 1360701, 1743962]"
"GUARDEN-AMB-PR13-1-3-20240417","[1721018, 1360701, 1359344, 1359297, 1359298]"
"GUARDEN-AMB-PR13-1-4-20240417","[1721018, 1722441, 1355977, 1397403, 1364037]"
"GUARDEN-AMB-PR13-1-8-20240417","[1721018, 1359344, 1359297, 1363722, 1359169]"
"GUARDEN-AMB-PR20-1-1-20240424","[1737441, 1722441, 1722433, 1393522, 1650353]"
"GUARDEN-AMB-PR20-1-10-20240424","[1359344, 1359297, 1363722, 1359169, 1722619]"
"GUARDEN-AMB-PR20-1-8-20240424","[1359344, 1363170, 1359297, 1360701, 1361732]"
"GUARDEN-AMB-SA03-1-1-20240626","[1359344, 1722441, 1361412, 1359297, 1650353]"
"GUARDEN-AMB-SA03-1-10-20240626","[1363170, 1361732, 1356333, 1742852, 1406473]"
"GUARDEN-AMB-SA03-1-2-20240626","[1359344, 1722441, 1737441, 1358782, 1359297]"
"GUARDEN-AMB-SA03-1-3-20240626","[1358203, 1359344, 1722619, 1743403, 1738652]"
"GUARDEN-AMB-SA03-1-4-20240626","[1359344, 1743230, 1741590, 1360978, 1722441]"
"GUARDEN-AMB-SA03-1-5-20240626","[1358203, 1359344, 1360719, 1360978, 1363922]"
"GUARDEN-AMB-SA03-1-9-20240626","[1356333, 1356914, 1359344, 1359297, 1356905]"
"GUARDEN-AMB-VC03-1-3-20240417","[1359344, 1394421, 1356905, 1356914, 1356907]"
"GUARDEN-AMB-VC03-1-4-20240417","[1359344, 1394421, 1356907, 1356905, 1356914]"
"GUARDEN-AMB-VC03-1-5-20240417","[1356905, 1394421, 1359297, 1359344, 1363722]"
"GUARDEN-AMB-VC03-1-6-20240417","[1359344, 1394421, 1359297, 1363722, 1356907]"
"GUARDEN-CBNMed-10-1-16-34-20240429","[1744279, 1722409, 1358503, 1392023, 1392024]"
"GUARDEN-CBNMed-10-10-17-19-20240429","[1358613, 1743916, 1548487, 1743448, 1364100]"
"GUARDEN-CBNMed-10-5-16-55-20240429","[1356785, 1358613, 1357111, 1743648, 1738647]"
"GUARDEN-CBNMed-10-6-17-02-20240429","[1358613, 1356785, 1356784, 1743916, 1491445]"
"GUARDEN-CBNMed-10-7-17-05-20240429","[1358613, 1357111, 1743648, 1357099, 1743916]"
"GUARDEN-CBNMed-10-8-17-11-20240429","[1358613, 1743916, 1743448, 1357416, 1548487]"
"GUARDEN-CBNMed-10-9-17-16-20240429","[1358613, 1743916, 1743448, 1357416, 1364100]"
"GUARDEN-CBNMed-14-3-9-45-20240429","[1359676, 1359678, 1358986, 1364048, 1359662]"
"GUARDEN-CBNMed-14-4-9-49-20240429","[1359676, 1358986, 1359678, 1360272, 1359677]"
"GUARDEN-CBNMed-14-9-10-09-20240429","[1359676, 1359678, 1359677, 1358986, 1364048]"
"GUARDEN-CBNMed-15-10-12-17-20240429","[1361190, 1363469, 1363468, 1363501, 1363467]"
"GUARDEN-CBNMed-15-5-11-44-20240429","[1361190, 1363468, 1363467, 1364170, 1521556]"
"GUARDEN-CBNMed-15-7-12-02-20240429","[1364170, 1361190, 1359676, 1363468, 1521556]"
"GUARDEN-CBNMed-15-9-12-15-20240429","[1363501, 1361190, 1363468, 1363467, 1393768]"
"GUARDEN-CBNMed-16-1-13-37-20240429","[1722409, 1744243, 1744279, 1359039, 1357120]"
"GUARDEN-CBNMed-16-10-14-33-20240429","[1744243, 1722409, 1744279, 1587724, 1363707]"
"GUARDEN-CBNMed-16-2-13-45-20240429","[1363707, 1587724, 1397517, 1359548, 1359547]"
"GUARDEN-CBNMed-16-3-13-51-20240429","[1722409, 1363707, 1744243, 1744279, 1587724]"
"GUARDEN-CBNMed-16-4-13-57-20240429","[1363707, 1722409, 1744243, 1744279, 1587724]"
"GUARDEN-CBNMed-16-6-14-07-20240429","[1722409, 1744243, 1744279, 1587724, 1359548]"
"GUARDEN-CBNMed-16-7-14-1-20240429","[1744243, 1722409, 1744279, 1363707, 1587724]"
"GUARDEN-CBNMed-16-8-14-14-20240429","[1722409, 1744279, 1360999, 1744243, 1392317]"
"GUARDEN-CBNMed-17-3-10-56-20240429","[1360385, 1360416, 1360417, 1360420, 1361106]"
"GUARDEN-CBNMed-17-5-11-2-20240429","[1363212, 1360385, 1360816, 1360416, 1363255]"
"GUARDEN-CBNMed-19-1-15-24-20240429","[1355964, 1357743, 1361926, 1669707, 1396055]"
"GUARDEN-CBNMed-19-10-16-02-20240429","[1361926, 1363501, 1396055, 1399397, 1397487]"
"GUARDEN-CBNMed-19-2-15-31-20240429","[1363501, 1396055, 1361926, 1359342, 1356857]"
"GUARDEN-CBNMed-19-3-15-35-20240429","[1361190, 1389369, 1363468, 1363467, 1363469]"
"GUARDEN-CBNMed-19-4-15-39-20240429","[1396055, 1361926, 1358478, 1393768, 1397487]"
"GUARDEN-CBNMed-19-5-15-44-20240429","[1361926, 1396055, 1397487, 1399397, 1669707]"
"GUARDEN-CBNMed-19-6-15-48-20240429","[1363475, 1361926, 1363474, 1737439, 1399397]"
"GUARDEN-CBNMed-19-7-15-51-20240429","[1358213, 1669707, 1356303, 1396055, 1361926]"
"GUARDEN-CBNMed-19-8-15-53-20240429","[1358654, 1355995, 1358655, 1355998, 1737646]"
"GUARDEN-CBNMed-19-9-15-58-20240429","[1396055, 1361926, 1363501, 1358478, 1669707]"
"GUARDEN-CBNMed-20-1-9-35-20240428","[1360443, 1364040, 1364039, 1363273, 1744279]"
"GUARDEN-CBNMed-20-10-10-31-20240428","[1357120, 1495441, 1357143, 1357114, 1362454]"
"GUARDEN-CBNMed-20-8-10-19-20240428","[1398721, 1397376, 1363287, 1360999, 1363273]"
"GUARDEN-CBNMed-20-9-10-23-20240428","[1357120, 1357114, 1578131, 1495441, 1392509]"
"GUARDEN-CBNMed-21-10-11-42-20240428","[1357120, 1357116, 1357122, 1363137, 1362454]"
"GUARDEN-CBNMed-21-2-11-07-20240428","[1357122, 1357114, 1362454, 1357120, 1357170]"
"GUARDEN-CBNMed-21-3-11-09-20240428","[1701525, 1393365, 1357122, 1357143, 1362454]"
"GUARDEN-CBNMed-21-6-11-17-20240428","[1357120, 1495441, 1362454, 1357122, 1357118]"
"GUARDEN-CBNMed-21-8-11-23-20240428","[1362454, 1357122, 1357157, 1357120, 1357114]"
"GUARDEN-CBNMed-21-9-11-32-20240428","[1388990, 1359051, 1359995, 1518939, 1357122]"
"GUARDEN-CBNMed-22-1-13-39-20240428","[1393547, 1370637, 1360054, 1393564, 1647245]"
"GUARDEN-CBNMed-22-10-14-48-20240428","[1426004, 1722625, 1360006, 1356086, 1452062]"
"GUARDEN-CBNMed-22-2-14-05-20240428","[1722625, 1722522, 1722521, 1363191, 1395727]"
"GUARDEN-CBNMed-22-5-14-21-20240428","[1722625, 1722522, 1722521, 1395727, 1363191]"
"GUARDEN-CBNMed-22-6-14-23-20240428","[1722625, 1722522, 1722521, 1395727, 1363191]"
"GUARDEN-CBNMed-22-7-14-25-20240428","[1722625, 1722522, 1722521, 1426004, 1395727]"
"GUARDEN-CBNMed-22-9-14-42-20240428","[1426004, 1722625, 1722522, 1722521, 1363191]"
"GUARDEN-CBNMed-23-1-9-56-20240428","[1360999, 1363287, 1564276, 1361092, 1363273]"
"GUARDEN-CBNMed-23-10-10-42-20240428","[1743244, 1564276, 1363137, 1647291, 1357911]"
"GUARDEN-CBNMed-23-3-10-14-20240428","[1357911, 1357120, 1363137, 1398815, 1564630]"
"GUARDEN-CBNMed-23-4-10-17-20240428","[1359039, 1564646, 1564596, 1389394, 1356108]"
"GUARDEN-CBNMed-23-5-10-21-20240428","[1360711, 1360719, 1564630, 1357911, 1398815]"
"GUARDEN-CBNMed-23-6-10-24-20240428","[1701525, 1393365, 1393466, 1744279, 1357911]"
"GUARDEN-CBNMed-23-7-10-28-20240428","[1360999, 1393365, 1744279, 1701525, 1363287]"
"GUARDEN-CBNMed-23-8-10-34-20240428","[1398815, 1357122, 1389058, 1363137, 1564276]"
"GUARDEN-CBNMed-23-9-10-39-20240428","[1392509, 1398815, 1357911, 1362502, 1743245]"
"GUARDEN-CBNMed-24-10-13-06-20240428","[1744618, 1359995, 1388990, 1492215, 1359193]"
"GUARDEN-CBNMed-24-2-12-04-20240428","[1355881, 1357351, 1357338, 1502064, 1399498]"
"GUARDEN-CBNMed-24-3-12-15-20240428","[1355881, 1357351, 1357338, 1502064, 1357335]"
"GUARDEN-CBNMed-24-5-12-36-20240428","[1360711, 1355881, 1357351, 1357338, 1360719]"
"GUARDEN-CBNMed-24-6-12-46-20240428","[1360711, 1357351, 1355881, 1396956, 1357384]"
"GUARDEN-CBNMed-24-7-12-54-20240428","[1360711, 1360719, 1360709, 1392191, 1355950]"
"GUARDEN-CBNMed-24-8-14-58-20240428","[1360711, 1355881, 1502064, 1357351, 1357338]"
"GUARDEN-CBNMed-24-9-13-02-20240428","[1396956, 1357702, 1360719, 1361412, 1355870]"
"GUARDEN-CBNMed-25-1-13-52-20240428","[1360739, 1394527, 1363232, 1394526, 1561314]"
"GUARDEN-CBNMed-25-10-14-49-20240428","[1357743, 1394527, 1742109, 1357981, 1357293]"
"GUARDEN-CBNMed-25-2-13-57-20240428","[1394527, 1363232, 1360739, 1561314, 1361273]"
"GUARDEN-CBNMed-25-3-14-06-20240428","[1394527, 1561314, 1743982, 1358849, 1394526]"
"GUARDEN-CBNMed-25-4-14-15-20240428","[1357743, 1394527, 1357293, 1357981, 1742109]"
"GUARDEN-CBNMed-25-7-14-28-20240428","[1357981, 1360711, 1359676, 1742109, 1742400]"
"GUARDEN-CBNMed-25-8-14-39-20240428","[1357743, 1357981, 1742400, 1742109, 1357293]"
"GUARDEN-CBNMed-25-9-14-43-20240428","[1742109, 1357981, 1742400, 1357999, 1397425]"
"GUARDEN-CBNMed-26-10-10-01-20240428","[1359344, 1743245, 1359297, 1357742, 1359169]"
"GUARDEN-CBNMed-26-6-9-34-20240428","[1738652, 1743403, 1722619, 1722478, 1743249]"
"GUARDEN-CBNMed-26-8-9-45-20240428","[1359344, 1359297, 1359082, 1650353, 1359995]"
"GUARDEN-CBNMed-26-9-9-48-20240428","[1359344, 1359297, 1359082, 1396759, 1359424]"
"GUARDEN-CBNMed-27-1-11-17-20240428","[1722521, 1360059, 1360070, 1744377, 1395727]"
"GUARDEN-CBNMed-27-10-11-55-20240428","[1722625, 1360070, 1722522, 1722521, 1363191]"
"GUARDEN-CBNMed-27-2-11-32-20240428","[1370637, 1744377, 1360054, 1358095, 1360030]"
"GUARDEN-CBNMed-27-3-11-36-20240428","[1722625, 1722522, 1363191, 1722521, 1363200]"
"GUARDEN-CBNMed-27-4-11-39-20240428","[1722625, 1722522, 1722521, 1363191, 1395727]"
"GUARDEN-CBNMed-27-5-11-4-20240428","[1722625, 1722522, 1722521, 1363191, 1395727]"
"GUARDEN-CBNMed-27-6-11-42-20240428","[1722625, 1722522, 1452062, 1722521, 1363200]"
"GUARDEN-CBNMed-27-7-11-43-20240428","[1722625, 1722522, 1722521, 1363191, 1395727]"
"GUARDEN-CBNMed-27-8-11-45-20240428","[1722625, 1722522, 1395727, 1722521, 1647291]"
"GUARDEN-CBNMed-27-9-11-47-20240428","[1722625, 1722521, 1722522, 1744377, 1389242]"
"GUARDEN-CBNMed-28-1-12-46-20240428","[1722625, 1722522, 1722521, 1363191, 1395727]"
"GUARDEN-CBNMed-28-10-13-23-20240428","[1357705, 1389307, 1358095, 1358099, 1357560]"
"GUARDEN-CBNMed-28-2-12-48-20240428","[1426004, 1722625, 1722522, 1363191, 1452062]"
"GUARDEN-CBNMed-28-3-12-51-20240428","[1722625, 1722522, 1363191, 1722521, 1363200]"
"GUARDEN-CBNMed-28-4-12-52-20240428","[1357705, 1722625, 1370637, 1722522, 1360054]"
"GUARDEN-CBNMed-28-5-13-02-20240428","[1426004, 1370637, 1357705, 1360054, 1647338]"
"GUARDEN-CBNMed-28-6-13-06-20240428","[1357705, 1452062, 1722521, 1722625, 1363191]"
"GUARDEN-CBNMed-28-7-13-11-20240428","[1357705, 1722625, 1722522, 1361412, 1722521]"
"GUARDEN-CBNMed-28-8-13-14-20240428","[1357705, 1361412, 1389307, 1744361, 1357560]"
"GUARDEN-CBNMed-28-9-13-17-20240428","[1357705, 1722625, 1722522, 1722521, 1363200]"
"GUARDEN-CBNMed-29-6-14-31-20240428","[1360719, 1359344, 1355977, 1394664, 1360711]"
"GUARDEN-CBNMed-29-7-14-34-20240428","[1360719, 1355977, 1360701, 1360711, 1360676]"
"GUARDEN-CBNMed-30-1-16-07-20240428","[1359344, 1361953, 1737458, 1393770, 1359356]"
"GUARDEN-CBNMed-30-10-16-41-20240428","[1359344, 1389389, 1394664, 1357236, 1357227]"
"GUARDEN-CBNMed-30-2-16-23-20240428","[1359344, 1357514, 1394664, 1357713, 1357227]"
"GUARDEN-CBNMed-30-4-16-3-20240428","[1359344, 1357514, 1394664, 1398443, 1357464]"
"GUARDEN-CBNMed-30-6-16-34-20240428","[1359344, 1394664, 1398443, 1357514, 1357220]"
"GUARDEN-CBNMed-30-7-16-35-20240428","[1359344, 1394664, 1357514, 1357220, 1398443]"
"GUARDEN-CBNMed-30-8-16-37-20240428","[1359344, 1394664, 1357514, 1357227, 1357651]"
"GUARDEN-CBNMed-30-9-16-4-20240428","[1359344, 1394664, 1357514, 1357227, 1364151]"
"GUARDEN-CBNMed-31-1-9-37-20240428","[1359952, 1363730, 1359965, 1397461, 1741775]"
"GUARDEN-CBNMed-31-10-10-06-20240428","[1422884, 1414366, 1722578, 1422217, 1722437]"
"GUARDEN-CBNMed-31-2-9-4-20240428","[1355977, 1363433, 1545855, 1392176, 1358581]"
"GUARDEN-CBNMed-31-3-9-44-20240428","[1355977, 1564441, 1359009, 1393770, 1363433]"
"GUARDEN-CBNMed-31-4-9-48-20240428","[1355977, 1359009, 1396726, 1564415, 1564441]"
"GUARDEN-CBNMed-31-5-9-51-20240428","[1359009, 1564415, 1564441, 1359353, 1393770]"
"GUARDEN-CBNMed-31-6-9-54-20240428","[1363882, 1359009, 1564356, 1358968, 1396726]"
"GUARDEN-CBNMed-31-7-9-56-20240428","[1722578, 1363882, 1744001, 1743317, 1393770]"
"GUARDEN-CBNMed-31-8-10-20240428","[1359009, 1396726, 1564370, 1422884, 1564317]"
"GUARDEN-CBNMed-31-9-10-02-20240428","[1357514, 1398443, 1364151, 1357464, 1722578]"
"GUARDEN-CBNMed-32-1-11-46-20240428","[1359009, 1399609, 1564370, 1357630, 1358968]"
"GUARDEN-CBNMed-32-10-13-12-20240428","[1363730, 1359009, 1359952, 1564370, 1564317]"
"GUARDEN-CBNMed-32-2-11-58-20240428","[1359009, 1564317, 1359952, 1564370, 1396726]"
"GUARDEN-CBNMed-32-3-12-01-20240428","[1359009, 1564370, 1358968, 1564310, 1564317]"
"GUARDEN-CBNMed-32-4-12-12-20240428","[1359009, 1564370, 1564415, 1396726, 1564416]"
"GUARDEN-CBNMed-32-9-13-07-20240428","[1359952, 1357401, 1359965, 1356065, 1363730]"
"GUARDEN-CBNMed-33-1-14-48-20240428","[1399609, 1509616, 1357630, 1493563, 1397398]"
"GUARDEN-CBNMed-33-10-15-59-20240428","[1363882, 1502795, 1391007, 1502682, 1357401]"
"GUARDEN-CBNMed-33-2-15-01-20240428","[1399609, 1357630, 1509616, 1396288, 1493563]"
"GUARDEN-CBNMed-33-3-15-04-20240428","[1399609, 1357630, 1509616, 1737651, 1397398]"
"GUARDEN-CBNMed-33-4-15-26-20240428","[1399609, 1509616, 1357630, 1742109, 1742400]"
"GUARDEN-CBNMed-33-5-15-29-20240428","[1399609, 1357630, 1742109, 1509616, 1742400]"
"GUARDEN-CBNMed-33-6-15-36-20240428","[1399609, 1357630, 1509616, 1737651, 1397398]"
"GUARDEN-CBNMed-33-7-15-43-20240428","[1399609, 1509616, 1357630, 1397398, 1396292]"
"GUARDEN-CBNMed-33-8-15-5-20240428","[1399609, 1357630, 1509616, 1397398, 1737651]"
"GUARDEN-CBNMed-33-9-15-56-20240428","[1399609, 1357630, 1363882, 1509616, 1737651]"
"GUARDEN-CBNMed-38-1-12-58-20240428","[1360711, 1395169, 1363850, 1743588, 1437245]"
"GUARDEN-CBNMed-38-4-14-39-20240428","[1395162, 1360711, 1395168, 1743588, 1437245]"
"GUARDEN-CBNMed-38-6-15-04-20240428","[1360711, 1743588, 1395168, 1437245, 1395169]"
"GUARDEN-CBNMed-39-10-12-02-20240531","[1360711, 1394627, 1360719, 1356066, 1392155]"
"GUARDEN-CBNMed-39-7-11-3-20240531","[1360711, 1356066, 1394627, 1394638, 1356072]"
"GUARDEN-CBNMed-39-8-11-39-20240531","[1394627, 1356066, 1394638, 1356072, 1363460]"
"GUARDEN-CBNMed-39-9-11-5-20240531","[1359591, 1364157, 1397302, 1357187, 1742055]"
"GUARDEN-CBNMed-44-7-12-03-20240629","[1358501, 1392067, 1392059, 1361077, 1720959]"
"GUARDEN-CBNMed-5-1-12-38-20240430","[1363490, 1363501, 1414366, 1414353, 1361316]"
"GUARDEN-CBNMed-5-10-13-32-20240430","[1356007, 1414353, 1361058, 1414366, 1414367]"
"GUARDEN-CBNMed-5-2-12-45-20240430","[1363501, 1737440, 1414353, 1363490, 1414366]"
"GUARDEN-CBNMed-5-3-12-56-20240430","[1392637, 1363474, 1737440, 1720971, 1363475]"
"GUARDEN-CBNMed-5-4-13-20240430","[1363490, 1363459, 1361316, 1414366, 1414353]"
"GUARDEN-CBNMed-5-5-13-04-20240430","[1363501, 1363490, 1361203, 1361603, 1363474]"
"GUARDEN-CBNMed-5-6-13-07-20240430","[1363458, 1414366, 1414367, 1414353, 1363455]"
"GUARDEN-CBNMed-5-7-13-17-20240430","[1363501, 1363490, 1414353, 1414366, 1361203]"
"GUARDEN-CBNMed-5-8-13-22-20240430","[1363458, 1363459, 1414353, 1361058, 1414366]"
"GUARDEN-CBNMed-5-9-13-27-20240430","[1363501, 1363490, 1361316, 1396638, 1362406]"
"GUARDEN-CBNMed-6-9-15-28-20240430","[1392438, 1360399, 1359431, 1397106, 1392491]"
"GUARDEN-CBNMed-8-10-12-59-20240429","[1358613, 1743916, 1743448, 1357416, 1364100]"
"GUARDEN-CBNMed-8-4-12-33-20240429","[1744279, 1744243, 1722409, 1587724, 1363707]"
"GUARDEN-CBNMed-8-8-12-51-20240429","[1361000, 1361002, 1363707, 1587724, 1361001]"
"GUARDEN-CBNMed-8-9-12-56-20240429","[1361000, 1358613, 1361002, 1743916, 1363707]"
"GUARDEN-CBNMed-9-10-16-16-20240429","[1358613, 1363707, 1587724, 1743916, 1397517]"
"GUARDEN-CBNMed-9-2-15-46-20240429","[1358509, 1358511, 1390468, 1694092, 1358503]"
"GUARDEN-CBNMed-9-6-16-04-20240429","[1358613, 1743916, 1743448, 1548487, 1364100]"
"GUARDEN-CBNMed-9-7-16-06-20240429","[1358613, 1743916, 1364100, 1357722, 1743448]"
"GUARDEN-CBNMed-9-8-16-08-20240429","[1358613, 1743916, 1357722, 1364100, 1743448]"
"GUARDEN-CBNMed-9-9-16-14-20240429","[1358613, 1363707, 1587724, 1397517, 1743916]"
"LISAH-BOU-0-10-20230523","[1363835, 1356013, 1363468, 1361190, 1400186]"
"LISAH-BOU-0-101-20240425","[1425238, 1390637, 1357332, 1363731, 1359356]"
"LISAH-BOU-0-104-20240502","[1360385, 1356276, 1356397, 1360416, 1356464]"
"LISAH-BOU-0-105-20240502","[1356276, 1356464, 1388806, 1355908, 1356397]"
"LISAH-BOU-0-108-20240502","[1359778, 1356276, 1359772, 1359790, 1359800]"
"LISAH-BOU-0-109-20240502","[1355990, 1364173, 1360385, 1356276, 1355868]"
"LISAH-BOU-0-110-20240502","[1360385, 1360416, 1360420, 1356397, 1360417]"
"LISAH-BOU-0-111-20240502","[1360385, 1360420, 1359767, 1356276, 1359792]"
"LISAH-BOU-0-113-20240502","[1360385, 1356276, 1356013, 1360416, 1360417]"
"LISAH-BOU-0-114-20240502","[1360385, 1360416, 1360420, 1388806, 1355908]"
"LISAH-BOU-0-117-20240502","[1364100, 1357722, 1356013, 1360385, 1364170]"
"LISAH-BOU-0-118-20240502","[1356013, 1360385, 1356276, 1360416, 1392598]"
"LISAH-BOU-0-14-20230511","[1361190, 1363468, 1363467, 1424343, 1722433]"
"LISAH-BOU-0-15-20230511","[1392594, 1356013, 1356008, 1397395, 1364006]"
"LISAH-BOU-0-153-20240502","[1392594, 1355881, 1356008, 1357351, 1357338]"
"LISAH-BOU-0-154-20240502","[1356013, 1355881, 1392594, 1390637, 1392598]"
"LISAH-BOU-0-157-20240502","[1361307, 1356013, 1355994, 1355964, 1361306]"
"LISAH-BOU-0-16-20230511","[1363835, 1400186, 1737479, 1363129, 1363128]"
"LISAH-BOU-0-160-20240502","[1363835, 1356013, 1392594, 1355994, 1360416]"
"LISAH-BOU-0-163-20240502","[1392594, 1361307, 1356008, 1361306, 1390637]"
"LISAH-BOU-0-164-20240502","[1363835, 1392594, 1356013, 1363730, 1390637]"
"LISAH-BOU-0-165-20240502","[1363835, 1356013, 1392594, 1356066, 1394627]"
"LISAH-BOU-0-167-20240502","[1359639, 1363731, 1359334, 1359333, 1363734]"
"LISAH-BOU-0-168-20240502","[1361307, 1355994, 1361306, 1359639, 1359334]"
"LISAH-BOU-0-170-20240502","[1355994, 1394627, 1356066, 1392594, 1361805]"
"LISAH-BOU-0-171-20240502","[1364170, 1358654, 1358655, 1392594, 1363731]"
"LISAH-BOU-0-172-20240502","[1355994, 1356013, 1363731, 1392598, 1359639]"
"LISAH-BOU-0-173-20240502","[1358654, 1358655, 1359639, 1355881, 1356066]"
"LISAH-BOU-0-174-20240502","[1425238, 1363731, 1359639, 1392594, 1359356]"
"LISAH-BOU-0-175-20240502","[1425238, 1356066, 1394627, 1363734, 1363731]"
"LISAH-BOU-0-183-20240502","[1361307, 1364170, 1359639, 1356066, 1361306]"
"LISAH-BOU-0-187-20240502","[1361307, 1361306, 1356066, 1359639, 1394627]"
"LISAH-BOU-0-191-20240502","[1358654, 1425238, 1358655, 1359268, 1359265]"
"LISAH-BOU-0-2-20240425","[1356276, 1358752, 1358751, 1356464, 1706074]"
"LISAH-BOU-0-24-20230512","[1361000, 1360385, 1363801, 1360416, 1360420]"
"LISAH-BOU-0-24-20240425","[1356013, 1392598, 1360614, 1360433, 1363216]"
"LISAH-BOU-0-25-20230512","[1360385, 1360420, 1360416, 1360417, 1397356]"
"LISAH-BOU-0-25-20230711","[1360825, 1362353, 1364173, 1356397, 1355868]"
"LISAH-BOU-0-28-20240425","[1360385, 1361000, 1361002, 1360417, 1360420]"
"LISAH-BOU-0-29-20230523","[1356013, 1397356, 1363212, 1392598, 1414366]"
"LISAH-BOU-0-29-20230621","[1363212, 1360816, 1363455, 1706074, 1397356]"
"LISAH-BOU-0-29-20240425","[1361000, 1360416, 1360385, 1360420, 1389311]"
"LISAH-BOU-0-3-20230721","[1363212, 1425238, 1363731, 1360816, 1396815]"
"LISAH-BOU-0-30-20230512","[1356012, 1356017, 1358641, 1359980, 1397356]"
"LISAH-BOU-0-30-20240425","[1356013, 1360385, 1360417, 1360416, 1392598]"
"LISAH-BOU-0-31-20230919","[1722433, 1393777, 1359995, 1361298, 1452689]"
"LISAH-BOU-0-31-20240425","[1356013, 1356012, 1360614, 1360385, 1360613]"
"LISAH-BOU-0-32-20230516","[1355936, 1397106, 1359575, 1359572, 1360614]"
"LISAH-BOU-0-32-20240425","[1355964, 1356012, 1356017, 1358641, 1360385]"
"LISAH-BOU-0-34-20230516","[1360613, 1363216, 1360614, 1650353, 1650228]"
"LISAH-BOU-0-35-20240425","[1356017, 1356012, 1358641, 1360614, 1360613]"
"LISAH-BOU-0-36-20240425","[1356017, 1358641, 1356012, 1356013, 1360614]"
"LISAH-BOU-0-37-20230512","[1397356, 1360614, 1360358, 1363216, 1360613]"
"LISAH-BOU-0-37-20240425","[1356012, 1356017, 1358641, 1361000, 1397356]"
"LISAH-BOU-0-38-20230516","[1363835, 1356013, 1392598, 1400186, 1363212]"
"LISAH-BOU-0-39-20230512","[1361000, 1397356, 1360613, 1363216, 1363212]"
"LISAH-BOU-0-4-20230511","[1356013, 1414366, 1355881, 1392594, 1357351]"
"LISAH-BOU-0-4-20230711","[1356803, 1364006, 1356397, 1739043, 1706074]"
"LISAH-BOU-0-4-20240425","[1356013, 1392594, 1392598, 1397395, 1356008]"
"LISAH-BOU-0-40-20230512","[1361000, 1360614, 1361002, 1360613, 1363216]"
"LISAH-BOU-0-40-20240425","[1361000, 1397356, 1360385, 1360358, 1361002]"
"LISAH-BOU-0-41-20230512","[1363212, 1407739, 1397356, 1414366, 1414353]"
"LISAH-BOU-0-42-20230511","[1356013, 1392594, 1392598, 1397106, 1359575]"
"LISAH-BOU-0-43-20230512","[1363835, 1356013, 1363212, 1360614, 1363216]"
"LISAH-BOU-0-44-20240425","[1359639, 1355908, 1388806, 1363947, 1362898]"
"LISAH-BOU-0-5-20230512","[1356276, 1364006, 1357351, 1356464, 1355881]"
"LISAH-BOU-0-5-20230711","[1356803, 1706074, 1356397, 1360161, 1397392]"
"LISAH-BOU-0-50-20230512","[1361306, 1361307, 1356066, 1394627, 1355994]"
"LISAH-BOU-0-52-20230512","[1359639, 1392594, 1358654, 1361306, 1358655]"
"LISAH-BOU-0-54-20230512","[1361306, 1392594, 1359639, 1361307, 1355995]"
"LISAH-BOU-0-55-20230512","[1359639, 1392594, 1363944, 1355994, 1356008]"
"LISAH-BOU-0-56-20230512","[1394627, 1358654, 1355994, 1361306, 1356066]"
"LISAH-BOU-0-58-20230512","[1394627, 1356066, 1361306, 1394638, 1392594]"
"LISAH-BOU-0-6-20240425","[1356395, 1363467, 1390356, 1361190, 1722433]"
"LISAH-BOU-0-63-20230512","[1358257, 1356286, 1394627, 1390637, 1356066]"
"LISAH-BOU-0-65-20230512","[1361307, 1361306, 1392594, 1359639, 1359356]"
"LISAH-BOU-0-75-20230516","[1360385, 1360416, 1361190, 1360417, 1363468]"
"LISAH-BOU-0-79-20230512","[1359488, 1359486, 1361306, 1425238, 1361307]"
"LISAH-BOU-0-8-20240425","[1397106, 1358347, 1359575, 1355881, 1357351]"
"LISAH-BOU-0-84-20230512","[1425238, 1357635, 1359347, 1391455, 1361394]"
"LISAH-BOU-0-9-20240425","[1358347, 1356397, 1739043, 1706074, 1356395]"
"LISAH-BOU-0-98-20240425","[1425238, 1363730, 1355994, 1359353, 1361805]"
"LISAH-BVD-0-100-20230510","[1356286, 1394627, 1356066, 1361307, 1394638]"
"LISAH-BVD-0-101-20230510","[1394627, 1356066, 1394638, 1356072, 1359959]"
"LISAH-BVD-0-152-20230511","[1359517, 1364065, 1394627, 1356066, 1356067]"
"LISAH-BVD-0-155-20230511","[1394627, 1356066, 1364061, 1364065, 1394638]"
"LISAH-BVD-0-158-20230511","[1394627, 1356066, 1364065, 1364061, 1363739]"
"LISAH-BVD-0-191-20230511","[1364065, 1363740, 1363739, 1364061, 1397048]"
"LISAH-BVD-0-192-20230511","[1364065, 1364061, 1363740, 1397048, 1363459]"
"LISAH-BVD-0-195-20230511","[1394627, 1356066, 1363740, 1356072, 1394638]"
"LISAH-BVD-0-196-20230511","[1363740, 1363739, 1356278, 1363212, 1394638]"
"LISAH-BVD-0-197-20230511","[1363740, 1394627, 1356066, 1363739, 1394638]"
"LISAH-BVD-0-200-20230511","[1363740, 1363739, 1394627, 1356066, 1394638]"
"LISAH-BVD-0-203-20230511","[1363739, 1363740, 1396857, 1356278, 1359497]"
"LISAH-BVD-0-205-20230511","[1363739, 1363740, 1356278, 1359517, 1363458]"
"LISAH-BVD-0-206-20230511","[1363739, 1363740, 1356278, 1359517, 1363458]"
"LISAH-BVD-0-208-20230511","[1363740, 1363739, 1363455, 1363458, 1356278]"
"LISAH-BVD-0-209-20230511","[1363740, 1363739, 1394627, 1356066, 1394638]"
"LISAH-BVD-0-25-20230510","[1363740, 1363739, 1357875, 1356278, 1364170]"
"LISAH-BVD-0-275-20230516","[1361307, 1361306, 1360304, 1363993, 1363469]"
"LISAH-BVD-0-277-20230516","[1360304, 1363993, 1361306, 1361307, 1356079]"
"LISAH-BVD-0-278-20230516","[1360304, 1363993, 1361307, 1361306, 1363455]"
"LISAH-BVD-0-281-20230516","[1360304, 1363993, 1395645, 1395667, 1397545]"
"LISAH-BVD-0-282-20230516","[1360304, 1414366, 1363993, 1363468, 1363467]"
"LISAH-BVD-0-283-20230516","[1360304, 1363993, 1399781, 1360307, 1391330]"
"LISAH-BVD-0-285-20230516","[1361307, 1360304, 1361306, 1363993, 1360307]"
"LISAH-BVD-0-287-20230516","[1361307, 1361306, 1360304, 1363459, 1363993]"
"LISAH-BVD-0-288-20230516","[1360304, 1363993, 1363501, 1363458, 1363490]"
"LISAH-BVD-0-292-20230516","[1360304, 1363993, 1363458, 1363455, 1361306]"
"LISAH-BVD-0-293-20230516","[1356286, 1360304, 1363993, 1363459, 1363458]"
"LISAH-BVD-0-294-20230516","[1360304, 1363993, 1356286, 1363455, 1363458]"
"LISAH-BVD-0-295-20230516","[1363740, 1360304, 1363739, 1363993, 1356278]"
"LISAH-BVD-0-296-20230516","[1360304, 1363993, 1667671, 1360313, 1362360]"
"LISAH-BVD-0-297-20230516","[1363740, 1363739, 1360304, 1363993, 1407739]"
"LISAH-BVD-0-298-20230516","[1360304, 1407739, 1363739, 1363993, 1363740]"
"LISAH-BVD-0-299-20230516","[1360304, 1363993, 1363740, 1363739, 1356278]"
"LISAH-BVD-0-300-20230516","[1360304, 1363993, 1363740, 1363739, 1356066]"
"LISAH-BVD-0-301-20230516","[1360304, 1363993, 1407739, 1389589, 1360307]"
"LISAH-BVD-0-302-20230516","[1360304, 1363993, 1394850, 1389589, 1363994]"
"LISAH-BVD-0-309-20230516","[1360304, 1363993, 1667671, 1360313, 1394850]"
"LISAH-BVD-0-310-20230516","[1360304, 1363993, 1414366, 1667671, 1414353]"
"LISAH-BVD-0-337-20230516","[1356286, 1361306, 1361307, 1363740, 1363739]"
"LISAH-BVD-0-338-20230516","[1356286, 1361307, 1359980, 1361306, 1364006]"
"LISAH-BVD-0-339-20230516","[1356286, 1359517, 1414366, 1397514, 1422884]"
"LISAH-BVD-0-341-20230516","[1363739, 1363740, 1356286, 1364006, 1396857]"
"LISAH-BVD-0-342-20230516","[1356286, 1359517, 1364006, 1397514, 1356278]"
"LISAH-BVD-0-343-20230516","[1356286, 1363739, 1363740, 1357635, 1743317]"
"LISAH-BVD-0-344-20230516","[1359517, 1397514, 1356286, 1364006, 1359498]"
"LISAH-BVD-0-345-20230516","[1356286, 1356066, 1394627, 1394638, 1356072]"
"LISAH-BVD-0-346-20230516","[1356286, 1364006, 1363740, 1363739, 1361206]"
"LISAH-BVD-0-347-20230516","[1356286, 1356066, 1394627, 1394638, 1356072]"
"LISAH-BVD-0-348-20230516","[1356286, 1357875, 1364170, 1392940, 1364006]"
"LISAH-BVD-0-349-20230516","[1356286, 1364006, 1363739, 1363740, 1361206]"
"LISAH-BVD-0-35-20230510","[1363455, 1363740, 1361382, 1363739, 1359517]"
"LISAH-BVD-0-350-20230516","[1356286, 1357635, 1364006, 1355868, 1356278]"
"LISAH-BVD-0-351-20230516","[1394627, 1356066, 1356286, 1394638, 1364006]"
"LISAH-BVD-0-352-20230516","[1356286, 1394627, 1356066, 1356072, 1394638]"
"LISAH-BVD-0-353-20230516","[1356286, 1363740, 1394627, 1363739, 1356066]"
"LISAH-BVD-0-354-20230516","[1394627, 1356066, 1394638, 1363455, 1356072]"
"LISAH-BVD-0-364-20230516","[1361306, 1361307, 1364173, 1359639, 1355868]"
"LISAH-BVD-0-372-20230516","[1361306, 1361307, 1422884, 1361308, 1361437]"
"LISAH-BVD-0-379-20230516","[1361307, 1361306, 1364006, 1356397, 1706074]"
"LISAH-BVD-0-380-20230516","[1361306, 1361307, 1363475, 1364006, 1363476]"
"LISAH-BVD-0-383-20230516","[1363475, 1363476, 1363474, 1414367, 1737439]"
"LISAH-BVD-0-392-20230516","[1355936, 1363740, 1363739, 1364006, 1359517]"
"LISAH-BVD-0-397-20230517","[1390356, 1737545, 1396632, 1396560, 1390426]"
"LISAH-BVD-0-398-20230517","[1363740, 1363739, 1356066, 1394627, 1394638]"
"LISAH-BVD-0-412-20230517","[1364160, 1361760, 1391445, 1357697, 1391455]"
"LISAH-BVD-0-417-20230517","[1356286, 1361307, 1363740, 1363739, 1356066]"
"LISAH-BVD-0-428-20230517","[1356286, 1361307, 1361306, 1356066, 1357875]"
"LISAH-BVD-0-430-20230517","[1356286, 1363739, 1363740, 1357875, 1364006]"
"LISAH-BVD-0-431-20230517","[1364006, 1363740, 1363739, 1356278, 1359517]"
"LISAH-BVD-0-432-20230517","[1356286, 1357635, 1364006, 1391455, 1412585]"
"LISAH-BVD-0-463-20230517","[1364065, 1394627, 1356066, 1364061, 1363739]"
"LISAH-BVD-0-465-20230517","[1364065, 1394627, 1356066, 1363740, 1363739]"
"LISAH-BVD-0-471-20230517","[1356286, 1394627, 1356066, 1394638, 1356072]"
"LISAH-BVD-0-54-20230510","[1356314, 1359639, 1722501, 1363944, 1363947]"
"LISAH-BVD-0-99-20230510","[1356066, 1394627, 1361307, 1363731, 1356286]"
"LISAH-JAS-0-1-20220505","[1364065, 1359981, 1364061, 1397048, 1397060]"
"LISAH-JAS-0-11-20220505","[1363739, 1363740, 1357875, 1364170, 1392940]"
"LISAH-JAS-0-12-20220505","[1359860, 1359519, 1363730, 1359505, 1359347]"
"LISAH-JAS-0-13-20220505","[1364065, 1364061, 1359519, 1359981, 1360116]"
"LISAH-JAS-0-15-20220505","[1359519, 1359774, 1364065, 1360116, 1359802]"
"LISAH-JAS-0-16-20220505","[1359519, 1359497, 1356278, 1363731, 1359530]"
"LISAH-JAS-0-17-20220505","[1359792, 1359802, 1359767, 1359497, 1397389]"
"LISAH-JAS-0-2-20220505","[1356111, 1364065, 1364061, 1359981, 1397048]"
"LISAH-JAS-0-6-20220505","[1364138, 1357862, 1360116, 1359519, 1356084]"
"LISAH-JAS-0-7-20220505","[1364138, 1357862, 1360116, 1356084, 1359519]"
"LISAH-JAS-0-9-20220505","[1364065, 1364061, 1359519, 1397048, 1359981]"
"LISAH-JAS-1-25-20220505","[1363213, 1356066, 1743317, 1394638, 1394627]"
"LISAH-JAS-1-27-20220505","[1361306, 1361307, 1363739, 1363730, 1359322]"
"LISAH-JAS-1-28-20220505","[1363739, 1363740, 1362898, 1363944, 1363945]"
"LISAH-JAS-1-5-20220505","[1364065, 1397048, 1359980, 1364061, 1359988]"
"LISAH-PEC-0-0-20220608","[1361926, 1399397, 1743635, 1397487, 1363452]"
"LISAH-PEC-0-1-20230411","[1356013, 1364138, 1357862, 1392594, 1392598]"
"LISAH-PEC-0-10-20230405","[1364138, 1357862, 1357635, 1396210, 1391455]"
"LISAH-PEC-0-11-20230405","[1357635, 1364138, 1391455, 1363791, 1359981]"
"LISAH-PEC-0-11-20230411","[1356013, 1392598, 1358654, 1364138, 1358674]"
"LISAH-PEC-0-12-20230411","[1356013, 1392598, 1364138, 1358654, 1357862]"
"LISAH-PEC-0-13-20230411","[1356013, 1392598, 1357700, 1358654, 1364138]"
"LISAH-PEC-0-13-20230413","[1364151, 1392594, 1357198, 1356013, 1398443]"
"LISAH-PEC-0-14-20230407","[1360290, 1361000, 1363988, 1363068, 1360293]"
"LISAH-PEC-0-15-20230407","[1361000, 1361002, 1358525, 1392440, 1360588]"
"LISAH-PEC-0-17-20230413","[1363676, 1397095, 1396244, 1397106, 1363674]"
"LISAH-PEC-0-18-20230411","[1356013, 1355964, 1392598, 1392594, 1358654]"
"LISAH-PEC-0-19-20230413","[1356013, 1392594, 1392598, 1358654, 1364170]"
"LISAH-PEC-0-20-20230411","[1364138, 1355964, 1356013, 1357862, 1392598]"
"LISAH-PEC-0-4-20230407","[1360433, 1390761, 1392474, 1363336, 1360434]"
"LISAH-PEC-0-4-20230411","[1356013, 1392598, 1364138, 1357862, 1392594]"
"LISAH-PEC-0-6-20220608","[1357401, 1390967, 1744035, 1390966, 1743227]"
"LISAH-PEC-0-6-20230411","[1356013, 1364138, 1392598, 1357875, 1392594]"
"LISAH-PEC-0-8-20230405","[1363915, 1357862, 1364138, 1357635, 1363878]"
"LISAH-PEC-0-9-20230411","[1356013, 1392598, 1392594, 1355964, 1358654]"
"LISAH-PEC-0-9-20230413","[1356013, 1357598, 1357596, 1392598, 1392594]"
"LISAH-PEC-1-13-20230405","[1356013, 1357635, 1392594, 1391455, 1390967]"
"LISAH-PEC-1-18-20230407","[1355994, 1361805, 1363646, 1363878, 1358653]"
"LISAH-PEC-2-0-20220609","[1361306, 1361307, 1356013, 1392598, 1364151]"
"LISAH-PEC-2-11-20220609","[1361307, 1361306, 1356013, 1355881, 1392594]"
"LISAH-PEC-2-17-20230407","[1355994, 1390637, 1357330, 1361805, 1363646]"
"LISAH-PEC-2-2-20220609","[1356013, 1361306, 1361307, 1356012, 1356017]"
"LISAH-PEC-2-20-20230407","[1355994, 1356013, 1361805, 1392598, 1392594]"
"LISAH-PEC-2-4-20220609","[1361307, 1356013, 1361306, 1355881, 1414366]"
"LISAH-PEC-2-5-20220609","[1361307, 1361306, 1355881, 1357723, 1357598]"
"LISAH-PEC-2-5-20230407","[1356013, 1392598, 1392594, 1356008, 1397395]"
"LISAH-PEC-2-6-20220609","[1361306, 1361307, 1422217, 1356013, 1355868]"
"LISAH-PEC-3-10-20230407","[1363801, 1363804, 1737676, 1363800, 1363802]"
"LISAH-PEC-3-16-20230407","[1363676, 1363805, 1363804, 1363797, 1359282]"
"LISAH-PEC-3-20-20230407","[1363676, 1363674, 1397095, 1359279, 1359545]"
"OPTMix-0108-P1-312-20231006","[1356404, 1391805, 1396752, 1739058, 1548458]"
"OPTMix-0108-P1-422-20231006","[1548458, 1741584, 1357413, 1363593, 1395026]"
"OPTMix-0108-P1-427-20231006","[1356404, 1396752, 1358616, 1548458, 1548389]"
"OPTMix-0108-P1-533-20231006","[1357413, 1548458, 1395026, 1744168, 1487735]"
"OPTMix-0108-P1-95-20231006","[1396752, 1356404, 1363593, 1356433, 1392276]"
"OPTMix-012-P1-143-20231201","[1548458, 1357413, 1395026, 1358616, 1548508]"
"OPTMix-012-P1-208-20231201","[1548458, 1397383, 1395026, 1357413, 1744168]"
"OPTMix-012-P2-192-20231201","[1392697, 1356581, 1737422, 1548458, 1738583]"
"OPTMix-012-P2-207-20231201","[1394616, 1548458, 1357413, 1395035, 1395026]"
"OPTMix-012-P2-240-20231201","[1548458, 1395026, 1548508, 1357413, 1744168]"
"OPTMix-012-P3-190-20231201","[1392697, 1737422, 1356581, 1363575, 1548458]"
"OPTMix-012-P3-218-20231201","[1548458, 1357413, 1392296, 1395026, 1392276]"
"OPTMix-012-P3-220-20231201","[1548458, 1744145, 1357413, 1392309, 1358616]"
"OPTMix-0178-P1-1060-20231006","[1391802, 1356382, 1391807, 1737422, 1356404]"
"OPTMix-0178-P1-1061-20231006","[1394617, 1419915, 1548458, 1397406, 1394611]"
"OPTMix-0178-P1-552-20231006","[1356404, 1396752, 1356382, 1391802, 1391805]"
"OPTMix-0178-P1-661-20231006","[1356404, 1737660, 1391802, 1396752, 1356382]"
"OPTMix-0178-P1-663-20231006","[1548458, 1744168, 1739083, 1395026, 1357413]"
"OPTMix-0178-P1-669-20231006","[1548458, 1548508, 1744145, 1357413, 1548182]"
"OPTMix-0200-11006-20231009","[1548458, 1357413, 1395026, 1358616, 1548508]"
"OPTMix-0200-P2-53-20231009","[1358507, 1358504, 1361002, 1361000, 1358503]"
"OPTMix-0200-P2-54-20231009","[1390865, 1744241, 1647823, 1363508, 1363337]"
"OPTMix-0200-P2-68-20231009","[1358501, 1357277, 1358503, 1358507, 1390865]"
"OPTMix-0200-P3-108-20231009","[1356404, 1396752, 1744241, 1392669, 1651142]"
"OPTMix-0200-P3-127-20231009","[1356404, 1396752, 1360354, 1668480, 1395476]"
"OPTMix-0200-P3-139-20231009","[1394617, 1394608, 1390865, 1356873, 1647823]"
"OPTMix-0214-P1-207-20231010","[1390756, 1392309, 1392296, 1744145, 1548458]"
"OPTMix-0214-P1-208-20231010","[1392309, 1357413, 1548458, 1395026, 1744168]"
"OPTMix-0214-P1-235-20231010","[1548458, 1357413, 1358616, 1744145, 1395026]"
"OPTMix-0214-P2-22-20231010","[1358501, 1358503, 1743226, 1357277, 1358507]"
"OPTMix-0214-P2-64-20231010","[1358501, 1394617, 1701758, 1357277, 1394608]"
"OPTMix-0214-P2-84-20231010","[1548458, 1548508, 1357413, 1744168, 1395026]"
"OPTMix-0214-P3-186-20231010","[1548458, 1357413, 1358616, 1395026, 1390756]"
"OPTMix-0214-P3-196-20231010","[1392697, 1737422, 1356581, 1548458, 1363575]"
"OPTMix-0214-P3-278-20231010","[1744241, 1361284, 1361389, 1392310, 1651142]"
"OPTMix-0216-P4-208-20231009","[1358501, 1548458, 1393367, 1357413, 1395026]"
"OPTMix-0255-11233-20231009","[1392264, 1361183, 1392276, 1647185, 1392319]"
"OPTMix-0255-11372-20231009","[1548458, 1358616, 1363593, 1744168, 1390756]"
"OPTMix-0255-11382-20231009","[1706074, 1363526, 1363593, 1363543, 1744241]"
"OPTMix-033-P3-107-20231201","[1356404, 1356373, 1396752, 1391802, 1722340]"
"OPTMix-0333-P1-107-20231212","[1356404, 1737660, 1396752, 1356373, 1356382]"
"OPTMix-0333-P1-112-20231212","[1356404, 1396752, 1722340, 1356373, 1356382]"
"OPTMix-0333-P2-108-20231212","[1356404, 1396752, 1391802, 1356382, 1722340]"
"OPTMix-0333-P2-112-20231212","[1356404, 1396752, 1388990, 1361049, 1452689]"
"OPTMix-0333-P2-115-20231212","[1356404, 1396752, 1391802, 1356382, 1737660]"
"OPTMix-0333-P3-100-20231201","[1356404, 1396752, 1391805, 1722340, 1356373]"
"OPTMix-0333-P3-76-20231201","[1356404, 1358501, 1396752, 1356382, 1356373]"
"OPTMix-057-P1-1699-20231010","[1356404, 1396752, 1356433, 1391807, 1356382]"
"OPTMix-057-P1-1901-20231010","[1391802, 1743431, 1499416, 1391807, 1356382]"
"OPTMix-057-P1-1902-20231010","[1356404, 1391802, 1356382, 1737660, 1396752]"
"OPTMix-057-P1-1913-20231010","[1356404, 1396752, 1722340, 1356364, 1392669]"
"OPTMix-057-P1-1917-20231010","[1356404, 1391802, 1356382, 1391807, 1391814]"
"OPTMix-0593-P1-129-20231205","[1548458, 1357413, 1395026, 1744145, 1358616]"
"OPTMix-0593-P1-134-20231205","[1357413, 1548458, 1395026, 1744168, 1744145]"
"OPTMix-0593-P1-86-20231205","[1357413, 1548458, 1395026, 1392309, 1400084]"
"OPTMix-0593-P2-180-20231205","[1548458, 1548508, 1358616, 1743914, 1395026]"
"OPTMix-0593-P2-84-20231205","[1548458, 1357413, 1395026, 1744168, 1356576]"
"OPTMix-0593-P2-92-20231205","[1392276, 1743472, 1392296, 1392319, 1651233]"
"OPTMix-0593-P3-130-20231205","[1548458, 1357413, 1395026, 1743472, 1400084]"
"OPTMix-0593-P3-146-20231205","[1392296, 1548458, 1392309, 1356790, 1743472]"
"OPTMix-0593-P3-87-20231205","[1548458, 1357413, 1744145, 1395026, 1548508]"
"OPTMix-0598-P1-118-20231205","[1548458, 1392264, 1361323, 1361134, 1388809]"
"OPTMix-0598-P1-132-20231205","[1548458, 1395026, 1744168, 1357413, 1548508]"
"OPTMix-0598-P1-133-20231205","[1548458, 1357413, 1548508, 1395026, 1744168]"
"OPTMix-0598-P1-149-20231205","[1548458, 1392307, 1357454, 1357413, 1742545]"
"OPTMix-0598-P1-197-20231205","[1358501, 1418597, 1396760, 1364157, 1418584]"
"OPTMix-0598-P1-198-20231205","[1388990, 1361284, 1392264, 1392299, 1361134]"
"OPTMix-0598-P2-102-20231205","[1356404, 1396752, 1356407, 1359995, 1722340]"
"OPTMix-0598-P2-139-20231207","[1356404, 1396752, 1548458, 1391802, 1722340]"
"OPTMix-0598-P2-86-20231207","[1356404, 1737660, 1356373, 1356790, 1396752]"
"OPTMix-0598-P2-99-20231205","[1356404, 1548458, 1396752, 1722340, 1357413]"
"OPTMix-0598-P4-104-20231207","[1358501, 1548458, 1357413, 1395026, 1393526]"
"OPTMix-0598-P4-108-20231207","[1395495, 1737672, 1548458, 1395466, 1395476]"
"OPTMix-0598-P4-128-20231207","[1548458, 1357413, 1395026, 1744145, 1743914]"
"OPTMix-083-P3-139-20231110","[1356404, 1396752, 1356382, 1722340, 1391802]"
"OPTMix-083-P3-186-20231110","[1356404, 1737660, 1396752, 1356382, 1722340]"
"OPTMix-083-P3-96-20231110","[1358501, 1668480, 1392832, 1357277, 1358503]"
"OPTMix-108-P1-000-20231006","[1548182, 1668480, 1738583, 1392319, 1419076]"
"RNNB-1-1-20230512","[1426004, 1722625, 1722522, 1722521, 1363200]"
"RNNB-1-1-20240117","[1737441, 1722433, 1361416, 1722441, 1392264]"
"RNNB-1-10-20230512","[1722522, 1722625, 1363200, 1452062, 1722521]"
"RNNB-1-10-20240117","[1737441, 1722433, 1722441, 1737454, 1650228]"
"RNNB-1-2-20230512","[1426004, 1390967, 1722625, 1722522, 1722521]"
"RNNB-1-2-20240117","[1722441, 1363434, 1741589, 1361412, 1394414]"
"RNNB-1-3-20230512","[1426004, 1722625, 1722522, 1722521, 1363200]"
"RNNB-1-3-20240117","[1361134, 1741589, 1363557, 1361389, 1361284]"
"RNNB-1-4-20230512","[1722522, 1722625, 1722521, 1363191, 1395727]"
"RNNB-1-4-20240117","[1727501, 1357236, 1357713, 1722672, 1394414]"
"RNNB-1-5-20230512","[1426004, 1722522, 1722625, 1395727, 1363200]"
"RNNB-1-5-20240117","[1737441, 1722433, 1363302, 1722441, 1361389]"
"RNNB-1-6-20230512","[1426004, 1722625, 1722522, 1452062, 1356560]"
"RNNB-1-6-20240117","[1722433, 1737441, 1722441, 1393522, 1737437]"
"RNNB-1-7-20230512","[1722625, 1722522, 1363200, 1722521, 1395727]"
"RNNB-1-7-20240117","[1722433, 1737441, 1737437, 1393522, 1737454]"
"RNNB-1-8-20230512","[1722522, 1722625, 1722521, 1363200, 1363191]"
"RNNB-1-8-20240117","[1722441, 1361134, 1737441, 1741589, 1651204]"
"RNNB-1-9-20230512","[1722522, 1722625, 1426004, 1363200, 1722521]"
"RNNB-1-9-20240117","[1722433, 1722441, 1737437, 1737441, 1651204]"
"RNNB-2-1-20230512","[1426004, 1722625, 1722521, 1722522, 1395727]"
"RNNB-2-1-20240117","[1357713, 1357236, 1737441, 1357227, 1722433]"
"RNNB-2-10-20230512","[1426004, 1360006, 1452062, 1357705, 1495481]"
"RNNB-2-10-20240117","[1357713, 1357236, 1395646, 1360120, 1356083]"
"RNNB-2-2-20230512","[1426004, 1722625, 1722522, 1722521, 1395727]"
"RNNB-2-2-20240117","[1359344, 1357713, 1357236, 1358203, 1357227]"
"RNNB-2-3-20230512","[1426004, 1360006, 1357705, 1426005, 1495481]"
"RNNB-2-3-20240117","[1357236, 1357713, 1413865, 1737454, 1357227]"
"RNNB-2-4-20230512","[1426004, 1360006, 1495481, 1357705, 1359873]"
"RNNB-2-4-20240117","[1357713, 1737454, 1357236, 1364138, 1362711]"
"RNNB-2-5-20230512","[1426004, 1360006, 1356284, 1495481, 1499416]"
"RNNB-2-5-20240117","[1359344, 1357713, 1357236, 1722672, 1738652]"
"RNNB-2-6-20230512","[1426004, 1426005, 1357705, 1360006, 1359873]"
"RNNB-2-6-20240117","[1359344, 1357713, 1357236, 1722672, 1357227]"
"RNNB-2-7-20230512","[1426004, 1360006, 1495481, 1426005, 1359873]"
"RNNB-2-7-20240117","[1357713, 1737441, 1722441, 1357227, 1357236]"
"RNNB-2-8-20230512","[1426004, 1360006, 1495481, 1356284, 1722625]"
"RNNB-2-8-20240117","[1359344, 1360701, 1363170, 1360381, 1360719]"
"RNNB-2-9-20230512","[1426004, 1495481, 1360006, 1357705, 1722625]"
"RNNB-2-9-20240117","[1357713, 1357236, 1356083, 1356497, 1744048]"
"RNNB-3-1-20230512","[1426004, 1518628, 1399096, 1392832, 1389463]"
"RNNB-3-1-20240117","[1359344, 1357049, 1359297, 1360381, 1722441]"
"RNNB-3-10-20230512","[1650353, 1737441, 1722433, 1393522, 1650228]"
"RNNB-3-10-20240117","[1722619, 1738652, 1724816, 1722441, 1357049]"
"RNNB-3-11-20230512","[1393522, 1722433, 1737441, 1744241, 1737454]"
"RNNB-3-12-20230512","[1737441, 1722433, 1393522, 1650228, 1737454]"
"RNNB-3-2-20230512","[1426004, 1357812, 1360006, 1399096, 1356284]"
"RNNB-3-2-20240117","[1359344, 1361416, 1737441, 1722441, 1363302]"
"RNNB-3-3-20240117","[1359344, 1722441, 1359297, 1360381, 1722619]"
"RNNB-3-4-20230512","[1426004, 1362443, 1617142, 1358126, 1388913]"
"RNNB-3-4-20240117","[1359344, 1722619, 1743664, 1363062, 1738652]"
"RNNB-3-5-20230512","[1426004, 1722433, 1737441, 1650353, 1399096]"
"RNNB-3-5-20240117","[1356083, 1722619, 1362485, 1357049, 1722501]"
"RNNB-3-6-20230512","[1722433, 1393522, 1426004, 1737441, 1737437]"
"RNNB-3-6-20240117","[1355977, 1742400, 1742109, 1358581, 1545855]"
"RNNB-3-7-20230512","[1722433, 1737441, 1393522, 1737437, 1650228]"
"RNNB-3-7-20240117","[1355977, 1359344, 1392176, 1722441, 1363302]"
"RNNB-3-8-20230512","[1426004, 1393522, 1722433, 1650353, 1737441]"
"RNNB-3-8-20240117","[1359344, 1357049, 1356083, 1388812, 1360381]"
"RNNB-3-9-20230512","[1722433, 1650228, 1650353, 1737454, 1393522]"
"RNNB-3-9-20240117","[1360701, 1737441, 1722441, 1360715, 1743244]"
"RNNB-4-1-20240117","[1357911, 1359344, 1518939, 1357769, 1357771]"
"RNNB-4-1-20240118","[1361412, 1357630, 1357911, 1399609, 1509616]"
"RNNB-4-10-20240117","[1359344, 1356083, 1722441, 1361326, 1738652]"
"RNNB-4-10-20240118","[1396290, 1357004, 1392726, 1737651, 1499416]"
"RNNB-4-2-20240117","[1359344, 1396759, 1398262, 1357049, 1359906]"
"RNNB-4-2-20240118","[1361953, 1394019, 1744279, 1361412, 1396290]"
"RNNB-4-3-20240117","[1722441, 1737441, 1651204, 1394414, 1743235]"
"RNNB-4-3-20240118","[1361412, 1357004, 1357630, 1392726, 1392725]"
"RNNB-4-4-20240117","[1359344, 1722619, 1738652, 1498976, 1722441]"
"RNNB-4-4-20240118","[1361412, 1357630, 1398821, 1392725, 1509616]"
"RNNB-4-5-20240117","[1359344, 1738652, 1393770, 1357713, 1722441]"
"RNNB-4-5-20240118","[1744279, 1357630, 1399609, 1722409, 1744243]"
"RNNB-4-6-20240117","[1359344, 1738652, 1722441, 1359297, 1356069]"
"RNNB-4-6-20240118","[1357630, 1399609, 1356559, 1509616, 1392155]"
"RNNB-4-7-20240117","[1359344, 1722441, 1737441, 1388812, 1357049]"
"RNNB-4-7-20240118","[1357630, 1399609, 1509616, 1744279, 1392725]"
"RNNB-4-8-20240117","[1359344, 1355950, 1357848, 1357360, 1500391]"
"RNNB-4-8-20240118","[1399609, 1357630, 1509616, 1361412, 1392725]"
"RNNB-4-9-20240117","[1359344, 1357722, 1364100, 1357848, 1355950]"
"RNNB-4-9-20240118","[1399609, 1744279, 1357630, 1722409, 1744243]"
"RNNB-5-1-20240117","[1360542, 1743550, 1391044, 1502948, 1390997]"
"RNNB-5-1-20240118","[1399609, 1737441, 1357630, 1361412, 1722441]"
"RNNB-5-10-20240117","[1646126, 1738652, 1363062, 1498976, 1363791]"
"RNNB-5-10-20240118","[1518245, 1737651, 1399609, 1392725, 1357630]"
"RNNB-5-2-20240117","[1363433, 1357630, 1399609, 1518939, 1357911]"
"RNNB-5-2-20240118","[1744279, 1399609, 1357630, 1722409, 1509616]"
"RNNB-5-3-20240117","[1360542, 1399609, 1364059, 1357630, 1400036]"
"RNNB-5-3-20240118","[1399609, 1396759, 1357630, 1392726, 1744279]"
"RNNB-5-4-20240117","[1399609, 1357630, 1357911, 1518939, 1392725]"
"RNNB-5-4-20240118","[1357630, 1399609, 1509616, 1392725, 1737651]"
"RNNB-5-5-20240117","[1399609, 1357630, 1518939, 1357911, 1509616]"
"RNNB-5-5-20240118","[1399609, 1357630, 1509616, 1518245, 1397320]"
"RNNB-5-6-20240117","[1360542, 1399609, 1357630, 1509616, 1357911]"
"RNNB-5-6-20240118","[1399609, 1357630, 1509616, 1744279, 1357769]"
"RNNB-5-7-20240117","[1360542, 1743550, 1360540, 1398778, 1397425]"
"RNNB-5-7-20240118","[1392725, 1392726, 1357630, 1399609, 1509616]"
"RNNB-5-8-20240117","[1396197, 1394638, 1356066, 1357705, 1356072]"
"RNNB-5-8-20240118","[1744490, 1722441, 1361412, 1394973, 1361389]"
"RNNB-5-9-20240117","[1396197, 1356066, 1394638, 1356072, 1394627]"
"RNNB-5-9-20240118","[1394643, 1396290, 1357004, 1389342, 1388990]"
"RNNB-6-1-20240117","[1396290, 1357004, 1389342, 1361244, 1646126]"
"RNNB-6-1-20240118","[1361412, 1722619, 1738652, 1361354, 1358477]"
"RNNB-6-10-20240117","[1361412, 1502775, 1502406, 1502795, 1502614]"
"RNNB-6-10-20240118","[1744279, 1518245, 1737651, 1722409, 1393466]"
"RNNB-6-2-20240117","[1394019, 1361959, 1361953, 1361412, 1363543]"
"RNNB-6-2-20240118","[1358653, 1358477, 1361389, 1722441, 1355994]"
"RNNB-6-3-20240117","[1738652, 1724816, 1394019, 1361959, 1394527]"
"RNNB-6-3-20240118","[1361412, 1743664, 1722619, 1361416, 1358477]"
"RNNB-6-4-20240117","[1744174, 1361412, 1359995, 1647185, 1388990]"
"RNNB-6-4-20240118","[1396055, 1361926, 1358477, 1396063, 1363526]"
"RNNB-6-5-20240117","[1363526, 1363302, 1363424, 1744174, 1361412]"
"RNNB-6-5-20240118","[1722433, 1737441, 1361326, 1722441, 1359995]"
"RNNB-6-6-20240117","[1361412, 1722441, 1363016, 1388990, 1392264]"
"RNNB-6-6-20240118","[1399609, 1357630, 1388812, 1357769, 1357911]"
"RNNB-6-7-20240117","[1363526, 1363424, 1738652, 1363544, 1361354]"
"RNNB-6-7-20240118","[1399609, 1357630, 1744279, 1509616, 1392725]"
"RNNB-6-8-20240117","[1355950, 1357848, 1363424, 1363421, 1363526]"
"RNNB-6-8-20240118","[1737651, 1399609, 1357630, 1518245, 1392725]"
"RNNB-6-9-20240117","[1361412, 1502406, 1363424, 1502795, 1363526]"
"RNNB-6-9-20240118","[1393466, 1357911, 1560415, 1502610, 1398786]"
"RNNB-7-1-20240118","[1738652, 1361412, 1388812, 1397425, 1743249]"
"RNNB-7-10-20240118","[1392725, 1361412, 1357911, 1396290, 1359995]"
"RNNB-7-2-20240118","[1361412, 1392725, 1357630, 1392726, 1399609]"
"RNNB-7-3-20240118","[1361412, 1392725, 1388990, 1357771, 1392726]"
"RNNB-7-4-20240118","[1361412, 1361389, 1363016, 1359995, 1357911]"
"RNNB-7-5-20240118","[1361412, 1399609, 1357630, 1392725, 1358968]"
"RNNB-7-6-20240118","[1361412, 1357630, 1399609, 1356072, 1356066]"
"RNNB-7-7-20240118","[1361412, 1392725, 1722441, 1359995, 1399609]"
"RNNB-7-8-20240118","[1361412, 1388990, 1655422, 1359995, 1361127]"
"RNNB-7-9-20240118","[1361412, 1361354, 1394414, 1388990, 1359995]"
"RNNB-8-1-20240118","[1359344, 1359297, 1361412, 1722433, 1722441]"
"RNNB-8-10-20240118","[1361412, 1737441, 1722441, 1361389, 1722433]"
"RNNB-8-2-20240118","[1397320, 1737441, 1357236, 1722441, 1357268]"
"RNNB-8-3-20240118","[1357722, 1364100, 1737441, 1722441, 1722433]"
"RNNB-8-4-20240118","[1737441, 1722441, 1651204, 1361709, 1361412]"
"RNNB-8-5-20240118","[1359344, 1491514, 1361389, 1722441, 1722619]"
"RNNB-8-6-20240118","[1359344, 1359297, 1360381, 1737441, 1499416]"
"RNNB-8-7-20240118","[1359344, 1357875, 1357722, 1364100, 1355950]"
"RNNB-8-8-20240118","[1359344, 1357236, 1722671, 1363892, 1417804]"
"RNNB-8-9-20240118","[1359344, 1361786, 1355898, 1361412, 1737441]"
