"quadrat_id","species_ids"
"2024-CEV3-20240602","[1395045, 1362443, 1395114, 1360222]"
"CBN-PdlC-A1-20130807","[1360299, 1412857, 1395807, 1390793]"
"CBN-PdlC-A1-20130903","[1412857, 1395807, 1394643, 1360299]"
"CBN-PdlC-A1-20140721","[1412857, 1395807, 1394641, 1651061]"
"CBN-PdlC-A1-20140811","[1412857, 1360299, 1395807, 1392608]"
"CBN-PdlC-A1-20140901","[1412857, 1360299, 1394643, 1394311]"
"CBN-PdlC-A1-20150701","[1390793, 1360299, 1412857, 1394641]"
"CBN-PdlC-A1-20150720","[1395807, 1392608, 1412857, 1394643]"
"CBN-PdlC-A1-20150831","[1412857, 1395807, 1390793, 1394643]"
"CBN-PdlC-A1-20160705","[1412857, 1394911, 1390793, 1360299]"
"CBN-PdlC-A1-20160726","[1392535, 1549015, 1412857, 1395807]"
"CBN-PdlC-A1-20170816","[1412857, 1394311, 1394643, 1395807]"
"CBN-PdlC-A1-20170906","[1412857, 1395807, 1394643, 1360299]"
"CBN-PdlC-A1-20180702","[1394911, 1360981, 1392534, 1651061]"
"CBN-PdlC-A1-20180815","[1412857, 1360299, 1394311, 1394641]"
"CBN-PdlC-A1-20180905","[1412857, 1394311, 1396253, 1360299]"
"CBN-PdlC-A1-20190701","[1651061, 1394311, 1741810, 1397046]"
"CBN-PdlC-A1-20190722","[1395807, 1392608, 1412857, 1394641]"
"CBN-PdlC-A1-20190812","[1412857, 1395807, 1360299, 1392608]"
"CBN-PdlC-A1-20190909","[1412857, 1395807, 1394643, 1394311]"
"CBN-PdlC-A1-20200629","[1356424, 1393310, 1651061, 1360981]"
"CBN-PdlC-A1-20200722","[1395807, 1392535, 1549015, 1392553]"
"CBN-PdlC-A1-20200812","[1395807, 1412857, 1392608, 1360299]"
"CBN-PdlC-A2-20130807","[1395807, 1412857, 1393824, 1395974]"
"CBN-PdlC-A2-20130903","[1395807, 1412857, 1394643, 1394641]"
"CBN-PdlC-A2-20140721","[1412857, 1394065, 1396974, 1651061]"
"CBN-PdlC-A2-20140901","[1412857, 1394911, 1651061, 1394643]"
"CBN-PdlC-A2-20150720","[1395807, 1412857, 1519650, 1394311]"
"CBN-PdlC-A2-20150810","[1395807, 1412857, 1394641, 1394643]"
"CBN-PdlC-A2-20150831","[1412857, 1395807, 1393200, 1394643]"
"CBN-PdlC-A2-20160705","[1412857, 1394641, 1394911, 1651061]"
"CBN-PdlC-A2-20160726","[1395807, 1412857, 1392535, 1393200]"
"CBN-PdlC-A2-20170816","[1395807, 1412857, 1394643, 1394641]"
"CBN-PdlC-A2-20180702","[1651061, 1394311, 1654025, 1391331]"
"CBN-PdlC-A2-20180723","[1395807, 1393200, 1412857, 1394643]"
"CBN-PdlC-A2-20180815","[1412857, 1394641, 1393200, 1395807]"
"CBN-PdlC-A2-20180905","[1412857, 1396253, 1390793, 1395807]"
"CBN-PdlC-A2-20190701","[1651267, 1394910, 1651061, 1392298]"
"CBN-PdlC-A2-20190722","[1392535, 1549015, 1395807, 1412857]"
"CBN-PdlC-A2-20190812","[1412857, 1395807, 1394643, 1394641]"
"CBN-PdlC-A2-20190909","[1395807, 1412857, 1394643, 1390793]"
"CBN-PdlC-A2-20200629","[1356424, 1394311, 1358627, 1393657]"
"CBN-PdlC-A2-20200722","[1395807, 1392535, 1392558, 1394311]"
"CBN-PdlC-A2-20200812","[1395807, 1412857, 1394643, 1364071]"
"CBN-PdlC-A3-20130807","[1395807, 1412857, 1392608, 1394643]"
"CBN-PdlC-A3-20130903","[1395807, 1412857, 1394643, 1392608]"
"CBN-PdlC-A3-20140721","[1393200, 1392608, 1360299, 1412857]"
"CBN-PdlC-A3-20140811","[1395807, 1412857, 1393200, 1392608]"
"CBN-PdlC-A3-20140901","[1412857, 1394643, 1392608, 1394641]"
"CBN-PdlC-A3-20150701","[1412857, 1392608, 1394643, 1394641]"
"CBN-PdlC-A3-20150720","[1395807, 1412857, 1392608, 1394643]"
"CBN-PdlC-A3-20150810","[1412857, 1395807, 1394643, 1392608]"
"CBN-PdlC-A3-20150831","[1412857, 1395807, 1394643, 1392608]"
"CBN-PdlC-A3-20160705","[1393200, 1412857, 1390793, 1394641]"
"CBN-PdlC-A3-20160726","[1412857, 1395807, 1392535, 1549015]"
"CBN-PdlC-A3-20170816","[1412857, 1394643, 1395807, 1394641]"
"CBN-PdlC-A3-20170906","[1412857, 1393200, 1394643, 1395807]"
"CBN-PdlC-A3-20180702","[1412857, 1651061, 1394311, 1359587]"
"CBN-PdlC-A3-20180723","[1395807, 1412857, 1393200, 1394643]"
"CBN-PdlC-A3-20180815","[1412857, 1394643, 1394641, 1651061]"
"CBN-PdlC-A3-20180905","[1412857, 1394643, 1394641, 1395807]"
"CBN-PdlC-A3-20190701","[1651061, 1356424, 1423209, 1394643]"
"CBN-PdlC-A3-20190722","[1395807, 1412857, 1397046, 1393200]"
"CBN-PdlC-A3-20190812","[1412857, 1395807, 1392608, 1360299]"
"CBN-PdlC-A3-20190909","[1394643, 1412857, 1395807, 1392608]"
"CBN-PdlC-A3-20200629","[1741834, 1651061, 1361703, 1356395]"
"CBN-PdlC-A3-20200722","[1395807, 1412857, 1392608, 1394643]"
"CBN-PdlC-A3-20200812","[1412857, 1395807, 1394643, 1393200]"
"CBN-PdlC-A4-20130807","[1395807, 1392608, 1651142, 1395000]"
"CBN-PdlC-A4-20130903","[1395190, 1395807, 1392608, 1360299]"
"CBN-PdlC-A4-20140811","[1395807, 1393200, 1397475, 1395190]"
"CBN-PdlC-A4-20140901","[1397475, 1392608, 1390793, 1393200]"
"CBN-PdlC-A4-20150701","[1393200, 1397475, 1392608, 1395190]"
"CBN-PdlC-A4-20150810","[1397475, 1395807, 1393200, 1412857]"
"CBN-PdlC-A4-20150831","[1393200, 1397475, 1412857, 1395807]"
"CBN-PdlC-A4-20160705","[1397475, 1393200, 1392608, 1395190]"
"CBN-PdlC-A4-20160726","[1396144, 1395807, 1393200, 1397475]"
"CBN-PdlC-A4-20170816","[1395807, 1397475, 1392608, 1390793]"
"CBN-PdlC-A4-20170906","[1393200, 1397475, 1395190, 1394311]"
"CBN-PdlC-A4-20180702","[1397475, 1395190, 1362023, 1392137]"
"CBN-PdlC-A4-20180723","[1393200, 1397475, 1392608, 1395190]"
"CBN-PdlC-A4-20180815","[1397475, 1395190, 1519650, 1394311]"
"CBN-PdlC-A4-20180905","[1397475, 1395190, 1412857, 1390793]"
"CBN-PdlC-A4-20190701","[1397475, 1395190, 1390793, 1395805]"
"CBN-PdlC-A4-20190722","[1397475, 1393200, 1395190, 1360590]"
"CBN-PdlC-A4-20190812","[1397475, 1395807, 1392608, 1395190]"
"CBN-PdlC-A4-20190909","[1397475, 1395190, 1395807, 1361347]"
"CBN-PdlC-A4-20200629","[1397475, 1395190, 1360590, 1393200]"
"CBN-PdlC-A4-20200722","[1397475, 1393200, 1395190, 1395807]"
"CBN-PdlC-A4-20200812","[1397475, 1361347, 1393200, 1395807]"
"CBN-PdlC-A5-20130807","[1395807, 1397475, 1393200, 1395190]"
"CBN-PdlC-A5-20130903","[1395807, 1397475, 1396253, 1395870]"
"CBN-PdlC-A5-20140721","[1395807, 1397475, 1395870, 1395190]"
"CBN-PdlC-A5-20140811","[1395807, 1393660, 1396974, 1393824]"
"CBN-PdlC-A5-20150701","[1395807, 1397475, 1395190, 1741880]"
"CBN-PdlC-A5-20150831","[1396253, 1397475, 1395807, 1395190]"
"CBN-PdlC-A5-20160705","[1397475, 1395807, 1395190, 1358517]"
"CBN-PdlC-A5-20160726","[1396253, 1395807, 1392535, 1397046]"
"CBN-PdlC-A5-20170816","[1397475, 1395807, 1395190, 1358517]"
"CBN-PdlC-A5-20170906","[1395807, 1396253, 1395870, 1418688]"
"CBN-PdlC-A5-20180815","[1397475, 1395807, 1395190, 1360591]"
"CBN-PdlC-A5-20180905","[1395807, 1395190, 1361367, 1395870]"
"CBN-PdlC-A5-20190909","[1397475, 1395190, 1395807, 1395870]"
"CBN-PdlC-A5-20200722","[1395807, 1397043, 1397046, 1397045]"
"CBN-PdlC-A6-20130807","[1397475, 1395190, 1395807, 1360591]"
"CBN-PdlC-A6-20130903","[1397475, 1395190, 1358517, 1397414]"
"CBN-PdlC-A6-20140630","[1397475, 1395190, 1395805, 1395758]"
"CBN-PdlC-A6-20140721","[1397475, 1395807, 1395190, 1395870]"
"CBN-PdlC-A6-20140901","[1397475, 1395190, 1360591, 1393660]"
"CBN-PdlC-A6-20150701","[1397475, 1395190, 1397363, 1358517]"
"CBN-PdlC-A6-20150810","[1395807, 1397475, 1395190, 1395870]"
"CBN-PdlC-A6-20150831","[1397475, 1395190, 1395807, 1395870]"
"CBN-PdlC-A6-20160705","[1397475, 1395190, 1358517, 1360591]"
"CBN-PdlC-A6-20160726","[1397475, 1395807, 1395190, 1358517]"
"CBN-PdlC-A6-20170816","[1397475, 1395190, 1395870, 1395807]"
"CBN-PdlC-A6-20170906","[1397475, 1395190, 1360591, 1391648]"
"CBN-PdlC-A6-20180702","[1397475, 1395190, 1391412, 1395158]"
"CBN-PdlC-A6-20180723","[1393200, 1395190, 1397475, 1395758]"
"CBN-PdlC-A6-20180815","[1397475, 1395190, 1395805, 1360591]"
"CBN-PdlC-A6-20180905","[1397475, 1395190, 1395870, 1395758]"
"CBN-PdlC-A6-20190701","[1397475, 1395807, 1395190, 1393200]"
"CBN-PdlC-A6-20190722","[1397475, 1395807, 1395190, 1395758]"
"CBN-PdlC-A6-20190812","[1397475, 1395807, 1395190, 1360591]"
"CBN-PdlC-A6-20190909","[1397475, 1395190, 1393660, 1395870]"
"CBN-PdlC-A6-20200722","[1397475, 1395807, 1395190, 1395870]"
"CBN-PdlC-A6-20200812","[1397475, 1395807, 1395190, 1393660]"
"CBN-PdlC-B1-20130807","[1395807, 1393200, 1412857, 1360299]"
"CBN-PdlC-B1-20130903","[1392608, 1360299, 1392612, 1395807]"
"CBN-PdlC-B1-20140721","[1392608, 1395807, 1360299, 1393200]"
"CBN-PdlC-B1-20140811","[1395807, 1392608, 1360299, 1412857]"
"CBN-PdlC-B1-20140901","[1412857, 1360299, 1392608, 1394643]"
"CBN-PdlC-B1-20150701","[1392608, 1393200, 1360299, 1412857]"
"CBN-PdlC-B1-20150720","[1395807, 1392608, 1412857, 1360299]"
"CBN-PdlC-B1-20150810","[1395807, 1412857, 1360299, 1392608]"
"CBN-PdlC-B1-20150831","[1395807, 1412857, 1392608, 1360299]"
"CBN-PdlC-B1-20160705","[1393200, 1412857, 1392608, 1394641]"
"CBN-PdlC-B1-20160726","[1395807, 1392608, 1392612, 1393679]"
"CBN-PdlC-B1-20170816","[1395807, 1412857, 1392608, 1360299]"
"CBN-PdlC-B1-20170906","[1412857, 1392608, 1392612, 1394643]"
"CBN-PdlC-B1-20180702","[1361382, 1651061, 1360981, 1360299]"
"CBN-PdlC-B1-20180723","[1395807, 1392608, 1412857, 1393679]"
"CBN-PdlC-B1-20180815","[1412857, 1392608, 1392612, 1360299]"
"CBN-PdlC-B1-20180905","[1412857, 1394643, 1392608, 1394641]"
"CBN-PdlC-B1-20190701","[1412857, 1361382, 1651061, 1396733]"
"CBN-PdlC-B1-20190722","[1395807, 1392608, 1360299, 1393679]"
"CBN-PdlC-B1-20190812","[1412857, 1392608, 1360299, 1394643]"
"CBN-PdlC-B1-20190909","[1394643, 1412857, 1392608, 1395807]"
"CBN-PdlC-B1-20200629","[1360299, 1361585, 1360981, 1356424]"
"CBN-PdlC-B1-20200722","[1395807, 1412857, 1392608, 1360299]"
"CBN-PdlC-B1-20200812","[1412857, 1392608, 1647128, 1360299]"
"CBN-PdlC-B2-20130807","[1395807, 1392608, 1360299, 1392535]"
"CBN-PdlC-B2-20130903","[1392608, 1360299, 1392614, 1394311]"
"CBN-PdlC-B2-20140721","[1392608, 1360299, 1651061, 1418612]"
"CBN-PdlC-B2-20140811","[1392608, 1395807, 1360299, 1392614]"
"CBN-PdlC-B2-20140901","[1392608, 1360299, 1392612, 1651061]"
"CBN-PdlC-B2-20150701","[1392608, 1394311, 1651061, 1362361]"
"CBN-PdlC-B2-20150720","[1395807, 1392608, 1360299, 1394311]"
"CBN-PdlC-B2-20150810","[1360299, 1390793, 1390874, 1394311]"
"CBN-PdlC-B2-20150831","[1392608, 1395807, 1647128, 1390793]"
"CBN-PdlC-B2-20160705","[1392608, 1390793, 1360299, 1389135]"
"CBN-PdlC-B2-20160726","[1392608, 1360299, 1390793, 1392535]"
"CBN-PdlC-B2-20170816","[1362482, 1360299, 1392608, 1651061]"
"CBN-PdlC-B2-20170906","[1390874, 1394311, 1651061, 1394911]"
"CBN-PdlC-B2-20180702","[1390793, 1390874, 1741880, 1397045]"
"CBN-PdlC-B2-20180723","[1400101, 1392608, 1392535, 1395807]"
"CBN-PdlC-B2-20180815","[1412857, 1360299, 1392612, 1390793]"
"CBN-PdlC-B2-20180905","[1392608, 1394311, 1741880, 1390874]"
"CBN-PdlC-B2-20190701","[1390793, 1390874, 1394311, 1651061]"
"CBN-PdlC-B2-20190722","[1400101, 1392535, 1392537, 1392608]"
"CBN-PdlC-B2-20190812","[1412857, 1395807, 1360299, 1392608]"
"CBN-PdlC-B2-20190909","[1412857, 1360299, 1362482, 1392608]"
"CBN-PdlC-B2-20200629","[1651061, 1392298, 1397528, 1397463]"
"CBN-PdlC-B2-20200722","[1392608, 1360299, 1392612, 1394311]"
"CBN-PdlC-B2-20200812","[1360299, 1392608, 1392614, 1392612]"
"CBN-PdlC-B3-20130807","[1741880, 1395807, 1394910, 1397468]"
"CBN-PdlC-B3-20130903","[1394910, 1393200, 1741880, 1651061]"
"CBN-PdlC-B3-20140721","[1395807, 1364066, 1394311, 1392535]"
"CBN-PdlC-B3-20140811","[1412857, 1395807, 1393200, 1741880]"
"CBN-PdlC-B3-20140901","[1412857, 1395807, 1394643, 1720959]"
"CBN-PdlC-B3-20150701","[1395807, 1741880, 1395870, 1412857]"
"CBN-PdlC-B3-20150810","[1412857, 1395807, 1397468, 1394643]"
"CBN-PdlC-B3-20150831","[1393200, 1412857, 1394311, 1394641]"
"CBN-PdlC-B3-20160705","[1394911, 1393200, 1412857, 1394597]"
"CBN-PdlC-B3-20160726","[1393200, 1412857, 1397046, 1395807]"
"CBN-PdlC-B3-20170816","[1412857, 1395807, 1394641, 1397468]"
"CBN-PdlC-B3-20170906","[1412857, 1394641, 1394643, 1395807]"
"CBN-PdlC-B3-20180702","[1651061, 1394643, 1394655, 1397046]"
"CBN-PdlC-B3-20180723","[1395807, 1393200, 1412857, 1397500]"
"CBN-PdlC-B3-20180815","[1412857, 1393200, 1395807, 1395974]"
"CBN-PdlC-B3-20180905","[1412857, 1394641, 1390793, 1395807]"
"CBN-PdlC-B3-20190701","[1651061, 1395974, 1396144, 1390793]"
"CBN-PdlC-B3-20190722","[1395807, 1412857, 1390793, 1742075]"
"CBN-PdlC-B3-20190812","[1395807, 1412857, 1394643, 1393200]"
"CBN-PdlC-B3-20190909","[1395807, 1412857, 1394643, 1394641]"
"CBN-PdlC-B3-20200629","[1651061, 1366028, 1394597, 1356228]"
"CBN-PdlC-B3-20200722","[1395807, 1412857, 1393200, 1394641]"
"CBN-PdlC-B3-20200812","[1412857, 1395807, 1393200, 1390793]"
"CBN-PdlC-B4-20130807","[1397475, 1395190, 1394311, 1391649]"
"CBN-PdlC-B4-20130903","[1397475, 1395190, 1360591, 1391649]"
"CBN-PdlC-B4-20140721","[1397475, 1395190, 1358517, 1360591]"
"CBN-PdlC-B4-20140811","[1395190, 1397475, 1395169, 1397533]"
"CBN-PdlC-B4-20140901","[1397475, 1395190, 1651061, 1391680]"
"CBN-PdlC-B4-20150701","[1397475, 1395190, 1358517, 1360591]"
"CBN-PdlC-B4-20150810","[1397475, 1395190, 1390674, 1358517]"
"CBN-PdlC-B4-20150831","[1397475, 1395190, 1360591, 1651061]"
"CBN-PdlC-B4-20160726","[1397475, 1395190, 1360591, 1391648]"
"CBN-PdlC-B4-20170816","[1397475, 1395190, 1360591, 1391648]"
"CBN-PdlC-B4-20170906","[1397475, 1395190, 1360591, 1391648]"
"CBN-PdlC-B4-20180702","[1397475, 1395190, 1360591, 1395805]"
"CBN-PdlC-B4-20180723","[1397475, 1395190, 1360591, 1395870]"
"CBN-PdlC-B4-20180815","[1397475, 1395190, 1360591, 1395805]"
"CBN-PdlC-B4-20180905","[1397475, 1360591, 1395190, 1395870]"
"CBN-PdlC-B4-20190701","[1397475, 1395805, 1395190, 1360591]"
"CBN-PdlC-B4-20190722","[1397475, 1395190, 1360591, 1391648]"
"CBN-PdlC-B4-20190812","[1397475, 1395190, 1360591, 1395758]"
"CBN-PdlC-B4-20190909","[1397475, 1395190, 1360591, 1391648]"
"CBN-PdlC-B4-20200629","[1397475, 1395190, 1360591, 1360590]"
"CBN-PdlC-B4-20200722","[1397475, 1395190, 1393660, 1395758]"
"CBN-PdlC-B4-20200812","[1397475, 1395190, 1360591, 1651061]"
"CBN-PdlC-B5-20130807","[1395807, 1397475, 1395190, 1395870]"
"CBN-PdlC-B5-20130903","[1395807, 1397475, 1395190, 1395870]"
"CBN-PdlC-B5-20140630","[1651061, 1743474, 1741617, 1392298]"
"CBN-PdlC-B5-20140721","[1395807, 1397475, 1395190, 1395870]"
"CBN-PdlC-B5-20140811","[1395807, 1395190, 1395870, 1395758]"
"CBN-PdlC-B5-20140901","[1395807, 1397475, 1395190, 1360591]"
"CBN-PdlC-B5-20150701","[1395807, 1397475, 1394911, 1395870]"
"CBN-PdlC-B5-20150720","[1395807, 1397475, 1395190, 1400101]"
"CBN-PdlC-B5-20150810","[1395807, 1395190, 1395870, 1360269]"
"CBN-PdlC-B5-20150831","[1395807, 1397475, 1400101, 1395190]"
"CBN-PdlC-B5-20160705","[1395807, 1397475, 1395870, 1395190]"
"CBN-PdlC-B5-20160726","[1395807, 1397475, 1395190, 1400101]"
"CBN-PdlC-B5-20170816","[1397475, 1395807, 1395190, 1395758]"
"CBN-PdlC-B5-20170906","[1395807, 1397475, 1395190, 1395870]"
"CBN-PdlC-B5-20180702","[1397475, 1394603, 1395190, 1390793]"
"CBN-PdlC-B5-20180723","[1395807, 1397475, 1395190, 1400101]"
"CBN-PdlC-B5-20180815","[1395807, 1397475, 1395190, 1418688]"
"CBN-PdlC-B5-20180905","[1397475, 1395807, 1395190, 1395758]"
"CBN-PdlC-B5-20190701","[1397475, 1395870, 1418688, 1395807]"
"CBN-PdlC-B5-20190722","[1395807, 1397475, 1395190, 1395870]"
"CBN-PdlC-B5-20190812","[1395807, 1397475, 1400101, 1395190]"
"CBN-PdlC-B5-20190909","[1395807, 1397475, 1400101, 1395190]"
"CBN-PdlC-B5-20200629","[1397475, 1395190, 1390793, 1360591]"
"CBN-PdlC-B5-20200722","[1395807, 1397475, 1400101, 1361801]"
"CBN-PdlC-B5-20200812","[1395807, 1397475, 1400101, 1395190]"
"CBN-PdlC-B6-20130807","[1395807, 1395870, 1654153, 1392535]"
"CBN-PdlC-B6-20130903","[1395807, 1393660, 1361382, 1397500]"
"CBN-PdlC-B6-20140630","[1393200, 1359937, 1651061, 1395974]"
"CBN-PdlC-B6-20140721","[1395807, 1396253, 1741880, 1395870]"
"CBN-PdlC-B6-20140811","[1395807, 1654153, 1393660, 1361382]"
"CBN-PdlC-B6-20140901","[1395807, 1394542, 1394540, 1361382]"
"CBN-PdlC-B6-20150701","[1395807, 1394911, 1395870, 1741880]"
"CBN-PdlC-B6-20150720","[1395807, 1361801, 1397450, 1519650]"
"CBN-PdlC-B6-20150810","[1395807, 1397475, 1395190, 1394540]"
"CBN-PdlC-B6-20150831","[1395807, 1390910, 1651061, 1419225]"
"CBN-PdlC-B6-20160705","[1395807, 1397475, 1395870, 1741880]"
"CBN-PdlC-B6-20160726","[1395807, 1395870, 1741880, 1396974]"
"CBN-PdlC-B6-20170816","[1395807, 1395870, 1741880, 1395868]"
"CBN-PdlC-B6-20170906","[1395807, 1395870, 1396253, 1395868]"
"CBN-PdlC-B6-20180702","[1394911, 1393200, 1397468, 1390793]"
"CBN-PdlC-B6-20180723","[1395807, 1400132, 1395870, 1414270]"
"CBN-PdlC-B6-20180905","[1395807, 1396253, 1418688, 1394311]"
"CBN-PdlC-B6-20190701","[1394911, 1395807, 1395870, 1394908]"
"CBN-PdlC-B6-20190722","[1395807, 1397450, 1418688, 1360864]"
"CBN-PdlC-B6-20190812","[1395807, 1361801, 1393604, 1495503]"
"CBN-PdlC-B6-20190909","[1395807, 1397450, 1651061, 1364068]"
"CBN-PdlC-B6-20200629","[1397475, 1395190, 1393200, 1394603]"
"CBN-PdlC-B6-20200722","[1395807, 1392535, 1393679, 1395870]"
"CBN-PdlC-B6-20200812","[1395807, 1397500, 1395870, 1397450]"
"CBN-PdlC-C1-20130807","[1395807, 1362729, 1414270, 1393708]"
"CBN-PdlC-C1-20130903","[1395807, 1741624, 1393200, 1395870]"
"CBN-PdlC-C1-20140721","[1397500, 1393200, 1394603, 1402995]"
"CBN-PdlC-C1-20140811","[1395807, 1397500, 1364066, 1395868]"
"CBN-PdlC-C1-20140901","[1395807, 1393200, 1362729, 1393708]"
"CBN-PdlC-C1-20150701","[1393200, 1397500, 1394603, 1394595]"
"CBN-PdlC-C1-20150720","[1395807, 1397043, 1393200, 1397046]"
"CBN-PdlC-C1-20150810","[1395807, 1414270, 1362023, 1741880]"
"CBN-PdlC-C1-20150831","[1395807, 1394311, 1393200, 1395870]"
"CBN-PdlC-C1-20160705","[1397500, 1361347, 1393200, 1360140]"
"CBN-PdlC-C1-20160726","[1395807, 1397046, 1361367, 1364071]"
"CBN-PdlC-C1-20170816","[1395807, 1397500, 1361347, 1414270]"
"CBN-PdlC-C1-20170906","[1361347, 1395807, 1418688, 1393708]"
"CBN-PdlC-C1-20180723","[1393200, 1395807, 1393708, 1397432]"
"CBN-PdlC-C1-20180815","[1395807, 1397045, 1393604, 1395868]"
"CBN-PdlC-C1-20180905","[1395807, 1397500, 1364071, 1361347]"
"CBN-PdlC-C1-20190701","[1359937, 1361703, 1393657, 1356228]"
"CBN-PdlC-C1-20190722","[1395807, 1393200, 1393708, 1397500]"
"CBN-PdlC-C1-20190812","[1395807, 1393708, 1361281, 1397500]"
"CBN-PdlC-C1-20190909","[1395807, 1393708, 1397500, 1361347]"
"CBN-PdlC-C1-20200722","[1393200, 1395807, 1397500, 1392561]"
"CBN-PdlC-C1-20200812","[1395807, 1393200, 1397500, 1392299]"
"CBN-PdlC-C2-20130903","[1395807, 1412857, 1741880, 1397046]"
"CBN-PdlC-C2-20140721","[1412857, 1390793, 1390874, 1396180]"
"CBN-PdlC-C2-20140811","[1395807, 1412857, 1392535, 1392534]"
"CBN-PdlC-C2-20140901","[1412857, 1395807, 1392535, 1394643]"
"CBN-PdlC-C2-20150701","[1412857, 1651061, 1394598, 1394597]"
"CBN-PdlC-C2-20150720","[1395807, 1412857, 1397046, 1394643]"
"CBN-PdlC-C2-20150810","[1395807, 1412857, 1394641, 1742053]"
"CBN-PdlC-C2-20150831","[1395807, 1412857, 1394643, 1394641]"
"CBN-PdlC-C2-20160705","[1412857, 1396144, 1390793, 1394641]"
"CBN-PdlC-C2-20160726","[1395807, 1392535, 1392537, 1412857]"
"CBN-PdlC-C2-20170816","[1395807, 1412857, 1392535, 1394641]"
"CBN-PdlC-C2-20170906","[1395807, 1412857, 1392535, 1394643]"
"CBN-PdlC-C2-20180723","[1395807, 1395870, 1741880, 1397500]"
"CBN-PdlC-C2-20180815","[1395807, 1609716, 1741880, 1395868]"
"CBN-PdlC-C2-20180905","[1395807, 1412857, 1390793, 1394643]"
"CBN-PdlC-C2-20190701","[1361703, 1651061, 1359937, 1391841]"
"CBN-PdlC-C2-20190722","[1395807, 1412857, 1393200, 1393660]"
"CBN-PdlC-C2-20190812","[1395807, 1412857, 1392535, 1394643]"
"CBN-PdlC-C2-20190909","[1395807, 1412857, 1394641, 1394643]"
"CBN-PdlC-C2-20200722","[1395807, 1412857, 1361347, 1393200]"
"CBN-PdlC-C2-20200812","[1395807, 1412857, 1396253, 1395870]"
"CBN-PdlC-C3-20130807","[1395807, 1741880, 1361347, 1395870]"
"CBN-PdlC-C3-20130903","[1395807, 1412857, 1397461, 1395870]"
"CBN-PdlC-C3-20140721","[1361347, 1651162, 1362023, 1361281]"
"CBN-PdlC-C3-20140811","[1395807, 1412857, 1364066, 1396253]"
"CBN-PdlC-C3-20140901","[1412857, 1361382, 1395807, 1361347]"
"CBN-PdlC-C3-20150701","[1361347, 1394603, 1362023, 1651162]"
"CBN-PdlC-C3-20150720","[1395807, 1741880, 1393660, 1395870]"
"CBN-PdlC-C3-20150831","[1395807, 1361347, 1396253, 1395870]"
"CBN-PdlC-C3-20160705","[1361347, 1390793, 1363016, 1395870]"
"CBN-PdlC-C3-20160726","[1395807, 1393660, 1741880, 1362331]"
"CBN-PdlC-C3-20170816","[1395807, 1361347, 1395870, 1741880]"
"CBN-PdlC-C3-20170906","[1395807, 1396253, 1418688, 1361347]"
"CBN-PdlC-C3-20180723","[1395807, 1741880, 1393708, 1395870]"
"CBN-PdlC-C3-20180815","[1396253, 1395807, 1741880, 1395870]"
"CBN-PdlC-C3-20180905","[1395807, 1361347, 1362023, 1390874]"
"CBN-PdlC-C3-20190701","[1359937, 1361703, 1651061, 1359587]"
"CBN-PdlC-C3-20190722","[1395807, 1393660, 1741880, 1361347]"
"CBN-PdlC-C3-20190812","[1395807, 1741880, 1362023, 1395870]"
"CBN-PdlC-C3-20190909","[1395807, 1392299, 1362023, 1390793]"
"CBN-PdlC-C3-20200722","[1395807, 1393660, 1395870, 1392299]"
"CBN-PdlC-C3-20200812","[1395807, 1393660, 1395870, 1362023]"
"CBN-PdlC-C4-20130807","[1395807, 1394910, 1418688, 1395868]"
"CBN-PdlC-C4-20130903","[1395807, 1395758, 1395870, 1390793]"
"CBN-PdlC-C4-20140721","[1390793, 1390910, 1651061, 1361382]"
"CBN-PdlC-C4-20140811","[1395807, 1361382, 1395870, 1741880]"
"CBN-PdlC-C4-20140901","[1395807, 1361382, 1361367, 1392608]"
"CBN-PdlC-C4-20150701","[1394311, 1651061, 1390874, 1359937]"
"CBN-PdlC-C4-20150720","[1395807, 1395870, 1392608, 1741880]"
"CBN-PdlC-C4-20150831","[1395807, 1741880, 1395870, 1395868]"
"CBN-PdlC-C4-20160705","[1390793, 1651061, 1390910, 1741880]"
"CBN-PdlC-C4-20160726","[1397043, 1395807, 1397046, 1741880]"
"CBN-PdlC-C4-20170816","[1395807, 1395870, 1418688, 1741880]"
"CBN-PdlC-C4-20170906","[1395807, 1418688, 1741880, 1391881]"
"CBN-PdlC-C4-20180723","[1395807, 1393708, 1741880, 1395870]"
"CBN-PdlC-C4-20180815","[1395807, 1395870, 1418688, 1391878]"
"CBN-PdlC-C4-20180905","[1395807, 1391881, 1395870, 1651061]"
"CBN-PdlC-C4-20190701","[1651061, 1359937, 1360981, 1395974]"
"CBN-PdlC-C4-20190722","[1395807, 1364066, 1395870, 1360269]"
"CBN-PdlC-C4-20190812","[1395807, 1397043, 1654153, 1361233]"
"CBN-PdlC-C4-20190909","[1395807, 1395870, 1393660, 1418688]"
"CBN-PdlC-C4-20200722","[1395807, 1393660, 1395870, 1741880]"
"CBN-PdlC-C4-20200812","[1395807, 1395870, 1360269, 1393660]"
"CBN-PdlC-C5-20130807","[1395807, 1395870, 1741880, 1397043]"
"CBN-PdlC-C5-20130903","[1395807, 1364067, 1395870, 1418688]"
"CBN-PdlC-C5-20140721","[1390793, 1395807, 1361063, 1390846]"
"CBN-PdlC-C5-20140811","[1395807, 1397043, 1397046, 1390793]"
"CBN-PdlC-C5-20140901","[1361382, 1395807, 1361367, 1364066]"
"CBN-PdlC-C5-20150701","[1418612, 1394311, 1651061, 1390874]"
"CBN-PdlC-C5-20150720","[1395807, 1392608, 1397046, 1397045]"
"CBN-PdlC-C5-20150810","[1395807, 1390793, 1395870, 1390795]"
"CBN-PdlC-C5-20150831","[1396253, 1395807, 1390793, 1392608]"
"CBN-PdlC-C5-20160705","[1390793, 1741880, 1390874, 1390910]"
"CBN-PdlC-C5-20160726","[1395807, 1397046, 1397045, 1394311]"
"CBN-PdlC-C5-20170816","[1395807, 1396253, 1390793, 1741880]"
"CBN-PdlC-C5-20170906","[1395807, 1396253, 1394311, 1390793]"
"CBN-PdlC-C5-20180723","[1395807, 1395870, 1392608, 1395868]"
"CBN-PdlC-C5-20180815","[1395807, 1741880, 1391881, 1418688]"
"CBN-PdlC-C5-20180905","[1395807, 1396253, 1390793, 1420364]"
"CBN-PdlC-C5-20190701","[1363016, 1651061, 1359937, 1654153]"
"CBN-PdlC-C5-20190722","[1395807, 1397046, 1397045, 1397043]"
"CBN-PdlC-C5-20190812","[1395807, 1396253, 1397043, 1395868]"
"CBN-PdlC-C5-20190909","[1395807, 1396253, 1390793, 1418688]"
"CBN-PdlC-C5-20200722","[1395807, 1395870, 1741880, 1418688]"
"CBN-PdlC-C5-20200812","[1395807, 1395870, 1390793, 1392608]"
"CBN-PdlC-C6-20130807","[1395807, 1396253, 1393200, 1395870]"
"CBN-PdlC-C6-20130903","[1395807, 1393200, 1392274, 1364067]"
"CBN-PdlC-C6-20140721","[1396253, 1390793, 1395807, 1390756]"
"CBN-PdlC-C6-20140811","[1395807, 1396253, 1361367, 1359511]"
"CBN-PdlC-C6-20140901","[1396253, 1395807, 1361382, 1420364]"
"CBN-PdlC-C6-20150701","[1651061, 1359937, 1654153, 1392075]"
"CBN-PdlC-C6-20150720","[1395807, 1396253, 1397045, 1519650]"
"CBN-PdlC-C6-20150810","[1395807, 1395870, 1651061, 1741880]"
"CBN-PdlC-C6-20150831","[1396253, 1395807, 1390793, 1395870]"
"CBN-PdlC-C6-20160705","[1390793, 1393200, 1395807, 1418688]"
"CBN-PdlC-C6-20160726","[1396253, 1395807, 1741880, 1392274]"
"CBN-PdlC-C6-20170816","[1395807, 1396253, 1741880, 1397500]"
"CBN-PdlC-C6-20170906","[1395807, 1396253, 1418688, 1395868]"
"CBN-PdlC-C6-20180723","[1395807, 1393200, 1393708, 1397500]"
"CBN-PdlC-C6-20180815","[1393200, 1395807, 1397500, 1363016]"
"CBN-PdlC-C6-20180905","[1395807, 1396253, 1393200, 1418688]"
"CBN-PdlC-C6-20190701","[1651142, 1651061, 1361389, 1392317]"
"CBN-PdlC-C6-20190722","[1393200, 1395807, 1397500, 1361592]"
"CBN-PdlC-C6-20190812","[1396253, 1395807, 1392608, 1360299]"
"CBN-PdlC-C6-20190909","[1395807, 1396253, 1394311, 1418688]"
"CBN-PdlC-C6-20200722","[1395807, 1396253, 1392608, 1359835]"
"CBN-PdlC-C6-20200812","[1395807, 1392608, 1362482, 1651061]"
"CBN-PdlC-D1-20130807","[1395807, 1396253, 1393708, 1395870]"
"CBN-PdlC-D1-20130903","[1395807, 1396253, 1395870, 1418688]"
"CBN-PdlC-D1-20140721","[1396253, 1395807, 1741880, 1395870]"
"CBN-PdlC-D1-20140811","[1395807, 1396253, 1418688, 1651061]"
"CBN-PdlC-D1-20140901","[1396253, 1395807, 1418688, 1395868]"
"CBN-PdlC-D1-20150701","[1390793, 1396253, 1394311, 1390904]"
"CBN-PdlC-D1-20150720","[1395807, 1396253, 1392535, 1392534]"
"CBN-PdlC-D1-20150810","[1396253, 1395807, 1392535, 1395870]"
"CBN-PdlC-D1-20150831","[1395807, 1396253, 1394311, 1361281]"
"CBN-PdlC-D1-20160705","[1395807, 1396253, 1741880, 1418688]"
"CBN-PdlC-D1-20160726","[1395807, 1396253, 1392537, 1392535]"
"CBN-PdlC-D1-20170816","[1395807, 1390874, 1390793, 1418688]"
"CBN-PdlC-D1-20170906","[1395807, 1396253, 1418688, 1394311]"
"CBN-PdlC-D1-20180723","[1395807, 1396253, 1741880, 1393708]"
"CBN-PdlC-D1-20180815","[1395807, 1395868, 1418688, 1394311]"
"CBN-PdlC-D1-20180905","[1396253, 1395807, 1390793, 1390874]"
"CBN-PdlC-D1-20190701","[1396253, 1651061, 1394603, 1356424]"
"CBN-PdlC-D1-20190722","[1395807, 1396253, 1395870, 1390793]"
"CBN-PdlC-D1-20190812","[1395807, 1396253, 1364071, 1391331]"
"CBN-PdlC-D1-20190909","[1395807, 1396253, 1395870, 1394311]"
"CBN-PdlC-D1-20200722","[1395807, 1396253, 1392535, 1392534]"
"CBN-PdlC-D1-20200812","[1395807, 1396253, 1395870, 1741880]"
"CBN-PdlC-D2-20130807","[1395807, 1412857, 1396253, 1393473]"
"CBN-PdlC-D2-20130903","[1412857, 1395807, 1396253, 1394643]"
"CBN-PdlC-D2-20140721","[1412857, 1390793, 1394311, 1651061]"
"CBN-PdlC-D2-20140811","[1396253, 1412857, 1395807, 1394643]"
"CBN-PdlC-D2-20140901","[1396253, 1412857, 1390793, 1394643]"
"CBN-PdlC-D2-20150720","[1396253, 1412857, 1395807, 1394643]"
"CBN-PdlC-D2-20150810","[1396253, 1412857, 1395807, 1394643]"
"CBN-PdlC-D2-20150831","[1412857, 1396253, 1395807, 1394643]"
"CBN-PdlC-D2-20160705","[1412857, 1390793, 1394643, 1394641]"
"CBN-PdlC-D2-20160726","[1395807, 1396253, 1392535, 1412857]"
"CBN-PdlC-D2-20170816","[1395807, 1412857, 1390793, 1394643]"
"CBN-PdlC-D2-20170906","[1396253, 1395807, 1412857, 1390793]"
"CBN-PdlC-D2-20180723","[1395807, 1396253, 1412857, 1394643]"
"CBN-PdlC-D2-20180815","[1396253, 1394643, 1412857, 1395807]"
"CBN-PdlC-D2-20180905","[1412857, 1390793, 1394643, 1396253]"
"CBN-PdlC-D2-20190701","[1362023, 1651142, 1359587, 1361389]"
"CBN-PdlC-D2-20190722","[1395807, 1396253, 1394643, 1412857]"
"CBN-PdlC-D2-20190812","[1396253, 1412857, 1395807, 1394643]"
"CBN-PdlC-D2-20190909","[1396253, 1412857, 1395807, 1394643]"
"CBN-PdlC-D2-20200722","[1395807, 1412857, 1394643, 1394641]"
"CBN-PdlC-D2-20200812","[1395807, 1412857, 1394643, 1394641]"
"CBN-PdlC-D3-20130807","[1396441, 1395807, 1647128, 1413349]"
"CBN-PdlC-D3-20130903","[1413349, 1647128, 1396441, 1647141]"
"CBN-PdlC-D3-20140721","[1396441, 1647128, 1397461, 1412857]"
"CBN-PdlC-D3-20140811","[1412857, 1396441, 1390793, 1395807]"
"CBN-PdlC-D3-20140901","[1412857, 1413349, 1647128, 1390793]"
"CBN-PdlC-D3-20150701","[1647170, 1396441, 1418612, 1412857]"
"CBN-PdlC-D3-20150720","[1392535, 1412857, 1396441, 1647128]"
"CBN-PdlC-D3-20150831","[1412857, 1413349, 1396441, 1390793]"
"CBN-PdlC-D3-20160705","[1396441, 1413349, 1390793, 1397461]"
"CBN-PdlC-D3-20160726","[1413349, 1392535, 1396441, 1392537]"
"CBN-PdlC-D3-20170816","[1396441, 1647128, 1413349, 1390793]"
"CBN-PdlC-D3-20170906","[1413349, 1396441, 1412857, 1647128]"
"CBN-PdlC-D3-20180723","[1395807, 1396441, 1647128, 1413349]"
"CBN-PdlC-D3-20180815","[1390793, 1412857, 1395807, 1396441]"
"CBN-PdlC-D3-20180905","[1412857, 1390793, 1396441, 1397043]"
"CBN-PdlC-D3-20190701","[1396441, 1363016, 1359937, 1359952]"
"CBN-PdlC-D3-20190722","[1395807, 1396441, 1647128, 1390793]"
"CBN-PdlC-D3-20190812","[1412857, 1647128, 1413349, 1396441]"
"CBN-PdlC-D3-20190909","[1396441, 1395807, 1647170, 1412857]"
"CBN-PdlC-D3-20200722","[1395807, 1396441, 1392535, 1647128]"
"CBN-PdlC-D3-20200812","[1395807, 1647128, 1413349, 1390793]"
"CBN-PdlC-D4-20130807","[1395807, 1396253, 1395870, 1418688]"
"CBN-PdlC-D4-20130903","[1395807, 1647128, 1413349, 1395870]"
"CBN-PdlC-D4-20140721","[1395870, 1395807, 1396253, 1741880]"
"CBN-PdlC-D4-20140811","[1395807, 1412857, 1396253, 1392535]"
"CBN-PdlC-D4-20140901","[1396253, 1361382, 1395807, 1394655]"
"CBN-PdlC-D4-20150701","[1396253, 1394603, 1412857, 1396974]"
"CBN-PdlC-D4-20150720","[1395807, 1392535, 1392534, 1395870]"
"CBN-PdlC-D4-20150831","[1395807, 1396253, 1412857, 1360299]"
"CBN-PdlC-D4-20160705","[1395870, 1395807, 1741880, 1396441]"
"CBN-PdlC-D4-20160726","[1395807, 1392535, 1397046, 1397043]"
"CBN-PdlC-D4-20170816","[1395807, 1396253, 1412857, 1741880]"
"CBN-PdlC-D4-20170906","[1395807, 1412857, 1418688, 1394641]"
"CBN-PdlC-D4-20180723","[1395807, 1396253, 1741880, 1395870]"
"CBN-PdlC-D4-20180815","[1395807, 1412857, 1396253, 1395870]"
"CBN-PdlC-D4-20180905","[1396253, 1395807, 1412857, 1418688]"
"CBN-PdlC-D4-20190701","[1394655, 1397046, 1394597, 1651061]"
"CBN-PdlC-D4-20190722","[1395807, 1396253, 1400101, 1741880]"
"CBN-PdlC-D4-20190812","[1395807, 1412857, 1396253, 1394643]"
"CBN-PdlC-D4-20190909","[1395807, 1396253, 1395870, 1394311]"
"CBN-PdlC-D4-20200722","[1395807, 1396253, 1395870, 1364067]"
"CBN-PdlC-D4-20200812","[1395807, 1412857, 1741880, 1395870]"
"CBN-PdlC-D5-20130807","[1395807, 1395870, 1741880, 1418688]"
"CBN-PdlC-D5-20130903","[1395807, 1741880, 1395870, 1418688]"
"CBN-PdlC-D5-20140721","[1360299, 1395807, 1418688, 1362023]"
"CBN-PdlC-D5-20140811","[1395807, 1392608, 1741880, 1361284]"
"CBN-PdlC-D5-20140901","[1395807, 1395870, 1360299, 1396253]"
"CBN-PdlC-D5-20150701","[1394311, 1418612, 1651061, 1361077]"
"CBN-PdlC-D5-20150720","[1395807, 1392608, 1741880, 1395870]"
"CBN-PdlC-D5-20150810","[1395807, 1741880, 1395870, 1392608]"
"CBN-PdlC-D5-20150831","[1395807, 1395870, 1392299, 1361284]"
"CBN-PdlC-D5-20160705","[1390793, 1392608, 1394311, 1391881]"
"CBN-PdlC-D5-20160726","[1395807, 1392608, 1395870, 1741880]"
"CBN-PdlC-D5-20170816","[1395807, 1741880, 1418688, 1390793]"
"CBN-PdlC-D5-20170906","[1395807, 1390874, 1390793, 1418688]"
"CBN-PdlC-D5-20180723","[1400101, 1392608, 1395807, 1393708]"
"CBN-PdlC-D5-20180815","[1395807, 1395870, 1418688, 1741706]"
"CBN-PdlC-D5-20180905","[1395807, 1390793, 1396253, 1418688]"
"CBN-PdlC-D5-20190701","[1390874, 1651061, 1397046, 1363946]"
"CBN-PdlC-D5-20190722","[1395807, 1392535, 1392537, 1549015]"
"CBN-PdlC-D5-20190812","[1395807, 1400101, 1392535, 1392608]"
"CBN-PdlC-D5-20190909","[1395807, 1400101, 1361281, 1362023]"
"CBN-PdlC-D5-20200722","[1395807, 1360299, 1392608, 1390880]"
"CBN-PdlC-D5-20200812","[1395807, 1362482, 1392608, 1361284]"
"CBN-PdlC-D6-20130807","[1395807, 1395870, 1741880, 1418688]"
"CBN-PdlC-D6-20130903","[1395807, 1397046, 1397045, 1395870]"
"CBN-PdlC-D6-20140721","[1390793, 1396733, 1394655, 1519650]"
"CBN-PdlC-D6-20140811","[1397043, 1395807, 1396253, 1397046]"
"CBN-PdlC-D6-20140901","[1395807, 1396253, 1361367, 1395000]"
"CBN-PdlC-D6-20150701","[1654153, 1356424, 1418688, 1396169]"
"CBN-PdlC-D6-20150720","[1395807, 1395870, 1393660, 1360269]"
"CBN-PdlC-D6-20150810","[1395807, 1393660, 1412857, 1741880]"
"CBN-PdlC-D6-20150831","[1395807, 1412857, 1359835, 1394641]"
"CBN-PdlC-D6-20160705","[1390793, 1418688, 1396974, 1651061]"
"CBN-PdlC-D6-20160726","[1395807, 1397046, 1396974, 1397045]"
"CBN-PdlC-D6-20170816","[1395807, 1395870, 1741880, 1418688]"
"CBN-PdlC-D6-20170906","[1395807, 1412857, 1394641, 1395868]"
"CBN-PdlC-D6-20180723","[1395807, 1393708, 1741880, 1395870]"
"CBN-PdlC-D6-20180815","[1396253, 1395807, 1651061, 1359511]"
"CBN-PdlC-D6-20180905","[1395807, 1412857, 1418688, 1394641]"
"CBN-PdlC-D6-20190701","[1707089, 1651061, 1361801, 1356424]"
"CBN-PdlC-D6-20190722","[1395807, 1397046, 1393660, 1397045]"
"CBN-PdlC-D6-20190812","[1395807, 1395870, 1393660, 1519650]"
"CBN-PdlC-D6-20190909","[1395807, 1393660, 1397450, 1391881]"
"CBN-PdlC-D6-20200722","[1395807, 1418688, 1397046, 1395855]"
"CBN-PdlC-D6-20200812","[1395807, 1395870, 1393660, 1741880]"
"CBN-PdlC-E1-20130723","[1390793, 1396253, 1742075, 1394311]"
"CBN-PdlC-E1-20130807","[1390793, 1395807, 1396253, 1392608]"
"CBN-PdlC-E1-20130903","[1395807, 1390793, 1395870, 1392608]"
"CBN-PdlC-E1-20140630","[1390793, 1738658, 1361063, 1394597]"
"CBN-PdlC-E1-20140721","[1395807, 1390793, 1741810, 1395531]"
"CBN-PdlC-E1-20140811","[1395807, 1396253, 1412857, 1392608]"
"CBN-PdlC-E1-20140901","[1396253, 1395807, 1412857, 1390793]"
"CBN-PdlC-E1-20150701","[1395807, 1396253, 1392608, 1741880]"
"CBN-PdlC-E1-20150720","[1395807, 1392608, 1392612, 1651061]"
"CBN-PdlC-E1-20150810","[1393200, 1397475, 1392608, 1360299]"
"CBN-PdlC-E1-20150831","[1390793, 1395807, 1396253, 1392608]"
"CBN-PdlC-E1-20160705","[1395807, 1390793, 1392608, 1741810]"
"CBN-PdlC-E1-20160726","[1395807, 1392608, 1396253, 1395870]"
"CBN-PdlC-E1-20170816","[1390793, 1395807, 1396253, 1362023]"
"CBN-PdlC-E1-20170906","[1390793, 1418688, 1390874, 1394311]"
"CBN-PdlC-E1-20180702","[1390793, 1394910, 1394911, 1394597]"
"CBN-PdlC-E1-20180723","[1392535, 1395807, 1549015, 1396253]"
"CBN-PdlC-E1-20180815","[1392608, 1390793, 1360299, 1395807]"
"CBN-PdlC-E1-20180905","[1390793, 1412857, 1360299, 1392608]"
"CBN-PdlC-E1-20190701","[1395807, 1741880, 1394311, 1390874]"
"CBN-PdlC-E1-20190812","[1396253, 1392608, 1360299, 1390793]"
"CBN-PdlC-E1-20190909","[1390793, 1392608, 1395807, 1361281]"
"CBN-PdlC-E1-20200629","[1395807, 1741880, 1395870, 1394597]"
"CBN-PdlC-E1-20200722","[1395807, 1392608, 1390793, 1392612]"
"CBN-PdlC-E1-20200812","[1395807, 1390793, 1392608, 1361281]"
"CBN-PdlC-E2-20130723","[1395807, 1651061, 1390756, 1396974]"
"CBN-PdlC-E2-20130807","[1395807, 1394603, 1395868, 1390874]"
"CBN-PdlC-E2-20130903","[1395807, 1395870, 1395868, 1361284]"
"CBN-PdlC-E2-20140630","[1396144, 1412857, 1390793, 1394311]"
"CBN-PdlC-E2-20140721","[1395807, 1741810, 1394311, 1395855]"
"CBN-PdlC-E2-20140811","[1395807, 1412857, 1395870, 1361281]"
"CBN-PdlC-E2-20140901","[1395807, 1412857, 1390793, 1390874]"
"CBN-PdlC-E2-20150720","[1395807, 1395870, 1741880, 1390793]"
"CBN-PdlC-E2-20150810","[1395807, 1412857, 1395870, 1394311]"
"CBN-PdlC-E2-20150831","[1395807, 1361585, 1395870, 1362023]"
"CBN-PdlC-E2-20160705","[1395807, 1391666, 1397043, 1397046]"
"CBN-PdlC-E2-20160726","[1412857, 1395807, 1741880, 1395870]"
"CBN-PdlC-E2-20170816","[1395807, 1412857, 1394641, 1418688]"
"CBN-PdlC-E2-20170906","[1395807, 1412857, 1390874, 1390793]"
"CBN-PdlC-E2-20180702","[1394911, 1412857, 1741880, 1395870]"
"CBN-PdlC-E2-20180723","[1395807, 1412857, 1394641, 1394311]"
"CBN-PdlC-E2-20180815","[1395807, 1412857, 1394641, 1394643]"
"CBN-PdlC-E2-20180905","[1395807, 1390793, 1412857, 1390874]"
"CBN-PdlC-E2-20190701","[1395807, 1394911, 1395870, 1741880]"
"CBN-PdlC-E2-20190812","[1395807, 1412857, 1390793, 1395870]"
"CBN-PdlC-E2-20190909","[1395807, 1390793, 1412857, 1361281]"
"CBN-PdlC-E2-20200629","[1395807, 1741880, 1395870, 1418688]"
"CBN-PdlC-E2-20200722","[1395807, 1412857, 1395870, 1394641]"
"CBN-PdlC-E2-20200812","[1395807, 1390793, 1395870, 1741880]"
"CBN-PdlC-E3-20130723","[1396253, 1391666, 1361080, 1395807]"
"CBN-PdlC-E3-20130807","[1395807, 1362023, 1651162, 1361284]"
"CBN-PdlC-E3-20130903","[1395807, 1392299, 1361347, 1361284]"
"CBN-PdlC-E3-20140630","[1390837, 1651061, 1361077, 1390756]"
"CBN-PdlC-E3-20140721","[1395807, 1396253, 1391666, 1397500]"
"CBN-PdlC-E3-20140811","[1395807, 1361347, 1395868, 1361281]"
"CBN-PdlC-E3-20140901","[1395807, 1361284, 1392299, 1394311]"
"CBN-PdlC-E3-20150701","[1395807, 1395868, 1361347, 1361284]"
"CBN-PdlC-E3-20150720","[1395807, 1361347, 1361281, 1362023]"
"CBN-PdlC-E3-20150810","[1395807, 1361284, 1392299, 1392502]"
"CBN-PdlC-E3-20150831","[1395807, 1361347, 1361284, 1362023]"
"CBN-PdlC-E3-20160705","[1395807, 1393665, 1361592, 1361347]"
"CBN-PdlC-E3-20160726","[1395807, 1741880, 1393708, 1361284]"
"CBN-PdlC-E3-20170816","[1395807, 1418688, 1390793, 1390874]"
"CBN-PdlC-E3-20170906","[1418688, 1362023, 1743472, 1361347]"
"CBN-PdlC-E3-20180702","[1651061, 1361347, 1390756, 1394597]"
"CBN-PdlC-E3-20180723","[1395807, 1361284, 1392299, 1393681]"
"CBN-PdlC-E3-20180815","[1392299, 1361284, 1390793, 1361281]"
"CBN-PdlC-E3-20180905","[1390793, 1362023, 1361347, 1361284]"
"CBN-PdlC-E3-20190701","[1395807, 1360874, 1654153, 1397500]"
"CBN-PdlC-E3-20190812","[1396253, 1390793, 1361281, 1361347]"
"CBN-PdlC-E3-20190909","[1361347, 1390874, 1362023, 1390793]"
"CBN-PdlC-E3-20200629","[1396253, 1361347, 1741880, 1390910]"
"CBN-PdlC-E3-20200722","[1395807, 1393665, 1393681, 1393684]"
"CBN-PdlC-E3-20200812","[1395807, 1361281, 1392064, 1651061]"
"CBN-PdlC-E4-20130807","[1396253, 1395807, 1397123, 1397500]"
"CBN-PdlC-E4-20130903","[1395807, 1396253, 1360299, 1392608]"
"CBN-PdlC-E4-20140630","[1360299, 1651061, 1394311, 1392608]"
"CBN-PdlC-E4-20140721","[1395807, 1396253, 1741880, 1390910]"
"CBN-PdlC-E4-20140811","[1395807, 1395870, 1392608, 1395868]"
"CBN-PdlC-E4-20140901","[1395807, 1396253, 1392608, 1360299]"
"CBN-PdlC-E4-20150701","[1395807, 1392608, 1396253, 1741880]"
"CBN-PdlC-E4-20150720","[1395807, 1396843, 1361281, 1396253]"
"CBN-PdlC-E4-20150810","[1395807, 1396253, 1392608, 1361281]"
"CBN-PdlC-E4-20160705","[1395807, 1361592, 1396253, 1393665]"
"CBN-PdlC-E4-20160726","[1395807, 1741880, 1395870, 1396253]"
"CBN-PdlC-E4-20170816","[1395807, 1396253, 1418688, 1394311]"
"CBN-PdlC-E4-20170906","[1390874, 1392059, 1418688, 1392336]"
"CBN-PdlC-E4-20180702","[1393665, 1396253, 1397430, 1390793]"
"CBN-PdlC-E4-20180723","[1361592, 1395807, 1393681, 1395870]"
"CBN-PdlC-E4-20180815","[1395807, 1418688, 1519650, 1392336]"
"CBN-PdlC-E4-20180905","[1392336, 1396733, 1362023, 1395807]"
"CBN-PdlC-E4-20190701","[1395807, 1396253, 1393665, 1393681]"
"CBN-PdlC-E4-20190812","[1395807, 1361281, 1390910, 1393660]"
"CBN-PdlC-E4-20190909","[1362331, 1393660, 1397430, 1393665]"
"CBN-PdlC-E4-20200629","[1361592, 1393665, 1361596, 1418688]"
"CBN-PdlC-E4-20200722","[1395807, 1393681, 1397430, 1393660]"
"CBN-PdlC-E4-20200812","[1395807, 1418688, 1390910, 1651061]"
"CBN-PdlC-E5-20130723","[1418688, 1397500, 1390880, 1361057]"
"CBN-PdlC-E5-20130807","[1392608, 1395807, 1393200, 1390793]"
"CBN-PdlC-E5-20130903","[1396253, 1390793, 1395807, 1392608]"
"CBN-PdlC-E5-20140630","[1390793, 1393200, 1360299, 1361382]"
"CBN-PdlC-E5-20140721","[1393200, 1395807, 1393708, 1392608]"
"CBN-PdlC-E5-20140811","[1395807, 1393200, 1360299, 1394311]"
"CBN-PdlC-E5-20150720","[1395807, 1392608, 1396253, 1396843]"
"CBN-PdlC-E5-20150810","[1392608, 1395807, 1393200, 1360299]"
"CBN-PdlC-E5-20150831","[1395807, 1393200, 1390793, 1392608]"
"CBN-PdlC-E5-20160705","[1392608, 1395807, 1393200, 1393708]"
"CBN-PdlC-E5-20160726","[1395807, 1396253, 1392608, 1361367]"
"CBN-PdlC-E5-20170816","[1396253, 1395807, 1390793, 1418688]"
"CBN-PdlC-E5-20170906","[1395807, 1390793, 1360299, 1418688]"
"CBN-PdlC-E5-20180702","[1360299, 1393200, 1654025, 1654153]"
"CBN-PdlC-E5-20180723","[1392608, 1395807, 1393200, 1360299]"
"CBN-PdlC-E5-20180815","[1395807, 1390793, 1392608, 1396253]"
"CBN-PdlC-E5-20180905","[1390793, 1393200, 1360748, 1395807]"
"CBN-PdlC-E5-20190722","[1396253, 1395807, 1392608, 1360299]"
"CBN-PdlC-E5-20190812","[1392608, 1395807, 1360299, 1396253]"
"CBN-PdlC-E5-20190909","[1390793, 1395807, 1396253, 1392608]"
"CBN-PdlC-E5-20200629","[1395807, 1393200, 1392608, 1360299]"
"CBN-PdlC-E5-20200722","[1395807, 1392608, 1396843, 1393200]"
"CBN-PdlC-E5-20200812","[1395807, 1392608, 1396253, 1390793]"
"CBN-PdlC-E6-20130723","[1395807, 1390880, 1361077, 1397046]"
"CBN-PdlC-E6-20130807","[1395807, 1396843, 1390793, 1396253]"
"CBN-PdlC-E6-20130903","[1395807, 1390793, 1396253, 1395870]"
"CBN-PdlC-E6-20140630","[1390793, 1393200, 1390904, 1394598]"
"CBN-PdlC-E6-20140721","[1395807, 1396253, 1390793, 1741880]"
"CBN-PdlC-E6-20140811","[1395807, 1396843, 1396253, 1390793]"
"CBN-PdlC-E6-20150701","[1395807, 1392535, 1396253, 1394828]"
"CBN-PdlC-E6-20150720","[1395807, 1396843, 1396869, 1395870]"
"CBN-PdlC-E6-20150810","[1395807, 1396843, 1390793, 1394311]"
"CBN-PdlC-E6-20150831","[1395807, 1396843, 1390793, 1392608]"
"CBN-PdlC-E6-20160705","[1392608, 1390793, 1395807, 1392612]"
"CBN-PdlC-E6-20160726","[1395807, 1392537, 1396843, 1392535]"
"CBN-PdlC-E6-20170816","[1395807, 1396253, 1390793, 1396843]"
"CBN-PdlC-E6-20170906","[1395807, 1396253, 1396843, 1363543]"
"CBN-PdlC-E6-20180702","[1418688, 1395807, 1394597, 1394603]"
"CBN-PdlC-E6-20180723","[1392535, 1392534, 1395807, 1393708]"
"CBN-PdlC-E6-20180815","[1395807, 1396253, 1741880, 1395870]"
"CBN-PdlC-E6-20180905","[1390793, 1395807, 1394655, 1392274]"
"CBN-PdlC-E6-20190722","[1395807, 1396843, 1390793, 1396253]"
"CBN-PdlC-E6-20190812","[1395807, 1396843, 1396253, 1390793]"
"CBN-PdlC-E6-20190909","[1395807, 1390793, 1396843, 1394655]"
"CBN-PdlC-E6-20200629","[1395807, 1741880, 1418612, 1394598]"
"CBN-PdlC-E6-20200722","[1395807, 1396843, 1396253, 1390793]"
"CBN-PdlC-E6-20200812","[1395807, 1396253, 1396843, 1394828]"
"CBN-PdlC-F1-20130723","[1395807, 1394603, 1741880, 1394598]"
"CBN-PdlC-F1-20130807","[1395807, 1390793, 1741880, 1395870]"
"CBN-PdlC-F1-20130903","[1395807, 1395870, 1741880, 1392535]"
"CBN-PdlC-F1-20140630","[1394910, 1394597, 1394598, 1741880]"
"CBN-PdlC-F1-20140721","[1395807, 1741810, 1397528, 1395870]"
"CBN-PdlC-F1-20140811","[1395807, 1395870, 1741880, 1397046]"
"CBN-PdlC-F1-20140901","[1395807, 1390793, 1741880, 1651061]"
"CBN-PdlC-F1-20150701","[1395807, 1392535, 1395870, 1397528]"
"CBN-PdlC-F1-20150720","[1395807, 1396253, 1741880, 1395868]"
"CBN-PdlC-F1-20150810","[1395807, 1651061, 1396253, 1396974]"
"CBN-PdlC-F1-20150831","[1395807, 1390793, 1395870, 1741880]"
"CBN-PdlC-F1-20160705","[1395807, 1395870, 1741810, 1395855]"
"CBN-PdlC-F1-20160726","[1395807, 1741880, 1395870, 1741810]"
"CBN-PdlC-F1-20170816","[1395807, 1396253, 1741880, 1395868]"
"CBN-PdlC-F1-20170906","[1396253, 1395807, 1396144, 1394603]"
"CBN-PdlC-F1-20180702","[1390793, 1395807, 1741880, 1394597]"
"CBN-PdlC-F1-20180723","[1395807, 1396253, 1395870, 1741880]"
"CBN-PdlC-F1-20180815","[1395807, 1396253, 1741880, 1418688]"
"CBN-PdlC-F1-20180905","[1396253, 1390793, 1395807, 1394603]"
"CBN-PdlC-F1-20190701","[1395807, 1741880, 1395870, 1395868]"
"CBN-PdlC-F1-20190812","[1395807, 1396253, 1361284, 1362023]"
"CBN-PdlC-F1-20190909","[1395807, 1390793, 1361281, 1390874]"
"CBN-PdlC-F1-20200629","[1395807, 1741880, 1394603, 1395870]"
"CBN-PdlC-F1-20200722","[1395807, 1741880, 1395870, 1390793]"
"CBN-PdlC-F1-20200812","[1395807, 1396253, 1390793, 1361281]"
"CBN-PdlC-F2-20130723","[1395807, 1397500, 1394597, 1394598]"
"CBN-PdlC-F2-20130807","[1395807, 1397528, 1395870, 1391881]"
"CBN-PdlC-F2-20130903","[1395807, 1412857, 1390793, 1395868]"
"CBN-PdlC-F2-20140630","[1651061, 1392535, 1395807, 1397046]"
"CBN-PdlC-F2-20140721","[1395807, 1397528, 1412857, 1741810]"
"CBN-PdlC-F2-20140811","[1395807, 1396253, 1412857, 1395868]"
"CBN-PdlC-F2-20140901","[1395807, 1390874, 1389627, 1651061]"
"CBN-PdlC-F2-20150701","[1395807, 1741880, 1412857, 1741810]"
"CBN-PdlC-F2-20150720","[1395807, 1412857, 1741880, 1394641]"
"CBN-PdlC-F2-20150810","[1395807, 1412857, 1394641, 1357608]"
"CBN-PdlC-F2-20150831","[1395807, 1412857, 1394643, 1395868]"
"CBN-PdlC-F2-20160705","[1395807, 1396253, 1397528, 1741810]"
"CBN-PdlC-F2-20160726","[1395807, 1412857, 1741880, 1390793]"
"CBN-PdlC-F2-20170906","[1396253, 1390793, 1412857, 1418688]"
"CBN-PdlC-F2-20180702","[1396253, 1741880, 1394655, 1394597]"
"CBN-PdlC-F2-20180723","[1395807, 1741880, 1412857, 1397046]"
"CBN-PdlC-F2-20180815","[1395807, 1396253, 1412857, 1396843]"
"CBN-PdlC-F2-20180905","[1395807, 1412857, 1396253, 1390793]"
"CBN-PdlC-F2-20190701","[1395807, 1396253, 1741880, 1395870]"
"CBN-PdlC-F2-20190812","[1395807, 1412857, 1390793, 1394311]"
"CBN-PdlC-F2-20190909","[1395807, 1390793, 1412857, 1418612]"
"CBN-PdlC-F2-20200629","[1395807, 1394603, 1394311, 1390910]"
"CBN-PdlC-F2-20200722","[1395807, 1396253, 1392535, 1390793]"
"CBN-PdlC-F2-20200812","[1395807, 1395868, 1390793, 1394311]"
"CBN-PdlC-F3-20130723","[1395807, 1391666, 1651142, 1743472]"
"CBN-PdlC-F3-20130807","[1392612, 1393200, 1392608, 1361284]"
"CBN-PdlC-F3-20130903","[1395807, 1392608, 1396838, 1390874]"
"CBN-PdlC-F3-20140630","[1360299, 1393200, 1390793, 1390874]"
"CBN-PdlC-F3-20140721","[1395807, 1392608, 1741810, 1391666]"
"CBN-PdlC-F3-20140811","[1395807, 1392608, 1361596, 1393665]"
"CBN-PdlC-F3-20140901","[1395807, 1392608, 1418688, 1395868]"
"CBN-PdlC-F3-20150701","[1395807, 1392608, 1397046, 1360299]"
"CBN-PdlC-F3-20150720","[1392608, 1395807, 1361347, 1361281]"
"CBN-PdlC-F3-20150810","[1395807, 1361281, 1362023, 1392299]"
"CBN-PdlC-F3-20150831","[1395807, 1390874, 1362023, 1396838]"
"CBN-PdlC-F3-20160705","[1395807, 1361592, 1393660, 1362331]"
"CBN-PdlC-F3-20160726","[1392608, 1395807, 1360299, 1390756]"
"CBN-PdlC-F3-20170816","[1395807, 1362023, 1418688, 1390874]"
"CBN-PdlC-F3-20170906","[1395807, 1390874, 1361347, 1392336]"
"CBN-PdlC-F3-20180702","[1393665, 1395807, 1397500, 1361347]"
"CBN-PdlC-F3-20180723","[1395807, 1392535, 1392534, 1392537]"
"CBN-PdlC-F3-20180815","[1392299, 1361284, 1651061, 1361099]"
"CBN-PdlC-F3-20180905","[1395807, 1390874, 1397430, 1391666]"
"CBN-PdlC-F3-20190701","[1395807, 1741880, 1361284, 1394630]"
"CBN-PdlC-F3-20190722","[1395807, 1393681, 1393684, 1397430]"
"CBN-PdlC-F3-20190812","[1361281, 1395807, 1362023, 1651162]"
"CBN-PdlC-F3-20190909","[1395807, 1390793, 1394311, 1362023]"
"CBN-PdlC-F3-20200629","[1395807, 1361592, 1393200, 1395870]"
"CBN-PdlC-F3-20200722","[1395807, 1361592, 1393681, 1361594]"
"CBN-PdlC-F3-20200812","[1395807, 1361281, 1390793, 1392299]"
"CBN-PdlC-F4-20130723","[1396253, 1393200, 1397500, 1393665]"
"CBN-PdlC-F4-20130807","[1396253, 1392608, 1393200, 1397500]"
"CBN-PdlC-F4-20130903","[1395807, 1393200, 1397430, 1392608]"
"CBN-PdlC-F4-20140630","[1393200, 1360299, 1392608, 1397500]"
"CBN-PdlC-F4-20140811","[1395807, 1396253, 1392608, 1393200]"
"CBN-PdlC-F4-20140901","[1397430, 1395807, 1393681, 1392608]"
"CBN-PdlC-F4-20150701","[1392608, 1361592, 1392612, 1397430]"
"CBN-PdlC-F4-20150720","[1395807, 1396253, 1396843, 1392608]"
"CBN-PdlC-F4-20150810","[1360299, 1392608, 1393660, 1362331]"
"CBN-PdlC-F4-20150831","[1395807, 1392608, 1393200, 1397430]"
"CBN-PdlC-F4-20160705","[1392608, 1395807, 1396253, 1361592]"
"CBN-PdlC-F4-20160726","[1395807, 1392608, 1393681, 1397430]"
"CBN-PdlC-F4-20170816","[1396253, 1395807, 1418688, 1392336]"
"CBN-PdlC-F4-20170906","[1362023, 1743472, 1390910, 1390756]"
"CBN-PdlC-F4-20180702","[1396253, 1393200, 1393665, 1396843]"
"CBN-PdlC-F4-20180723","[1392608, 1395807, 1393200, 1361592]"
"CBN-PdlC-F4-20180815","[1393665, 1392608, 1392299, 1361592]"
"CBN-PdlC-F4-20180905","[1396253, 1396843, 1362023, 1391666]"
"CBN-PdlC-F4-20190701","[1395807, 1392608, 1393200, 1396253]"
"CBN-PdlC-F4-20190722","[1396843, 1392608, 1362331, 1393681]"
"CBN-PdlC-F4-20190812","[1361281, 1392608, 1360299, 1392315]"
"CBN-PdlC-F4-20190909","[1392608, 1390793, 1393660, 1394311]"
"CBN-PdlC-F4-20200629","[1361592, 1396253, 1393665, 1393200]"
"CBN-PdlC-F4-20200722","[1395807, 1361592, 1392608, 1360299]"
"CBN-PdlC-F4-20200812","[1392608, 1361281, 1360299, 1393681]"
"CBN-PdlC-F5-20130723","[1396253, 1390793, 1394828, 1390880]"
"CBN-PdlC-F5-20130903","[1395807, 1392608, 1390793, 1360299]"
"CBN-PdlC-F5-20140630","[1392608, 1360299, 1390910, 1390880]"
"CBN-PdlC-F5-20140721","[1396253, 1395807, 1392608, 1390793]"
"CBN-PdlC-F5-20140811","[1395807, 1392608, 1390793, 1360299]"
"CBN-PdlC-F5-20150701","[1392608, 1395807, 1396253, 1396843]"
"CBN-PdlC-F5-20150720","[1396253, 1395807, 1392608, 1394542]"
"CBN-PdlC-F5-20150810","[1396253, 1392608, 1390793, 1395807]"
"CBN-PdlC-F5-20150831","[1396253, 1395807, 1390793, 1396843]"
"CBN-PdlC-F5-20160705","[1395807, 1390793, 1396253, 1390904]"
"CBN-PdlC-F5-20160726","[1395807, 1361367, 1390793, 1396843]"
"CBN-PdlC-F5-20170816","[1396253, 1390793, 1394311, 1396843]"
"CBN-PdlC-F5-20170906","[1396253, 1390793, 1418688, 1394828]"
"CBN-PdlC-F5-20180702","[1396253, 1392608, 1741880, 1360299]"
"CBN-PdlC-F5-20180723","[1392608, 1396253, 1395807, 1651061]"
"CBN-PdlC-F5-20180815","[1390793, 1395807, 1392274, 1418688]"
"CBN-PdlC-F5-20180905","[1396253, 1390793, 1420364, 1361347]"
"CBN-PdlC-F5-20190722","[1396253, 1392608, 1396843, 1395807]"
"CBN-PdlC-F5-20190812","[1396253, 1396843, 1392608, 1390793]"
"CBN-PdlC-F5-20190909","[1396253, 1395807, 1390793, 1362023]"
"CBN-PdlC-F5-20200629","[1390793, 1395807, 1741880, 1392608]"
"CBN-PdlC-F5-20200722","[1395807, 1396843, 1392608, 1390793]"
"CBN-PdlC-F5-20200812","[1395807, 1390793, 1390874, 1392608]"
"CBN-PdlC-F6-20130723","[1390793, 1363282, 1361057, 1390782]"
"CBN-PdlC-F6-20130807","[1396843, 1390793, 1396253, 1741880]"
"CBN-PdlC-F6-20130903","[1390793, 1390874, 1390910, 1390837]"
"CBN-PdlC-F6-20140630","[1390793, 1390910, 1390846, 1651061]"
"CBN-PdlC-F6-20140721","[1395807, 1390793, 1394311, 1390910]"
"CBN-PdlC-F6-20140811","[1395807, 1390793, 1394311, 1394542]"
"CBN-PdlC-F6-20150701","[1395807, 1396843, 1390793, 1396253]"
"CBN-PdlC-F6-20150720","[1395807, 1396843, 1396253, 1394540]"
"CBN-PdlC-F6-20150810","[1390793, 1396253, 1361063, 1395807]"
"CBN-PdlC-F6-20150831","[1395807, 1390793, 1396843, 1418688]"
"CBN-PdlC-F6-20160705","[1390793, 1395807, 1361077, 1395855]"
"CBN-PdlC-F6-20160726","[1390793, 1396843, 1396253, 1395807]"
"CBN-PdlC-F6-20170816","[1396253, 1390793, 1395807, 1396843]"
"CBN-PdlC-F6-20170906","[1390793, 1418612, 1395807, 1390904]"
"CBN-PdlC-F6-20180702","[1390793, 1390910, 1394597, 1394598]"
"CBN-PdlC-F6-20180723","[1395807, 1390793, 1396253, 1651061]"
"CBN-PdlC-F6-20180815","[1390793, 1651061, 1390874, 1397466]"
"CBN-PdlC-F6-20180905","[1390793, 1394655, 1392336, 1361057]"
"CBN-PdlC-F6-20190722","[1392608, 1396843, 1396253, 1390793]"
"CBN-PdlC-F6-20190812","[1395807, 1390793, 1396843, 1396253]"
"CBN-PdlC-F6-20190909","[1390793, 1394311, 1390874, 1390846]"
"CBN-PdlC-F6-20200629","[1395807, 1390793, 1390837, 1390782]"
"CBN-PdlC-F6-20200722","[1395807, 1396843, 1390793, 1392608]"
"CBN-PdlC-F6-20200812","[1395807, 1390793, 1390874, 1390910]"
"CBN-Pla-A1-20130808","[1395807, 1390793, 1360590, 1394311]"
"CBN-Pla-A1-20130904","[1395807, 1397475, 1395190, 1390793]"
"CBN-Pla-A1-20140722","[1397475, 1390793, 1395190, 1651061]"
"CBN-Pla-A1-20140812","[1395807, 1397475, 1395190, 1394311]"
"CBN-Pla-A1-20140902","[1395807, 1397475, 1395190, 1390793]"
"CBN-Pla-A1-20150702","[1395190, 1390793, 1412857, 1394311]"
"CBN-Pla-A1-20150723","[1395807, 1397475, 1395190, 1395870]"
"CBN-Pla-A1-20150811","[1395807, 1397475, 1395190, 1412857]"
"CBN-Pla-A1-20150901","[1395807, 1397475, 1412857, 1395190]"
"CBN-Pla-A1-20160707","[1390793, 1395190, 1651061, 1394311]"
"CBN-Pla-A1-20160728","[1395807, 1397046, 1397045, 1390793]"
"CBN-Pla-A1-20180724","[1390793, 1397475, 1395190, 1390874]"
"CBN-Pla-A1-20180816","[1395807, 1397475, 1395190, 1395870]"
"CBN-Pla-A1-20180906","[1395807, 1412857, 1395870, 1395190]"
"CBN-Pla-A1-20190723","[1395807, 1390793, 1396971, 1395868]"
"CBN-Pla-A1-20190814","[1395807, 1412857, 1395870, 1395868]"
"CBN-Pla-A1-20200630","[1651061, 1366028, 1361703, 1356407]"
"CBN-Pla-A1-20200723","[1395807, 1397475, 1395190, 1412857]"
"CBN-Pla-A1-20200814","[1392566, 1392552, 1395807, 1395190]"
"CBN-Pla-A2-20130724","[1390793, 1390874, 1394311, 1390904]"
"CBN-Pla-A2-20130808","[1395807, 1395870, 1395868, 1397500]"
"CBN-Pla-A2-20130904","[1395807, 1395870, 1390793, 1395868]"
"CBN-Pla-A2-20140722","[1390793, 1395949, 1651061, 1394311]"
"CBN-Pla-A2-20140812","[1395807, 1412857, 1395868, 1390910]"
"CBN-Pla-A2-20140902","[1395807, 1394311, 1395870, 1412857]"
"CBN-Pla-A2-20150702","[1390793, 1395807, 1390837, 1394311]"
"CBN-Pla-A2-20150723","[1395807, 1412857, 1394311, 1394643]"
"CBN-Pla-A2-20150811","[1395807, 1392552, 1392566, 1392558]"
"CBN-Pla-A2-20150901","[1395807, 1390793, 1394311, 1395868]"
"CBN-Pla-A2-20160707","[1395807, 1390793, 1395949, 1741880]"
"CBN-Pla-A2-20160728","[1395807, 1395870, 1390793, 1418688]"
"CBN-Pla-A2-20180724","[1390793, 1396015, 1395949, 1394311]"
"CBN-Pla-A2-20180816","[1395807, 1397046, 1396015, 1395949]"
"CBN-Pla-A2-20180906","[1395807, 1395949, 1741880, 1392299]"
"CBN-Pla-A2-20190723","[1395807, 1395870, 1741880, 1394311]"
"CBN-Pla-A2-20190814","[1395807, 1395870, 1394311, 1392299]"
"CBN-Pla-A2-20200723","[1395807, 1397046, 1397045, 1390793]"
"CBN-Pla-A2-20200814","[1395807, 1392539, 1396144, 1392552]"
"CBN-Pla-A3-20130724","[1390793, 1609716, 1651061, 1390874]"
"CBN-Pla-A3-20130808","[1395807, 1395870, 1741880, 1397500]"
"CBN-Pla-A3-20130904","[1395807, 1395870, 1360269, 1741880]"
"CBN-Pla-A3-20140722","[1390793, 1394311, 1651061, 1741880]"
"CBN-Pla-A3-20140812","[1395807, 1395870, 1741880, 1390690]"
"CBN-Pla-A3-20140902","[1395807, 1395870, 1361367, 1394311]"
"CBN-Pla-A3-20150702","[1390793, 1741880, 1651061, 1418612]"
"CBN-Pla-A3-20150723","[1395807, 1395870, 1741880, 1394311]"
"CBN-Pla-A3-20150811","[1395807, 1395870, 1741880, 1390793]"
"CBN-Pla-A3-20150901","[1395807, 1395870, 1390793, 1741880]"
"CBN-Pla-A3-20160707","[1395870, 1741880, 1390793, 1396094]"
"CBN-Pla-A3-20160728","[1395807, 1397043, 1397046, 1396253]"
"CBN-Pla-A3-20180724","[1395870, 1741880, 1394311, 1651061]"
"CBN-Pla-A3-20180816","[1395807, 1395870, 1741880, 1418612]"
"CBN-Pla-A3-20180906","[1396253, 1395807, 1395870, 1741880]"
"CBN-Pla-A3-20190723","[1395807, 1395870, 1396253, 1741880]"
"CBN-Pla-A3-20190814","[1395807, 1741880, 1395870, 1394311]"
"CBN-Pla-A3-20200723","[1395807, 1741880, 1397043, 1397046]"
"CBN-Pla-A3-20200814","[1395807, 1395870, 1397043, 1741880]"
"CBN-Pla-A4-20130724","[1651061, 1392317, 1361281, 1390793]"
"CBN-Pla-A4-20130808","[1395807, 1395870, 1741880, 1397500]"
"CBN-Pla-A4-20130904","[1395807, 1741880, 1395870, 1395868]"
"CBN-Pla-A4-20140722","[1651061, 1362023, 1394311, 1390837]"
"CBN-Pla-A4-20140812","[1395807, 1741880, 1395870, 1395868]"
"CBN-Pla-A4-20140902","[1395807, 1741880, 1395870, 1395868]"
"CBN-Pla-A4-20150702","[1390793, 1741880, 1394311, 1651061]"
"CBN-Pla-A4-20150723","[1395807, 1741880, 1395870, 1395862]"
"CBN-Pla-A4-20150811","[1395807, 1395870, 1741880, 1360269]"
"CBN-Pla-A4-20150901","[1395807, 1741880, 1395870, 1390793]"
"CBN-Pla-A4-20160707","[1395870, 1390793, 1741880, 1651061]"
"CBN-Pla-A4-20160728","[1395807, 1397046, 1397043, 1396843]"
"CBN-Pla-A4-20180724","[1390793, 1651061, 1390874, 1394311]"
"CBN-Pla-A4-20180816","[1395807, 1395870, 1741880, 1390793]"
"CBN-Pla-A4-20180906","[1395807, 1741880, 1395870, 1390793]"
"CBN-Pla-A4-20190723","[1395807, 1395870, 1741880, 1393708]"
"CBN-Pla-A4-20190814","[1395807, 1741880, 1395870, 1360269]"
"CBN-Pla-A4-20200723","[1395807, 1741880, 1395870, 1390793]"
"CBN-Pla-A4-20200814","[1395807, 1395870, 1741880, 1395868]"
"CBN-Pla-A5-20130724","[1390793, 1741880, 1390874, 1651061]"
"CBN-Pla-A5-20130808","[1741880, 1395807, 1395870, 1361347]"
"CBN-Pla-A5-20130904","[1395807, 1741880, 1395870, 1360269]"
"CBN-Pla-A5-20140722","[1651061, 1741880, 1394311, 1390756]"
"CBN-Pla-A5-20140812","[1395807, 1395870, 1741880, 1395868]"
"CBN-Pla-A5-20140902","[1395807, 1741880, 1395870, 1392628]"
"CBN-Pla-A5-20150702","[1390793, 1395870, 1741880, 1651061]"
"CBN-Pla-A5-20150723","[1395807, 1741880, 1395870, 1651061]"
"CBN-Pla-A5-20150811","[1395807, 1741880, 1395870, 1360269]"
"CBN-Pla-A5-20160707","[1390793, 1395870, 1741880, 1651061]"
"CBN-Pla-A5-20160728","[1395807, 1741880, 1395870, 1396843]"
"CBN-Pla-A5-20180724","[1390793, 1741880, 1395870, 1394311]"
"CBN-Pla-A5-20180816","[1395807, 1395870, 1741880, 1390793]"
"CBN-Pla-A5-20180906","[1395807, 1741880, 1395870, 1360269]"
"CBN-Pla-A5-20190723","[1395807, 1741880, 1395870, 1651061]"
"CBN-Pla-A5-20190814","[1395807, 1395870, 1741880, 1390793]"
"CBN-Pla-A5-20200723","[1395807, 1741880, 1395870, 1395868]"
"CBN-Pla-A5-20200814","[1395807, 1395870, 1741880, 1361347]"
"CBN-Pla-A6-20130724","[1609716, 1651061, 1390837, 1396733]"
"CBN-Pla-A6-20130808","[1395807, 1395870, 1741880, 1397500]"
"CBN-Pla-A6-20130904","[1395807, 1741880, 1395870, 1394311]"
"CBN-Pla-A6-20140722","[1390793, 1390837, 1390874, 1651061]"
"CBN-Pla-A6-20140812","[1395807, 1741880, 1395870, 1397500]"
"CBN-Pla-A6-20140902","[1395807, 1395870, 1741880, 1390793]"
"CBN-Pla-A6-20150702","[1390793, 1741880, 1356424, 1651061]"
"CBN-Pla-A6-20150723","[1395807, 1741880, 1395870, 1390793]"
"CBN-Pla-A6-20150811","[1395807, 1741880, 1395870, 1390793]"
"CBN-Pla-A6-20150901","[1395807, 1395870, 1396253, 1741880]"
"CBN-Pla-A6-20160707","[1390793, 1741880, 1395807, 1395870]"
"CBN-Pla-A6-20160728","[1395807, 1741880, 1395870, 1396869]"
"CBN-Pla-A6-20180724","[1390793, 1651061, 1394311, 1390874]"
"CBN-Pla-A6-20180816","[1395807, 1395870, 1390793, 1741880]"
"CBN-Pla-A6-20180906","[1395807, 1390793, 1395868, 1397500]"
"CBN-Pla-A6-20190723","[1395807, 1395870, 1741880, 1394311]"
"CBN-Pla-A6-20190814","[1395807, 1741880, 1395870, 1390793]"
"CBN-Pla-A6-20200723","[1395807, 1395870, 1741880, 1390793]"
"CBN-Pla-A6-20200814","[1395807, 1395870, 1741880, 1390793]"
"CBN-Pla-B1-20130724","[1390874, 1651061, 1361389, 1651142]"
"CBN-Pla-B1-20130808","[1395807, 1390793, 1395870, 1394910]"
"CBN-Pla-B1-20130904","[1395807, 1390793, 1394311, 1651061]"
"CBN-Pla-B1-20140722","[1390793, 1390874, 1392407, 1651061]"
"CBN-Pla-B1-20140812","[1395807, 1394311, 1418612, 1397500]"
"CBN-Pla-B1-20140902","[1395807, 1361367, 1394311, 1651061]"
"CBN-Pla-B1-20150702","[1418612, 1651061, 1395990, 1390910]"
"CBN-Pla-B1-20150723","[1395807, 1742052, 1394311, 1361281]"
"CBN-Pla-B1-20150811","[1395807, 1390793, 1394311, 1395868]"
"CBN-Pla-B1-20150901","[1395807, 1390793, 1418612, 1394311]"
"CBN-Pla-B1-20160707","[1390793, 1412857, 1394641, 1741880]"
"CBN-Pla-B1-20160728","[1395807, 1395870, 1741880, 1394311]"
"CBN-Pla-B1-20180724","[1390793, 1394311, 1651061, 1390910]"
"CBN-Pla-B1-20180816","[1395807, 1412857, 1390793, 1394311]"
"CBN-Pla-B1-20180906","[1361281, 1651061, 1361347, 1390874]"
"CBN-Pla-B1-20190723","[1395807, 1519650, 1396733, 1651061]"
"CBN-Pla-B1-20190814","[1412857, 1395807, 1392299, 1394311]"
"CBN-Pla-B1-20200630","[1647315, 1361703, 1394818, 1356307]"
"CBN-Pla-B1-20200723","[1395807, 1390793, 1394311, 1651061]"
"CBN-Pla-B1-20200814","[1390793, 1390874, 1394311, 1390910]"
"CBN-Pla-B2-20130724","[1390793, 1651061, 1390874, 1392336]"
"CBN-Pla-B2-20130808","[1395807, 1390793, 1395868, 1397500]"
"CBN-Pla-B2-20130904","[1395807, 1395870, 1741880, 1394311]"
"CBN-Pla-B2-20140722","[1390793, 1390904, 1390874, 1390756]"
"CBN-Pla-B2-20140812","[1395807, 1390793, 1394311, 1390910]"
"CBN-Pla-B2-20140902","[1395807, 1394311, 1395868, 1361281]"
"CBN-Pla-B2-20150702","[1390793, 1651061, 1390874, 1390910]"
"CBN-Pla-B2-20150723","[1395807, 1741880, 1395870, 1394311]"
"CBN-Pla-B2-20150811","[1395807, 1392558, 1394311, 1395868]"
"CBN-Pla-B2-20150901","[1395807, 1390793, 1394311, 1390874]"
"CBN-Pla-B2-20160707","[1390793, 1741880, 1395870, 1651061]"
"CBN-Pla-B2-20160728","[1395807, 1395870, 1741880, 1390793]"
"CBN-Pla-B2-20180724","[1651061, 1390874, 1394311, 1743235]"
"CBN-Pla-B2-20180816","[1395807, 1395870, 1741880, 1390793]"
"CBN-Pla-B2-20180906","[1395807, 1390793, 1395870, 1741880]"
"CBN-Pla-B2-20190723","[1395807, 1741880, 1395870, 1395868]"
"CBN-Pla-B2-20190814","[1395807, 1741880, 1395870, 1390793]"
"CBN-Pla-B2-20200723","[1395807, 1395870, 1741880, 1390793]"
"CBN-Pla-B2-20200814","[1395807, 1390793, 1395870, 1394311]"
"CBN-Pla-B3-20130724","[1394311, 1390874, 1651061, 1741589]"
"CBN-Pla-B3-20130808","[1395807, 1396253, 1394311, 1397500]"
"CBN-Pla-B3-20130904","[1395807, 1741880, 1394311, 1395870]"
"CBN-Pla-B3-20140722","[1390793, 1651061, 1394311, 1390874]"
"CBN-Pla-B3-20140812","[1395807, 1412857, 1390793, 1395870]"
"CBN-Pla-B3-20140902","[1395807, 1361367, 1394311, 1651061]"
"CBN-Pla-B3-20150811","[1395807, 1395870, 1741880, 1394311]"
"CBN-Pla-B3-20150901","[1395807, 1361347, 1390793, 1394311]"
"CBN-Pla-B3-20160707","[1390793, 1394311, 1651061, 1741880]"
"CBN-Pla-B3-20160728","[1395807, 1741880, 1390793, 1395870]"
"CBN-Pla-B3-20180724","[1390793, 1361347, 1394311, 1651061]"
"CBN-Pla-B3-20180816","[1395807, 1395870, 1741880, 1395868]"
"CBN-Pla-B3-20180906","[1395807, 1390793, 1742052, 1390756]"
"CBN-Pla-B3-20190723","[1395807, 1741880, 1395870, 1394311]"
"CBN-Pla-B3-20190814","[1395807, 1394311, 1741880, 1519650]"
"CBN-Pla-B3-20200723","[1395807, 1395870, 1390793, 1741880]"
"CBN-Pla-B3-20200814","[1395807, 1741880, 1394311, 1390874]"
"CBN-Pla-B4-20130724","[1390793, 1418612, 1651061, 1390874]"
"CBN-Pla-B4-20130808","[1395807, 1392299, 1392336, 1361284]"
"CBN-Pla-B4-20130904","[1395807, 1395870, 1741880, 1392299]"
"CBN-Pla-B4-20140722","[1390793, 1651061, 1362023, 1651162]"
"CBN-Pla-B4-20140812","[1395807, 1395868, 1418688, 1397500]"
"CBN-Pla-B4-20140902","[1395807, 1390793, 1392299, 1361284]"
"CBN-Pla-B4-20150702","[1390793, 1394311, 1651061, 1361347]"
"CBN-Pla-B4-20150723","[1395807, 1741880, 1395870, 1390793]"
"CBN-Pla-B4-20150811","[1395807, 1741880, 1395870, 1390874]"
"CBN-Pla-B4-20150901","[1395807, 1361347, 1390793, 1394311]"
"CBN-Pla-B4-20160707","[1390793, 1361347, 1651061, 1741880]"
"CBN-Pla-B4-20160728","[1395807, 1397046, 1741880, 1396253]"
"CBN-Pla-B4-20180724","[1390793, 1651061, 1394311, 1390904]"
"CBN-Pla-B4-20180816","[1395807, 1397046, 1397043, 1741880]"
"CBN-Pla-B4-20180906","[1395807, 1741880, 1395870, 1390793]"
"CBN-Pla-B4-20190723","[1395807, 1395870, 1741880, 1395868]"
"CBN-Pla-B4-20190814","[1395807, 1741880, 1392299, 1395870]"
"CBN-Pla-B4-20200723","[1395807, 1390793, 1390756, 1392336]"
"CBN-Pla-B4-20200814","[1395807, 1390793, 1395868, 1651061]"
"CBN-Pla-B5-20130724","[1390874, 1651061, 1390837, 1651142]"
"CBN-Pla-B5-20130808","[1395807, 1395870, 1741880, 1395868]"
"CBN-Pla-B5-20130904","[1395807, 1741880, 1390793, 1394311]"
"CBN-Pla-B5-20140722","[1390793, 1390874, 1390904, 1651061]"
"CBN-Pla-B5-20140812","[1395807, 1741880, 1395870, 1397500]"
"CBN-Pla-B5-20140902","[1395807, 1361367, 1361382, 1394311]"
"CBN-Pla-B5-20150702","[1390793, 1394311, 1651061, 1418612]"
"CBN-Pla-B5-20150723","[1395807, 1397043, 1395870, 1741880]"
"CBN-Pla-B5-20150811","[1395807, 1395870, 1741880, 1360269]"
"CBN-Pla-B5-20150901","[1395807, 1395870, 1741880, 1360269]"
"CBN-Pla-B5-20160707","[1390793, 1395807, 1395870, 1394311]"
"CBN-Pla-B5-20160728","[1397043, 1395807, 1394311, 1651061]"
"CBN-Pla-B5-20180724","[1651142, 1741880, 1651061, 1395990]"
"CBN-Pla-B5-20180816","[1395807, 1395870, 1741880, 1390659]"
"CBN-Pla-B5-20180906","[1395807, 1741880, 1390793, 1397500]"
"CBN-Pla-B5-20190723","[1395807, 1651061, 1395870, 1396682]"
"CBN-Pla-B5-20190814","[1395807, 1395870, 1361367, 1394311]"
"CBN-Pla-B5-20200723","[1395807, 1397043, 1394910, 1651061]"
"CBN-Pla-B5-20200814","[1395807, 1741880, 1395870, 1390793]"
"CBN-Pla-B6-20130724","[1390793, 1651061, 1390874, 1390904]"
"CBN-Pla-B6-20130808","[1395807, 1397500, 1392336, 1741880]"
"CBN-Pla-B6-20130904","[1395807, 1396144, 1394311, 1390793]"
"CBN-Pla-B6-20140722","[1390793, 1396144, 1395949, 1651061]"
"CBN-Pla-B6-20140812","[1395807, 1396144, 1390793, 1394311]"
"CBN-Pla-B6-20140902","[1395807, 1392299, 1651061, 1361281]"
"CBN-Pla-B6-20150702","[1390793, 1390874, 1651061, 1390904]"
"CBN-Pla-B6-20150723","[1395807, 1396869, 1394311, 1651061]"
"CBN-Pla-B6-20150811","[1395807, 1395940, 1390793, 1394311]"
"CBN-Pla-B6-20150901","[1395807, 1390793, 1394311, 1651061]"
"CBN-Pla-B6-20160707","[1390793, 1394311, 1396144, 1651061]"
"CBN-Pla-B6-20160728","[1395807, 1397046, 1394311, 1397045]"
"CBN-Pla-B6-20180816","[1395807, 1741880, 1397045, 1390793]"
"CBN-Pla-B6-20180906","[1395807, 1395940, 1396015, 1390793]"
"CBN-Pla-B6-20190723","[1395807, 1741880, 1390793, 1394311]"
"CBN-Pla-B6-20190814","[1395807, 1741880, 1361284, 1394311]"
"CBN-Pla-B6-20200723","[1395807, 1741880, 1390793, 1395870]"
"CBN-Pla-B6-20200814","[1395807, 1390793, 1741880, 1394311]"
"CBN-Pla-C1-20130808","[1395807, 1395870, 1390793, 1394311]"
"CBN-Pla-C1-20130904","[1395807, 1651061, 1394910, 1397468]"
"CBN-Pla-C1-20150702","[1390793, 1741880, 1395807, 1394311]"
"CBN-Pla-C1-20150723","[1395807, 1395870, 1394311, 1361284]"
"CBN-Pla-C1-20150811","[1395807, 1395870, 1394311, 1394911]"
"CBN-Pla-C1-20150901","[1395807, 1390793, 1395870, 1418688]"
"CBN-Pla-C1-20160707","[1395807, 1390793, 1741880, 1394311]"
"CBN-Pla-C1-20160728","[1395807, 1651061, 1394311, 1391331]"
"CBN-Pla-C1-20180816","[1395807, 1395870, 1397046, 1390793]"
"CBN-Pla-C1-20180906","[1395807, 1395870, 1741880, 1394311]"
"CBN-Pla-C1-20190723","[1395807, 1395870, 1392535, 1392541]"
"CBN-Pla-C1-20190814","[1395807, 1395870, 1394311, 1395868]"
"CBN-Pla-C1-20200723","[1395807, 1651061, 1397500, 1741810]"
"CBN-Pla-C1-20200814","[1395807, 1394311, 1395868, 1361281]"
"CBN-Pla-C2-20130808","[1390793, 1395807, 1395870, 1390756]"
"CBN-Pla-C2-20130904","[1395870, 1741880, 1394311, 1361284]"
"CBN-Pla-C2-20140722","[1651061, 1390837, 1361347, 1390756]"
"CBN-Pla-C2-20140902","[1395807, 1395870, 1412857, 1394641]"
"CBN-Pla-C2-20150702","[1390793, 1651061, 1390870, 1390904]"
"CBN-Pla-C2-20150723","[1395870, 1395807, 1741880, 1651061]"
"CBN-Pla-C2-20150811","[1395807, 1395870, 1394643, 1390793]"
"CBN-Pla-C2-20150901","[1394542, 1395870, 1412857, 1741880]"
"CBN-Pla-C2-20160707","[1390793, 1418612, 1651061, 1390904]"
"CBN-Pla-C2-20160728","[1412857, 1390793, 1394641, 1394311]"
"CBN-Pla-C2-20180724","[1390793, 1651061, 1390874, 1361347]"
"CBN-Pla-C2-20180816","[1396253, 1395807, 1390793, 1390756]"
"CBN-Pla-C2-20180906","[1412857, 1392299, 1361284, 1397500]"
"CBN-Pla-C2-20190723","[1395807, 1742052, 1412857, 1418612]"
"CBN-Pla-C2-20190814","[1390793, 1412857, 1741880, 1392299]"
"CBN-Pla-C2-20200723","[1395807, 1400176, 1394311, 1390793]"
"CBN-Pla-C2-20200814","[1395807, 1390793, 1394311, 1651061]"
"CBN-Pla-C3-20130808","[1395807, 1390793, 1392299, 1394311]"
"CBN-Pla-C3-20130904","[1395807, 1390793, 1394311, 1651061]"
"CBN-Pla-C3-20140722","[1390793, 1651061, 1361389, 1390837]"
"CBN-Pla-C3-20140902","[1395807, 1390793, 1392299, 1361284]"
"CBN-Pla-C3-20150702","[1390793, 1651061, 1394311, 1390837]"
"CBN-Pla-C3-20150723","[1395807, 1390793, 1397046, 1519650]"
"CBN-Pla-C3-20150811","[1395807, 1390793, 1395870, 1741880]"
"CBN-Pla-C3-20150901","[1395807, 1390793, 1395870, 1741880]"
"CBN-Pla-C3-20160707","[1390793, 1395807, 1394311, 1418612]"
"CBN-Pla-C3-20160728","[1395807, 1741880, 1395870, 1390793]"
"CBN-Pla-C3-20180724","[1390793, 1390874, 1361347, 1390870]"
"CBN-Pla-C3-20180816","[1395807, 1395870, 1390793, 1397500]"
"CBN-Pla-C3-20180906","[1395807, 1390793, 1741880, 1651061]"
"CBN-Pla-C3-20190723","[1395807, 1390793, 1651061, 1654153]"
"CBN-Pla-C3-20190814","[1395807, 1390793, 1394311, 1397046]"
"CBN-Pla-C3-20200723","[1395807, 1741880, 1390793, 1395870]"
"CBN-Pla-C3-20200814","[1395807, 1390793, 1394311, 1651061]"
"CBN-Pla-C4-20130808","[1395807, 1361585, 1397500, 1390910]"
"CBN-Pla-C4-20130904","[1395807, 1741880, 1395868, 1651061]"
"CBN-Pla-C4-20140902","[1395807, 1394311, 1361099, 1392299]"
"CBN-Pla-C4-20150702","[1390793, 1390837, 1651061, 1395807]"
"CBN-Pla-C4-20150723","[1395807, 1395870, 1394311, 1395868]"
"CBN-Pla-C4-20150811","[1395807, 1394311, 1395868, 1397528]"
"CBN-Pla-C4-20150901","[1395807, 1390793, 1397500, 1394311]"
"CBN-Pla-C4-20160707","[1395807, 1390793, 1741880, 1394311]"
"CBN-Pla-C4-20160728","[1395807, 1397043, 1397046, 1741880]"
"CBN-Pla-C4-20180724","[1390793, 1397500, 1390904, 1390756]"
"CBN-Pla-C4-20180816","[1395807, 1390793, 1395870, 1741880]"
"CBN-Pla-C4-20180906","[1395807, 1397500, 1395870, 1741880]"
"CBN-Pla-C4-20190723","[1395807, 1397500, 1394311, 1395868]"
"CBN-Pla-C4-20190814","[1395807, 1395870, 1741880, 1395868]"
"CBN-Pla-C4-20200723","[1395807, 1395868, 1396253, 1395870]"
"CBN-Pla-C4-20200814","[1395807, 1394641, 1394311, 1395868]"
"CBN-Pla-C5-20130808","[1395807, 1396144, 1390793, 1394311]"
"CBN-Pla-C5-20130904","[1395807, 1396144, 1395870, 1741880]"
"CBN-Pla-C5-20140722","[1396144, 1390793, 1396145, 1394311]"
"CBN-Pla-C5-20140902","[1395807, 1396144, 1390793, 1651061]"
"CBN-Pla-C5-20150702","[1390793, 1361585, 1651061, 1394311]"
"CBN-Pla-C5-20150723","[1395807, 1390793, 1395868, 1651061]"
"CBN-Pla-C5-20150811","[1395807, 1396869, 1395870, 1390793]"
"CBN-Pla-C5-20150901","[1395807, 1390793, 1394311, 1361347]"
"CBN-Pla-C5-20160707","[1395807, 1390793, 1395870, 1741880]"
"CBN-Pla-C5-20160728","[1395807, 1395870, 1390793, 1741880]"
"CBN-Pla-C5-20180724","[1390793, 1396144, 1397491, 1390874]"
"CBN-Pla-C5-20180816","[1395807, 1390793, 1390756, 1392407]"
"CBN-Pla-C5-20180906","[1395807, 1390793, 1394311, 1396858]"
"CBN-Pla-C5-20190723","[1395807, 1390793, 1397500, 1395868]"
"CBN-Pla-C5-20190814","[1395807, 1395870, 1390793, 1394311]"
"CBN-Pla-C5-20200723","[1395807, 1412857, 1390793, 1394641]"
"CBN-Pla-C5-20200814","[1395807, 1418688, 1395868, 1394311]"
"CBN-Pla-C6-20130808","[1395807, 1391666, 1390756, 1397500]"
"CBN-Pla-C6-20130904","[1395807, 1741880, 1395870, 1390793]"
"CBN-Pla-C6-20140902","[1395807, 1395868, 1394311, 1651061]"
"CBN-Pla-C6-20150702","[1390793, 1362023, 1394311, 1390756]"
"CBN-Pla-C6-20150723","[1395807, 1741880, 1395870, 1394311]"
"CBN-Pla-C6-20150811","[1395807, 1390793, 1394311, 1390756]"
"CBN-Pla-C6-20150901","[1395807, 1390793, 1394311, 1395868]"
"CBN-Pla-C6-20160707","[1395807, 1390793, 1741880, 1394311]"
"CBN-Pla-C6-20160728","[1395807, 1395870, 1741880, 1394311]"
"CBN-Pla-C6-20180724","[1390793, 1390874, 1651061, 1394311]"
"CBN-Pla-C6-20180816","[1395807, 1390793, 1741880, 1390756]"
"CBN-Pla-C6-20180906","[1395807, 1390793, 1394311, 1741880]"
"CBN-Pla-C6-20190723","[1395807, 1741880, 1395870, 1390793]"
"CBN-Pla-C6-20190814","[1395807, 1741880, 1395870, 1390793]"
"CBN-Pla-C6-20200723","[1395807, 1390793, 1741880, 1394311]"
"CBN-Pla-C6-20200814","[1395807, 1741880, 1395870, 1390793]"
"CBN-Pla-D1-20130808","[1395807, 1390793, 1394311, 1390846]"
"CBN-Pla-D1-20130904","[1395807, 1390793, 1394311, 1394542]"
"CBN-Pla-D1-20140722","[1390793, 1651061, 1394311, 1390756]"
"CBN-Pla-D1-20140902","[1395807, 1361281, 1394311, 1361284]"
"CBN-Pla-D1-20150702","[1390793, 1741880, 1394311, 1390837]"
"CBN-Pla-D1-20150723","[1395807, 1394311, 1361281, 1397500]"
"CBN-Pla-D1-20150811","[1395807, 1390793, 1394311, 1397500]"
"CBN-Pla-D1-20150901","[1395807, 1390793, 1392299, 1394311]"
"CBN-Pla-D1-20160707","[1395807, 1390793, 1651061, 1394311]"
"CBN-Pla-D1-20160728","[1395807, 1390793, 1394311, 1651061]"
"CBN-Pla-D1-20180724","[1390793, 1361347, 1394311, 1651061]"
"CBN-Pla-D1-20180816","[1395807, 1395870, 1397043, 1390793]"
"CBN-Pla-D1-20180906","[1395807, 1741880, 1390793, 1394311]"
"CBN-Pla-D1-20190723","[1395807, 1390793, 1394311, 1412857]"
"CBN-Pla-D1-20190814","[1395807, 1392299, 1361281, 1361284]"
"CBN-Pla-D1-20200723","[1395807, 1395868, 1651061, 1397500]"
"CBN-Pla-D1-20200814","[1395807, 1390793, 1394311, 1397500]"
"CBN-Pla-D2-20130808","[1395807, 1390793, 1394311, 1390874]"
"CBN-Pla-D2-20130904","[1395807, 1396843, 1396869, 1362023]"
"CBN-Pla-D2-20140722","[1651061, 1390874, 1390837, 1390870]"
"CBN-Pla-D2-20140902","[1395807, 1361281, 1394641, 1393200]"
"CBN-Pla-D2-20150702","[1390793, 1390927, 1651061, 1390837]"
"CBN-Pla-D2-20150723","[1396843, 1395807, 1396869, 1362023]"
"CBN-Pla-D2-20150811","[1395807, 1412857, 1394641, 1397500]"
"CBN-Pla-D2-20150901","[1395807, 1412857, 1390793, 1741880]"
"CBN-Pla-D2-20160707","[1412857, 1390793, 1394641, 1651061]"
"CBN-Pla-D2-20160728","[1412857, 1395807, 1396843, 1394641]"
"CBN-Pla-D2-20180724","[1412857, 1390793, 1390837, 1394641]"
"CBN-Pla-D2-20180816","[1397046, 1412857, 1395807, 1394641]"
"CBN-Pla-D2-20180906","[1412857, 1395807, 1390793, 1394641]"
"CBN-Pla-D2-20190723","[1395807, 1412857, 1394641, 1396253]"
"CBN-Pla-D2-20190814","[1412857, 1741880, 1394641, 1395807]"
"CBN-Pla-D2-20200723","[1395807, 1412857, 1396253, 1394641]"
"CBN-Pla-D2-20200814","[1741624, 1412857, 1359296, 1395807]"
"CBN-Pla-D3-20130808","[1395870, 1741880, 1395807, 1392628]"
"CBN-Pla-D3-20130904","[1395807, 1395870, 1741880, 1651061]"
"CBN-Pla-D3-20140722","[1651061, 1359937, 1397500, 1390837]"
"CBN-Pla-D3-20140902","[1395807, 1395870, 1741880, 1651061]"
"CBN-Pla-D3-20150702","[1397500, 1395807, 1741880, 1651061]"
"CBN-Pla-D3-20150723","[1395807, 1741880, 1395870, 1364066]"
"CBN-Pla-D3-20150811","[1395807, 1741880, 1395870, 1360269]"
"CBN-Pla-D3-20150901","[1395870, 1741880, 1395807, 1390793]"
"CBN-Pla-D3-20160707","[1395807, 1741880, 1395870, 1397500]"
"CBN-Pla-D3-20160728","[1395870, 1741880, 1395807, 1390793]"
"CBN-Pla-D3-20180724","[1390793, 1361347, 1390874, 1651061]"
"CBN-Pla-D3-20180816","[1395807, 1395870, 1741880, 1390756]"
"CBN-Pla-D3-20180906","[1395807, 1741880, 1395870, 1390793]"
"CBN-Pla-D3-20190723","[1395807, 1741880, 1395870, 1356422]"
"CBN-Pla-D3-20190814","[1395807, 1395870, 1741880, 1392274]"
"CBN-Pla-D3-20200723","[1395807, 1741880, 1395870, 1390793]"
"CBN-Pla-D3-20200814","[1741880, 1395870, 1395807, 1392566]"
"CBN-Pla-D4-20130808","[1395807, 1395870, 1741880, 1390793]"
"CBN-Pla-D4-20130904","[1395807, 1395870, 1741880, 1397046]"
"CBN-Pla-D4-20140722","[1390793, 1651061, 1394311, 1390874]"
"CBN-Pla-D4-20140902","[1395807, 1395870, 1390793, 1741880]"
"CBN-Pla-D4-20150702","[1390793, 1418612, 1720959, 1651061]"
"CBN-Pla-D4-20150723","[1395807, 1395870, 1390793, 1394311]"
"CBN-Pla-D4-20150811","[1395807, 1395870, 1741880, 1390793]"
"CBN-Pla-D4-20150901","[1395870, 1395807, 1390793, 1741880]"
"CBN-Pla-D4-20160707","[1390793, 1418612, 1394311, 1394655]"
"CBN-Pla-D4-20160728","[1395807, 1395870, 1741880, 1394311]"
"CBN-Pla-D4-20180724","[1390793, 1390756, 1394311, 1651061]"
"CBN-Pla-D4-20180816","[1395807, 1395870, 1741880, 1395868]"
"CBN-Pla-D4-20180906","[1395807, 1395870, 1741880, 1390793]"
"CBN-Pla-D4-20190723","[1395807, 1741880, 1395870, 1390793]"
"CBN-Pla-D4-20190814","[1395807, 1741880, 1395870, 1390793]"
"CBN-Pla-D4-20200723","[1395807, 1396253, 1741880, 1395870]"
"CBN-Pla-D4-20200814","[1395807, 1395870, 1361281, 1741880]"
"CBN-Pla-D5-20130808","[1395807, 1741880, 1395870, 1359835]"
"CBN-Pla-D5-20130904","[1395807, 1390793, 1396253, 1418612]"
"CBN-Pla-D5-20140722","[1390793, 1361063, 1418612, 1390904]"
"CBN-Pla-D5-20140902","[1395807, 1394311, 1651061, 1741880]"
"CBN-Pla-D5-20150702","[1390793, 1395807, 1741880, 1356424]"
"CBN-Pla-D5-20150723","[1395807, 1395870, 1390793, 1394311]"
"CBN-Pla-D5-20150811","[1395807, 1397500, 1741880, 1390910]"
"CBN-Pla-D5-20150901","[1395807, 1390793, 1390874, 1741880]"
"CBN-Pla-D5-20160707","[1741880, 1395807, 1395870, 1390793]"
"CBN-Pla-D5-20160728","[1395807, 1741880, 1397046, 1397500]"
"CBN-Pla-D5-20180724","[1390793, 1651061, 1390904, 1392407]"
"CBN-Pla-D5-20180816","[1395807, 1397046, 1397045, 1395870]"
"CBN-Pla-D5-20180906","[1395807, 1390793, 1395870, 1390874]"
"CBN-Pla-D5-20190723","[1395807, 1741880, 1395870, 1397500]"
"CBN-Pla-D5-20190814","[1395807, 1741880, 1395870, 1651061]"
"CBN-Pla-D5-20200723","[1395807, 1395870, 1395868, 1390793]"
"CBN-Pla-D6-20130808","[1395807, 1395868, 1397500, 1359835]"
"CBN-Pla-D6-20130904","[1395807, 1395870, 1741880, 1397046]"
"CBN-Pla-D6-20140722","[1390793, 1651061, 1390904, 1396974]"
"CBN-Pla-D6-20140902","[1395807, 1741880, 1395870, 1397500]"
"CBN-Pla-D6-20150702","[1395807, 1741880, 1394597, 1394598]"
"CBN-Pla-D6-20150723","[1395807, 1396253, 1741880, 1395870]"
"CBN-Pla-D6-20150811","[1395807, 1395870, 1741880, 1392558]"
"CBN-Pla-D6-20150901","[1395807, 1741880, 1395868, 1397500]"
"CBN-Pla-D6-20160707","[1395807, 1741880, 1395870, 1651061]"
"CBN-Pla-D6-20160728","[1395807, 1395870, 1741880, 1391881]"
"CBN-Pla-D6-20180724","[1390793, 1394597, 1394598, 1394603]"
"CBN-Pla-D6-20180816","[1395807, 1395870, 1741880, 1397046]"
"CBN-Pla-D6-20180906","[1395807, 1395870, 1741880, 1651061]"
"CBN-Pla-D6-20190723","[1395807, 1395870, 1741880, 1397500]"
"CBN-Pla-D6-20190814","[1395807, 1394311, 1395868, 1519650]"
"CBN-Pla-D6-20200723","[1395807, 1395870, 1741880, 1397500]"
"CBN-Pla-D6-20200814","[1395807, 1741880, 1395868, 1397046]"
"CBN-Pla-E1-20130808","[1390793, 1396253, 1396843, 1361585]"
"CBN-Pla-E1-20130904","[1396253, 1390793, 1741880, 1390874]"
"CBN-Pla-E1-20140722","[1390793, 1418612, 1356042, 1651061]"
"CBN-Pla-E1-20140902","[1361281, 1361367, 1394311, 1651061]"
"CBN-Pla-E1-20150702","[1390793, 1396144, 1361281, 1394311]"
"CBN-Pla-E1-20150723","[1412857, 1390793, 1396843, 1396253]"
"CBN-Pla-E1-20150901","[1390793, 1412857, 1394311, 1361585]"
"CBN-Pla-E1-20160707","[1390793, 1394311, 1651061, 1394910]"
"CBN-Pla-E1-20160728","[1741624, 1396144, 1728573, 1392535]"
"CBN-Pla-E1-20180816","[1741624, 1647128, 1390793, 1361347]"
"CBN-Pla-E1-20180906","[1647128, 1396441, 1394542, 1396144]"
"CBN-Pla-E1-20190723","[1392535, 1396253, 1647128, 1396441]"
"CBN-Pla-E1-20190814","[1396253, 1396441, 1396355, 1413349]"
"CBN-Pla-E1-20200630","[1651061, 1395949, 1392407, 1397046]"
"CBN-Pla-E1-20200723","[1741624, 1359296, 1412857, 1394641]"
"CBN-Pla-E1-20200814","[1396253, 1412857, 1396441, 1647128]"
"CBN-Pla-E2-20130808","[1390793, 1396272, 1738749, 1394311]"
"CBN-Pla-E2-20130904","[1396272, 1412857, 1741624, 1394311]"
"CBN-Pla-E2-20140722","[1396144, 1396272, 1396145, 1738749]"
"CBN-Pla-E2-20140902","[1412857, 1390793, 1394311, 1651061]"
"CBN-Pla-E2-20150702","[1396144, 1396253, 1390793, 1394311]"
"CBN-Pla-E2-20150723","[1396253, 1741624, 1390793, 1394311]"
"CBN-Pla-E2-20150901","[1396253, 1390793, 1412857, 1362023]"
"CBN-Pla-E2-20160707","[1396253, 1390793, 1394311, 1651061]"
"CBN-Pla-E2-20160728","[1396253, 1741624, 1359296, 1390793]"
"CBN-Pla-E2-20180724","[1390793, 1412857, 1394641, 1394643]"
"CBN-Pla-E2-20180816","[1396253, 1741624, 1359296, 1390793]"
"CBN-Pla-E2-20180906","[1396253, 1412857, 1394641, 1742053]"
"CBN-Pla-E2-20190723","[1396253, 1412857, 1394311, 1394641]"
"CBN-Pla-E2-20190814","[1412857, 1647141, 1647128, 1390793]"
"CBN-Pla-E2-20200630","[1418612, 1394311, 1651061, 1419963]"
"CBN-Pla-E2-20200723","[1396253, 1741624, 1412857, 1390793]"
"CBN-Pla-E2-20200814","[1396253, 1390793, 1361281, 1647128]"
"CBN-Pla-E3-20130808","[1396253, 1390793, 1396144, 1394311]"
"CBN-Pla-E3-20130904","[1396253, 1396144, 1390793, 1394311]"
"CBN-Pla-E3-20140722","[1390793, 1396144, 1651061, 1418612]"
"CBN-Pla-E3-20140902","[1412857, 1390793, 1361284, 1394311]"
"CBN-Pla-E3-20150702","[1396253, 1390793, 1361347, 1394311]"
"CBN-Pla-E3-20150723","[1396253, 1412857, 1390793, 1394311]"
"CBN-Pla-E3-20150811","[1396253, 1412857, 1361281, 1394311]"
"CBN-Pla-E3-20150901","[1396253, 1412857, 1390793, 1396843]"
"CBN-Pla-E3-20160707","[1390793, 1396253, 1394311, 1651061]"
"CBN-Pla-E3-20160728","[1396253, 1397046, 1394311, 1651061]"
"CBN-Pla-E3-20180724","[1390793, 1394641, 1390837, 1651061]"
"CBN-Pla-E3-20180816","[1396253, 1397046, 1412857, 1390793]"
"CBN-Pla-E3-20180906","[1412857, 1390793, 1362023, 1394641]"
"CBN-Pla-E3-20190723","[1396253, 1392535, 1412857, 1390793]"
"CBN-Pla-E3-20190814","[1396253, 1394311, 1390793, 1651061]"
"CBN-Pla-E3-20200630","[1390793, 1651061, 1394311, 1390837]"
"CBN-Pla-E3-20200723","[1396253, 1412857, 1397046, 1390793]"
"CBN-Pla-E3-20200814","[1412857, 1400176, 1390793, 1361281]"
"CBN-Pla-E4-20130808","[1396253, 1390793, 1394311, 1390874]"
"CBN-Pla-E4-20130904","[1396843, 1390793, 1394311, 1651061]"
"CBN-Pla-E4-20140722","[1390793, 1418612, 1651061, 1394311]"
"CBN-Pla-E4-20140902","[1396843, 1361367, 1361281, 1361347]"
"CBN-Pla-E4-20150702","[1390793, 1651061, 1361347, 1361281]"
"CBN-Pla-E4-20150811","[1396253, 1396843, 1361281, 1390874]"
"CBN-Pla-E4-20150901","[1390793, 1395870, 1394311, 1361281]"
"CBN-Pla-E4-20160707","[1390793, 1651061, 1394311, 1390874]"
"CBN-Pla-E4-20160728","[1390793, 1394311, 1394641, 1362023]"
"CBN-Pla-E4-20180724","[1390793, 1361347, 1390837, 1651061]"
"CBN-Pla-E4-20180816","[1396253, 1395807, 1390793, 1394311]"
"CBN-Pla-E4-20180906","[1396843, 1396253, 1741880, 1396869]"
"CBN-Pla-E4-20190723","[1396253, 1395807, 1390793, 1741880]"
"CBN-Pla-E4-20190814","[1394311, 1390793, 1651061, 1361281]"
"CBN-Pla-E4-20200630","[1651061, 1361703, 1360981, 1743474]"
"CBN-Pla-E4-20200723","[1395807, 1397046, 1390793, 1397045]"
"CBN-Pla-E4-20200814","[1395807, 1390793, 1395870, 1741880]"
"CBN-Pla-E5-20130808","[1395807, 1361347, 1390793, 1394597]"
"CBN-Pla-E5-20130904","[1395807, 1741880, 1392299, 1361284]"
"CBN-Pla-E5-20140722","[1390793, 1651061, 1390837, 1361347]"
"CBN-Pla-E5-20140902","[1361347, 1395807, 1361284, 1651061]"
"CBN-Pla-E5-20150702","[1390793, 1720959, 1394311, 1361347]"
"CBN-Pla-E5-20150723","[1395807, 1362023, 1651061, 1361281]"
"CBN-Pla-E5-20150811","[1395807, 1361347, 1362023, 1741880]"
"CBN-Pla-E5-20150901","[1395807, 1412857, 1394311, 1361347]"
"CBN-Pla-E5-20160707","[1390793, 1361347, 1394311, 1390874]"
"CBN-Pla-E5-20160728","[1412857, 1395807, 1741880, 1394641]"
"CBN-Pla-E5-20180724","[1390793, 1394598, 1390756, 1361347]"
"CBN-Pla-E5-20180816","[1395807, 1741880, 1361347, 1390756]"
"CBN-Pla-E5-20180906","[1395807, 1397046, 1741880, 1362023]"
"CBN-Pla-E5-20190723","[1395807, 1395870, 1394911, 1390910]"
"CBN-Pla-E5-20190814","[1741880, 1395807, 1395870, 1392299]"
"CBN-Pla-E5-20200630","[1361703, 1651061, 1397070, 1357866]"
"CBN-Pla-E5-20200723","[1395807, 1390793, 1412857, 1395870]"
"CBN-Pla-E5-20200814","[1395807, 1412857, 1741880, 1390793]"
"CBN-Pla-E6-20130808","[1395807, 1390793, 1394311, 1390756]"
"CBN-Pla-E6-20130904","[1395807, 1412857, 1395870, 1394311]"
"CBN-Pla-E6-20140722","[1390793, 1412857, 1651061, 1390756]"
"CBN-Pla-E6-20140902","[1395807, 1412857, 1395870, 1361281]"
"CBN-Pla-E6-20150702","[1412857, 1390793, 1394641, 1390837]"
"CBN-Pla-E6-20150723","[1395807, 1412857, 1394643, 1394311]"
"CBN-Pla-E6-20150811","[1395807, 1412857, 1390793, 1395870]"
"CBN-Pla-E6-20150901","[1412857, 1395807, 1361347, 1390793]"
"CBN-Pla-E6-20160707","[1412857, 1390793, 1741880, 1394641]"
"CBN-Pla-E6-20160728","[1395807, 1741880, 1390756, 1394311]"
"CBN-Pla-E6-20180724","[1412857, 1394643, 1361347, 1390756]"
"CBN-Pla-E6-20180816","[1395807, 1412857, 1397046, 1397045]"
"CBN-Pla-E6-20180906","[1395807, 1412857, 1394643, 1362023]"
"CBN-Pla-E6-20190723","[1395807, 1390793, 1397500, 1390910]"
"CBN-Pla-E6-20190814","[1741624, 1395807, 1741880, 1395870]"
"CBN-Pla-E6-20200723","[1395807, 1412857, 1395870, 1741880]"
"CBN-Pla-E6-20200814","[1741624, 1396253, 1395807, 1359296]"
"CBN-Pla-F1-20130808","[1390793, 1394311, 1393660, 1390837]"
"CBN-Pla-F1-20130904","[1394311, 1651061, 1391359, 1390837]"
"CBN-Pla-F1-20140722","[1390793, 1393660, 1741880, 1392317]"
"CBN-Pla-F1-20140902","[1361281, 1394311, 1647128, 1741813]"
"CBN-Pla-F1-20150702","[1390793, 1396018, 1394311, 1396733]"
"CBN-Pla-F1-20150723","[1651162, 1394311, 1744480, 1651142]"
"CBN-Pla-F1-20150901","[1390793, 1394311, 1390874, 1720959]"
"CBN-Pla-F1-20160707","[1393679, 1394311, 1651061, 1393836]"
"CBN-Pla-F1-20160728","[1741624, 1359296, 1412585, 1728573]"
"CBN-Pla-F1-20180724","[1390793, 1651061, 1397528, 1390910]"
"CBN-Pla-F1-20180816","[1359296, 1741624, 1412585, 1519650]"
"CBN-Pla-F1-20180906","[1728573, 1394479, 1392737, 1392679]"
"CBN-Pla-F1-20190723","[1396733, 1654153, 1393679, 1743474]"
"CBN-Pla-F1-20190814","[1651162, 1361281, 1651142, 1361585]"
"CBN-Pla-F1-20200630","[1390793, 1651061, 1390910, 1390870]"
"CBN-Pla-F1-20200723","[1359296, 1741624, 1393646, 1391359]"
"CBN-Pla-F1-20200814","[1361281, 1651162, 1390874, 1361389]"
"CBN-Pla-F2-20130808","[1390793, 1412857, 1418612, 1394311]"
"CBN-Pla-F2-20130904","[1390793, 1394311, 1647128, 1362023]"
"CBN-Pla-F2-20140722","[1390793, 1651061, 1390910, 1390756]"
"CBN-Pla-F2-20140902","[1651061, 1361284, 1361585, 1361092]"
"CBN-Pla-F2-20150702","[1390793, 1394311, 1651061, 1361281]"
"CBN-Pla-F2-20150723","[1412857, 1741624, 1394643, 1362023]"
"CBN-Pla-F2-20150901","[1390793, 1394311, 1396733, 1412857]"
"CBN-Pla-F2-20160707","[1390793, 1418612, 1651061, 1361347]"
"CBN-Pla-F2-20160728","[1390793, 1651061, 1362023, 1741880]"
"CBN-Pla-F2-20180724","[1390793, 1390837, 1361057, 1390756]"
"CBN-Pla-F2-20180816","[1741624, 1359296, 1412585, 1390793]"
"CBN-Pla-F2-20180906","[1412857, 1390793, 1396253, 1394641]"
"CBN-Pla-F2-20190723","[1390793, 1394311, 1651142, 1390910]"
"CBN-Pla-F2-20190814","[1395718, 1396253, 1651061, 1390910]"
"CBN-Pla-F2-20200630","[1651061, 1394311, 1361914, 1720968]"
"CBN-Pla-F2-20200723","[1396733, 1390910, 1720959, 1396253]"
"CBN-Pla-F2-20200814","[1390793, 1394311, 1394643, 1651061]"
"CBN-Pla-F3-20130808","[1390793, 1394311, 1390874, 1390910]"
"CBN-Pla-F3-20130904","[1390793, 1394311, 1394643, 1651061]"
"CBN-Pla-F3-20140722","[1390793, 1651061, 1394311, 1651142]"
"CBN-Pla-F3-20140902","[1412857, 1361367, 1647128, 1394438]"
"CBN-Pla-F3-20150702","[1390793, 1394311, 1720959, 1361585]"
"CBN-Pla-F3-20150723","[1741624, 1359296, 1394643, 1412857]"
"CBN-Pla-F3-20150811","[1412857, 1647128, 1394641, 1361281]"
"CBN-Pla-F3-20150901","[1412857, 1394311, 1390793, 1362023]"
"CBN-Pla-F3-20160707","[1390793, 1651061, 1394311, 1362023]"
"CBN-Pla-F3-20160728","[1394643, 1412857, 1741624, 1394311]"
"CBN-Pla-F3-20180724","[1412857, 1390793, 1390756, 1651113]"
"CBN-Pla-F3-20180816","[1741624, 1412857, 1395718, 1394643]"
"CBN-Pla-F3-20180906","[1412857, 1390793, 1392299, 1394311]"
"CBN-Pla-F3-20190723","[1412857, 1390793, 1394643, 1394641]"
"CBN-Pla-F3-20190814","[1412857, 1651061, 1394311, 1394643]"
"CBN-Pla-F3-20200630","[1651061, 1737699, 1651142, 1362023]"
"CBN-Pla-F3-20200723","[1412857, 1390793, 1394643, 1737701]"
"CBN-Pla-F3-20200814","[1647128, 1412857, 1390793, 1361281]"
"CBN-Pla-F4-20130808","[1395807, 1390793, 1394641, 1390874]"
"CBN-Pla-F4-20130904","[1390793, 1394311, 1651061, 1390880]"
"CBN-Pla-F4-20140722","[1651061, 1390874, 1361077, 1390837]"
"CBN-Pla-F4-20150723","[1395807, 1647128, 1412857, 1394643]"
"CBN-Pla-F4-20150811","[1412857, 1647128, 1741813, 1361281]"
"CBN-Pla-F4-20150901","[1412857, 1390793, 1394311, 1394641]"
"CBN-Pla-F4-20160707","[1390793, 1412857, 1394641, 1394311]"
"CBN-Pla-F4-20160728","[1412857, 1394641, 1390793, 1394311]"
"CBN-Pla-F4-20180724","[1390793, 1412857, 1390837, 1361057]"
"CBN-Pla-F4-20180816","[1412857, 1390793, 1394643, 1394641]"
"CBN-Pla-F4-20180906","[1412857, 1394643, 1394641, 1390756]"
"CBN-Pla-F4-20190723","[1412857, 1394643, 1394641, 1390756]"
"CBN-Pla-F4-20190814","[1412857, 1394641, 1394643, 1394311]"
"CBN-Pla-F4-20200630","[1359937, 1361703, 1651061, 1651427]"
"CBN-Pla-F4-20200723","[1412857, 1395807, 1394643, 1394641]"
"CBN-Pla-F4-20200814","[1412857, 1395807, 1647128, 1361281]"
"CBN-Pla-F5-20130808","[1390793, 1394311, 1390874, 1651061]"
"CBN-Pla-F5-20130904","[1396253, 1394311, 1651061, 1392274]"
"CBN-Pla-F5-20140722","[1390793, 1651061, 1361347, 1390870]"
"CBN-Pla-F5-20140902","[1400176, 1396253, 1392299, 1651061]"
"CBN-Pla-F5-20150702","[1390793, 1394311, 1418612, 1390837]"
"CBN-Pla-F5-20150723","[1395807, 1741880, 1651061, 1390910]"
"CBN-Pla-F5-20150811","[1361281, 1395807, 1390793, 1394311]"
"CBN-Pla-F5-20150901","[1395807, 1361347, 1392299, 1390793]"
"CBN-Pla-F5-20160707","[1390793, 1395807, 1394311, 1651061]"
"CBN-Pla-F5-20160728","[1395807, 1400176, 1394311, 1361284]"
"CBN-Pla-F5-20180724","[1394311, 1390874, 1390756, 1651061]"
"CBN-Pla-F5-20180816","[1395807, 1397046, 1397045, 1390756]"
"CBN-Pla-F5-20180906","[1395807, 1392299, 1741880, 1390793]"
"CBN-Pla-F5-20190723","[1395807, 1396253, 1361284, 1392299]"
"CBN-Pla-F5-20190814","[1395807, 1400176, 1394311, 1392299]"
"CBN-Pla-F5-20200723","[1395807, 1390793, 1519650, 1390756]"
"CBN-Pla-F5-20200814","[1396253, 1395807, 1394311, 1651061]"
"CBN-Pla-F6-20130808","[1395807, 1396253, 1390793, 1418612]"
"CBN-Pla-F6-20130904","[1396843, 1651061, 1519650, 1390837]"
"CBN-Pla-F6-20140722","[1362023, 1651061, 1609716, 1418612]"
"CBN-Pla-F6-20140902","[1396253, 1362023, 1361284, 1390910]"
"CBN-Pla-F6-20150702","[1361585, 1390837, 1392336, 1390870]"
"CBN-Pla-F6-20150723","[1396253, 1395807, 1392336, 1651142]"
"CBN-Pla-F6-20150811","[1396843, 1361347, 1361281, 1651162]"
"CBN-Pla-F6-20150901","[1361347, 1395807, 1362023, 1392336]"
"CBN-Pla-F6-20160707","[1396253, 1390756, 1651142, 1743472]"
"CBN-Pla-F6-20160728","[1395807, 1397046, 1741880, 1362023]"
"CBN-Pla-F6-20180724","[1390756, 1390793, 1390837, 1361347]"
"CBN-Pla-F6-20180816","[1396253, 1395807, 1741880, 1395870]"
"CBN-Pla-F6-20180906","[1396253, 1361347, 1361281, 1392336]"
"CBN-Pla-F6-20190723","[1396253, 1396843, 1394828, 1395000]"
"CBN-Pla-F6-20190814","[1396253, 1361281, 1741880, 1361284]"
"CBN-Pla-F6-20200723","[1395807, 1397045, 1395870, 1741880]"
"CBN-Pla-F6-20200814","[1396253, 1395807, 1394641, 1720959]"
"CBN-Pyr-01-20230706","[1396843, 1396117, 1361284, 1394444]"
"CBN-Pyr-03-20230706","[1741624, 1359296, 1396015, 1395973]"
"CBN-can-A1-20230705","[1395807, 1412857, 1392608, 1360299]"
"CBN-can-A2-20230705","[1395807, 1393708, 1412857, 1397500]"
"CBN-can-A3-20230705","[1393200, 1412857, 1395807, 1392608]"
"CBN-can-A5-20230705","[1397475, 1395807, 1395190, 1392534]"
"CBN-can-A6-20230705","[1397475, 1400101, 1395190, 1358517]"
"CBN-can-B1-20230705","[1395807, 1392608, 1412857, 1360299]"
"CBN-can-B2-20230705","[1400101, 1392608, 1395807, 1360299]"
"CBN-can-B3-20230705","[1395807, 1412857, 1393200, 1394643]"
"CBN-can-B4-20230705","[1397475, 1393200, 1395190, 1391648]"
"CBN-can-B5-20230705","[1397475, 1400101, 1395807, 1392535]"
"CBN-can-B6-20230705","[1397475, 1395807, 1393679, 1395190]"
"CBN-can-C1-20230705","[1395807, 1393200, 1360861, 1397500]"
"CBN-can-C2-20230705","[1395807, 1393708, 1393200, 1395868]"
"CBN-can-C3-20230705","[1395807, 1364066, 1364068, 1393660]"
"CBN-can-C4-20230705","[1395807, 1364066, 1393708, 1741880]"
"CBN-can-D1-20230705","[1395807, 1393708, 1391161, 1364071]"
"CBN-can-D2-20230705","[1412857, 1395807, 1396253, 1361347]"
"CBN-can-D3-20230705","[1395807, 1647128, 1364066, 1393200]"
"CBN-can-D4-20230705","[1400101, 1395807, 1397043, 1393708]"
"CBN-can-E1-20230706","[1392608, 1395807, 1360299, 1741880]"
"CBN-can-E2-20230706","[1395807, 1395870, 1361284, 1395868]"
"CBN-can-E3-20230706","[1397430, 1392535, 1392534, 1395807]"
"CBN-can-E4-20230706","[1395807, 1360878, 1393681, 1360864]"
"CBN-can-E5-20230706","[1392537, 1392535, 1392608, 1360299]"
"CBN-can-E6-20230706","[1395807, 1392537, 1392534, 1392535]"
"CBN-can-F1-20230705","[1396253, 1395807, 1392535, 1392534]"
"CBN-can-F2-20230706","[1395807, 1412857, 1362729, 1361080]"
"CBN-can-F3-20230706","[1395807, 1361080, 1390756, 1392309]"
"CBN-can-F4-20230706","[1397430, 1393681, 1361598, 1360878]"
"CBN-can-F5-20230706","[1396843, 1392608, 1396253, 1393200]"
"GUARDEN-AMB-CF04-1-10-20240325","[1359344, 1363302, 1363882, 1359297]"
"GUARDEN-AMB-CF04-1-5-20240325","[1363302, 1363882, 1399623, 1396711]"
"GUARDEN-AMB-CF21-1-1-20240326","[1388812, 1399736, 1358711, 1564337]"
"GUARDEN-AMB-CF21-1-10-20240326","[1363302, 1722619, 1356521, 1393466]"
"GUARDEN-AMB-CF21-1-2-20240326","[1363302, 1360719, 1722441, 1358203]"
"GUARDEN-AMB-CF21-1-3-20240326","[1359344, 1363302, 1359297, 1360719]"
"GUARDEN-AMB-CF21-1-4-20240326","[1359344, 1363302, 1360978, 1359297]"
"GUARDEN-AMB-CF21-1-5-20240326","[1359344, 1359297, 1722619, 1363733]"
"GUARDEN-AMB-CF21-1-6-20240326","[1359344, 1359297, 1722619, 1363302]"
"GUARDEN-AMB-CF21-1-7-20240326","[1363302, 1722619, 1360701, 1359297]"
"GUARDEN-AMB-CF21-1-8-20240326","[1359344, 1722619, 1743403, 1363302]"
"GUARDEN-AMB-CF21-1-9-20240326","[1722619, 1743403, 1360006, 1359082]"
"GUARDEN-AMB-GV04-1-3-20240326","[1359297, 1359344, 1359298, 1743245]"
"GUARDEN-AMB-GV04-1-4-20240326","[1359297, 1359298, 1578113, 1359344]"
"GUARDEN-AMB-GV04-1-5-20240326","[1359297, 1359298, 1744526, 1578113]"
"GUARDEN-AMB-GV04-1-6-20240326","[1359297, 1359298, 1359169, 1397317]"
"GUARDEN-AMB-GV04-1-7-20240326","[1359297, 1359169, 1359298, 1743245]"
"GUARDEN-AMB-PR13-1-10-20240417","[1359297, 1359344, 1359298, 1412585]"
"GUARDEN-AMB-PR13-1-2-20240417","[1721018, 1364037, 1360701, 1359297]"
"GUARDEN-AMB-PR13-1-3-20240417","[1721018, 1360701, 1359297, 1364037]"
"GUARDEN-AMB-PR13-1-4-20240417","[1721018, 1364037, 1722441, 1722433]"
"GUARDEN-AMB-PR13-1-8-20240417","[1359344, 1359297, 1359298, 1744077]"
"GUARDEN-AMB-PR20-1-1-20240424","[1722441, 1737441, 1722433, 1393522]"
"GUARDEN-AMB-PR20-1-10-20240424","[1359297, 1359344, 1359298, 1743245]"
"GUARDEN-AMB-PR20-1-8-20240424","[1359344, 1359297, 1363170, 1360701]"
"GUARDEN-AMB-SA03-1-1-20240626","[1722441, 1359344, 1359297, 1722433]"
"GUARDEN-AMB-SA03-1-10-20240626","[1742852, 1363170, 1356045, 1359952]"
"GUARDEN-AMB-SA03-1-2-20240626","[1722441, 1359344, 1359297, 1737441]"
"GUARDEN-AMB-SA03-1-3-20240626","[1359344, 1358203, 1359297, 1722619]"
"GUARDEN-AMB-SA03-1-4-20240626","[1359344, 1359297, 1722441, 1359424]"
"GUARDEN-AMB-SA03-1-5-20240626","[1359344, 1360978, 1359424, 1359297]"
"GUARDEN-AMB-SA03-1-9-20240626","[1359297, 1359344, 1359298, 1356905]"
"GUARDEN-AMB-VC03-1-3-20240417","[1359344, 1356905, 1359297, 1363733]"
"GUARDEN-AMB-VC03-1-4-20240417","[1359344, 1356905, 1359297, 1356907]"
"GUARDEN-AMB-VC03-1-5-20240417","[1356905, 1359297, 1359298, 1359169]"
"GUARDEN-AMB-VC03-1-6-20240417","[1359344, 1359297, 1359298, 1359169]"
"GUARDEN-CBNMed-10-1-16-34-20240429","[1358503, 1392024, 1358509, 1358504]"
"GUARDEN-CBNMed-10-10-17-19-20240429","[1358613, 1548459, 1743299, 1360327]"
"GUARDEN-CBNMed-10-5-16-55-20240429","[1356785, 1358613, 1358503, 1357111]"
"GUARDEN-CBNMed-10-6-17-02-20240429","[1358613, 1356785, 1360260, 1359678]"
"GUARDEN-CBNMed-10-7-17-05-20240429","[1358613, 1357111, 1357099, 1495413]"
"GUARDEN-CBNMed-10-8-17-11-20240429","[1358613, 1548459, 1356576, 1360260]"
"GUARDEN-CBNMed-10-9-17-16-20240429","[1358613, 1358503, 1548459, 1357098]"
"GUARDEN-CBNMed-14-3-9-45-20240429","[1356728, 1356729, 1359678, 1364048]"
"GUARDEN-CBNMed-14-4-9-49-20240429","[1359676, 1359677, 1360578, 1360272]"
"GUARDEN-CBNMed-14-9-10-09-20240429","[1359676, 1359677, 1359678, 1360267]"
"GUARDEN-CBNMed-15-10-12-17-20240429","[1363731, 1363501, 1364171, 1394521]"
"GUARDEN-CBNMed-15-5-11-44-20240429","[1361190, 1363467, 1363468, 1364171]"
"GUARDEN-CBNMed-15-7-12-02-20240429","[1361190, 1363468, 1363467, 1364170]"
"GUARDEN-CBNMed-15-9-12-15-20240429","[1361315, 1363595, 1363489, 1363492]"
"GUARDEN-CBNMed-16-1-13-37-20240429","[1722409, 1744243, 1357120, 1388990]"
"GUARDEN-CBNMed-16-10-14-33-20240429","[1744243, 1722409, 1359548, 1363707]"
"GUARDEN-CBNMed-16-2-13-45-20240429","[1359548, 1363707, 1397517, 1743965]"
"GUARDEN-CBNMed-16-3-13-51-20240429","[1722409, 1744243, 1363707, 1359548]"
"GUARDEN-CBNMed-16-4-13-57-20240429","[1722409, 1744243, 1359548, 1363707]"
"GUARDEN-CBNMed-16-6-14-07-20240429","[1722409, 1744243, 1359548, 1361002]"
"GUARDEN-CBNMed-16-7-14-1-20240429","[1744243, 1722409, 1744279, 1502212]"
"GUARDEN-CBNMed-16-8-14-14-20240429","[1722409, 1360999, 1744243, 1392317]"
"GUARDEN-CBNMed-17-3-10-56-20240429","[1361106, 1360385, 1360417, 1360407]"
"GUARDEN-CBNMed-17-5-11-2-20240429","[1363212, 1363292, 1361106, 1363255]"
"GUARDEN-CBNMed-19-1-15-24-20240429","[1357743, 1396055, 1361190, 1361926]"
"GUARDEN-CBNMed-19-10-16-02-20240429","[1396055, 1361926, 1397487, 1397488]"
"GUARDEN-CBNMed-19-2-15-31-20240429","[1363413, 1363501, 1363403, 1392317]"
"GUARDEN-CBNMed-19-3-15-35-20240429","[1361190, 1363467, 1363468, 1363469]"
"GUARDEN-CBNMed-19-4-15-39-20240429","[1396055, 1396063, 1397487, 1361926]"
"GUARDEN-CBNMed-19-5-15-44-20240429","[1396055, 1361926, 1397487, 1396063]"
"GUARDEN-CBNMed-19-6-15-48-20240429","[1361926, 1396055, 1397487, 1361389]"
"GUARDEN-CBNMed-19-7-15-51-20240429","[1396055, 1361926, 1397487, 1396063]"
"GUARDEN-CBNMed-19-8-15-53-20240429","[1364168, 1358654, 1361190, 1364167]"
"GUARDEN-CBNMed-19-9-15-58-20240429","[1396055, 1361926, 1396063, 1363501]"
"GUARDEN-CBNMed-20-1-9-35-20240428","[1360443, 1364040, 1364039, 1357911]"
"GUARDEN-CBNMed-20-10-10-31-20240428","[1357114, 1359216, 1362454, 1357122]"
"GUARDEN-CBNMed-20-8-10-19-20240428","[1397376, 1360999, 1361092, 1356397]"
"GUARDEN-CBNMed-20-9-10-23-20240428","[1357114, 1359216, 1392509, 1398721]"
"GUARDEN-CBNMed-21-10-11-42-20240428","[1388990, 1356108, 1397376, 1358968]"
"GUARDEN-CBNMed-21-2-11-07-20240428","[1357122, 1357114, 1357117, 1397376]"
"GUARDEN-CBNMed-21-3-11-09-20240428","[1357122, 1393365, 1357114, 1361002]"
"GUARDEN-CBNMed-21-6-11-17-20240428","[1357122, 1388990, 1359051, 1356108]"
"GUARDEN-CBNMed-21-8-11-23-20240428","[1357122, 1357114, 1362454, 1357117]"
"GUARDEN-CBNMed-21-9-11-32-20240428","[1388990, 1358968, 1361412, 1357122]"
"GUARDEN-CBNMed-22-1-13-39-20240428","[1360054, 1722625, 1370637, 1722522]"
"GUARDEN-CBNMed-22-10-14-48-20240428","[1426004, 1356086, 1360006, 1394944]"
"GUARDEN-CBNMed-22-2-14-05-20240428","[1722522, 1722625, 1722521, 1363200]"
"GUARDEN-CBNMed-22-5-14-21-20240428","[1722522, 1722625, 1722521, 1363200]"
"GUARDEN-CBNMed-22-6-14-23-20240428","[1722522, 1722625, 1722521, 1363200]"
"GUARDEN-CBNMed-22-7-14-25-20240428","[1722522, 1722625, 1722521, 1426004]"
"GUARDEN-CBNMed-22-9-14-42-20240428","[1426004, 1722625, 1722522, 1722521]"
"GUARDEN-CBNMed-23-1-9-56-20240428","[1360999, 1361092, 1363275, 1361000]"
"GUARDEN-CBNMed-23-10-10-42-20240428","[1357911, 1392725, 1396759, 1358318]"
"GUARDEN-CBNMed-23-3-10-14-20240428","[1357911, 1392725, 1357114, 1357771]"
"GUARDEN-CBNMed-23-4-10-17-20240428","[1356108, 1357911, 1398815, 1393466]"
"GUARDEN-CBNMed-23-5-10-21-20240428","[1360711, 1357911, 1361005, 1359216]"
"GUARDEN-CBNMed-23-6-10-24-20240428","[1393365, 1393466, 1357911, 1357769]"
"GUARDEN-CBNMed-23-7-10-28-20240428","[1360999, 1393365, 1357911, 1361005]"
"GUARDEN-CBNMed-23-8-10-34-20240428","[1357911, 1396759, 1357769, 1356271]"
"GUARDEN-CBNMed-23-9-10-39-20240428","[1394640, 1743245, 1357911, 1361005]"
"GUARDEN-CBNMed-24-10-13-06-20240428","[1388990, 1392299, 1397376, 1393268]"
"GUARDEN-CBNMed-24-2-12-04-20240428","[1362462, 1357351, 1393299, 1360978]"
"GUARDEN-CBNMed-24-3-12-15-20240428","[1357351, 1355881, 1502064, 1390734]"
"GUARDEN-CBNMed-24-5-12-36-20240428","[1355881, 1357351, 1502064, 1741619]"
"GUARDEN-CBNMed-24-6-12-46-20240428","[1360711, 1355881, 1396956, 1357351]"
"GUARDEN-CBNMed-24-7-12-54-20240428","[1360715, 1426088, 1425172, 1651061]"
"GUARDEN-CBNMed-24-8-14-58-20240428","[1502064, 1355881, 1360711, 1360715]"
"GUARDEN-CBNMed-24-9-13-02-20240428","[1361412, 1388990, 1664443, 1426088]"
"GUARDEN-CBNMed-25-1-13-52-20240428","[1360739, 1394527, 1358849, 1363232]"
"GUARDEN-CBNMed-25-10-14-49-20240428","[1357743, 1357981, 1394527, 1357293]"
"GUARDEN-CBNMed-25-2-13-57-20240428","[1394527, 1388990, 1724816, 1363016]"
"GUARDEN-CBNMed-25-3-14-06-20240428","[1394527, 1396426, 1743211, 1393466]"
"GUARDEN-CBNMed-25-4-14-15-20240428","[1357743, 1394527, 1357293, 1425172]"
"GUARDEN-CBNMed-25-7-14-28-20240428","[1357981, 1360443, 1357968, 1357980]"
"GUARDEN-CBNMed-25-8-14-39-20240428","[1357981, 1357743, 1357293, 1357968]"
"GUARDEN-CBNMed-25-9-14-43-20240428","[1357981, 1742109, 1357968, 1356069]"
"GUARDEN-CBNMed-26-10-10-01-20240428","[1359344, 1393771, 1359297, 1425238]"
"GUARDEN-CBNMed-26-6-9-34-20240428","[1738652, 1743249, 1722478, 1722619]"
"GUARDEN-CBNMed-26-8-9-45-20240428","[1359344, 1359297, 1397317, 1396759]"
"GUARDEN-CBNMed-26-9-9-48-20240428","[1359344, 1359297, 1396759, 1359298]"
"GUARDEN-CBNMed-27-1-11-17-20240428","[1722522, 1360059, 1722521, 1370637]"
"GUARDEN-CBNMed-27-10-11-55-20240428","[1722522, 1722625, 1360070, 1363191]"
"GUARDEN-CBNMed-27-2-11-32-20240428","[1370637, 1360054, 1393564, 1360070]"
"GUARDEN-CBNMed-27-3-11-36-20240428","[1722522, 1722625, 1722521, 1363200]"
"GUARDEN-CBNMed-27-4-11-39-20240428","[1722522, 1722625, 1722521, 1363200]"
"GUARDEN-CBNMed-27-5-11-4-20240428","[1722522, 1722625, 1722521, 1363200]"
"GUARDEN-CBNMed-27-6-11-42-20240428","[1722625, 1722522, 1452062, 1722521]"
"GUARDEN-CBNMed-27-7-11-43-20240428","[1722522, 1722625, 1722521, 1363191]"
"GUARDEN-CBNMed-27-8-11-45-20240428","[1722522, 1722625, 1722521, 1363200]"
"GUARDEN-CBNMed-27-9-11-47-20240428","[1722625, 1722521, 1722522, 1363191]"
"GUARDEN-CBNMed-28-1-12-46-20240428","[1722522, 1722625, 1722521, 1363191]"
"GUARDEN-CBNMed-28-10-13-23-20240428","[1357705, 1396764, 1418701, 1396769]"
"GUARDEN-CBNMed-28-2-12-48-20240428","[1722522, 1722625, 1363200, 1363191]"
"GUARDEN-CBNMed-28-3-12-51-20240428","[1722522, 1722625, 1363200, 1363191]"
"GUARDEN-CBNMed-28-4-12-52-20240428","[1357705, 1360054, 1722625, 1722522]"
"GUARDEN-CBNMed-28-5-13-02-20240428","[1360054, 1357705, 1370637, 1360070]"
"GUARDEN-CBNMed-28-6-13-06-20240428","[1357705, 1722522, 1722521, 1722625]"
"GUARDEN-CBNMed-28-7-13-11-20240428","[1357705, 1722522, 1722625, 1361412]"
"GUARDEN-CBNMed-28-8-13-14-20240428","[1357705, 1361412, 1722625, 1722522]"
"GUARDEN-CBNMed-28-9-13-17-20240428","[1357705, 1722522, 1722625, 1363191]"
"GUARDEN-CBNMed-29-6-14-31-20240428","[1359344, 1360719, 1357227, 1722433]"
"GUARDEN-CBNMed-29-7-14-34-20240428","[1360719, 1360701, 1361412, 1744928]"
"GUARDEN-CBNMed-30-1-16-07-20240428","[1393770, 1737458, 1361959, 1394019]"
"GUARDEN-CBNMed-30-10-16-41-20240428","[1359344, 1357227, 1361412, 1359297]"
"GUARDEN-CBNMed-30-2-16-23-20240428","[1359344, 1394664, 1357227, 1357464]"
"GUARDEN-CBNMed-30-4-16-3-20240428","[1394664, 1357227, 1357464, 1357220]"
"GUARDEN-CBNMed-30-6-16-34-20240428","[1394664, 1359344, 1357227, 1357514]"
"GUARDEN-CBNMed-30-7-16-35-20240428","[1359344, 1394664, 1357227, 1357514]"
"GUARDEN-CBNMed-30-8-16-37-20240428","[1359344, 1357227, 1394664, 1357514]"
"GUARDEN-CBNMed-30-9-16-4-20240428","[1359344, 1394664, 1357227, 1357220]"
"GUARDEN-CBNMed-31-1-9-37-20240428","[1359952, 1393770, 1359965, 1359356]"
"GUARDEN-CBNMed-31-10-10-06-20240428","[1722578, 1422217, 1738610, 1722437]"
"GUARDEN-CBNMed-31-2-9-4-20240428","[1355977, 1363433, 1358581, 1545855]"
"GUARDEN-CBNMed-31-3-9-44-20240428","[1393770, 1564441, 1396726, 1359356]"
"GUARDEN-CBNMed-31-4-9-48-20240428","[1396726, 1355977, 1358968, 1394664]"
"GUARDEN-CBNMed-31-5-9-51-20240428","[1393770, 1564441, 1396726, 1359356]"
"GUARDEN-CBNMed-31-6-9-54-20240428","[1738610, 1359009, 1396726, 1358968]"
"GUARDEN-CBNMed-31-7-9-56-20240428","[1722578, 1393770, 1359356, 1359347]"
"GUARDEN-CBNMed-31-8-10-20240428","[1396726, 1359009, 1722578, 1358968]"
"GUARDEN-CBNMed-31-9-10-02-20240428","[1722578, 1393770, 1738610, 1394664]"
"GUARDEN-CBNMed-32-1-11-46-20240428","[1399609, 1359009, 1357630, 1396726]"
"GUARDEN-CBNMed-32-10-13-12-20240428","[1359952, 1359009, 1393770, 1396726]"
"GUARDEN-CBNMed-32-2-11-58-20240428","[1359009, 1359952, 1396726, 1358968]"
"GUARDEN-CBNMed-32-3-12-01-20240428","[1359009, 1358968, 1396726, 1393770]"
"GUARDEN-CBNMed-32-4-12-12-20240428","[1359009, 1396726, 1358968, 1390466]"
"GUARDEN-CBNMed-32-9-13-07-20240428","[1359952, 1359965, 1393770, 1356065]"
"GUARDEN-CBNMed-33-1-14-48-20240428","[1399609, 1509616, 1357630, 1397398]"
"GUARDEN-CBNMed-33-10-15-59-20240428","[1363882, 1363526, 1361412, 1362429]"
"GUARDEN-CBNMed-33-2-15-01-20240428","[1357630, 1399609, 1509616, 1397398]"
"GUARDEN-CBNMed-33-3-15-04-20240428","[1399609, 1357630, 1509616, 1397398]"
"GUARDEN-CBNMed-33-4-15-26-20240428","[1509616, 1742400, 1742109, 1361412]"
"GUARDEN-CBNMed-33-5-15-29-20240428","[1399609, 1357630, 1397398, 1742109]"
"GUARDEN-CBNMed-33-6-15-36-20240428","[1399609, 1357630, 1509616, 1397398]"
"GUARDEN-CBNMed-33-7-15-43-20240428","[1509616, 1357004, 1397398, 1357031]"
"GUARDEN-CBNMed-33-8-15-5-20240428","[1357630, 1399609, 1397398, 1509616]"
"GUARDEN-CBNMed-33-9-15-56-20240428","[1399609, 1363882, 1509616, 1357630]"
"GUARDEN-CBNMed-38-1-12-58-20240428","[1395169, 1395162, 1363850, 1437245]"
"GUARDEN-CBNMed-38-4-14-39-20240428","[1395162, 1437245, 1395168, 1395169]"
"GUARDEN-CBNMed-38-6-15-04-20240428","[1437245, 1395162, 1395168, 1395169]"
"GUARDEN-CBNMed-39-10-12-02-20240531","[1394627, 1360711, 1414354, 1361284]"
"GUARDEN-CBNMed-39-7-11-3-20240531","[1394627, 1356066, 1356072, 1363056]"
"GUARDEN-CBNMed-39-8-11-39-20240531","[1356072, 1361284, 1722436, 1414354]"
"GUARDEN-CBNMed-39-9-11-5-20240531","[1392587, 1392630, 1722436, 1363056]"
"GUARDEN-CBNMed-44-7-12-03-20240629","[1392059, 1392067, 1392066, 1361077]"
"GUARDEN-CBNMed-5-1-12-38-20240430","[1414366, 1361316, 1414367, 1414356]"
"GUARDEN-CBNMed-5-10-13-32-20240430","[1414366, 1414367, 1414353, 1362406]"
"GUARDEN-CBNMed-5-2-12-45-20240430","[1414366, 1363501, 1720971, 1414367]"
"GUARDEN-CBNMed-5-3-12-56-20240430","[1720971, 1392637, 1414366, 1363459]"
"GUARDEN-CBNMed-5-4-13-20240430","[1361316, 1414366, 1388809, 1363933]"
"GUARDEN-CBNMed-5-5-13-04-20240430","[1361316, 1361302, 1363492, 1363493]"
"GUARDEN-CBNMed-5-6-13-07-20240430","[1414366, 1414367, 1363458, 1422217]"
"GUARDEN-CBNMed-5-7-13-17-20240430","[1414366, 1414367, 1361316, 1361302]"
"GUARDEN-CBNMed-5-8-13-22-20240430","[1414366, 1414367, 1361316, 1362406]"
"GUARDEN-CBNMed-5-9-13-27-20240430","[1361316, 1363490, 1361302, 1414366]"
"GUARDEN-CBNMed-6-9-15-28-20240430","[1360399, 1392438, 1360398, 1673274]"
"GUARDEN-CBNMed-8-10-12-59-20240429","[1358613, 1360260, 1548459, 1356576]"
"GUARDEN-CBNMed-8-4-12-33-20240429","[1744243, 1722409, 1359548, 1362498]"
"GUARDEN-CBNMed-8-8-12-51-20240429","[1361002, 1361000, 1363707, 1359548]"
"GUARDEN-CBNMed-8-9-12-56-20240429","[1361000, 1358613, 1361002, 1357416]"
"GUARDEN-CBNMed-9-10-16-16-20240429","[1363707, 1358613, 1359548, 1397517]"
"GUARDEN-CBNMed-9-2-15-46-20240429","[1358511, 1358509, 1358503, 1418701]"
"GUARDEN-CBNMed-9-6-16-04-20240429","[1358613, 1356576, 1548459, 1357416]"
"GUARDEN-CBNMed-9-7-16-06-20240429","[1358613, 1356576, 1548459, 1360327]"
"GUARDEN-CBNMed-9-8-16-08-20240429","[1358613, 1356576, 1548459, 1361002]"
"GUARDEN-CBNMed-9-9-16-14-20240429","[1359548, 1358613, 1363707, 1397517]"
"LISAH-BOU-0-10-20230523","[1363835, 1400186, 1355881, 1357351]"
"LISAH-BOU-0-101-20240425","[1425238, 1363731, 1363730, 1359344]"
"LISAH-BOU-0-104-20240502","[1356276, 1356464, 1397608, 1360385]"
"LISAH-BOU-0-105-20240502","[1356276, 1388806, 1706074, 1355908]"
"LISAH-BOU-0-108-20240502","[1359772, 1356276, 1359767, 1392384]"
"LISAH-BOU-0-109-20240502","[1355990, 1364173, 1360385, 1356276]"
"LISAH-BOU-0-110-20240502","[1360416, 1360385, 1360417, 1360420]"
"LISAH-BOU-0-111-20240502","[1360385, 1360420, 1360417, 1360416]"
"LISAH-BOU-0-113-20240502","[1356276, 1360416, 1388806, 1360385]"
"LISAH-BOU-0-114-20240502","[1360416, 1360385, 1360417, 1355908]"
"LISAH-BOU-0-117-20240502","[1360385, 1356013, 1360417, 1360416]"
"LISAH-BOU-0-118-20240502","[1356013, 1356276, 1392598, 1392594]"
"LISAH-BOU-0-14-20230511","[1361190, 1363468, 1363467, 1363469]"
"LISAH-BOU-0-15-20230511","[1356008, 1363467, 1363468, 1360931]"
"LISAH-BOU-0-153-20240502","[1357351, 1364006, 1355881, 1356008]"
"LISAH-BOU-0-154-20240502","[1356013, 1357351, 1390637, 1355881]"
"LISAH-BOU-0-157-20240502","[1356013, 1364006, 1358643, 1357351]"
"LISAH-BOU-0-16-20230511","[1363835, 1400186, 1356663, 1356646]"
"LISAH-BOU-0-160-20240502","[1363835, 1356013, 1392594, 1356008]"
"LISAH-BOU-0-163-20240502","[1361306, 1356008, 1363944, 1358257]"
"LISAH-BOU-0-164-20240502","[1363835, 1356008, 1392594, 1390637]"
"LISAH-BOU-0-165-20240502","[1363835, 1356013, 1356066, 1356008]"
"LISAH-BOU-0-167-20240502","[1363731, 1359639, 1359334, 1359333]"
"LISAH-BOU-0-168-20240502","[1363731, 1359639, 1361306, 1361307]"
"LISAH-BOU-0-170-20240502","[1356066, 1394627, 1355994, 1363731]"
"LISAH-BOU-0-171-20240502","[1363731, 1357351, 1355881, 1359333]"
"LISAH-BOU-0-172-20240502","[1363731, 1355881, 1359639, 1357351]"
"LISAH-BOU-0-173-20240502","[1357351, 1359639, 1358654, 1355881]"
"LISAH-BOU-0-174-20240502","[1363731, 1425238, 1359639, 1359347]"
"LISAH-BOU-0-175-20240502","[1363731, 1425238, 1359639, 1363734]"
"LISAH-BOU-0-183-20240502","[1356066, 1363731, 1359639, 1394627]"
"LISAH-BOU-0-187-20240502","[1356066, 1361307, 1359639, 1361306]"
"LISAH-BOU-0-191-20240502","[1359268, 1414353, 1425238, 1363475]"
"LISAH-BOU-0-2-20240425","[1356276, 1397608, 1394246, 1397313]"
"LISAH-BOU-0-24-20230512","[1361000, 1360416, 1360385, 1360417]"
"LISAH-BOU-0-24-20240425","[1356013, 1389311, 1392598, 1360161]"
"LISAH-BOU-0-25-20230512","[1360385, 1360416, 1360420, 1389311]"
"LISAH-BOU-0-25-20230711","[1364173, 1363993, 1360825, 1360826]"
"LISAH-BOU-0-28-20240425","[1361000, 1360385, 1360417, 1361002]"
"LISAH-BOU-0-29-20230523","[1397356, 1422217, 1414366, 1363212]"
"LISAH-BOU-0-29-20230621","[1363212, 1360816, 1706074, 1397356]"
"LISAH-BOU-0-29-20240425","[1361000, 1389311, 1360385, 1360416]"
"LISAH-BOU-0-3-20230721","[1363212, 1363255, 1361315, 1363526]"
"LISAH-BOU-0-30-20230512","[1356012, 1356017, 1397356, 1389311]"
"LISAH-BOU-0-30-20240425","[1356013, 1360417, 1360385, 1389311]"
"LISAH-BOU-0-31-20230919","[1722433, 1360814, 1361326, 1388794]"
"LISAH-BOU-0-31-20240425","[1356013, 1356012, 1360385, 1389311]"
"LISAH-BOU-0-32-20230516","[1359575, 1355936, 1359572, 1390879]"
"LISAH-BOU-0-32-20240425","[1356012, 1356017, 1360614, 1360613]"
"LISAH-BOU-0-34-20230516","[1650353, 1360614, 1650228, 1393522]"
"LISAH-BOU-0-35-20240425","[1356012, 1356017, 1397356, 1360613]"
"LISAH-BOU-0-36-20240425","[1356017, 1356012, 1360613, 1397356]"
"LISAH-BOU-0-37-20230512","[1397356, 1361000, 1363216, 1360358]"
"LISAH-BOU-0-37-20240425","[1356012, 1361000, 1356017, 1397356]"
"LISAH-BOU-0-38-20230516","[1363835, 1356013, 1650353, 1392598]"
"LISAH-BOU-0-39-20230512","[1397356, 1391354, 1395150, 1398197]"
"LISAH-BOU-0-4-20230511","[1414366, 1414353, 1356013, 1357351]"
"LISAH-BOU-0-4-20230711","[1356803, 1364006, 1706074, 1357966]"
"LISAH-BOU-0-4-20240425","[1356013, 1392594, 1392598, 1397395]"
"LISAH-BOU-0-40-20230512","[1361000, 1360614, 1397356, 1361002]"
"LISAH-BOU-0-40-20240425","[1397356, 1389311, 1363212, 1360354]"
"LISAH-BOU-0-41-20230512","[1363212, 1397356, 1414353, 1414366]"
"LISAH-BOU-0-42-20230511","[1360417, 1360385, 1356007, 1358671]"
"LISAH-BOU-0-43-20230512","[1363835, 1356013, 1397356, 1400186]"
"LISAH-BOU-0-44-20240425","[1359639, 1363945, 1388806, 1355908]"
"LISAH-BOU-0-5-20230512","[1356276, 1397608, 1355881, 1390734]"
"LISAH-BOU-0-5-20230711","[1356803, 1364160, 1389311, 1356075]"
"LISAH-BOU-0-50-20230512","[1361306, 1356066, 1356286, 1361307]"
"LISAH-BOU-0-52-20230512","[1359639, 1361306, 1363944, 1358654]"
"LISAH-BOU-0-54-20230512","[1361306, 1356286, 1361307, 1392699]"
"LISAH-BOU-0-55-20230512","[1359639, 1363944, 1363945, 1363947]"
"LISAH-BOU-0-56-20230512","[1361306, 1359639, 1358654, 1356066]"
"LISAH-BOU-0-58-20230512","[1361306, 1356066, 1394627, 1392594]"
"LISAH-BOU-0-6-20240425","[1650353, 1650228, 1393522, 1356276]"
"LISAH-BOU-0-63-20230512","[1358257, 1364162, 1390637, 1359959]"
"LISAH-BOU-0-65-20230512","[1361306, 1361307, 1359639, 1359356]"
"LISAH-BOU-0-75-20230516","[1363468, 1361190, 1363467, 1363475]"
"LISAH-BOU-0-79-20230512","[1359488, 1425238, 1363731, 1357526]"
"LISAH-BOU-0-8-20240425","[1357351, 1359575, 1362653, 1390725]"
"LISAH-BOU-0-84-20230512","[1425238, 1361361, 1359336, 1392699]"
"LISAH-BOU-0-9-20240425","[1706074, 1356397, 1356395, 1722433]"
"LISAH-BOU-0-98-20240425","[1425238, 1363730, 1363731, 1359347]"
"LISAH-BVD-0-100-20230510","[1356066, 1356286, 1394627, 1394638]"
"LISAH-BVD-0-101-20230510","[1356066, 1394627, 1394638, 1359959]"
"LISAH-BVD-0-152-20230511","[1356066, 1394627, 1359517, 1394638]"
"LISAH-BVD-0-155-20230511","[1356066, 1394627, 1356072, 1364061]"
"LISAH-BVD-0-158-20230511","[1356066, 1394627, 1356072, 1394638]"
"LISAH-BVD-0-191-20230511","[1363739, 1363740, 1359497, 1356278]"
"LISAH-BVD-0-192-20230511","[1397048, 1364061, 1363459, 1363458]"
"LISAH-BVD-0-195-20230511","[1363508, 1363498, 1356066, 1391823]"
"LISAH-BVD-0-196-20230511","[1363740, 1363739, 1394627, 1359497]"
"LISAH-BVD-0-197-20230511","[1356066, 1363740, 1363739, 1394627]"
"LISAH-BVD-0-200-20230511","[1363740, 1356066, 1363739, 1394627]"
"LISAH-BVD-0-203-20230511","[1363740, 1363739, 1396857, 1356278]"
"LISAH-BVD-0-205-20230511","[1363740, 1363739, 1359517, 1356278]"
"LISAH-BVD-0-206-20230511","[1363739, 1363740, 1363458, 1356278]"
"LISAH-BVD-0-208-20230511","[1363740, 1363458, 1363739, 1356278]"
"LISAH-BVD-0-209-20230511","[1363740, 1363739, 1356066, 1394627]"
"LISAH-BVD-0-25-20230510","[1363740, 1363739, 1363730, 1359497]"
"LISAH-BVD-0-275-20230516","[1363469, 1361307, 1363468, 1363458]"
"LISAH-BVD-0-277-20230516","[1363993, 1360304, 1363458, 1361307]"
"LISAH-BVD-0-278-20230516","[1363993, 1360304, 1361307, 1360307]"
"LISAH-BVD-0-281-20230516","[1363993, 1360304, 1395667, 1356079]"
"LISAH-BVD-0-282-20230516","[1363468, 1363467, 1363993, 1414366]"
"LISAH-BVD-0-283-20230516","[1360304, 1363993, 1360307, 1667816]"
"LISAH-BVD-0-285-20230516","[1361307, 1361306, 1360304, 1363993]"
"LISAH-BVD-0-287-20230516","[1361307, 1361306, 1363458, 1361308]"
"LISAH-BVD-0-288-20230516","[1363458, 1363455, 1363459, 1363403]"
"LISAH-BVD-0-292-20230516","[1360304, 1363993, 1360307, 1363458]"
"LISAH-BVD-0-293-20230516","[1360304, 1363455, 1363458, 1363993]"
"LISAH-BVD-0-294-20230516","[1360304, 1363993, 1363526, 1360307]"
"LISAH-BVD-0-295-20230516","[1363740, 1363739, 1363993, 1363458]"
"LISAH-BVD-0-296-20230516","[1363993, 1360304, 1394850, 1391330]"
"LISAH-BVD-0-297-20230516","[1363740, 1363739, 1363993, 1359497]"
"LISAH-BVD-0-298-20230516","[1363993, 1363739, 1360304, 1363740]"
"LISAH-BVD-0-299-20230516","[1363993, 1363739, 1363740, 1360304]"
"LISAH-BVD-0-300-20230516","[1363993, 1360304, 1422217, 1414366]"
"LISAH-BVD-0-301-20230516","[1363993, 1360304, 1407739, 1363994]"
"LISAH-BVD-0-302-20230516","[1363993, 1360304, 1394850, 1394884]"
"LISAH-BVD-0-309-20230516","[1363993, 1360304, 1394850, 1391330]"
"LISAH-BVD-0-310-20230516","[1363993, 1360304, 1414366, 1394850]"
"LISAH-BVD-0-337-20230516","[1356286, 1364006, 1361306, 1361307]"
"LISAH-BVD-0-338-20230516","[1356286, 1364006, 1361206, 1361302]"
"LISAH-BVD-0-339-20230516","[1397514, 1364006, 1414366, 1356286]"
"LISAH-BVD-0-341-20230516","[1364006, 1363740, 1363739, 1426068]"
"LISAH-BVD-0-342-20230516","[1356286, 1364006, 1426068, 1361302]"
"LISAH-BVD-0-343-20230516","[1356286, 1363740, 1363739, 1364006]"
"LISAH-BVD-0-344-20230516","[1397514, 1359517, 1356286, 1356278]"
"LISAH-BVD-0-345-20230516","[1356286, 1356066, 1364006, 1646528]"
"LISAH-BVD-0-346-20230516","[1356286, 1364006, 1361206, 1363803]"
"LISAH-BVD-0-347-20230516","[1356286, 1364006, 1361302, 1363501]"
"LISAH-BVD-0-348-20230516","[1356286, 1357875, 1364006, 1364170]"
"LISAH-BVD-0-349-20230516","[1356286, 1364006, 1361206, 1361302]"
"LISAH-BVD-0-35-20230510","[1363458, 1363455, 1361316, 1364006]"
"LISAH-BVD-0-350-20230516","[1356286, 1357635, 1363476, 1363475]"
"LISAH-BVD-0-351-20230516","[1356066, 1394627, 1364006, 1394638]"
"LISAH-BVD-0-352-20230516","[1356286, 1356066, 1356072, 1394627]"
"LISAH-BVD-0-353-20230516","[1356286, 1356066, 1363740, 1394638]"
"LISAH-BVD-0-354-20230516","[1356066, 1394638, 1394627, 1356072]"
"LISAH-BVD-0-364-20230516","[1359639, 1361307, 1363944, 1363945]"
"LISAH-BVD-0-372-20230516","[1361306, 1361307, 1422217, 1361437]"
"LISAH-BVD-0-379-20230516","[1361307, 1361306, 1361308, 1361437]"
"LISAH-BVD-0-380-20230516","[1361306, 1361307, 1363475, 1390966]"
"LISAH-BVD-0-383-20230516","[1356314, 1414366, 1356278, 1414353]"
"LISAH-BVD-0-392-20230516","[1355936, 1363740, 1364006, 1363739]"
"LISAH-BVD-0-397-20230517","[1414353, 1355869, 1414366, 1363526]"
"LISAH-BVD-0-398-20230517","[1363740, 1356066, 1394638, 1356278]"
"LISAH-BVD-0-412-20230517","[1357697, 1355869, 1391445, 1361760]"
"LISAH-BVD-0-417-20230517","[1361307, 1363740, 1356066, 1356286]"
"LISAH-BVD-0-428-20230517","[1356286, 1356066, 1361307, 1394627]"
"LISAH-BVD-0-430-20230517","[1356286, 1364006, 1361206, 1361302]"
"LISAH-BVD-0-431-20230517","[1364006, 1363475, 1363740, 1363458]"
"LISAH-BVD-0-432-20230517","[1356286, 1364006, 1357635, 1361302]"
"LISAH-BVD-0-463-20230517","[1356066, 1394638, 1363740, 1356072]"
"LISAH-BVD-0-465-20230517","[1356066, 1394638, 1394627, 1363740]"
"LISAH-BVD-0-471-20230517","[1356286, 1356066, 1394627, 1356072]"
"LISAH-BVD-0-54-20230510","[1356314, 1359639, 1363944, 1363946]"
"LISAH-BVD-0-99-20230510","[1356066, 1394627, 1356286, 1363731]"
"LISAH-JAS-0-1-20220505","[1359981, 1364065, 1397048, 1356331]"
"LISAH-JAS-0-11-20220505","[1357875, 1363739, 1364170, 1359519]"
"LISAH-JAS-0-12-20220505","[1359519, 1363730, 1363739, 1359530]"
"LISAH-JAS-0-13-20220505","[1359519, 1359981, 1364061, 1364065]"
"LISAH-JAS-0-15-20220505","[1359519, 1359802, 1360116, 1422217]"
"LISAH-JAS-0-16-20220505","[1359519, 1359530, 1363731, 1363878]"
"LISAH-JAS-0-17-20220505","[1359802, 1359497, 1363739, 1356084]"
"LISAH-JAS-0-2-20220505","[1356111, 1359981, 1364065, 1364061]"
"LISAH-JAS-0-6-20220505","[1364138, 1357862, 1356084, 1360116]"
"LISAH-JAS-0-7-20220505","[1364138, 1357862, 1356084, 1360116]"
"LISAH-JAS-0-9-20220505","[1359519, 1364061, 1359981, 1364065]"
"LISAH-JAS-1-25-20220505","[1414366, 1422217, 1361302, 1355994]"
"LISAH-JAS-1-27-20220505","[1361306, 1359322, 1361307, 1412585]"
"LISAH-JAS-1-28-20220505","[1363740, 1363739, 1363945, 1363944]"
"LISAH-JAS-1-5-20220505","[1364063, 1364061, 1359988, 1364065]"
"LISAH-PEC-0-0-20220608","[1361926, 1396055, 1358478, 1397487]"
"LISAH-PEC-0-1-20230411","[1356013, 1392594, 1358654, 1356008]"
"LISAH-PEC-0-10-20230405","[1357635, 1391455, 1357702, 1357654]"
"LISAH-PEC-0-11-20230405","[1363791, 1426088, 1357700, 1363526]"
"LISAH-PEC-0-11-20230411","[1356013, 1363878, 1392594, 1355998]"
"LISAH-PEC-0-12-20230411","[1358654, 1357700, 1355998, 1355993]"
"LISAH-PEC-0-13-20230411","[1357700, 1364138, 1356013, 1355993]"
"LISAH-PEC-0-13-20230413","[1364151, 1356013, 1363676, 1357465]"
"LISAH-PEC-0-14-20230407","[1360290, 1363988, 1389311, 1363068]"
"LISAH-PEC-0-15-20230407","[1361000, 1361002, 1360588, 1392178]"
"LISAH-PEC-0-17-20230413","[1363676, 1363674, 1397095, 1397111]"
"LISAH-PEC-0-18-20230411","[1356013, 1363899, 1392594, 1357654]"
"LISAH-PEC-0-19-20230413","[1356013, 1363676, 1358674, 1356008]"
"LISAH-PEC-0-20-20230411","[1355964, 1356013, 1357700, 1357862]"
"LISAH-PEC-0-4-20230407","[1395507, 1395477, 1390761, 1360358]"
"LISAH-PEC-0-4-20230411","[1356013, 1358654, 1363878, 1355993]"
"LISAH-PEC-0-6-20220608","[1357401, 1361394, 1362429, 1502791]"
"LISAH-PEC-0-6-20230411","[1356013, 1358654, 1357635, 1392594]"
"LISAH-PEC-0-8-20230405","[1363915, 1363791, 1363878, 1357702]"
"LISAH-PEC-0-9-20230411","[1356013, 1355964, 1358654, 1392594]"
"LISAH-PEC-0-9-20230413","[1357598, 1356013, 1357722, 1363676]"
"LISAH-PEC-1-13-20230405","[1357635, 1391455, 1363878, 1363791]"
"LISAH-PEC-1-18-20230407","[1363878, 1363899, 1361760, 1363875]"
"LISAH-PEC-2-0-20220609","[1361306, 1356013, 1361307, 1364151]"
"LISAH-PEC-2-11-20220609","[1355881, 1357351, 1361307, 1361306]"
"LISAH-PEC-2-17-20230407","[1390637, 1355994, 1364162, 1363878]"
"LISAH-PEC-2-2-20220609","[1361306, 1356013, 1361307, 1392598]"
"LISAH-PEC-2-20-20230407","[1356013, 1363878, 1358674, 1355991]"
"LISAH-PEC-2-4-20220609","[1361306, 1422217, 1414366, 1355881]"
"LISAH-PEC-2-5-20220609","[1355881, 1364151, 1357598, 1357351]"
"LISAH-PEC-2-5-20230407","[1363878, 1356013, 1356008, 1392594]"
"LISAH-PEC-2-6-20220609","[1361306, 1422217, 1361307, 1361437]"
"LISAH-PEC-3-10-20230407","[1363804, 1363676, 1363889, 1737676]"
"LISAH-PEC-3-16-20230407","[1363676, 1363805, 1359266, 1363674]"
"LISAH-PEC-3-20-20230407","[1363676, 1363674, 1397095, 1396879]"
"OPTMix-0108-P1-312-20231006","[1356404, 1391805, 1396752, 1722340]"
"OPTMix-0108-P1-422-20231006","[1363593, 1357413, 1395026, 1389018]"
"OPTMix-0108-P1-427-20231006","[1356404, 1396752, 1357413, 1391810]"
"OPTMix-0108-P1-533-20231006","[1357413, 1363526, 1395026, 1419076]"
"OPTMix-0108-P1-95-20231006","[1363593, 1361055, 1651142, 1393397]"
"OPTMix-012-P1-143-20231201","[1548458, 1392309, 1397383, 1419076]"
"OPTMix-012-P1-208-20231201","[1548458, 1419076, 1397383, 1357413]"
"OPTMix-012-P2-192-20231201","[1737422, 1548458, 1392697, 1363575]"
"OPTMix-012-P2-207-20231201","[1394616, 1548458, 1357413, 1394617]"
"OPTMix-012-P2-240-20231201","[1548458, 1392309, 1357413, 1744168]"
"OPTMix-012-P3-190-20231201","[1737422, 1363575, 1392309, 1400084]"
"OPTMix-012-P3-218-20231201","[1548458, 1357413, 1392309, 1395026]"
"OPTMix-012-P3-220-20231201","[1392309, 1548458, 1361284, 1390756]"
"OPTMix-0178-P1-1060-20231006","[1356382, 1396752, 1356404, 1737422]"
"OPTMix-0178-P1-1061-20231006","[1419076, 1357413, 1394616, 1390038]"
"OPTMix-0178-P1-552-20231006","[1356404, 1396752, 1391805, 1722340]"
"OPTMix-0178-P1-661-20231006","[1356404, 1722340, 1396752, 1391805]"
"OPTMix-0178-P1-663-20231006","[1419076, 1356433, 1358612, 1548508]"
"OPTMix-0178-P1-669-20231006","[1548458, 1357413, 1419076, 1395026]"
"OPTMix-0200-11006-20231009","[1548458, 1396752, 1357413, 1395026]"
"OPTMix-0200-P2-53-20231009","[1358507, 1361002, 1358504, 1361000]"
"OPTMix-0200-P2-54-20231009","[1363508, 1388809, 1356297, 1361294]"
"OPTMix-0200-P2-68-20231009","[1358501, 1357277, 1358503, 1358507]"
"OPTMix-0200-P3-108-20231009","[1396752, 1356404, 1388809, 1722340]"
"OPTMix-0200-P3-127-20231009","[1396752, 1360354, 1389311, 1356404]"
"OPTMix-0200-P3-139-20231009","[1394617, 1394616, 1361074, 1388809]"
"OPTMix-0214-P1-207-20231010","[1392309, 1390756, 1357413, 1548458]"
"OPTMix-0214-P1-208-20231010","[1392309, 1390756, 1548458, 1419076]"
"OPTMix-0214-P1-235-20231010","[1357413, 1548458, 1395026, 1419076]"
"OPTMix-0214-P2-22-20231010","[1358501, 1358511, 1392023, 1361800]"
"OPTMix-0214-P2-64-20231010","[1358501, 1394617, 1394608, 1358507]"
"OPTMix-0214-P2-84-20231010","[1357413, 1419076, 1358616, 1548458]"
"OPTMix-0214-P3-186-20231010","[1390756, 1392309, 1392704, 1361376]"
"OPTMix-0214-P3-196-20231010","[1548458, 1357413, 1744168, 1395026]"
"OPTMix-0214-P3-278-20231010","[1390761, 1391666, 1743472, 1389018]"
"OPTMix-0216-P4-208-20231009","[1358501, 1356404, 1356364, 1396752]"
"OPTMix-0255-11233-20231009","[1400084, 1393397, 1651142, 1361376]"
"OPTMix-0255-11372-20231009","[1363593, 1741584, 1361376, 1389603]"
"OPTMix-0255-11382-20231009","[1363593, 1654153, 1391666, 1363459]"
"OPTMix-033-P3-107-20231201","[1356404, 1396752, 1722340, 1356364]"
"OPTMix-0333-P1-107-20231212","[1356404, 1396752, 1722340, 1356375]"
"OPTMix-0333-P1-112-20231212","[1356404, 1396752, 1356364, 1722340]"
"OPTMix-0333-P2-108-20231212","[1356404, 1396752, 1722340, 1356373]"
"OPTMix-0333-P2-112-20231212","[1361914, 1741589, 1651142, 1722435]"
"OPTMix-0333-P2-115-20231212","[1356404, 1396752, 1722340, 1392669]"
"OPTMix-0333-P3-100-20231201","[1356404, 1396752, 1722340, 1356364]"
"OPTMix-0333-P3-76-20231201","[1356404, 1358501, 1396752, 1722340]"
"OPTMix-057-P1-1699-20231010","[1356404, 1391807, 1356433, 1356373]"
"OPTMix-057-P1-1901-20231010","[1396752, 1722693, 1722340, 1356404]"
"OPTMix-057-P1-1902-20231010","[1356382, 1356404, 1396752, 1356364]"
"OPTMix-057-P1-1913-20231010","[1356404, 1396752, 1722340, 1356364]"
"OPTMix-057-P1-1917-20231010","[1356404, 1722340, 1356382, 1396752]"
"OPTMix-0593-P1-129-20231205","[1548458, 1357413, 1419076, 1358612]"
"OPTMix-0593-P1-134-20231205","[1548458, 1395035, 1419076, 1397383]"
"OPTMix-0593-P1-86-20231205","[1392309, 1548458, 1419076, 1390756]"
"OPTMix-0593-P2-180-20231205","[1548458, 1419076, 1357413, 1395026]"
"OPTMix-0593-P2-84-20231205","[1548458, 1357413, 1744168, 1419076]"
"OPTMix-0593-P2-92-20231205","[1392309, 1548458, 1362023, 1357413]"
"OPTMix-0593-P3-130-20231205","[1548458, 1400084, 1357413, 1392309]"
"OPTMix-0593-P3-146-20231205","[1548458, 1392309, 1390756, 1400084]"
"OPTMix-0593-P3-87-20231205","[1548458, 1357413, 1390756, 1419076]"
"OPTMix-0598-P1-118-20231205","[1389018, 1363593, 1390756, 1389603]"
"OPTMix-0598-P1-132-20231205","[1548458, 1357413, 1419076, 1548508]"
"OPTMix-0598-P1-133-20231205","[1548458, 1357413, 1395026, 1419076]"
"OPTMix-0598-P1-149-20231205","[1548458, 1419076, 1356402, 1393703]"
"OPTMix-0598-P1-197-20231205","[1358501, 1358507, 1400084, 1364090]"
"OPTMix-0598-P1-198-20231205","[1389018, 1392309, 1363593, 1391851]"
"OPTMix-0598-P2-102-20231205","[1356404, 1396752, 1722340, 1356364]"
"OPTMix-0598-P2-139-20231207","[1356404, 1396752, 1548458, 1722340]"
"OPTMix-0598-P2-86-20231207","[1356404, 1356790, 1396752, 1356373]"
"OPTMix-0598-P2-99-20231205","[1548458, 1396752, 1356790, 1419076]"
"OPTMix-0598-P4-104-20231207","[1358501, 1548458, 1357413, 1389018]"
"OPTMix-0598-P4-108-20231207","[1395495, 1737672, 1548458, 1395466]"
"OPTMix-0598-P4-128-20231207","[1548458, 1419076, 1397383, 1358612]"
"OPTMix-083-P3-139-20231110","[1396752, 1356404, 1722340, 1722693]"
"OPTMix-083-P3-186-20231110","[1356404, 1396752, 1722340, 1737660]"
"OPTMix-083-P3-96-20231110","[1358501, 1358507, 1392025, 1395477]"
"OPTMix-108-P1-000-20231006","[1419076, 1358612, 1548458, 1357413]"
"RNNB-1-1-20230512","[1722522, 1722625, 1722521, 1363200]"
"RNNB-1-1-20240117","[1737441, 1722433, 1722441, 1720968]"
"RNNB-1-10-20230512","[1722522, 1722625, 1363200, 1452062]"
"RNNB-1-10-20240117","[1722441, 1737441, 1722433, 1393522]"
"RNNB-1-2-20230512","[1722522, 1722625, 1722521, 1363191]"
"RNNB-1-2-20240117","[1722441, 1361703, 1651061, 1363477]"
"RNNB-1-3-20230512","[1722522, 1722625, 1722521, 1363191]"
"RNNB-1-3-20240117","[1651061, 1361284, 1363477, 1744198]"
"RNNB-1-4-20230512","[1722522, 1722625, 1722521, 1363191]"
"RNNB-1-4-20240117","[1722441, 1737441, 1363302, 1722433]"
"RNNB-1-5-20230512","[1722522, 1722625, 1426004, 1363191]"
"RNNB-1-5-20240117","[1737441, 1722441, 1722433, 1363302]"
"RNNB-1-6-20230512","[1722522, 1722625, 1452062, 1397505]"
"RNNB-1-6-20240117","[1722433, 1722441, 1737441, 1390761]"
"RNNB-1-7-20230512","[1722522, 1722625, 1722521, 1363191]"
"RNNB-1-7-20240117","[1722433, 1737441, 1722441, 1393522]"
"RNNB-1-8-20230512","[1722522, 1722625, 1722521, 1363191]"
"RNNB-1-8-20240117","[1722441, 1722433, 1737441, 1363302]"
"RNNB-1-9-20230512","[1722522, 1722625, 1722521, 1363191]"
"RNNB-1-9-20240117","[1722441, 1722433, 1737441, 1393522]"
"RNNB-2-1-20230512","[1426004, 1722522, 1722625, 1722521]"
"RNNB-2-1-20240117","[1357227, 1722433, 1722441, 1737441]"
"RNNB-2-10-20230512","[1426004, 1360006, 1356086, 1363165]"
"RNNB-2-10-20240117","[1356083, 1357227, 1722501, 1426088]"
"RNNB-2-2-20230512","[1426004, 1722522, 1722625, 1722521]"
"RNNB-2-2-20240117","[1357227, 1359344, 1358203, 1722441]"
"RNNB-2-3-20230512","[1426004, 1426005, 1360006, 1356086]"
"RNNB-2-3-20240117","[1357227, 1363892, 1722578, 1358203]"
"RNNB-2-4-20230512","[1426004, 1360006, 1359873, 1356086]"
"RNNB-2-4-20240117","[1357227, 1363302, 1722441, 1737441]"
"RNNB-2-5-20230512","[1426004, 1360006, 1356086, 1359873]"
"RNNB-2-5-20240117","[1359344, 1357227, 1722619, 1359297]"
"RNNB-2-6-20230512","[1426004, 1426005, 1360006, 1356086]"
"RNNB-2-6-20240117","[1359344, 1357227, 1359297, 1363302]"
"RNNB-2-7-20230512","[1426004, 1426005, 1360006, 1359873]"
"RNNB-2-7-20240117","[1357227, 1722441, 1737441, 1722433]"
"RNNB-2-8-20230512","[1426004, 1360006, 1356284, 1426005]"
"RNNB-2-8-20240117","[1360701, 1360381, 1359297, 1357049]"
"RNNB-2-9-20230512","[1426004, 1360006, 1363181, 1356284]"
"RNNB-2-9-20240117","[1356083, 1357227, 1722433, 1722441]"
"RNNB-3-1-20230512","[1426088, 1363016, 1364169, 1738180]"
"RNNB-3-1-20240117","[1359344, 1359297, 1722619, 1722441]"
"RNNB-3-10-20230512","[1650353, 1650228, 1393522, 1722433]"
"RNNB-3-10-20240117","[1722619, 1722441, 1722433, 1357049]"
"RNNB-3-11-20230512","[1737441, 1722433, 1650228, 1393522]"
"RNNB-3-12-20230512","[1722433, 1737441, 1393522, 1650228]"
"RNNB-3-2-20230512","[1426004, 1426088, 1356284, 1364169]"
"RNNB-3-2-20240117","[1359344, 1722441, 1737441, 1363302]"
"RNNB-3-3-20240117","[1359344, 1722441, 1359297, 1722433]"
"RNNB-3-4-20230512","[1426004, 1360938, 1360965, 1393975]"
"RNNB-3-4-20240117","[1359344, 1722619, 1359297, 1360381]"
"RNNB-3-5-20230512","[1722433, 1737441, 1650228, 1426004]"
"RNNB-3-5-20240117","[1356083, 1722619, 1722441, 1357049]"
"RNNB-3-6-20230512","[1722433, 1650228, 1722441, 1737454]"
"RNNB-3-6-20240117","[1355977, 1360381, 1356083, 1722619]"
"RNNB-3-7-20230512","[1722433, 1393522, 1650228, 1722441]"
"RNNB-3-7-20240117","[1355977, 1359344, 1360978, 1722441]"
"RNNB-3-8-20230512","[1393522, 1650353, 1650228, 1722433]"
"RNNB-3-8-20240117","[1356083, 1359344, 1359297, 1722441]"
"RNNB-3-9-20230512","[1393522, 1722433, 1650228, 1650353]"
"RNNB-3-9-20240117","[1360701, 1356083, 1363302, 1360381]"
"RNNB-4-1-20240117","[1357911, 1357769, 1356228, 1361703]"
"RNNB-4-1-20240118","[1361412, 1388990, 1363045, 1363526]"
"RNNB-4-10-20240117","[1722441, 1360978, 1361326, 1359344]"
"RNNB-4-10-20240118","[1357004, 1518245, 1357630, 1737651]"
"RNNB-4-2-20240117","[1359297, 1722619, 1743249, 1356228]"
"RNNB-4-2-20240118","[1361953, 1394019, 1361412, 1361960]"
"RNNB-4-3-20240117","[1722441, 1737441, 1363302, 1356228]"
"RNNB-4-3-20240118","[1361412, 1357004, 1357026, 1361127]"
"RNNB-4-4-20240117","[1722441, 1363302, 1356228, 1359297]"
"RNNB-4-4-20240118","[1361412, 1357630, 1399609, 1357325]"
"RNNB-4-5-20240117","[1722441, 1363302, 1359297, 1737441]"
"RNNB-4-5-20240118","[1357630, 1357004, 1399609, 1509616]"
"RNNB-4-6-20240117","[1359344, 1722441, 1359297, 1388812]"
"RNNB-4-6-20240118","[1357630, 1392725, 1363165, 1394640]"
"RNNB-4-7-20240117","[1722441, 1737441, 1722433, 1363302]"
"RNNB-4-7-20240118","[1357630, 1399609, 1392725, 1357705]"
"RNNB-4-8-20240117","[1355950, 1359344, 1357848, 1357360]"
"RNNB-4-8-20240118","[1357630, 1399609, 1392725, 1509616]"
"RNNB-4-9-20240117","[1359344, 1357848, 1722441, 1357722]"
"RNNB-4-9-20240118","[1399609, 1357630, 1392725, 1737651]"
"RNNB-5-1-20240117","[1360542, 1357630, 1359804, 1357770]"
"RNNB-5-1-20240118","[1357630, 1722441, 1361412, 1392725]"
"RNNB-5-10-20240117","[1391122, 1722619, 1360981, 1646126]"
"RNNB-5-10-20240118","[1357630, 1518245, 1392725, 1399609]"
"RNNB-5-2-20240117","[1357630, 1399609, 1357911, 1392725]"
"RNNB-5-2-20240118","[1357630, 1392725, 1509616, 1722441]"
"RNNB-5-3-20240117","[1399609, 1360542, 1357630, 1392725]"
"RNNB-5-3-20240118","[1363016, 1361412, 1388990, 1361703]"
"RNNB-5-4-20240117","[1357630, 1399609, 1393466, 1357911]"
"RNNB-5-4-20240118","[1357630, 1399609, 1392725, 1509616]"
"RNNB-5-5-20240117","[1357630, 1399609, 1509616, 1392725]"
"RNNB-5-5-20240118","[1357630, 1399609, 1392725, 1509616]"
"RNNB-5-6-20240117","[1399609, 1360542, 1357630, 1509616]"
"RNNB-5-6-20240118","[1357630, 1399609, 1392725, 1509616]"
"RNNB-5-7-20240117","[1360542, 1400036, 1426088, 1357521]"
"RNNB-5-7-20240118","[1357630, 1722441, 1398721, 1737651]"
"RNNB-5-8-20240117","[1396197, 1359959, 1493056, 1357770]"
"RNNB-5-8-20240118","[1722441, 1737441, 1388990, 1722433]"
"RNNB-5-9-20240117","[1396197, 1356538, 1394640, 1357031]"
"RNNB-5-9-20240118","[1357004, 1357026, 1722433, 1722441]"
"RNNB-6-1-20240117","[1360542, 1355885, 1357486, 1396290]"
"RNNB-6-1-20240118","[1722619, 1357049, 1722441, 1361703]"
"RNNB-6-10-20240117","[1362429, 1388990, 1393921, 1360204]"
"RNNB-6-10-20240118","[1518245, 1737651, 1357630, 1392725]"
"RNNB-6-2-20240117","[1361412, 1388990, 1356083, 1426088]"
"RNNB-6-2-20240118","[1722441, 1358477, 1722433, 1363302]"
"RNNB-6-3-20240117","[1388990, 1361412, 1356069, 1741690]"
"RNNB-6-3-20240118","[1722619, 1358477, 1722441, 1361326]"
"RNNB-6-4-20240117","[1361412, 1388990, 1363302, 1361127]"
"RNNB-6-4-20240118","[1358477, 1396055, 1722441, 1396063]"
"RNNB-6-5-20240117","[1363526, 1361412, 1363302, 1360978]"
"RNNB-6-5-20240118","[1722433, 1722441, 1361326, 1425895]"
"RNNB-6-6-20240117","[1361412, 1363526, 1388990, 1722441]"
"RNNB-6-6-20240118","[1357630, 1357769, 1392725, 1509616]"
"RNNB-6-7-20240117","[1361412, 1388990, 1722435, 1357023]"
"RNNB-6-7-20240118","[1357630, 1399609, 1392725, 1509616]"
"RNNB-6-8-20240117","[1355950, 1357848, 1363526, 1357379]"
"RNNB-6-8-20240118","[1357630, 1399609, 1737651, 1392725]"
"RNNB-6-9-20240117","[1388990, 1363526, 1720968, 1357004]"
"RNNB-6-9-20240118","[1357911, 1357630, 1357769, 1509616]"
"RNNB-7-1-20240118","[1361412, 1738652, 1392725, 1357630]"
"RNNB-7-10-20240118","[1361412, 1388990, 1357004, 1356852]"
"RNNB-7-2-20240118","[1361412, 1357630, 1399609, 1392725]"
"RNNB-7-3-20240118","[1361412, 1392725, 1388990, 1357630]"
"RNNB-7-4-20240118","[1361412, 1388990, 1361127, 1356083]"
"RNNB-7-5-20240118","[1361412, 1399609, 1357630, 1392725]"
"RNNB-7-6-20240118","[1361412, 1399609, 1357630, 1509616]"
"RNNB-7-7-20240118","[1722441, 1361412, 1388990, 1361127]"
"RNNB-7-8-20240118","[1388990, 1361127, 1358386, 1394414]"
"RNNB-7-9-20240118","[1388990, 1361127, 1392317, 1361412]"
"RNNB-8-1-20240118","[1359344, 1359297, 1722441, 1722433]"
"RNNB-8-10-20240118","[1722441, 1361412, 1737441, 1363302]"
"RNNB-8-2-20240118","[1737441, 1722441, 1722433, 1357227]"
"RNNB-8-3-20240118","[1722441, 1737441, 1722433, 1357722]"
"RNNB-8-4-20240118","[1722441, 1737441, 1363302, 1390761]"
"RNNB-8-5-20240118","[1359344, 1722441, 1359297, 1363302]"
"RNNB-8-6-20240118","[1359344, 1359297, 1722619, 1363302]"
"RNNB-8-7-20240118","[1359344, 1357848, 1357722, 1364100]"
"RNNB-8-8-20240118","[1359344, 1363892, 1722671, 1357227]"
"RNNB-8-9-20240118","[1359344, 1722441, 1361412, 1737441]"
