"quadrat_id","species_ids"
"2024-CEV3-20240602","[1395045, 1362443, 1360187]"
"CBN-PdlC-A1-20130807","[1412857, 1360299, 1395807]"
"CBN-PdlC-A1-20130903","[1412857, 1395807, 1394643]"
"CBN-PdlC-A1-20140721","[1412857, 1395807, 1394311]"
"CBN-PdlC-A1-20140811","[1412857, 1392608, 1360299]"
"CBN-PdlC-A1-20140901","[1412857, 1360299, 1390793]"
"CBN-PdlC-A1-20150701","[1360299, 1394311, 1390793]"
"CBN-PdlC-A1-20150720","[1395807, 1392608, 1412857]"
"CBN-PdlC-A1-20150831","[1412857, 1390793, 1394643]"
"CBN-PdlC-A1-20160705","[1412857, 1390793, 1394911]"
"CBN-PdlC-A1-20160726","[1392535, 1412857, 1549015]"
"CBN-PdlC-A1-20170816","[1412857, 1360299, 1394641]"
"CBN-PdlC-A1-20170906","[1412857, 1395807, 1392608]"
"CBN-PdlC-A1-20180702","[1360981, 1394911, 1392534]"
"CBN-PdlC-A1-20180815","[1412857, 1360299, 1394311]"
"CBN-PdlC-A1-20180905","[1412857, 1394311, 1394641]"
"CBN-PdlC-A1-20190701","[1394311, 1741810, 1397046]"
"CBN-PdlC-A1-20190722","[1392608, 1395807, 1412857]"
"CBN-PdlC-A1-20190812","[1412857, 1395807, 1360299]"
"CBN-PdlC-A1-20190909","[1412857, 1395807, 1394311]"
"CBN-PdlC-A1-20200629","[1356424, 1393310, 1360981]"
"CBN-PdlC-A1-20200722","[1395807, 1392608, 1549015]"
"CBN-PdlC-A1-20200812","[1412857, 1395807, 1360299]"
"CBN-PdlC-A2-20130807","[1412857, 1395807, 1395974]"
"CBN-PdlC-A2-20130903","[1395807, 1412857, 1394643]"
"CBN-PdlC-A2-20140721","[1412857, 1394065, 1396974]"
"CBN-PdlC-A2-20140901","[1412857, 1394911, 1651061]"
"CBN-PdlC-A2-20150720","[1395807, 1412857, 1519650]"
"CBN-PdlC-A2-20150810","[1412857, 1395807, 1394643]"
"CBN-PdlC-A2-20150831","[1412857, 1395807, 1394643]"
"CBN-PdlC-A2-20160705","[1412857, 1394911, 1394641]"
"CBN-PdlC-A2-20160726","[1395807, 1412857, 1393200]"
"CBN-PdlC-A2-20170816","[1395807, 1412857, 1394641]"
"CBN-PdlC-A2-20180702","[1394311, 1391331, 1664563]"
"CBN-PdlC-A2-20180723","[1395807, 1393200, 1412857]"
"CBN-PdlC-A2-20180815","[1412857, 1394641, 1393200]"
"CBN-PdlC-A2-20180905","[1412857, 1395807, 1390793]"
"CBN-PdlC-A2-20190701","[1394910, 1654153, 1651267]"
"CBN-PdlC-A2-20190722","[1392535, 1549015, 1412857]"
"CBN-PdlC-A2-20190812","[1412857, 1395807, 1394641]"
"CBN-PdlC-A2-20190909","[1412857, 1395807, 1394643]"
"CBN-PdlC-A2-20200629","[1356424, 1358627, 1393657]"
"CBN-PdlC-A2-20200722","[1395807, 1392535, 1392558]"
"CBN-PdlC-A2-20200812","[1395807, 1412857, 1394643]"
"CBN-PdlC-A3-20130807","[1412857, 1395807, 1392608]"
"CBN-PdlC-A3-20130903","[1412857, 1395807, 1394643]"
"CBN-PdlC-A3-20140721","[1393200, 1412857, 1360299]"
"CBN-PdlC-A3-20140811","[1412857, 1395807, 1392608]"
"CBN-PdlC-A3-20140901","[1412857, 1394643, 1392608]"
"CBN-PdlC-A3-20150701","[1412857, 1392608, 1394643]"
"CBN-PdlC-A3-20150720","[1412857, 1395807, 1392608]"
"CBN-PdlC-A3-20150810","[1412857, 1395807, 1392608]"
"CBN-PdlC-A3-20150831","[1412857, 1394643, 1390793]"
"CBN-PdlC-A3-20160705","[1412857, 1393200, 1390793]"
"CBN-PdlC-A3-20160726","[1412857, 1395807, 1392608]"
"CBN-PdlC-A3-20170816","[1412857, 1395807, 1394643]"
"CBN-PdlC-A3-20170906","[1412857, 1394643, 1393200]"
"CBN-PdlC-A3-20180702","[1412857, 1394311, 1359587]"
"CBN-PdlC-A3-20180723","[1395807, 1412857, 1394643]"
"CBN-PdlC-A3-20180815","[1412857, 1394641, 1394643]"
"CBN-PdlC-A3-20180905","[1412857, 1394641, 1395807]"
"CBN-PdlC-A3-20190701","[1356424, 1423209, 1653823]"
"CBN-PdlC-A3-20190722","[1412857, 1397046, 1395807]"
"CBN-PdlC-A3-20190812","[1412857, 1395807, 1360299]"
"CBN-PdlC-A3-20190909","[1412857, 1395807, 1394643]"
"CBN-PdlC-A3-20200629","[1741834, 1548508, 1390541]"
"CBN-PdlC-A3-20200722","[1412857, 1395807, 1392608]"
"CBN-PdlC-A3-20200812","[1412857, 1395807, 1394643]"
"CBN-PdlC-A4-20130807","[1395807, 1392608, 1395000]"
"CBN-PdlC-A4-20130903","[1395807, 1395190, 1392608]"
"CBN-PdlC-A4-20140811","[1395807, 1393200, 1397475]"
"CBN-PdlC-A4-20140901","[1397475, 1392608, 1395190]"
"CBN-PdlC-A4-20150701","[1393200, 1392608, 1397475]"
"CBN-PdlC-A4-20150810","[1397475, 1392608, 1412857]"
"CBN-PdlC-A4-20150831","[1397475, 1393200, 1412857]"
"CBN-PdlC-A4-20160705","[1397475, 1393200, 1397500]"
"CBN-PdlC-A4-20160726","[1396144, 1392608, 1393200]"
"CBN-PdlC-A4-20170816","[1395807, 1397475, 1392608]"
"CBN-PdlC-A4-20170906","[1393200, 1397475, 1394311]"
"CBN-PdlC-A4-20180702","[1397475, 1395190, 1356728]"
"CBN-PdlC-A4-20180723","[1393200, 1397475, 1392608]"
"CBN-PdlC-A4-20180815","[1397475, 1395190, 1394311]"
"CBN-PdlC-A4-20180905","[1397475, 1395190, 1390793]"
"CBN-PdlC-A4-20190701","[1397475, 1390793, 1395190]"
"CBN-PdlC-A4-20190722","[1397475, 1392608, 1395190]"
"CBN-PdlC-A4-20190812","[1397475, 1395807, 1392608]"
"CBN-PdlC-A4-20190909","[1397475, 1395190, 1395807]"
"CBN-PdlC-A4-20200629","[1397475, 1395190, 1360590]"
"CBN-PdlC-A4-20200722","[1397475, 1393200, 1395190]"
"CBN-PdlC-A4-20200812","[1397475, 1361347, 1395190]"
"CBN-PdlC-A5-20130807","[1395807, 1397475, 1393200]"
"CBN-PdlC-A5-20130903","[1395807, 1397475, 1395870]"
"CBN-PdlC-A5-20140721","[1397475, 1395807, 1395870]"
"CBN-PdlC-A5-20140811","[1395807, 1393660, 1393824]"
"CBN-PdlC-A5-20150701","[1397475, 1395807, 1395190]"
"CBN-PdlC-A5-20150831","[1397475, 1396253, 1395807]"
"CBN-PdlC-A5-20160705","[1397475, 1395807, 1395190]"
"CBN-PdlC-A5-20160726","[1395807, 1392535, 1396253]"
"CBN-PdlC-A5-20170816","[1397475, 1395807, 1395190]"
"CBN-PdlC-A5-20170906","[1395807, 1396253, 1418688]"
"CBN-PdlC-A5-20180815","[1397475, 1395190, 1395807]"
"CBN-PdlC-A5-20180905","[1395807, 1395190, 1361367]"
"CBN-PdlC-A5-20190909","[1397475, 1395190, 1395807]"
"CBN-PdlC-A5-20200722","[1395807, 1397046, 1397043]"
"CBN-PdlC-A6-20130807","[1395190, 1397475, 1395807]"
"CBN-PdlC-A6-20130903","[1397475, 1395190, 1358517]"
"CBN-PdlC-A6-20140630","[1397475, 1395190, 1395805]"
"CBN-PdlC-A6-20140721","[1397475, 1395190, 1395870]"
"CBN-PdlC-A6-20140901","[1397475, 1395190, 1393660]"
"CBN-PdlC-A6-20150701","[1397475, 1395190, 1397363]"
"CBN-PdlC-A6-20150810","[1397475, 1395807, 1395190]"
"CBN-PdlC-A6-20150831","[1397475, 1395190, 1395870]"
"CBN-PdlC-A6-20160705","[1397475, 1395190, 1358517]"
"CBN-PdlC-A6-20160726","[1397475, 1395807, 1395190]"
"CBN-PdlC-A6-20170816","[1397475, 1395190, 1395870]"
"CBN-PdlC-A6-20170906","[1395190, 1397475, 1360591]"
"CBN-PdlC-A6-20180702","[1397475, 1395190, 1395158]"
"CBN-PdlC-A6-20180723","[1395190, 1397475, 1393200]"
"CBN-PdlC-A6-20180815","[1395190, 1397475, 1360591]"
"CBN-PdlC-A6-20180905","[1397475, 1395190, 1395870]"
"CBN-PdlC-A6-20190701","[1397475, 1395807, 1395805]"
"CBN-PdlC-A6-20190722","[1397475, 1395190, 1395807]"
"CBN-PdlC-A6-20190812","[1397475, 1395190, 1395807]"
"CBN-PdlC-A6-20190909","[1397475, 1395190, 1393660]"
"CBN-PdlC-A6-20200722","[1397475, 1395190, 1395807]"
"CBN-PdlC-A6-20200812","[1397475, 1395190, 1395807]"
"CBN-PdlC-B1-20130807","[1393200, 1395807, 1412857]"
"CBN-PdlC-B1-20130903","[1392608, 1360299, 1392612]"
"CBN-PdlC-B1-20140721","[1392608, 1395807, 1360299]"
"CBN-PdlC-B1-20140811","[1395807, 1392608, 1412857]"
"CBN-PdlC-B1-20140901","[1412857, 1392608, 1360299]"
"CBN-PdlC-B1-20150701","[1393200, 1392608, 1360299]"
"CBN-PdlC-B1-20150720","[1395807, 1392608, 1360299]"
"CBN-PdlC-B1-20150810","[1395807, 1412857, 1392608]"
"CBN-PdlC-B1-20150831","[1412857, 1395807, 1360299]"
"CBN-PdlC-B1-20160705","[1412857, 1393200, 1392608]"
"CBN-PdlC-B1-20160726","[1392608, 1395807, 1392612]"
"CBN-PdlC-B1-20170816","[1412857, 1395807, 1392608]"
"CBN-PdlC-B1-20170906","[1412857, 1392612, 1392608]"
"CBN-PdlC-B1-20180702","[1361382, 1360981, 1394581]"
"CBN-PdlC-B1-20180723","[1392608, 1412857, 1395807]"
"CBN-PdlC-B1-20180815","[1412857, 1392612, 1392608]"
"CBN-PdlC-B1-20180905","[1412857, 1394643, 1392608]"
"CBN-PdlC-B1-20190701","[1412857, 1361382, 1654153]"
"CBN-PdlC-B1-20190722","[1395807, 1392608, 1360299]"
"CBN-PdlC-B1-20190812","[1412857, 1360299, 1392608]"
"CBN-PdlC-B1-20190909","[1412857, 1394643, 1394311]"
"CBN-PdlC-B1-20200629","[1360299, 1361585, 1356424]"
"CBN-PdlC-B1-20200722","[1412857, 1392608, 1395807]"
"CBN-PdlC-B1-20200812","[1412857, 1392608, 1647128]"
"CBN-PdlC-B2-20130807","[1392608, 1395807, 1360299]"
"CBN-PdlC-B2-20130903","[1392608, 1360299, 1392614]"
"CBN-PdlC-B2-20140721","[1392608, 1360299, 1651061]"
"CBN-PdlC-B2-20140811","[1392608, 1360299, 1395807]"
"CBN-PdlC-B2-20140901","[1392608, 1360299, 1392612]"
"CBN-PdlC-B2-20150701","[1392608, 1394311, 1362361]"
"CBN-PdlC-B2-20150720","[1392608, 1395807, 1360299]"
"CBN-PdlC-B2-20150810","[1392608, 1390793, 1360299]"
"CBN-PdlC-B2-20150831","[1392608, 1390793, 1395807]"
"CBN-PdlC-B2-20160705","[1392608, 1390793, 1360299]"
"CBN-PdlC-B2-20160726","[1392608, 1360299, 1390793]"
"CBN-PdlC-B2-20170816","[1362482, 1360299, 1392608]"
"CBN-PdlC-B2-20170906","[1390874, 1394311, 1737693]"
"CBN-PdlC-B2-20180702","[1390793, 1390874, 1397045]"
"CBN-PdlC-B2-20180723","[1400101, 1392608, 1392535]"
"CBN-PdlC-B2-20180815","[1412857, 1392612, 1360299]"
"CBN-PdlC-B2-20180905","[1392608, 1394311, 1741880]"
"CBN-PdlC-B2-20190701","[1390793, 1394311, 1390874]"
"CBN-PdlC-B2-20190722","[1400101, 1392608, 1392535]"
"CBN-PdlC-B2-20190812","[1412857, 1392608, 1360299]"
"CBN-PdlC-B2-20190909","[1412857, 1360299, 1362482]"
"CBN-PdlC-B2-20200629","[1397528, 1393824, 1391143]"
"CBN-PdlC-B2-20200722","[1392608, 1392612, 1360299]"
"CBN-PdlC-B2-20200812","[1392608, 1360299, 1392612]"
"CBN-PdlC-B3-20130807","[1741880, 1394910, 1394597]"
"CBN-PdlC-B3-20130903","[1394910, 1393200, 1741880]"
"CBN-PdlC-B3-20140721","[1395807, 1364066, 1394311]"
"CBN-PdlC-B3-20140811","[1412857, 1395807, 1390793]"
"CBN-PdlC-B3-20140901","[1412857, 1395807, 1720959]"
"CBN-PdlC-B3-20150701","[1395807, 1741880, 1412857]"
"CBN-PdlC-B3-20150810","[1412857, 1395807, 1397468]"
"CBN-PdlC-B3-20150831","[1412857, 1393200, 1394311]"
"CBN-PdlC-B3-20160705","[1394911, 1412857, 1393200]"
"CBN-PdlC-B3-20160726","[1393200, 1412857, 1397046]"
"CBN-PdlC-B3-20170816","[1412857, 1395807, 1394641]"
"CBN-PdlC-B3-20170906","[1412857, 1394641, 1394643]"
"CBN-PdlC-B3-20180702","[1394643, 1394655, 1397046]"
"CBN-PdlC-B3-20180723","[1395807, 1393200, 1412857]"
"CBN-PdlC-B3-20180815","[1412857, 1393200, 1395807]"
"CBN-PdlC-B3-20180905","[1412857, 1394641, 1395807]"
"CBN-PdlC-B3-20190701","[1395974, 1741834, 1651061]"
"CBN-PdlC-B3-20190722","[1412857, 1395807, 1742075]"
"CBN-PdlC-B3-20190812","[1412857, 1395807, 1394643]"
"CBN-PdlC-B3-20190909","[1412857, 1395807, 1397468]"
"CBN-PdlC-B3-20200629","[1394597, 1366028, 1397513]"
"CBN-PdlC-B3-20200722","[1412857, 1395807, 1393200]"
"CBN-PdlC-B3-20200812","[1412857, 1395807, 1393200]"
"CBN-PdlC-B4-20130807","[1397475, 1395190, 1394311]"
"CBN-PdlC-B4-20130903","[1397475, 1395190, 1360591]"
"CBN-PdlC-B4-20140721","[1397475, 1395190, 1358517]"
"CBN-PdlC-B4-20140811","[1395190, 1397475, 1395169]"
"CBN-PdlC-B4-20140901","[1397475, 1395190, 1391680]"
"CBN-PdlC-B4-20150701","[1397475, 1395190, 1360591]"
"CBN-PdlC-B4-20150810","[1397475, 1395190, 1390674]"
"CBN-PdlC-B4-20150831","[1397475, 1395190, 1360591]"
"CBN-PdlC-B4-20160726","[1397475, 1395190, 1360591]"
"CBN-PdlC-B4-20170816","[1397475, 1395190, 1360591]"
"CBN-PdlC-B4-20170906","[1397475, 1395190, 1360591]"
"CBN-PdlC-B4-20180702","[1397475, 1395190, 1360591]"
"CBN-PdlC-B4-20180723","[1397475, 1395190, 1360591]"
"CBN-PdlC-B4-20180815","[1397475, 1360591, 1395190]"
"CBN-PdlC-B4-20180905","[1397475, 1360591, 1395190]"
"CBN-PdlC-B4-20190701","[1397475, 1395805, 1360591]"
"CBN-PdlC-B4-20190722","[1397475, 1395190, 1360591]"
"CBN-PdlC-B4-20190812","[1395190, 1397475, 1360591]"
"CBN-PdlC-B4-20190909","[1397475, 1395190, 1360591]"
"CBN-PdlC-B4-20200629","[1397475, 1395190, 1360591]"
"CBN-PdlC-B4-20200722","[1397475, 1395190, 1395758]"
"CBN-PdlC-B4-20200812","[1397475, 1395190, 1360591]"
"CBN-PdlC-B5-20130807","[1395807, 1397475, 1395190]"
"CBN-PdlC-B5-20130903","[1395807, 1397475, 1395190]"
"CBN-PdlC-B5-20140630","[1738796, 1531436, 1392317]"
"CBN-PdlC-B5-20140721","[1395807, 1397475, 1395190]"
"CBN-PdlC-B5-20140811","[1395807, 1395190, 1395870]"
"CBN-PdlC-B5-20140901","[1395807, 1397475, 1395190]"
"CBN-PdlC-B5-20150701","[1395807, 1397475, 1394911]"
"CBN-PdlC-B5-20150720","[1395807, 1395190, 1397475]"
"CBN-PdlC-B5-20150810","[1395807, 1395190, 1395870]"
"CBN-PdlC-B5-20150831","[1395807, 1397475, 1400101]"
"CBN-PdlC-B5-20160705","[1395807, 1397475, 1395190]"
"CBN-PdlC-B5-20160726","[1395807, 1397475, 1395190]"
"CBN-PdlC-B5-20170816","[1395807, 1397475, 1395190]"
"CBN-PdlC-B5-20170906","[1395807, 1395190, 1397475]"
"CBN-PdlC-B5-20180702","[1394603, 1397475, 1390793]"
"CBN-PdlC-B5-20180723","[1395807, 1397475, 1395190]"
"CBN-PdlC-B5-20180815","[1395807, 1397475, 1395190]"
"CBN-PdlC-B5-20180905","[1395807, 1397475, 1395190]"
"CBN-PdlC-B5-20190701","[1395870, 1418688, 1397475]"
"CBN-PdlC-B5-20190722","[1397475, 1395807, 1395190]"
"CBN-PdlC-B5-20190812","[1395807, 1397475, 1400101]"
"CBN-PdlC-B5-20190909","[1395807, 1397475, 1400101]"
"CBN-PdlC-B5-20200629","[1397475, 1395190, 1390793]"
"CBN-PdlC-B5-20200722","[1395807, 1397475, 1400101]"
"CBN-PdlC-B5-20200812","[1397475, 1395807, 1400101]"
"CBN-PdlC-B6-20130807","[1395807, 1395870, 1654153]"
"CBN-PdlC-B6-20130903","[1395807, 1361382, 1393660]"
"CBN-PdlC-B6-20140630","[1393200, 1359937, 1395974]"
"CBN-PdlC-B6-20140721","[1395807, 1741880, 1361367]"
"CBN-PdlC-B6-20140811","[1395807, 1654153, 1393660]"
"CBN-PdlC-B6-20140901","[1395807, 1394542, 1394540]"
"CBN-PdlC-B6-20150701","[1395807, 1397468, 1741880]"
"CBN-PdlC-B6-20150720","[1395807, 1361801, 1397450]"
"CBN-PdlC-B6-20150810","[1395807, 1397475, 1395190]"
"CBN-PdlC-B6-20150831","[1395807, 1390910, 1419225]"
"CBN-PdlC-B6-20160705","[1395807, 1397475, 1395190]"
"CBN-PdlC-B6-20160726","[1395807, 1395870, 1741880]"
"CBN-PdlC-B6-20170816","[1395807, 1395870, 1395868]"
"CBN-PdlC-B6-20170906","[1395807, 1395870, 1395868]"
"CBN-PdlC-B6-20180702","[1394911, 1390793, 1397468]"
"CBN-PdlC-B6-20180723","[1395807, 1400132, 1395870]"
"CBN-PdlC-B6-20180905","[1395807, 1396253, 1418688]"
"CBN-PdlC-B6-20190701","[1394911, 1395870, 1395807]"
"CBN-PdlC-B6-20190722","[1395807, 1397450, 1418688]"
"CBN-PdlC-B6-20190812","[1395807, 1361801, 1393604]"
"CBN-PdlC-B6-20190909","[1395807, 1364068, 1687898]"
"CBN-PdlC-B6-20200629","[1397475, 1394603, 1395190]"
"CBN-PdlC-B6-20200722","[1395807, 1392535, 1393679]"
"CBN-PdlC-B6-20200812","[1395807, 1397500, 1395870]"
"CBN-PdlC-C1-20130807","[1395807, 1414270, 1362729]"
"CBN-PdlC-C1-20130903","[1395807, 1741624, 1393200]"
"CBN-PdlC-C1-20140721","[1397500, 1393200, 1394603]"
"CBN-PdlC-C1-20140811","[1395807, 1397500, 1393708]"
"CBN-PdlC-C1-20140901","[1395807, 1393200, 1393708]"
"CBN-PdlC-C1-20150701","[1393200, 1397500, 1394603]"
"CBN-PdlC-C1-20150720","[1395807, 1397043, 1393200]"
"CBN-PdlC-C1-20150810","[1395807, 1414270, 1362023]"
"CBN-PdlC-C1-20150831","[1395807, 1394311, 1390874]"
"CBN-PdlC-C1-20160705","[1397500, 1361347, 1393200]"
"CBN-PdlC-C1-20160726","[1395807, 1364071, 1397046]"
"CBN-PdlC-C1-20170816","[1395807, 1361347, 1397500]"
"CBN-PdlC-C1-20170906","[1395807, 1418688, 1361347]"
"CBN-PdlC-C1-20180723","[1393200, 1395807, 1393708]"
"CBN-PdlC-C1-20180815","[1395807, 1741706, 1397045]"
"CBN-PdlC-C1-20180905","[1395807, 1397500, 1364071]"
"CBN-PdlC-C1-20190701","[1359937, 1361703, 1393657]"
"CBN-PdlC-C1-20190722","[1395807, 1393200, 1393708]"
"CBN-PdlC-C1-20190812","[1395807, 1393708, 1364071]"
"CBN-PdlC-C1-20190909","[1395807, 1393708, 1397500]"
"CBN-PdlC-C1-20200722","[1393200, 1395807, 1392561]"
"CBN-PdlC-C1-20200812","[1395807, 1393200, 1397500]"
"CBN-PdlC-C2-20130903","[1395807, 1412857, 1741880]"
"CBN-PdlC-C2-20140721","[1412857, 1390793, 1390874]"
"CBN-PdlC-C2-20140811","[1412857, 1395807, 1392535]"
"CBN-PdlC-C2-20140901","[1412857, 1395807, 1392535]"
"CBN-PdlC-C2-20150701","[1412857, 1707089, 1361347]"
"CBN-PdlC-C2-20150720","[1395807, 1412857, 1397046]"
"CBN-PdlC-C2-20150810","[1412857, 1395807, 1394641]"
"CBN-PdlC-C2-20150831","[1412857, 1395807, 1394641]"
"CBN-PdlC-C2-20160705","[1412857, 1396144, 1390793]"
"CBN-PdlC-C2-20160726","[1395807, 1392535, 1392534]"
"CBN-PdlC-C2-20170816","[1395807, 1412857, 1394641]"
"CBN-PdlC-C2-20170906","[1395807, 1412857, 1418688]"
"CBN-PdlC-C2-20180723","[1395807, 1395870, 1741880]"
"CBN-PdlC-C2-20180815","[1395807, 1741880, 1609716]"
"CBN-PdlC-C2-20180905","[1395807, 1412857, 1390793]"
"CBN-PdlC-C2-20190701","[1361703, 1359937, 1651061]"
"CBN-PdlC-C2-20190722","[1395807, 1412857, 1393200]"
"CBN-PdlC-C2-20190812","[1395807, 1412857, 1392535]"
"CBN-PdlC-C2-20190909","[1395807, 1412857, 1394641]"
"CBN-PdlC-C2-20200722","[1395807, 1412857, 1361347]"
"CBN-PdlC-C2-20200812","[1395807, 1412857, 1395870]"
"CBN-PdlC-C3-20130807","[1395807, 1741880, 1395870]"
"CBN-PdlC-C3-20130903","[1395807, 1394643, 1397461]"
"CBN-PdlC-C3-20140721","[1362023, 1651162, 1361347]"
"CBN-PdlC-C3-20140811","[1395807, 1412857, 1364066]"
"CBN-PdlC-C3-20140901","[1395807, 1412857, 1361382]"
"CBN-PdlC-C3-20150701","[1361347, 1651162, 1394603]"
"CBN-PdlC-C3-20150720","[1395807, 1393660, 1361347]"
"CBN-PdlC-C3-20150831","[1395807, 1361347, 1393660]"
"CBN-PdlC-C3-20160705","[1361347, 1609716, 1741880]"
"CBN-PdlC-C3-20160726","[1395807, 1393660, 1362331]"
"CBN-PdlC-C3-20170816","[1395807, 1395870, 1361347]"
"CBN-PdlC-C3-20170906","[1395807, 1418688, 1396253]"
"CBN-PdlC-C3-20180723","[1395807, 1741880, 1395870]"
"CBN-PdlC-C3-20180815","[1395807, 1396253, 1363016]"
"CBN-PdlC-C3-20180905","[1395807, 1361347, 1362023]"
"CBN-PdlC-C3-20190701","[1361703, 1359937, 1359587]"
"CBN-PdlC-C3-20190722","[1395807, 1393660, 1741880]"
"CBN-PdlC-C3-20190812","[1395807, 1741880, 1362023]"
"CBN-PdlC-C3-20190909","[1392299, 1395807, 1362023]"
"CBN-PdlC-C3-20200722","[1395807, 1392299, 1393660]"
"CBN-PdlC-C3-20200812","[1395807, 1393660, 1362023]"
"CBN-PdlC-C4-20130807","[1395807, 1394910, 1418688]"
"CBN-PdlC-C4-20130903","[1395807, 1395870, 1396974]"
"CBN-PdlC-C4-20140721","[1390793, 1390910, 1654153]"
"CBN-PdlC-C4-20140811","[1395807, 1395870, 1361382]"
"CBN-PdlC-C4-20140901","[1395807, 1361382, 1392608]"
"CBN-PdlC-C4-20150701","[1394311, 1390874, 1651061]"
"CBN-PdlC-C4-20150720","[1395807, 1395870, 1392608]"
"CBN-PdlC-C4-20150831","[1395807, 1741880, 1395870]"
"CBN-PdlC-C4-20160705","[1390793, 1390910, 1651061]"
"CBN-PdlC-C4-20160726","[1395807, 1397043, 1741880]"
"CBN-PdlC-C4-20170816","[1395807, 1395870, 1418688]"
"CBN-PdlC-C4-20170906","[1395807, 1418688, 1741880]"
"CBN-PdlC-C4-20180723","[1395807, 1393708, 1741880]"
"CBN-PdlC-C4-20180815","[1395807, 1395870, 1391878]"
"CBN-PdlC-C4-20180905","[1395807, 1391881, 1393914]"
"CBN-PdlC-C4-20190701","[1651061, 1359937, 1360981]"
"CBN-PdlC-C4-20190722","[1395807, 1364066, 1395870]"
"CBN-PdlC-C4-20190812","[1395807, 1397043, 1654153]"
"CBN-PdlC-C4-20190909","[1395807, 1393660, 1395870]"
"CBN-PdlC-C4-20200722","[1393660, 1395807, 1395870]"
"CBN-PdlC-C4-20200812","[1395807, 1395870, 1360269]"
"CBN-PdlC-C5-20130807","[1395807, 1395870, 1741880]"
"CBN-PdlC-C5-20130903","[1395807, 1364067, 1395870]"
"CBN-PdlC-C5-20140721","[1390793, 1395807, 1361063]"
"CBN-PdlC-C5-20140811","[1395807, 1397046, 1397043]"
"CBN-PdlC-C5-20140901","[1395807, 1361382, 1361367]"
"CBN-PdlC-C5-20150701","[1394311, 1418612, 1654153]"
"CBN-PdlC-C5-20150720","[1395807, 1392608, 1397045]"
"CBN-PdlC-C5-20150810","[1395807, 1390793, 1395870]"
"CBN-PdlC-C5-20150831","[1395807, 1390793, 1396253]"
"CBN-PdlC-C5-20160705","[1390793, 1741880, 1390874]"
"CBN-PdlC-C5-20160726","[1395807, 1397046, 1394311]"
"CBN-PdlC-C5-20170816","[1395807, 1390793, 1396253]"
"CBN-PdlC-C5-20170906","[1395807, 1390793, 1394311]"
"CBN-PdlC-C5-20180723","[1395807, 1395870, 1392608]"
"CBN-PdlC-C5-20180815","[1395807, 1741880, 1391881]"
"CBN-PdlC-C5-20180905","[1395807, 1396253, 1390793]"
"CBN-PdlC-C5-20190701","[1363016, 1651061, 1654153]"
"CBN-PdlC-C5-20190722","[1395807, 1397045, 1397046]"
"CBN-PdlC-C5-20190812","[1395807, 1397043, 1396253]"
"CBN-PdlC-C5-20190909","[1395807, 1396253, 1418688]"
"CBN-PdlC-C5-20200722","[1395807, 1741880, 1395870]"
"CBN-PdlC-C5-20200812","[1395807, 1392608, 1390793]"
"CBN-PdlC-C6-20130807","[1395807, 1396253, 1741880]"
"CBN-PdlC-C6-20130903","[1395807, 1393200, 1392274]"
"CBN-PdlC-C6-20140721","[1396253, 1390793, 1395807]"
"CBN-PdlC-C6-20140811","[1395807, 1396253, 1361367]"
"CBN-PdlC-C6-20140901","[1396253, 1395807, 1361382]"
"CBN-PdlC-C6-20150701","[1359937, 1654153, 1651061]"
"CBN-PdlC-C6-20150720","[1395807, 1396253, 1397045]"
"CBN-PdlC-C6-20150810","[1395807, 1395870, 1364067]"
"CBN-PdlC-C6-20150831","[1396253, 1395807, 1390793]"
"CBN-PdlC-C6-20160705","[1390793, 1393200, 1654153]"
"CBN-PdlC-C6-20160726","[1396253, 1395807, 1741880]"
"CBN-PdlC-C6-20170816","[1395807, 1741880, 1396253]"
"CBN-PdlC-C6-20170906","[1395807, 1418688, 1396253]"
"CBN-PdlC-C6-20180723","[1395807, 1393200, 1393708]"
"CBN-PdlC-C6-20180815","[1393200, 1395807, 1397500]"
"CBN-PdlC-C6-20180905","[1395807, 1396253, 1393200]"
"CBN-PdlC-C6-20190701","[1390811, 1361389, 1654153]"
"CBN-PdlC-C6-20190722","[1393200, 1395807, 1397500]"
"CBN-PdlC-C6-20190812","[1396253, 1392608, 1395807]"
"CBN-PdlC-C6-20190909","[1395807, 1396253, 1394311]"
"CBN-PdlC-C6-20200722","[1395807, 1396253, 1392608]"
"CBN-PdlC-C6-20200812","[1395807, 1392608, 1362482]"
"CBN-PdlC-D1-20130807","[1395807, 1396253, 1414270]"
"CBN-PdlC-D1-20130903","[1395807, 1396253, 1395870]"
"CBN-PdlC-D1-20140721","[1396253, 1395807, 1741880]"
"CBN-PdlC-D1-20140811","[1395807, 1396253, 1418688]"
"CBN-PdlC-D1-20140901","[1396253, 1395807, 1418688]"
"CBN-PdlC-D1-20150701","[1390793, 1396253, 1397046]"
"CBN-PdlC-D1-20150720","[1395807, 1392535, 1396253]"
"CBN-PdlC-D1-20150810","[1396253, 1395807, 1741880]"
"CBN-PdlC-D1-20150831","[1395807, 1396253, 1394311]"
"CBN-PdlC-D1-20160705","[1395807, 1741880, 1396253]"
"CBN-PdlC-D1-20160726","[1395807, 1396253, 1392535]"
"CBN-PdlC-D1-20170816","[1395807, 1390793, 1390874]"
"CBN-PdlC-D1-20170906","[1395807, 1396253, 1394311]"
"CBN-PdlC-D1-20180723","[1395807, 1741880, 1397500]"
"CBN-PdlC-D1-20180815","[1395807, 1395868, 1418688]"
"CBN-PdlC-D1-20180905","[1396253, 1395807, 1390793]"
"CBN-PdlC-D1-20190701","[1396253, 1356424, 1651061]"
"CBN-PdlC-D1-20190722","[1395807, 1396253, 1395870]"
"CBN-PdlC-D1-20190812","[1395807, 1396253, 1364071]"
"CBN-PdlC-D1-20190909","[1395807, 1396253, 1394311]"
"CBN-PdlC-D1-20200722","[1395807, 1392535, 1396253]"
"CBN-PdlC-D1-20200812","[1395807, 1396253, 1395870]"
"CBN-PdlC-D2-20130807","[1412857, 1395807, 1396253]"
"CBN-PdlC-D2-20130903","[1412857, 1394643, 1395807]"
"CBN-PdlC-D2-20140721","[1412857, 1394311, 1390793]"
"CBN-PdlC-D2-20140811","[1412857, 1396253, 1395807]"
"CBN-PdlC-D2-20140901","[1412857, 1396253, 1390793]"
"CBN-PdlC-D2-20150720","[1412857, 1396253, 1395807]"
"CBN-PdlC-D2-20150810","[1412857, 1396253, 1395807]"
"CBN-PdlC-D2-20150831","[1412857, 1395807, 1396253]"
"CBN-PdlC-D2-20160705","[1412857, 1390793, 1394643]"
"CBN-PdlC-D2-20160726","[1395807, 1396253, 1412857]"
"CBN-PdlC-D2-20170816","[1395807, 1390793, 1412857]"
"CBN-PdlC-D2-20170906","[1396253, 1395807, 1412857]"
"CBN-PdlC-D2-20180723","[1395807, 1396253, 1412857]"
"CBN-PdlC-D2-20180815","[1396253, 1412857, 1394643]"
"CBN-PdlC-D2-20180905","[1390793, 1412857, 1394643]"
"CBN-PdlC-D2-20190701","[1362023, 1359587, 1651162]"
"CBN-PdlC-D2-20190722","[1395807, 1396253, 1412857]"
"CBN-PdlC-D2-20190812","[1412857, 1396253, 1395807]"
"CBN-PdlC-D2-20190909","[1412857, 1396253, 1395807]"
"CBN-PdlC-D2-20200722","[1395807, 1412857, 1394643]"
"CBN-PdlC-D2-20200812","[1412857, 1395807, 1394643]"
"CBN-PdlC-D3-20130807","[1395807, 1647128, 1396441]"
"CBN-PdlC-D3-20130903","[1647128, 1396441, 1413349]"
"CBN-PdlC-D3-20140721","[1396441, 1412857, 1397461]"
"CBN-PdlC-D3-20140811","[1412857, 1390793, 1396441]"
"CBN-PdlC-D3-20140901","[1412857, 1647128, 1413349]"
"CBN-PdlC-D3-20150701","[1418612, 1396441, 1647170]"
"CBN-PdlC-D3-20150720","[1412857, 1647128, 1390793]"
"CBN-PdlC-D3-20150831","[1412857, 1413349, 1390793]"
"CBN-PdlC-D3-20160705","[1390793, 1413349, 1396441]"
"CBN-PdlC-D3-20160726","[1390793, 1396441, 1647128]"
"CBN-PdlC-D3-20170816","[1647128, 1396441, 1390793]"
"CBN-PdlC-D3-20170906","[1413349, 1390793, 1412857]"
"CBN-PdlC-D3-20180723","[1395807, 1647128, 1396441]"
"CBN-PdlC-D3-20180815","[1390793, 1412857, 1395807]"
"CBN-PdlC-D3-20180905","[1412857, 1390793, 1396441]"
"CBN-PdlC-D3-20190701","[1363016, 1396441, 1359937]"
"CBN-PdlC-D3-20190722","[1395807, 1390793, 1647128]"
"CBN-PdlC-D3-20190812","[1412857, 1647128, 1390793]"
"CBN-PdlC-D3-20190909","[1395807, 1647170, 1390793]"
"CBN-PdlC-D3-20200722","[1390793, 1392535, 1412857]"
"CBN-PdlC-D3-20200812","[1647128, 1390793, 1395807]"
"CBN-PdlC-D4-20130807","[1395807, 1396253, 1395870]"
"CBN-PdlC-D4-20130903","[1395807, 1647128, 1395870]"
"CBN-PdlC-D4-20140721","[1395870, 1741880, 1395807]"
"CBN-PdlC-D4-20140811","[1412857, 1395807, 1392535]"
"CBN-PdlC-D4-20140901","[1396253, 1395807, 1361382]"
"CBN-PdlC-D4-20150701","[1396169, 1394630, 1392684]"
"CBN-PdlC-D4-20150720","[1395807, 1392535, 1392558]"
"CBN-PdlC-D4-20150831","[1395807, 1396253, 1360299]"
"CBN-PdlC-D4-20160705","[1395870, 1741880, 1395807]"
"CBN-PdlC-D4-20160726","[1395807, 1392535, 1397046]"
"CBN-PdlC-D4-20170816","[1395807, 1396253, 1741880]"
"CBN-PdlC-D4-20170906","[1395807, 1412857, 1418688]"
"CBN-PdlC-D4-20180723","[1395807, 1741880, 1395870]"
"CBN-PdlC-D4-20180815","[1395807, 1412857, 1395870]"
"CBN-PdlC-D4-20180905","[1395807, 1396253, 1412857]"
"CBN-PdlC-D4-20190701","[1397046, 1394597, 1394655]"
"CBN-PdlC-D4-20190722","[1395807, 1396253, 1400101]"
"CBN-PdlC-D4-20190812","[1395807, 1412857, 1396253]"
"CBN-PdlC-D4-20190909","[1395807, 1396253, 1395870]"
"CBN-PdlC-D4-20200722","[1395807, 1396253, 1395870]"
"CBN-PdlC-D4-20200812","[1395807, 1412857, 1741880]"
"CBN-PdlC-D5-20130807","[1395807, 1741880, 1395870]"
"CBN-PdlC-D5-20130903","[1395807, 1392299, 1741880]"
"CBN-PdlC-D5-20140721","[1360299, 1395807, 1418688]"
"CBN-PdlC-D5-20140811","[1395807, 1392608, 1741880]"
"CBN-PdlC-D5-20140901","[1395807, 1395870, 1360299]"
"CBN-PdlC-D5-20150701","[1394311, 1361077, 1418612]"
"CBN-PdlC-D5-20150720","[1395807, 1392608, 1741880]"
"CBN-PdlC-D5-20150810","[1395807, 1741880, 1392608]"
"CBN-PdlC-D5-20150831","[1395807, 1395870, 1392299]"
"CBN-PdlC-D5-20160705","[1390793, 1394311, 1392608]"
"CBN-PdlC-D5-20160726","[1395807, 1392608, 1741880]"
"CBN-PdlC-D5-20170816","[1395807, 1390793, 1741880]"
"CBN-PdlC-D5-20170906","[1395807, 1390874, 1390793]"
"CBN-PdlC-D5-20180723","[1392608, 1400101, 1395807]"
"CBN-PdlC-D5-20180815","[1395807, 1418688, 1395870]"
"CBN-PdlC-D5-20180905","[1395807, 1390793, 1396253]"
"CBN-PdlC-D5-20190701","[1390874, 1397046, 1361057]"
"CBN-PdlC-D5-20190722","[1395807, 1392535, 1392608]"
"CBN-PdlC-D5-20190812","[1395807, 1400101, 1392608]"
"CBN-PdlC-D5-20190909","[1395807, 1400101, 1361281]"
"CBN-PdlC-D5-20200722","[1395807, 1360299, 1392608]"
"CBN-PdlC-D5-20200812","[1362482, 1395807, 1392608]"
"CBN-PdlC-D6-20130807","[1395807, 1741880, 1395870]"
"CBN-PdlC-D6-20130903","[1395807, 1397045, 1397046]"
"CBN-PdlC-D6-20140721","[1390793, 1396733, 1394655]"
"CBN-PdlC-D6-20140811","[1395807, 1397043, 1396253]"
"CBN-PdlC-D6-20140901","[1395807, 1396253, 1395000]"
"CBN-PdlC-D6-20150701","[1654153, 1356424, 1418688]"
"CBN-PdlC-D6-20150720","[1395807, 1393660, 1395870]"
"CBN-PdlC-D6-20150810","[1395807, 1393660, 1741880]"
"CBN-PdlC-D6-20150831","[1395807, 1412857, 1359835]"
"CBN-PdlC-D6-20160705","[1390793, 1418688, 1396974]"
"CBN-PdlC-D6-20160726","[1395807, 1397046, 1396974]"
"CBN-PdlC-D6-20170816","[1395807, 1741880, 1395870]"
"CBN-PdlC-D6-20170906","[1395807, 1412857, 1394641]"
"CBN-PdlC-D6-20180723","[1395807, 1393708, 1741880]"
"CBN-PdlC-D6-20180815","[1396253, 1395807, 1359511]"
"CBN-PdlC-D6-20180905","[1395807, 1412857, 1418688]"
"CBN-PdlC-D6-20190701","[1707089, 1361801, 1356359]"
"CBN-PdlC-D6-20190722","[1395807, 1397046, 1393660]"
"CBN-PdlC-D6-20190812","[1395807, 1395870, 1393660]"
"CBN-PdlC-D6-20190909","[1395807, 1393660, 1391881]"
"CBN-PdlC-D6-20200722","[1395807, 1395855, 1390910]"
"CBN-PdlC-D6-20200812","[1395807, 1395870, 1393660]"
"CBN-PdlC-E1-20130723","[1390793, 1396253, 1742075]"
"CBN-PdlC-E1-20130807","[1390793, 1395807, 1396253]"
"CBN-PdlC-E1-20130903","[1390793, 1395807, 1392608]"
"CBN-PdlC-E1-20140630","[1390793, 1738658, 1390874]"
"CBN-PdlC-E1-20140721","[1395807, 1390793, 1395855]"
"CBN-PdlC-E1-20140811","[1395807, 1396253, 1412857]"
"CBN-PdlC-E1-20140901","[1396253, 1390793, 1395807]"
"CBN-PdlC-E1-20150701","[1395807, 1392608, 1396253]"
"CBN-PdlC-E1-20150720","[1395807, 1392608, 1392612]"
"CBN-PdlC-E1-20150810","[1393200, 1392608, 1397475]"
"CBN-PdlC-E1-20150831","[1390793, 1392608, 1395807]"
"CBN-PdlC-E1-20160705","[1390793, 1392608, 1395807]"
"CBN-PdlC-E1-20160726","[1392608, 1395807, 1396253]"
"CBN-PdlC-E1-20170816","[1390793, 1395807, 1394311]"
"CBN-PdlC-E1-20170906","[1390793, 1390874, 1418688]"
"CBN-PdlC-E1-20180702","[1390793, 1394597, 1390910]"
"CBN-PdlC-E1-20180723","[1392535, 1395807, 1549015]"
"CBN-PdlC-E1-20180815","[1392608, 1394311, 1390793]"
"CBN-PdlC-E1-20180905","[1390793, 1412857, 1360299]"
"CBN-PdlC-E1-20190701","[1395807, 1741880, 1390874]"
"CBN-PdlC-E1-20190812","[1396253, 1392608, 1390793]"
"CBN-PdlC-E1-20190909","[1390793, 1361281, 1392608]"
"CBN-PdlC-E1-20200629","[1741880, 1394597, 1395807]"
"CBN-PdlC-E1-20200722","[1392608, 1395807, 1390793]"
"CBN-PdlC-E1-20200812","[1395807, 1390793, 1361281]"
"CBN-PdlC-E2-20130723","[1395807, 1396974, 1394603]"
"CBN-PdlC-E2-20130807","[1395807, 1394603, 1395868]"
"CBN-PdlC-E2-20130903","[1395807, 1395870, 1395868]"
"CBN-PdlC-E2-20140630","[1396144, 1412857, 1394311]"
"CBN-PdlC-E2-20140721","[1395807, 1741810, 1394311]"
"CBN-PdlC-E2-20140811","[1412857, 1395807, 1395870]"
"CBN-PdlC-E2-20140901","[1395807, 1412857, 1390874]"
"CBN-PdlC-E2-20150720","[1395807, 1395870, 1741880]"
"CBN-PdlC-E2-20150810","[1395807, 1412857, 1395870]"
"CBN-PdlC-E2-20150831","[1395807, 1361585, 1395870]"
"CBN-PdlC-E2-20160705","[1395807, 1397046, 1391666]"
"CBN-PdlC-E2-20160726","[1412857, 1395807, 1741880]"
"CBN-PdlC-E2-20170816","[1395807, 1412857, 1394641]"
"CBN-PdlC-E2-20170906","[1395807, 1412857, 1390874]"
"CBN-PdlC-E2-20180702","[1394911, 1412857, 1741880]"
"CBN-PdlC-E2-20180723","[1395807, 1412857, 1397045]"
"CBN-PdlC-E2-20180815","[1395807, 1412857, 1394641]"
"CBN-PdlC-E2-20180905","[1390793, 1395807, 1412857]"
"CBN-PdlC-E2-20190701","[1395807, 1394911, 1741880]"
"CBN-PdlC-E2-20190812","[1395807, 1412857, 1390793]"
"CBN-PdlC-E2-20190909","[1395807, 1390793, 1412857]"
"CBN-PdlC-E2-20200629","[1395807, 1741880, 1395870]"
"CBN-PdlC-E2-20200722","[1395807, 1395870, 1394641]"
"CBN-PdlC-E2-20200812","[1395807, 1394311, 1390793]"
"CBN-PdlC-E3-20130723","[1396253, 1391666, 1361080]"
"CBN-PdlC-E3-20130807","[1395807, 1362023, 1361284]"
"CBN-PdlC-E3-20130903","[1395807, 1392299, 1361284]"
"CBN-PdlC-E3-20140630","[1390837, 1361077, 1651061]"
"CBN-PdlC-E3-20140721","[1395807, 1396253, 1391666]"
"CBN-PdlC-E3-20140811","[1395807, 1361347, 1395868]"
"CBN-PdlC-E3-20140901","[1395807, 1392299, 1361284]"
"CBN-PdlC-E3-20150701","[1395807, 1360874, 1361284]"
"CBN-PdlC-E3-20150720","[1395807, 1361347, 1362023]"
"CBN-PdlC-E3-20150810","[1395807, 1361284, 1392299]"
"CBN-PdlC-E3-20150831","[1395807, 1361347, 1361284]"
"CBN-PdlC-E3-20160705","[1395807, 1361592, 1361347]"
"CBN-PdlC-E3-20160726","[1395807, 1361284, 1392299]"
"CBN-PdlC-E3-20170816","[1395807, 1390793, 1418688]"
"CBN-PdlC-E3-20170906","[1418688, 1362023, 1361347]"
"CBN-PdlC-E3-20180702","[1394597, 1394877, 1394598]"
"CBN-PdlC-E3-20180723","[1395807, 1392299, 1361284]"
"CBN-PdlC-E3-20180815","[1392299, 1361284, 1363056]"
"CBN-PdlC-E3-20180905","[1390793, 1392299, 1361284]"
"CBN-PdlC-E3-20190701","[1395807, 1397500, 1654153]"
"CBN-PdlC-E3-20190812","[1396253, 1390793, 1361281]"
"CBN-PdlC-E3-20190909","[1361347, 1390874, 1390793]"
"CBN-PdlC-E3-20200629","[1396253, 1361347, 1741880]"
"CBN-PdlC-E3-20200722","[1395807, 1393665, 1361592]"
"CBN-PdlC-E3-20200812","[1395807, 1361281, 1397045]"
"CBN-PdlC-E4-20130807","[1396253, 1395807, 1397500]"
"CBN-PdlC-E4-20130903","[1395807, 1392608, 1361281]"
"CBN-PdlC-E4-20140630","[1360299, 1394311, 1361077]"
"CBN-PdlC-E4-20140721","[1395807, 1396253, 1741880]"
"CBN-PdlC-E4-20140811","[1395807, 1395870, 1392608]"
"CBN-PdlC-E4-20140901","[1395807, 1396253, 1392608]"
"CBN-PdlC-E4-20150701","[1395807, 1392608, 1741880]"
"CBN-PdlC-E4-20150720","[1395807, 1396843, 1361281]"
"CBN-PdlC-E4-20150810","[1395807, 1396253, 1361281]"
"CBN-PdlC-E4-20160705","[1395807, 1361592, 1396253]"
"CBN-PdlC-E4-20160726","[1395807, 1741880, 1395870]"
"CBN-PdlC-E4-20170816","[1395807, 1418688, 1396253]"
"CBN-PdlC-E4-20170906","[1418688, 1392059, 1390874]"
"CBN-PdlC-E4-20180702","[1393665, 1390793, 1397430]"
"CBN-PdlC-E4-20180723","[1361592, 1395807, 1393681]"
"CBN-PdlC-E4-20180815","[1395807, 1418688, 1361099]"
"CBN-PdlC-E4-20180905","[1362331, 1396969, 1363056]"
"CBN-PdlC-E4-20190701","[1395807, 1396253, 1393665]"
"CBN-PdlC-E4-20190812","[1395807, 1361281, 1390910]"
"CBN-PdlC-E4-20190909","[1362331, 1363056, 1393660]"
"CBN-PdlC-E4-20200629","[1361592, 1393665, 1418688]"
"CBN-PdlC-E4-20200722","[1395807, 1393681, 1397430]"
"CBN-PdlC-E4-20200812","[1395807, 1390910, 1418688]"
"CBN-PdlC-E5-20130723","[1397500, 1418688, 1388766]"
"CBN-PdlC-E5-20130807","[1395807, 1392608, 1390793]"
"CBN-PdlC-E5-20130903","[1390793, 1392608, 1395807]"
"CBN-PdlC-E5-20140630","[1390793, 1360299, 1393200]"
"CBN-PdlC-E5-20140721","[1393200, 1395807, 1390793]"
"CBN-PdlC-E5-20140811","[1393200, 1395807, 1390793]"
"CBN-PdlC-E5-20150720","[1395807, 1392608, 1396843]"
"CBN-PdlC-E5-20150810","[1392608, 1395807, 1393200]"
"CBN-PdlC-E5-20150831","[1395807, 1390793, 1393200]"
"CBN-PdlC-E5-20160705","[1392608, 1393200, 1395807]"
"CBN-PdlC-E5-20160726","[1395807, 1392608, 1396843]"
"CBN-PdlC-E5-20170816","[1390793, 1395807, 1396253]"
"CBN-PdlC-E5-20170906","[1395807, 1390793, 1360299]"
"CBN-PdlC-E5-20180702","[1360299, 1394597, 1394598]"
"CBN-PdlC-E5-20180723","[1392608, 1395807, 1360299]"
"CBN-PdlC-E5-20180815","[1395807, 1392608, 1390793]"
"CBN-PdlC-E5-20180905","[1390793, 1360748, 1393200]"
"CBN-PdlC-E5-20190722","[1396253, 1360299, 1395807]"
"CBN-PdlC-E5-20190812","[1392608, 1360299, 1395807]"
"CBN-PdlC-E5-20190909","[1390793, 1395807, 1396253]"
"CBN-PdlC-E5-20200629","[1393200, 1395807, 1360299]"
"CBN-PdlC-E5-20200722","[1395807, 1392608, 1390793]"
"CBN-PdlC-E5-20200812","[1395807, 1392608, 1390793]"
"CBN-PdlC-E6-20130723","[1395807, 1390880, 1361077]"
"CBN-PdlC-E6-20130807","[1395807, 1390793, 1396843]"
"CBN-PdlC-E6-20130903","[1395807, 1390793, 1395870]"
"CBN-PdlC-E6-20140630","[1393200, 1390793, 1390904]"
"CBN-PdlC-E6-20140721","[1395807, 1396253, 1390793]"
"CBN-PdlC-E6-20140811","[1395807, 1390793, 1396253]"
"CBN-PdlC-E6-20150701","[1395807, 1396253, 1392535]"
"CBN-PdlC-E6-20150720","[1395807, 1396843, 1396869]"
"CBN-PdlC-E6-20150810","[1395807, 1396843, 1390793]"
"CBN-PdlC-E6-20150831","[1395807, 1390793, 1396843]"
"CBN-PdlC-E6-20160705","[1390793, 1395807, 1392608]"
"CBN-PdlC-E6-20160726","[1395807, 1396843, 1392534]"
"CBN-PdlC-E6-20170816","[1395807, 1396253, 1394311]"
"CBN-PdlC-E6-20170906","[1395807, 1396253, 1396843]"
"CBN-PdlC-E6-20180702","[1418688, 1394597, 1394598]"
"CBN-PdlC-E6-20180723","[1392534, 1392535, 1395807]"
"CBN-PdlC-E6-20180815","[1395807, 1396253, 1741880]"
"CBN-PdlC-E6-20180905","[1390793, 1394655, 1395807]"
"CBN-PdlC-E6-20190722","[1395807, 1390793, 1396843]"
"CBN-PdlC-E6-20190812","[1395807, 1396843, 1390793]"
"CBN-PdlC-E6-20190909","[1395807, 1390793, 1396843]"
"CBN-PdlC-E6-20200629","[1418612, 1395807, 1741880]"
"CBN-PdlC-E6-20200722","[1395807, 1390793, 1396253]"
"CBN-PdlC-E6-20200812","[1395807, 1396253, 1396843]"
"CBN-PdlC-F1-20130723","[1394603, 1395807, 1394598]"
"CBN-PdlC-F1-20130807","[1395807, 1390793, 1394311]"
"CBN-PdlC-F1-20130903","[1395807, 1395870, 1741880]"
"CBN-PdlC-F1-20140630","[1394597, 1394598, 1741880]"
"CBN-PdlC-F1-20140721","[1395807, 1741810, 1397528]"
"CBN-PdlC-F1-20140811","[1395807, 1397046, 1741880]"
"CBN-PdlC-F1-20140901","[1395807, 1390793, 1741880]"
"CBN-PdlC-F1-20150701","[1395807, 1395870, 1741810]"
"CBN-PdlC-F1-20150720","[1395807, 1396253, 1741880]"
"CBN-PdlC-F1-20150810","[1395807, 1396974, 1362331]"
"CBN-PdlC-F1-20150831","[1395807, 1390793, 1741880]"
"CBN-PdlC-F1-20160705","[1395807, 1395870, 1395855]"
"CBN-PdlC-F1-20160726","[1395807, 1741880, 1395870]"
"CBN-PdlC-F1-20170816","[1395807, 1396253, 1741880]"
"CBN-PdlC-F1-20170906","[1396253, 1395807, 1396144]"
"CBN-PdlC-F1-20180702","[1390793, 1395807, 1741880]"
"CBN-PdlC-F1-20180723","[1395807, 1396253, 1741880]"
"CBN-PdlC-F1-20180815","[1395807, 1396253, 1741880]"
"CBN-PdlC-F1-20180905","[1390793, 1396253, 1394603]"
"CBN-PdlC-F1-20190701","[1395807, 1741880, 1395870]"
"CBN-PdlC-F1-20190812","[1395807, 1396253, 1361281]"
"CBN-PdlC-F1-20190909","[1390793, 1395807, 1361281]"
"CBN-PdlC-F1-20200629","[1395807, 1741880, 1394603]"
"CBN-PdlC-F1-20200722","[1395807, 1741880, 1390793]"
"CBN-PdlC-F1-20200812","[1395807, 1390793, 1396253]"
"CBN-PdlC-F2-20130723","[1395807, 1394603, 1394598]"
"CBN-PdlC-F2-20130807","[1395807, 1397528, 1360985]"
"CBN-PdlC-F2-20130903","[1395807, 1412857, 1390793]"
"CBN-PdlC-F2-20140630","[1395807, 1392535, 1397046]"
"CBN-PdlC-F2-20140721","[1395807, 1397528, 1412857]"
"CBN-PdlC-F2-20140811","[1395807, 1412857, 1396253]"
"CBN-PdlC-F2-20140901","[1395807, 1389627, 1390874]"
"CBN-PdlC-F2-20150701","[1395807, 1412857, 1741880]"
"CBN-PdlC-F2-20150720","[1395807, 1412857, 1741880]"
"CBN-PdlC-F2-20150810","[1412857, 1395807, 1394641]"
"CBN-PdlC-F2-20150831","[1395807, 1412857, 1394643]"
"CBN-PdlC-F2-20160705","[1395807, 1396253, 1395855]"
"CBN-PdlC-F2-20160726","[1395807, 1412857, 1741880]"
"CBN-PdlC-F2-20170906","[1412857, 1390793, 1396253]"
"CBN-PdlC-F2-20180702","[1396253, 1394597, 1394655]"
"CBN-PdlC-F2-20180723","[1395807, 1412857, 1741880]"
"CBN-PdlC-F2-20180815","[1395807, 1412857, 1396253]"
"CBN-PdlC-F2-20180905","[1395807, 1412857, 1390793]"
"CBN-PdlC-F2-20190701","[1395807, 1741880, 1396253]"
"CBN-PdlC-F2-20190812","[1395807, 1412857, 1390793]"
"CBN-PdlC-F2-20190909","[1395807, 1390793, 1412857]"
"CBN-PdlC-F2-20200629","[1395807, 1394603, 1390910]"
"CBN-PdlC-F2-20200722","[1395807, 1392535, 1390793]"
"CBN-PdlC-F2-20200812","[1395807, 1390793, 1395868]"
"CBN-PdlC-F3-20130723","[1395807, 1391666, 1361077]"
"CBN-PdlC-F3-20130807","[1393200, 1392612, 1361284]"
"CBN-PdlC-F3-20130903","[1395807, 1392608, 1392299]"
"CBN-PdlC-F3-20140630","[1393200, 1360299, 1390793]"
"CBN-PdlC-F3-20140721","[1395807, 1392608, 1391666]"
"CBN-PdlC-F3-20140811","[1395807, 1392608, 1362023]"
"CBN-PdlC-F3-20140901","[1395807, 1392608, 1418688]"
"CBN-PdlC-F3-20150701","[1395807, 1397046, 1392608]"
"CBN-PdlC-F3-20150720","[1392608, 1395807, 1361281]"
"CBN-PdlC-F3-20150810","[1395807, 1392299, 1390874]"
"CBN-PdlC-F3-20150831","[1395807, 1396838, 1390874]"
"CBN-PdlC-F3-20160705","[1395807, 1361592, 1393660]"
"CBN-PdlC-F3-20160726","[1392608, 1395807, 1362023]"
"CBN-PdlC-F3-20170816","[1395807, 1362023, 1418688]"
"CBN-PdlC-F3-20170906","[1390874, 1361347, 1395807]"
"CBN-PdlC-F3-20180702","[1393665, 1395807, 1361347]"
"CBN-PdlC-F3-20180723","[1395807, 1392535, 1392534]"
"CBN-PdlC-F3-20180815","[1392299, 1361284, 1361233]"
"CBN-PdlC-F3-20180905","[1390874, 1397430, 1395807]"
"CBN-PdlC-F3-20190701","[1395807, 1741880, 1361284]"
"CBN-PdlC-F3-20190722","[1395807, 1393684, 1393681]"
"CBN-PdlC-F3-20190812","[1361281, 1395807, 1362023]"
"CBN-PdlC-F3-20190909","[1390793, 1395807, 1390874]"
"CBN-PdlC-F3-20200629","[1395807, 1397500, 1393200]"
"CBN-PdlC-F3-20200722","[1395807, 1361592, 1393681]"
"CBN-PdlC-F3-20200812","[1395807, 1392299, 1361281]"
"CBN-PdlC-F4-20130723","[1396253, 1397500, 1393200]"
"CBN-PdlC-F4-20130807","[1396253, 1392608, 1397500]"
"CBN-PdlC-F4-20130903","[1395807, 1397430, 1393200]"
"CBN-PdlC-F4-20140630","[1393200, 1360299, 1397500]"
"CBN-PdlC-F4-20140811","[1395807, 1396253, 1392608]"
"CBN-PdlC-F4-20140901","[1397430, 1395807, 1392608]"
"CBN-PdlC-F4-20150701","[1392608, 1361592, 1397430]"
"CBN-PdlC-F4-20150720","[1395807, 1392608, 1396253]"
"CBN-PdlC-F4-20150810","[1360299, 1392608, 1393660]"
"CBN-PdlC-F4-20150831","[1395807, 1392608, 1393200]"
"CBN-PdlC-F4-20160705","[1392608, 1395807, 1361592]"
"CBN-PdlC-F4-20160726","[1392608, 1395807, 1393681]"
"CBN-PdlC-F4-20170816","[1396253, 1395807, 1418688]"
"CBN-PdlC-F4-20170906","[1362023, 1390910, 1390756]"
"CBN-PdlC-F4-20180702","[1396253, 1393200, 1392608]"
"CBN-PdlC-F4-20180723","[1392608, 1393200, 1362331]"
"CBN-PdlC-F4-20180815","[1393665, 1392299, 1361592]"
"CBN-PdlC-F4-20180905","[1396843, 1396253, 1391666]"
"CBN-PdlC-F4-20190701","[1395807, 1392608, 1393200]"
"CBN-PdlC-F4-20190722","[1396843, 1362331, 1392608]"
"CBN-PdlC-F4-20190812","[1392608, 1361281, 1360299]"
"CBN-PdlC-F4-20190909","[1392608, 1394311, 1393660]"
"CBN-PdlC-F4-20200629","[1361592, 1396253, 1741880]"
"CBN-PdlC-F4-20200722","[1392608, 1395807, 1361592]"
"CBN-PdlC-F4-20200812","[1392608, 1361281, 1360299]"
"CBN-PdlC-F5-20130723","[1396253, 1394828, 1390793]"
"CBN-PdlC-F5-20130903","[1392608, 1395807, 1360299]"
"CBN-PdlC-F5-20140630","[1392608, 1360299, 1390910]"
"CBN-PdlC-F5-20140721","[1390793, 1395807, 1396253]"
"CBN-PdlC-F5-20140811","[1395807, 1390793, 1392608]"
"CBN-PdlC-F5-20150701","[1392608, 1395807, 1396843]"
"CBN-PdlC-F5-20150720","[1392608, 1396253, 1395807]"
"CBN-PdlC-F5-20150810","[1390793, 1392608, 1396253]"
"CBN-PdlC-F5-20150831","[1390793, 1395807, 1396253]"
"CBN-PdlC-F5-20160705","[1395807, 1390793, 1390904]"
"CBN-PdlC-F5-20160726","[1390793, 1395807, 1361367]"
"CBN-PdlC-F5-20170816","[1396253, 1390793, 1394311]"
"CBN-PdlC-F5-20170906","[1390793, 1396253, 1418688]"
"CBN-PdlC-F5-20180702","[1392608, 1396253, 1360299]"
"CBN-PdlC-F5-20180723","[1392608, 1395807, 1396253]"
"CBN-PdlC-F5-20180815","[1390793, 1395807, 1418688]"
"CBN-PdlC-F5-20180905","[1396253, 1390793, 1420364]"
"CBN-PdlC-F5-20190722","[1392608, 1396843, 1396253]"
"CBN-PdlC-F5-20190812","[1396253, 1392608, 1390793]"
"CBN-PdlC-F5-20190909","[1390793, 1395807, 1396253]"
"CBN-PdlC-F5-20200629","[1390793, 1741880, 1395807]"
"CBN-PdlC-F5-20200722","[1395807, 1392608, 1390793]"
"CBN-PdlC-F5-20200812","[1390793, 1395807, 1390874]"
"CBN-PdlC-F6-20130723","[1390793, 1363282, 1361057]"
"CBN-PdlC-F6-20130807","[1396843, 1390793, 1390910]"
"CBN-PdlC-F6-20130903","[1390793, 1390910, 1390874]"
"CBN-PdlC-F6-20140630","[1390793, 1390910, 1390846]"
"CBN-PdlC-F6-20140721","[1390793, 1395807, 1394311]"
"CBN-PdlC-F6-20140811","[1395807, 1390793, 1394311]"
"CBN-PdlC-F6-20150701","[1395807, 1396843, 1390793]"
"CBN-PdlC-F6-20150720","[1395807, 1394540, 1396253]"
"CBN-PdlC-F6-20150810","[1390793, 1396253, 1361063]"
"CBN-PdlC-F6-20150831","[1390793, 1395807, 1396843]"
"CBN-PdlC-F6-20160705","[1390793, 1395807, 1395855]"
"CBN-PdlC-F6-20160726","[1390793, 1396253, 1395807]"
"CBN-PdlC-F6-20170816","[1390793, 1395807, 1396253]"
"CBN-PdlC-F6-20170906","[1390793, 1418612, 1395807]"
"CBN-PdlC-F6-20180702","[1390793, 1394597, 1390910]"
"CBN-PdlC-F6-20180723","[1390793, 1395807, 1396253]"
"CBN-PdlC-F6-20180815","[1390793, 1394848, 1390874]"
"CBN-PdlC-F6-20180905","[1390793, 1394655, 1390837]"
"CBN-PdlC-F6-20190722","[1392608, 1390793, 1396843]"
"CBN-PdlC-F6-20190812","[1390793, 1395807, 1396843]"
"CBN-PdlC-F6-20190909","[1390793, 1394311, 1390874]"
"CBN-PdlC-F6-20200629","[1395807, 1390793, 1390837]"
"CBN-PdlC-F6-20200722","[1395807, 1390793, 1396843]"
"CBN-PdlC-F6-20200812","[1390793, 1395807, 1390874]"
"CBN-Pla-A1-20130808","[1395807, 1390793, 1360590]"
"CBN-Pla-A1-20130904","[1395807, 1397475, 1395190]"
"CBN-Pla-A1-20140722","[1397475, 1390793, 1395190]"
"CBN-Pla-A1-20140812","[1395807, 1397475, 1395190]"
"CBN-Pla-A1-20140902","[1395807, 1395190, 1397475]"
"CBN-Pla-A1-20150702","[1390793, 1395190, 1412857]"
"CBN-Pla-A1-20150723","[1395807, 1397475, 1395190]"
"CBN-Pla-A1-20150811","[1395807, 1397475, 1412857]"
"CBN-Pla-A1-20150901","[1412857, 1397475, 1395807]"
"CBN-Pla-A1-20160707","[1390793, 1395190, 1394311]"
"CBN-Pla-A1-20160728","[1395807, 1397046, 1397045]"
"CBN-Pla-A1-20180724","[1390793, 1397475, 1395190]"
"CBN-Pla-A1-20180816","[1395807, 1395190, 1397475]"
"CBN-Pla-A1-20180906","[1395807, 1412857, 1395870]"
"CBN-Pla-A1-20190723","[1395807, 1390793, 1396971]"
"CBN-Pla-A1-20190814","[1395807, 1412857, 1395870]"
"CBN-Pla-A1-20200630","[1361703, 1363625, 1742054]"
"CBN-Pla-A1-20200723","[1395807, 1395190, 1397475]"
"CBN-Pla-A1-20200814","[1392566, 1392552, 1395190]"
"CBN-Pla-A2-20130724","[1390793, 1394311, 1390874]"
"CBN-Pla-A2-20130808","[1395807, 1395870, 1397500]"
"CBN-Pla-A2-20130904","[1395807, 1395870, 1394311]"
"CBN-Pla-A2-20140722","[1390793, 1395949, 1394311]"
"CBN-Pla-A2-20140812","[1395807, 1412857, 1395868]"
"CBN-Pla-A2-20140902","[1395807, 1394311, 1412857]"
"CBN-Pla-A2-20150702","[1390793, 1395807, 1390927]"
"CBN-Pla-A2-20150723","[1395807, 1412857, 1394311]"
"CBN-Pla-A2-20150811","[1395807, 1392552, 1392558]"
"CBN-Pla-A2-20150901","[1395807, 1390793, 1394311]"
"CBN-Pla-A2-20160707","[1390793, 1395807, 1395949]"
"CBN-Pla-A2-20160728","[1395807, 1390793, 1395870]"
"CBN-Pla-A2-20180724","[1390793, 1395949, 1396015]"
"CBN-Pla-A2-20180816","[1395807, 1397046, 1396015]"
"CBN-Pla-A2-20180906","[1395807, 1395949, 1394311]"
"CBN-Pla-A2-20190723","[1395807, 1394311, 1741880]"
"CBN-Pla-A2-20190814","[1395807, 1395870, 1392299]"
"CBN-Pla-A2-20200723","[1395807, 1390793, 1397046]"
"CBN-Pla-A2-20200814","[1395807, 1392539, 1396144]"
"CBN-Pla-A3-20130724","[1390793, 1609716, 1651061]"
"CBN-Pla-A3-20130808","[1395807, 1395870, 1741880]"
"CBN-Pla-A3-20130904","[1395807, 1395870, 1741880]"
"CBN-Pla-A3-20140722","[1390793, 1394311, 1741880]"
"CBN-Pla-A3-20140812","[1395807, 1395870, 1741880]"
"CBN-Pla-A3-20140902","[1395807, 1395870, 1394311]"
"CBN-Pla-A3-20150702","[1390793, 1741880, 1396094]"
"CBN-Pla-A3-20150723","[1395807, 1741880, 1395870]"
"CBN-Pla-A3-20150811","[1395807, 1395870, 1741880]"
"CBN-Pla-A3-20150901","[1395807, 1395870, 1390793]"
"CBN-Pla-A3-20160707","[1741880, 1395870, 1390793]"
"CBN-Pla-A3-20160728","[1395807, 1397043, 1397046]"
"CBN-Pla-A3-20180724","[1395870, 1741880, 1394311]"
"CBN-Pla-A3-20180816","[1395807, 1741880, 1395870]"
"CBN-Pla-A3-20180906","[1396253, 1395807, 1741880]"
"CBN-Pla-A3-20190723","[1395807, 1741880, 1395870]"
"CBN-Pla-A3-20190814","[1395807, 1741880, 1395870]"
"CBN-Pla-A3-20200723","[1395807, 1741880, 1395870]"
"CBN-Pla-A3-20200814","[1395807, 1395870, 1741880]"
"CBN-Pla-A4-20130724","[1651061, 1361281, 1359011]"
"CBN-Pla-A4-20130808","[1395807, 1395870, 1741880]"
"CBN-Pla-A4-20130904","[1395807, 1395870, 1741880]"
"CBN-Pla-A4-20140722","[1362023, 1390837, 1651061]"
"CBN-Pla-A4-20140812","[1395807, 1741880, 1395870]"
"CBN-Pla-A4-20140902","[1395807, 1741880, 1395870]"
"CBN-Pla-A4-20150702","[1390793, 1741880, 1394311]"
"CBN-Pla-A4-20150723","[1395807, 1741880, 1395870]"
"CBN-Pla-A4-20150811","[1395807, 1395870, 1741880]"
"CBN-Pla-A4-20150901","[1395807, 1741880, 1395870]"
"CBN-Pla-A4-20160707","[1390793, 1741880, 1395870]"
"CBN-Pla-A4-20160728","[1395807, 1396843, 1397046]"
"CBN-Pla-A4-20180724","[1390793, 1394311, 1390874]"
"CBN-Pla-A4-20180816","[1395807, 1395870, 1390793]"
"CBN-Pla-A4-20180906","[1395807, 1741880, 1395870]"
"CBN-Pla-A4-20190723","[1395807, 1395870, 1741880]"
"CBN-Pla-A4-20190814","[1395807, 1741880, 1395870]"
"CBN-Pla-A4-20200723","[1395807, 1741880, 1395870]"
"CBN-Pla-A4-20200814","[1395807, 1395870, 1741880]"
"CBN-Pla-A5-20130724","[1390793, 1394311, 1390874]"
"CBN-Pla-A5-20130808","[1741880, 1395870, 1395807]"
"CBN-Pla-A5-20130904","[1741880, 1395807, 1395870]"
"CBN-Pla-A5-20140722","[1741880, 1394311, 1651061]"
"CBN-Pla-A5-20140812","[1395807, 1395870, 1741880]"
"CBN-Pla-A5-20140902","[1395807, 1741880, 1395870]"
"CBN-Pla-A5-20150702","[1741880, 1390793, 1395870]"
"CBN-Pla-A5-20150723","[1741880, 1395807, 1395870]"
"CBN-Pla-A5-20150811","[1395807, 1741880, 1395870]"
"CBN-Pla-A5-20160707","[1390793, 1741880, 1395870]"
"CBN-Pla-A5-20160728","[1395807, 1741880, 1395870]"
"CBN-Pla-A5-20180724","[1390793, 1394311, 1741880]"
"CBN-Pla-A5-20180816","[1395807, 1395870, 1741880]"
"CBN-Pla-A5-20180906","[1741880, 1395807, 1395870]"
"CBN-Pla-A5-20190723","[1395807, 1741880, 1395870]"
"CBN-Pla-A5-20190814","[1395807, 1395870, 1741880]"
"CBN-Pla-A5-20200723","[1395807, 1741880, 1395870]"
"CBN-Pla-A5-20200814","[1395807, 1395870, 1741880]"
"CBN-Pla-A6-20130724","[1609716, 1390837, 1651061]"
"CBN-Pla-A6-20130808","[1395807, 1741880, 1395870]"
"CBN-Pla-A6-20130904","[1395807, 1741880, 1395870]"
"CBN-Pla-A6-20140722","[1390793, 1390837, 1390904]"
"CBN-Pla-A6-20140812","[1395807, 1741880, 1395870]"
"CBN-Pla-A6-20140902","[1395870, 1395807, 1741880]"
"CBN-Pla-A6-20150702","[1390793, 1741880, 1356424]"
"CBN-Pla-A6-20150723","[1741880, 1395807, 1395870]"
"CBN-Pla-A6-20150811","[1395807, 1741880, 1395870]"
"CBN-Pla-A6-20150901","[1395807, 1390793, 1395870]"
"CBN-Pla-A6-20160707","[1741880, 1390793, 1395870]"
"CBN-Pla-A6-20160728","[1395807, 1741880, 1395870]"
"CBN-Pla-A6-20180724","[1390793, 1394311, 1390874]"
"CBN-Pla-A6-20180816","[1395807, 1390793, 1395870]"
"CBN-Pla-A6-20180906","[1395807, 1390793, 1395868]"
"CBN-Pla-A6-20190723","[1395807, 1741880, 1395870]"
"CBN-Pla-A6-20190814","[1395807, 1741880, 1390793]"
"CBN-Pla-A6-20200723","[1395807, 1741880, 1395870]"
"CBN-Pla-A6-20200814","[1395807, 1395870, 1741880]"
"CBN-Pla-B1-20130724","[1390874, 1361389, 1651061]"
"CBN-Pla-B1-20130808","[1390793, 1395807, 1395870]"
"CBN-Pla-B1-20130904","[1395807, 1394311, 1390793]"
"CBN-Pla-B1-20140722","[1392407, 1390874, 1390793]"
"CBN-Pla-B1-20140812","[1395807, 1394311, 1397500]"
"CBN-Pla-B1-20140902","[1395807, 1361367, 1742052]"
"CBN-Pla-B1-20150702","[1418612, 1390910, 1395990]"
"CBN-Pla-B1-20150723","[1395807, 1394311, 1361281]"
"CBN-Pla-B1-20150811","[1395807, 1390793, 1394311]"
"CBN-Pla-B1-20150901","[1390793, 1395807, 1418612]"
"CBN-Pla-B1-20160707","[1390793, 1412857, 1741880]"
"CBN-Pla-B1-20160728","[1395807, 1412857, 1395870]"
"CBN-Pla-B1-20180724","[1390793, 1394311, 1390910]"
"CBN-Pla-B1-20180816","[1395807, 1390793, 1412857]"
"CBN-Pla-B1-20180906","[1361347, 1361281, 1390874]"
"CBN-Pla-B1-20190723","[1395807, 1519650, 1396733]"
"CBN-Pla-B1-20190814","[1412857, 1392299, 1394311]"
"CBN-Pla-B1-20200630","[1361703, 1356307, 1361723]"
"CBN-Pla-B1-20200723","[1395807, 1390793, 1394311]"
"CBN-Pla-B1-20200814","[1390793, 1394311, 1390910]"
"CBN-Pla-B2-20130724","[1390793, 1651061, 1390874]"
"CBN-Pla-B2-20130808","[1395807, 1390793, 1395868]"
"CBN-Pla-B2-20130904","[1395807, 1390793, 1395870]"
"CBN-Pla-B2-20140722","[1390793, 1390756, 1390904]"
"CBN-Pla-B2-20140812","[1395807, 1390793, 1394311]"
"CBN-Pla-B2-20140902","[1395807, 1394311, 1395868]"
"CBN-Pla-B2-20150702","[1390793, 1390874, 1651061]"
"CBN-Pla-B2-20150723","[1395807, 1395870, 1741880]"
"CBN-Pla-B2-20150811","[1395807, 1392558, 1394311]"
"CBN-Pla-B2-20150901","[1395807, 1390793, 1394311]"
"CBN-Pla-B2-20160707","[1390793, 1741880, 1390874]"
"CBN-Pla-B2-20160728","[1395807, 1395870, 1390793]"
"CBN-Pla-B2-20180724","[1394311, 1390874, 1743235]"
"CBN-Pla-B2-20180816","[1395807, 1395870, 1741880]"
"CBN-Pla-B2-20180906","[1395807, 1390793, 1395870]"
"CBN-Pla-B2-20190723","[1395807, 1741880, 1395870]"
"CBN-Pla-B2-20190814","[1395807, 1741880, 1395870]"
"CBN-Pla-B2-20200723","[1395807, 1741880, 1395870]"
"CBN-Pla-B2-20200814","[1395807, 1390793, 1395870]"
"CBN-Pla-B3-20130724","[1394311, 1390874, 1651061]"
"CBN-Pla-B3-20130808","[1395807, 1396253, 1394311]"
"CBN-Pla-B3-20130904","[1395807, 1394311, 1741880]"
"CBN-Pla-B3-20140722","[1390793, 1394311, 1651061]"
"CBN-Pla-B3-20140812","[1395807, 1412857, 1390793]"
"CBN-Pla-B3-20140902","[1395807, 1394311, 1361367]"
"CBN-Pla-B3-20150811","[1395807, 1395870, 1394311]"
"CBN-Pla-B3-20150901","[1395807, 1390793, 1361347]"
"CBN-Pla-B3-20160707","[1390793, 1394311, 1741880]"
"CBN-Pla-B3-20160728","[1395807, 1741880, 1390793]"
"CBN-Pla-B3-20180724","[1390793, 1394311, 1361347]"
"CBN-Pla-B3-20180816","[1395807, 1395870, 1741880]"
"CBN-Pla-B3-20180906","[1395807, 1742052, 1390793]"
"CBN-Pla-B3-20190723","[1395807, 1741880, 1395870]"
"CBN-Pla-B3-20190814","[1395807, 1394311, 1741880]"
"CBN-Pla-B3-20200723","[1395807, 1390793, 1395870]"
"CBN-Pla-B3-20200814","[1395807, 1741880, 1394311]"
"CBN-Pla-B4-20130724","[1390793, 1418612, 1651061]"
"CBN-Pla-B4-20130808","[1395807, 1392299, 1397500]"
"CBN-Pla-B4-20130904","[1395807, 1395870, 1741880]"
"CBN-Pla-B4-20140722","[1362023, 1390793, 1651061]"
"CBN-Pla-B4-20140812","[1395807, 1395868, 1397500]"
"CBN-Pla-B4-20140902","[1395807, 1390793, 1392299]"
"CBN-Pla-B4-20150702","[1390793, 1394311, 1390756]"
"CBN-Pla-B4-20150723","[1395807, 1741880, 1395870]"
"CBN-Pla-B4-20150811","[1395807, 1741880, 1390874]"
"CBN-Pla-B4-20150901","[1395807, 1390793, 1361347]"
"CBN-Pla-B4-20160707","[1390793, 1361347, 1741880]"
"CBN-Pla-B4-20160728","[1395807, 1397046, 1741880]"
"CBN-Pla-B4-20180724","[1390793, 1394311, 1651061]"
"CBN-Pla-B4-20180816","[1395807, 1397046, 1394311]"
"CBN-Pla-B4-20180906","[1395807, 1741880, 1395870]"
"CBN-Pla-B4-20190723","[1395807, 1741880, 1395870]"
"CBN-Pla-B4-20190814","[1395807, 1741880, 1392299]"
"CBN-Pla-B4-20200723","[1395807, 1390793, 1390756]"
"CBN-Pla-B4-20200814","[1395807, 1390793, 1395868]"
"CBN-Pla-B5-20130724","[1390874, 1651061, 1390837]"
"CBN-Pla-B5-20130808","[1395807, 1395870, 1741880]"
"CBN-Pla-B5-20130904","[1395807, 1394311, 1741880]"
"CBN-Pla-B5-20140722","[1390793, 1390874, 1390904]"
"CBN-Pla-B5-20140812","[1395807, 1741880, 1395870]"
"CBN-Pla-B5-20140902","[1395807, 1361367, 1394311]"
"CBN-Pla-B5-20150702","[1390793, 1394311, 1741880]"
"CBN-Pla-B5-20150723","[1395807, 1397043, 1395758]"
"CBN-Pla-B5-20150811","[1395807, 1395870, 1741880]"
"CBN-Pla-B5-20150901","[1395807, 1741880, 1395870]"
"CBN-Pla-B5-20160707","[1390793, 1394311, 1395807]"
"CBN-Pla-B5-20160728","[1397043, 1395807, 1394311]"
"CBN-Pla-B5-20180724","[1741880, 1395990, 1390966]"
"CBN-Pla-B5-20180816","[1395807, 1395870, 1741880]"
"CBN-Pla-B5-20180906","[1395807, 1390793, 1397500]"
"CBN-Pla-B5-20190723","[1395807, 1390910, 1479766]"
"CBN-Pla-B5-20190814","[1395807, 1395870, 1394311]"
"CBN-Pla-B5-20200723","[1395807, 1397043, 1394910]"
"CBN-Pla-B5-20200814","[1395807, 1741880, 1390793]"
"CBN-Pla-B6-20130724","[1390793, 1390874, 1394311]"
"CBN-Pla-B6-20130808","[1395807, 1397500, 1395990]"
"CBN-Pla-B6-20130904","[1395807, 1396144, 1394311]"
"CBN-Pla-B6-20140722","[1390793, 1396144, 1395949]"
"CBN-Pla-B6-20140812","[1395807, 1394311, 1396144]"
"CBN-Pla-B6-20140902","[1395807, 1361281, 1392299]"
"CBN-Pla-B6-20150702","[1390793, 1394311, 1390874]"
"CBN-Pla-B6-20150723","[1395807, 1396869, 1394311]"
"CBN-Pla-B6-20150811","[1395807, 1390793, 1394311]"
"CBN-Pla-B6-20150901","[1395807, 1390793, 1394311]"
"CBN-Pla-B6-20160707","[1390793, 1394311, 1741880]"
"CBN-Pla-B6-20160728","[1397046, 1395807, 1394311]"
"CBN-Pla-B6-20180816","[1395807, 1741880, 1390793]"
"CBN-Pla-B6-20180906","[1395807, 1396015, 1395940]"
"CBN-Pla-B6-20190723","[1395807, 1741880, 1390793]"
"CBN-Pla-B6-20190814","[1395807, 1741880, 1392299]"
"CBN-Pla-B6-20200723","[1395807, 1741880, 1390793]"
"CBN-Pla-B6-20200814","[1395807, 1394311, 1390793]"
"CBN-Pla-C1-20130808","[1395807, 1390793, 1395870]"
"CBN-Pla-C1-20130904","[1395807, 1651061, 1390756]"
"CBN-Pla-C1-20150702","[1390793, 1741880, 1395807]"
"CBN-Pla-C1-20150723","[1395807, 1395870, 1394311]"
"CBN-Pla-C1-20150811","[1395807, 1394311, 1395870]"
"CBN-Pla-C1-20150901","[1395807, 1390793, 1395870]"
"CBN-Pla-C1-20160707","[1390793, 1395807, 1741880]"
"CBN-Pla-C1-20160728","[1395807, 1391331, 1397046]"
"CBN-Pla-C1-20180816","[1395807, 1397046, 1390793]"
"CBN-Pla-C1-20180906","[1395807, 1395870, 1390837]"
"CBN-Pla-C1-20190723","[1395807, 1392535, 1397535]"
"CBN-Pla-C1-20190814","[1395807, 1395870, 1397046]"
"CBN-Pla-C1-20200723","[1395807, 1397500, 1397046]"
"CBN-Pla-C1-20200814","[1395807, 1397500, 1394311]"
"CBN-Pla-C2-20130808","[1390793, 1395807, 1395870]"
"CBN-Pla-C2-20130904","[1395870, 1741880, 1394311]"
"CBN-Pla-C2-20140722","[1390756, 1390870, 1651061]"
"CBN-Pla-C2-20140902","[1395807, 1412857, 1395870]"
"CBN-Pla-C2-20150702","[1390793, 1651061, 1390870]"
"CBN-Pla-C2-20150723","[1395870, 1741880, 1395807]"
"CBN-Pla-C2-20150811","[1395807, 1394643, 1395870]"
"CBN-Pla-C2-20150901","[1394542, 1395870, 1412857]"
"CBN-Pla-C2-20160707","[1390793, 1418612, 1651061]"
"CBN-Pla-C2-20160728","[1412857, 1519650, 1390874]"
"CBN-Pla-C2-20180724","[1390793, 1361347, 1390874]"
"CBN-Pla-C2-20180816","[1396253, 1395807, 1390756]"
"CBN-Pla-C2-20180906","[1412857, 1392299, 1361284]"
"CBN-Pla-C2-20190723","[1742052, 1412857, 1395807]"
"CBN-Pla-C2-20190814","[1412857, 1390793, 1392299]"
"CBN-Pla-C2-20200723","[1395807, 1394311, 1390793]"
"CBN-Pla-C2-20200814","[1395807, 1390793, 1361281]"
"CBN-Pla-C3-20130808","[1395807, 1390793, 1392299]"
"CBN-Pla-C3-20130904","[1395807, 1390793, 1394311]"
"CBN-Pla-C3-20140722","[1390793, 1361389, 1390837]"
"CBN-Pla-C3-20140902","[1395807, 1390793, 1361284]"
"CBN-Pla-C3-20150702","[1390793, 1390910, 1390837]"
"CBN-Pla-C3-20150723","[1395807, 1390793, 1519650]"
"CBN-Pla-C3-20150811","[1395807, 1390793, 1741880]"
"CBN-Pla-C3-20150901","[1390793, 1395807, 1395870]"
"CBN-Pla-C3-20160707","[1390793, 1394311, 1395807]"
"CBN-Pla-C3-20160728","[1395807, 1390793, 1392299]"
"CBN-Pla-C3-20180724","[1390793, 1390874, 1390904]"
"CBN-Pla-C3-20180816","[1395807, 1390793, 1395870]"
"CBN-Pla-C3-20180906","[1390793, 1395807, 1741880]"
"CBN-Pla-C3-20190723","[1395807, 1390793, 1390910]"
"CBN-Pla-C3-20190814","[1395807, 1390793, 1394311]"
"CBN-Pla-C3-20200723","[1395807, 1390793, 1741880]"
"CBN-Pla-C3-20200814","[1395807, 1390793, 1394311]"
"CBN-Pla-C4-20130808","[1395807, 1361585, 1397500]"
"CBN-Pla-C4-20130904","[1395807, 1741880, 1395868]"
"CBN-Pla-C4-20140902","[1395807, 1394311, 1392299]"
"CBN-Pla-C4-20150702","[1390793, 1390837, 1361281]"
"CBN-Pla-C4-20150723","[1395807, 1395870, 1395868]"
"CBN-Pla-C4-20150811","[1395807, 1395868, 1394311]"
"CBN-Pla-C4-20150901","[1395807, 1390793, 1397500]"
"CBN-Pla-C4-20160707","[1395807, 1390793, 1394311]"
"CBN-Pla-C4-20160728","[1395807, 1397043, 1397046]"
"CBN-Pla-C4-20180724","[1390793, 1390756, 1390904]"
"CBN-Pla-C4-20180816","[1395807, 1741880, 1418688]"
"CBN-Pla-C4-20180906","[1395807, 1397500, 1741880]"
"CBN-Pla-C4-20190723","[1395807, 1394311, 1397500]"
"CBN-Pla-C4-20190814","[1395807, 1395870, 1395868]"
"CBN-Pla-C4-20200723","[1395807, 1395868, 1390910]"
"CBN-Pla-C4-20200814","[1395807, 1394641, 1395868]"
"CBN-Pla-C5-20130808","[1395807, 1396144, 1390793]"
"CBN-Pla-C5-20130904","[1395807, 1396144, 1395868]"
"CBN-Pla-C5-20140722","[1390793, 1396144, 1396145]"
"CBN-Pla-C5-20140902","[1395807, 1390793, 1396144]"
"CBN-Pla-C5-20150702","[1390793, 1361585, 1394311]"
"CBN-Pla-C5-20150723","[1395807, 1390793, 1395868]"
"CBN-Pla-C5-20150811","[1395807, 1396869, 1395870]"
"CBN-Pla-C5-20150901","[1395807, 1394311, 1390793]"
"CBN-Pla-C5-20160707","[1390793, 1395807, 1741880]"
"CBN-Pla-C5-20160728","[1395807, 1741880, 1394311]"
"CBN-Pla-C5-20180724","[1390793, 1396144, 1390874]"
"CBN-Pla-C5-20180816","[1390793, 1395807, 1390756]"
"CBN-Pla-C5-20180906","[1395807, 1390793, 1394311]"
"CBN-Pla-C5-20190723","[1395807, 1390793, 1397500]"
"CBN-Pla-C5-20190814","[1395807, 1394311, 1395870]"
"CBN-Pla-C5-20200723","[1395807, 1390793, 1412857]"
"CBN-Pla-C5-20200814","[1395807, 1418688, 1395868]"
"CBN-Pla-C6-20130808","[1395807, 1390756, 1391666]"
"CBN-Pla-C6-20130904","[1395807, 1741880, 1395870]"
"CBN-Pla-C6-20140902","[1395807, 1395868, 1397500]"
"CBN-Pla-C6-20150702","[1390793, 1362023, 1390910]"
"CBN-Pla-C6-20150723","[1395807, 1395870, 1741880]"
"CBN-Pla-C6-20150811","[1395807, 1390793, 1394311]"
"CBN-Pla-C6-20150901","[1395807, 1390793, 1394311]"
"CBN-Pla-C6-20160707","[1395807, 1741880, 1390793]"
"CBN-Pla-C6-20160728","[1395870, 1395807, 1741880]"
"CBN-Pla-C6-20180724","[1390793, 1390837, 1390874]"
"CBN-Pla-C6-20180816","[1395807, 1390793, 1741880]"
"CBN-Pla-C6-20180906","[1395807, 1390793, 1394311]"
"CBN-Pla-C6-20190723","[1395807, 1395870, 1741880]"
"CBN-Pla-C6-20190814","[1395807, 1741880, 1395870]"
"CBN-Pla-C6-20200723","[1395807, 1390793, 1741880]"
"CBN-Pla-C6-20200814","[1395807, 1741880, 1395870]"
"CBN-Pla-D1-20130808","[1395807, 1390793, 1394311]"
"CBN-Pla-D1-20130904","[1395807, 1394311, 1390793]"
"CBN-Pla-D1-20140722","[1390793, 1390756, 1394311]"
"CBN-Pla-D1-20140902","[1395807, 1361281, 1394311]"
"CBN-Pla-D1-20150702","[1390793, 1394311, 1741880]"
"CBN-Pla-D1-20150723","[1395807, 1394311, 1361281]"
"CBN-Pla-D1-20150811","[1395807, 1390793, 1397500]"
"CBN-Pla-D1-20150901","[1395807, 1390793, 1394311]"
"CBN-Pla-D1-20160707","[1395807, 1390793, 1394311]"
"CBN-Pla-D1-20160728","[1395807, 1390793, 1394311]"
"CBN-Pla-D1-20180724","[1390793, 1394311, 1390874]"
"CBN-Pla-D1-20180816","[1395807, 1395870, 1397500]"
"CBN-Pla-D1-20180906","[1395807, 1394311, 1390793]"
"CBN-Pla-D1-20190723","[1395807, 1412857, 1394311]"
"CBN-Pla-D1-20190814","[1395807, 1392299, 1361281]"
"CBN-Pla-D1-20200723","[1395807, 1395868, 1390910]"
"CBN-Pla-D1-20200814","[1395807, 1390793, 1394311]"
"CBN-Pla-D2-20130808","[1395807, 1390793, 1394311]"
"CBN-Pla-D2-20130904","[1395807, 1396843, 1359531]"
"CBN-Pla-D2-20140722","[1390874, 1651061, 1390837]"
"CBN-Pla-D2-20140902","[1395807, 1361281, 1390756]"
"CBN-Pla-D2-20150702","[1390927, 1390837, 1390793]"
"CBN-Pla-D2-20150723","[1396843, 1395807, 1396869]"
"CBN-Pla-D2-20150811","[1412857, 1395807, 1394641]"
"CBN-Pla-D2-20150901","[1395807, 1412857, 1390793]"
"CBN-Pla-D2-20160707","[1412857, 1390793, 1394641]"
"CBN-Pla-D2-20160728","[1412857, 1395807, 1397500]"
"CBN-Pla-D2-20180724","[1390793, 1412857, 1390837]"
"CBN-Pla-D2-20180816","[1397046, 1412857, 1395807]"
"CBN-Pla-D2-20180906","[1412857, 1395807, 1394641]"
"CBN-Pla-D2-20190723","[1395807, 1412857, 1394641]"
"CBN-Pla-D2-20190814","[1412857, 1394641, 1741880]"
"CBN-Pla-D2-20200723","[1395807, 1412857, 1396253]"
"CBN-Pla-D2-20200814","[1412857, 1741624, 1394643]"
"CBN-Pla-D3-20130808","[1741880, 1395870, 1395807]"
"CBN-Pla-D3-20130904","[1395807, 1395870, 1741880]"
"CBN-Pla-D3-20140722","[1359937, 1390837, 1397500]"
"CBN-Pla-D3-20140902","[1395807, 1395870, 1741880]"
"CBN-Pla-D3-20150702","[1397500, 1741880, 1395807]"
"CBN-Pla-D3-20150723","[1741880, 1395807, 1395870]"
"CBN-Pla-D3-20150811","[1395807, 1741880, 1395870]"
"CBN-Pla-D3-20150901","[1741880, 1395807, 1395870]"
"CBN-Pla-D3-20160707","[1741880, 1395807, 1397500]"
"CBN-Pla-D3-20160728","[1395870, 1741880, 1395807]"
"CBN-Pla-D3-20180724","[1390793, 1361347, 1390874]"
"CBN-Pla-D3-20180816","[1395807, 1395870, 1741880]"
"CBN-Pla-D3-20180906","[1395807, 1741880, 1390793]"
"CBN-Pla-D3-20190723","[1395807, 1741880, 1395870]"
"CBN-Pla-D3-20190814","[1395807, 1741880, 1395870]"
"CBN-Pla-D3-20200723","[1741880, 1395807, 1395870]"
"CBN-Pla-D3-20200814","[1741880, 1395807, 1395870]"
"CBN-Pla-D4-20130808","[1395807, 1395870, 1390793]"
"CBN-Pla-D4-20130904","[1395807, 1395870, 1390793]"
"CBN-Pla-D4-20140722","[1390793, 1394311, 1651061]"
"CBN-Pla-D4-20140902","[1395807, 1395870, 1390793]"
"CBN-Pla-D4-20150702","[1390793, 1418612, 1356424]"
"CBN-Pla-D4-20150723","[1395807, 1394311, 1390793]"
"CBN-Pla-D4-20150811","[1395807, 1395870, 1741880]"
"CBN-Pla-D4-20150901","[1395870, 1395807, 1390793]"
"CBN-Pla-D4-20160707","[1390793, 1394311, 1394655]"
"CBN-Pla-D4-20160728","[1395807, 1741880, 1395870]"
"CBN-Pla-D4-20180724","[1390793, 1390756, 1394311]"
"CBN-Pla-D4-20180816","[1395807, 1395870, 1741880]"
"CBN-Pla-D4-20180906","[1395807, 1395870, 1392299]"
"CBN-Pla-D4-20190723","[1395807, 1390793, 1395870]"
"CBN-Pla-D4-20190814","[1395807, 1741880, 1395870]"
"CBN-Pla-D4-20200723","[1395807, 1741880, 1360269]"
"CBN-Pla-D4-20200814","[1395807, 1395870, 1390793]"
"CBN-Pla-D5-20130808","[1395807, 1741880, 1359835]"
"CBN-Pla-D5-20130904","[1390793, 1395807, 1396253]"
"CBN-Pla-D5-20140722","[1390793, 1390904, 1361063]"
"CBN-Pla-D5-20140902","[1395807, 1394311, 1741880]"
"CBN-Pla-D5-20150702","[1390793, 1741880, 1395807]"
"CBN-Pla-D5-20150723","[1395807, 1394311, 1395870]"
"CBN-Pla-D5-20150811","[1395807, 1397500, 1390910]"
"CBN-Pla-D5-20150901","[1395807, 1390793, 1741880]"
"CBN-Pla-D5-20160707","[1741880, 1395807, 1390793]"
"CBN-Pla-D5-20160728","[1395807, 1397500, 1741880]"
"CBN-Pla-D5-20180724","[1390793, 1390904, 1361347]"
"CBN-Pla-D5-20180816","[1395807, 1397046, 1397045]"
"CBN-Pla-D5-20180906","[1395807, 1390793, 1390874]"
"CBN-Pla-D5-20190723","[1395807, 1741880, 1397500]"
"CBN-Pla-D5-20190814","[1395807, 1741880, 1395870]"
"CBN-Pla-D5-20200723","[1395807, 1395870, 1395868]"
"CBN-Pla-D6-20130808","[1395807, 1397500, 1395868]"
"CBN-Pla-D6-20130904","[1395807, 1395870, 1741880]"
"CBN-Pla-D6-20140722","[1390793, 1395949, 1396974]"
"CBN-Pla-D6-20140902","[1395807, 1741880, 1395870]"
"CBN-Pla-D6-20150702","[1394597, 1741880, 1395807]"
"CBN-Pla-D6-20150723","[1395807, 1396253, 1397500]"
"CBN-Pla-D6-20150811","[1395807, 1395870, 1741880]"
"CBN-Pla-D6-20150901","[1395807, 1741880, 1395868]"
"CBN-Pla-D6-20160707","[1741880, 1395807, 1395870]"
"CBN-Pla-D6-20160728","[1395807, 1741880, 1395870]"
"CBN-Pla-D6-20180724","[1394597, 1390793, 1394598]"
"CBN-Pla-D6-20180816","[1395807, 1741880, 1395870]"
"CBN-Pla-D6-20180906","[1395807, 1741880, 1395870]"
"CBN-Pla-D6-20190723","[1395807, 1741880, 1395870]"
"CBN-Pla-D6-20190814","[1395807, 1394311, 1395868]"
"CBN-Pla-D6-20200723","[1395807, 1395870, 1741880]"
"CBN-Pla-D6-20200814","[1395807, 1741880, 1395868]"
"CBN-Pla-E1-20130808","[1390793, 1396253, 1361585]"
"CBN-Pla-E1-20130904","[1396253, 1390793, 1741880]"
"CBN-Pla-E1-20140722","[1390793, 1418612, 1390837]"
"CBN-Pla-E1-20140902","[1361281, 1361367, 1394311]"
"CBN-Pla-E1-20150702","[1390793, 1396144, 1361281]"
"CBN-Pla-E1-20150723","[1412857, 1394311, 1390793]"
"CBN-Pla-E1-20150901","[1390793, 1412857, 1394311]"
"CBN-Pla-E1-20160707","[1390793, 1394311, 1651061]"
"CBN-Pla-E1-20160728","[1396144, 1741624, 1728573]"
"CBN-Pla-E1-20180816","[1741624, 1647128, 1390793]"
"CBN-Pla-E1-20180906","[1647128, 1394542, 1396441]"
"CBN-Pla-E1-20190723","[1392535, 1396253, 1647128]"
"CBN-Pla-E1-20190814","[1396441, 1741813, 1396253]"
"CBN-Pla-E1-20200630","[1397046, 1651061, 1390756]"
"CBN-Pla-E1-20200723","[1741624, 1412857, 1394643]"
"CBN-Pla-E1-20200814","[1396253, 1394641, 1647128]"
"CBN-Pla-E2-20130808","[1390793, 1394311, 1738749]"
"CBN-Pla-E2-20130904","[1396272, 1394311, 1412857]"
"CBN-Pla-E2-20140722","[1396144, 1396145, 1361367]"
"CBN-Pla-E2-20140902","[1412857, 1394311, 1390793]"
"CBN-Pla-E2-20150702","[1396144, 1390793, 1396253]"
"CBN-Pla-E2-20150723","[1390793, 1396253, 1741624]"
"CBN-Pla-E2-20150901","[1390793, 1396253, 1412857]"
"CBN-Pla-E2-20160707","[1390793, 1396253, 1394311]"
"CBN-Pla-E2-20160728","[1396253, 1741624, 1397208]"
"CBN-Pla-E2-20180724","[1390793, 1412857, 1394641]"
"CBN-Pla-E2-20180816","[1741624, 1396253, 1390793]"
"CBN-Pla-E2-20180906","[1396253, 1412857, 1394641]"
"CBN-Pla-E2-20190723","[1396253, 1412857, 1394311]"
"CBN-Pla-E2-20190814","[1412857, 1647128, 1361281]"
"CBN-Pla-E2-20200630","[1418612, 1394311, 1654025]"
"CBN-Pla-E2-20200723","[1412857, 1396253, 1741624]"
"CBN-Pla-E2-20200814","[1390793, 1396253, 1394311]"
"CBN-Pla-E3-20130808","[1396253, 1390793, 1396144]"
"CBN-Pla-E3-20130904","[1396253, 1390793, 1396144]"
"CBN-Pla-E3-20140722","[1390793, 1396144, 1390837]"
"CBN-Pla-E3-20140902","[1412857, 1392299, 1390793]"
"CBN-Pla-E3-20150702","[1390793, 1396253, 1394311]"
"CBN-Pla-E3-20150723","[1396253, 1412857, 1390793]"
"CBN-Pla-E3-20150811","[1396253, 1412857, 1361281]"
"CBN-Pla-E3-20150901","[1412857, 1396253, 1394311]"
"CBN-Pla-E3-20160707","[1390793, 1394311, 1396253]"
"CBN-Pla-E3-20160728","[1396253, 1397046, 1394311]"
"CBN-Pla-E3-20180724","[1390793, 1394641, 1390837]"
"CBN-Pla-E3-20180816","[1396253, 1397046, 1394641]"
"CBN-Pla-E3-20180906","[1412857, 1390793, 1396733]"
"CBN-Pla-E3-20190723","[1396253, 1392535, 1412857]"
"CBN-Pla-E3-20190814","[1396253, 1394311, 1361281]"
"CBN-Pla-E3-20200630","[1390793, 1394311, 1390837]"
"CBN-Pla-E3-20200723","[1396253, 1412857, 1390793]"
"CBN-Pla-E3-20200814","[1412857, 1390793, 1400176]"
"CBN-Pla-E4-20130808","[1390793, 1396253, 1394311]"
"CBN-Pla-E4-20130904","[1396843, 1390793, 1394311]"
"CBN-Pla-E4-20140722","[1390793, 1418612, 1651061]"
"CBN-Pla-E4-20140902","[1396843, 1361367, 1361347]"
"CBN-Pla-E4-20150702","[1390793, 1361347, 1390910]"
"CBN-Pla-E4-20150811","[1396253, 1361281, 1396843]"
"CBN-Pla-E4-20150901","[1390793, 1394311, 1395870]"
"CBN-Pla-E4-20160707","[1390793, 1394311, 1651061]"
"CBN-Pla-E4-20160728","[1390793, 1394311, 1394641]"
"CBN-Pla-E4-20180724","[1390793, 1361347, 1390837]"
"CBN-Pla-E4-20180816","[1396253, 1395807, 1390793]"
"CBN-Pla-E4-20180906","[1396843, 1390793, 1396869]"
"CBN-Pla-E4-20190723","[1396253, 1390793, 1395807]"
"CBN-Pla-E4-20190814","[1394311, 1390793, 1361281]"
"CBN-Pla-E4-20200630","[1361703, 1651061, 1360981]"
"CBN-Pla-E4-20200723","[1395807, 1390793, 1741880]"
"CBN-Pla-E4-20200814","[1390793, 1395807, 1395870]"
"CBN-Pla-E5-20130808","[1361347, 1395807, 1390793]"
"CBN-Pla-E5-20130904","[1395807, 1392299, 1361284]"
"CBN-Pla-E5-20140722","[1390793, 1390837, 1651061]"
"CBN-Pla-E5-20140902","[1361347, 1395807, 1361284]"
"CBN-Pla-E5-20150702","[1390793, 1720959, 1394311]"
"CBN-Pla-E5-20150723","[1395807, 1361281, 1362023]"
"CBN-Pla-E5-20150811","[1395807, 1361347, 1362023]"
"CBN-Pla-E5-20150901","[1395807, 1394311, 1412857]"
"CBN-Pla-E5-20160707","[1390793, 1361347, 1394311]"
"CBN-Pla-E5-20160728","[1412857, 1390756, 1395807]"
"CBN-Pla-E5-20180724","[1390793, 1394598, 1390756]"
"CBN-Pla-E5-20180816","[1395807, 1390756, 1741880]"
"CBN-Pla-E5-20180906","[1395807, 1397046, 1741880]"
"CBN-Pla-E5-20190723","[1395807, 1395870, 1390910]"
"CBN-Pla-E5-20190814","[1741880, 1395870, 1395807]"
"CBN-Pla-E5-20200630","[1361703, 1391143, 1502791]"
"CBN-Pla-E5-20200723","[1395807, 1390793, 1412857]"
"CBN-Pla-E5-20200814","[1395807, 1390793, 1741880]"
"CBN-Pla-E6-20130808","[1395807, 1390793, 1394311]"
"CBN-Pla-E6-20130904","[1395807, 1412857, 1394311]"
"CBN-Pla-E6-20140722","[1390793, 1412857, 1390756]"
"CBN-Pla-E6-20140902","[1395807, 1412857, 1361080]"
"CBN-Pla-E6-20150702","[1412857, 1390793, 1394641]"
"CBN-Pla-E6-20150723","[1395807, 1412857, 1394311]"
"CBN-Pla-E6-20150811","[1395807, 1412857, 1390793]"
"CBN-Pla-E6-20150901","[1412857, 1395807, 1390793]"
"CBN-Pla-E6-20160707","[1412857, 1390793, 1741880]"
"CBN-Pla-E6-20160728","[1395807, 1741880, 1390756]"
"CBN-Pla-E6-20180724","[1412857, 1394643, 1361347]"
"CBN-Pla-E6-20180816","[1412857, 1395807, 1397046]"
"CBN-Pla-E6-20180906","[1395807, 1412857, 1394643]"
"CBN-Pla-E6-20190723","[1395807, 1390793, 1390910]"
"CBN-Pla-E6-20190814","[1741624, 1741880, 1395807]"
"CBN-Pla-E6-20200723","[1395807, 1394641, 1395870]"
"CBN-Pla-E6-20200814","[1741624, 1395807, 1396253]"
"CBN-Pla-F1-20130808","[1390793, 1390837, 1393660]"
"CBN-Pla-F1-20130904","[1394311, 1391359, 1396733]"
"CBN-Pla-F1-20140722","[1390793, 1390910, 1654153]"
"CBN-Pla-F1-20140902","[1361281, 1394311, 1647128]"
"CBN-Pla-F1-20150702","[1396018, 1390793, 1394311]"
"CBN-Pla-F1-20150723","[1651162, 1394311, 1363056]"
"CBN-Pla-F1-20150901","[1390793, 1394311, 1390874]"
"CBN-Pla-F1-20160707","[1393679, 1393836, 1392407]"
"CBN-Pla-F1-20160728","[1741624, 1412585, 1359296]"
"CBN-Pla-F1-20180724","[1390793, 1390910, 1397528]"
"CBN-Pla-F1-20180816","[1741624, 1359296, 1412585]"
"CBN-Pla-F1-20180906","[1728573, 1394479, 1392679]"
"CBN-Pla-F1-20190723","[1396733, 1654153, 1363056]"
"CBN-Pla-F1-20190814","[1651162, 1361281, 1654153]"
"CBN-Pla-F1-20200630","[1390793, 1651061, 1390756]"
"CBN-Pla-F1-20200723","[1741624, 1359296, 1393646]"
"CBN-Pla-F1-20200814","[1361281, 1651162, 1390874]"
"CBN-Pla-F2-20130808","[1390793, 1418612, 1412857]"
"CBN-Pla-F2-20130904","[1390793, 1394311, 1519650]"
"CBN-Pla-F2-20140722","[1390793, 1390910, 1651061]"
"CBN-Pla-F2-20140902","[1361092, 1361382, 1390910]"
"CBN-Pla-F2-20150702","[1390793, 1394311, 1651061]"
"CBN-Pla-F2-20150723","[1412857, 1741624, 1394643]"
"CBN-Pla-F2-20150901","[1390793, 1396733, 1394311]"
"CBN-Pla-F2-20160707","[1418612, 1390793, 1651061]"
"CBN-Pla-F2-20160728","[1390793, 1741880, 1390910]"
"CBN-Pla-F2-20180724","[1390793, 1390837, 1390910]"
"CBN-Pla-F2-20180816","[1741624, 1359296, 1390793]"
"CBN-Pla-F2-20180906","[1412857, 1390793, 1396253]"
"CBN-Pla-F2-20190723","[1390793, 1394311, 1390910]"
"CBN-Pla-F2-20190814","[1395718, 1396253, 1390910]"
"CBN-Pla-F2-20200630","[1394311, 1651061, 1720968]"
"CBN-Pla-F2-20200723","[1396733, 1390910, 1720959]"
"CBN-Pla-F2-20200814","[1390793, 1394311, 1394643]"
"CBN-Pla-F3-20130808","[1390793, 1394311, 1390910]"
"CBN-Pla-F3-20130904","[1394311, 1394643, 1390793]"
"CBN-Pla-F3-20140722","[1390793, 1394311, 1651061]"
"CBN-Pla-F3-20140902","[1412857, 1647128, 1741813]"
"CBN-Pla-F3-20150702","[1390793, 1720959, 1394311]"
"CBN-Pla-F3-20150723","[1741624, 1394643, 1359296]"
"CBN-Pla-F3-20150811","[1412857, 1361281, 1394641]"
"CBN-Pla-F3-20150901","[1394311, 1412857, 1390874]"
"CBN-Pla-F3-20160707","[1390793, 1394311, 1651061]"
"CBN-Pla-F3-20160728","[1394643, 1412857, 1394311]"
"CBN-Pla-F3-20180724","[1390793, 1390756, 1412857]"
"CBN-Pla-F3-20180816","[1741624, 1395718, 1412857]"
"CBN-Pla-F3-20180906","[1412857, 1392299, 1394643]"
"CBN-Pla-F3-20190723","[1412857, 1394643, 1390793]"
"CBN-Pla-F3-20190814","[1412857, 1394311, 1394643]"
"CBN-Pla-F3-20200630","[1651061, 1737699, 1362023]"
"CBN-Pla-F3-20200723","[1412857, 1394643, 1390793]"
"CBN-Pla-F3-20200814","[1412857, 1390793, 1647128]"
"CBN-Pla-F4-20130808","[1390793, 1395807, 1394641]"
"CBN-Pla-F4-20130904","[1390793, 1394311, 1390880]"
"CBN-Pla-F4-20140722","[1651061, 1361077, 1390874]"
"CBN-Pla-F4-20150723","[1395807, 1647128, 1412857]"
"CBN-Pla-F4-20150811","[1412857, 1741813, 1361281]"
"CBN-Pla-F4-20150901","[1412857, 1390793, 1394311]"
"CBN-Pla-F4-20160707","[1390793, 1412857, 1394641]"
"CBN-Pla-F4-20160728","[1412857, 1394641, 1394311]"
"CBN-Pla-F4-20180724","[1390793, 1390837, 1412857]"
"CBN-Pla-F4-20180816","[1412857, 1390793, 1394643]"
"CBN-Pla-F4-20180906","[1412857, 1394643, 1390756]"
"CBN-Pla-F4-20190723","[1412857, 1394641, 1390756]"
"CBN-Pla-F4-20190814","[1412857, 1394641, 1394643]"
"CBN-Pla-F4-20200630","[1359937, 1361703, 1363317]"
"CBN-Pla-F4-20200723","[1412857, 1395807, 1394643]"
"CBN-Pla-F4-20200814","[1412857, 1647128, 1395807]"
"CBN-Pla-F5-20130808","[1390793, 1394311, 1390874]"
"CBN-Pla-F5-20130904","[1396253, 1394311, 1390756]"
"CBN-Pla-F5-20140722","[1390793, 1390870, 1390910]"
"CBN-Pla-F5-20140902","[1400176, 1396253, 1392299]"
"CBN-Pla-F5-20150702","[1390793, 1394311, 1390910]"
"CBN-Pla-F5-20150723","[1395807, 1361281, 1363056]"
"CBN-Pla-F5-20150811","[1361281, 1395807, 1390793]"
"CBN-Pla-F5-20150901","[1395807, 1361347, 1392299]"
"CBN-Pla-F5-20160707","[1390793, 1395807, 1394311]"
"CBN-Pla-F5-20160728","[1395807, 1400176, 1394311]"
"CBN-Pla-F5-20180724","[1394311, 1390756, 1390874]"
"CBN-Pla-F5-20180816","[1395807, 1397046, 1397045]"
"CBN-Pla-F5-20180906","[1395807, 1392299, 1741880]"
"CBN-Pla-F5-20190723","[1395807, 1396253, 1361284]"
"CBN-Pla-F5-20190814","[1395807, 1394311, 1400176]"
"CBN-Pla-F5-20200723","[1395807, 1390793, 1390756]"
"CBN-Pla-F5-20200814","[1395807, 1396253, 1394311]"
"CBN-Pla-F6-20130808","[1390793, 1395807, 1396253]"
"CBN-Pla-F6-20130904","[1396843, 1519650, 1651061]"
"CBN-Pla-F6-20140722","[1609716, 1362023, 1418612]"
"CBN-Pla-F6-20140902","[1396253, 1390910, 1361284]"
"CBN-Pla-F6-20150702","[1361585, 1390837, 1390910]"
"CBN-Pla-F6-20150723","[1396253, 1395807, 1390910]"
"CBN-Pla-F6-20150811","[1396843, 1361281, 1361347]"
"CBN-Pla-F6-20150901","[1361347, 1362023, 1395807]"
"CBN-Pla-F6-20160707","[1396253, 1390756, 1390910]"
"CBN-Pla-F6-20160728","[1395807, 1741880, 1397046]"
"CBN-Pla-F6-20180724","[1390793, 1390756, 1361347]"
"CBN-Pla-F6-20180816","[1396253, 1395807, 1412857]"
"CBN-Pla-F6-20180906","[1361347, 1396253, 1361281]"
"CBN-Pla-F6-20190723","[1396253, 1396843, 1394828]"
"CBN-Pla-F6-20190814","[1396253, 1361281, 1741880]"
"CBN-Pla-F6-20200723","[1395807, 1397045, 1395870]"
"CBN-Pla-F6-20200814","[1395807, 1396253, 1394641]"
"CBN-Pyr-01-20230706","[1396843, 1361284, 1396869]"
"CBN-Pyr-03-20230706","[1741624, 1395949, 1395973]"
"CBN-can-A1-20230705","[1412857, 1395807, 1392608]"
"CBN-can-A2-20230705","[1395807, 1393708, 1412857]"
"CBN-can-A3-20230705","[1412857, 1393200, 1360299]"
"CBN-can-A5-20230705","[1397475, 1395190, 1392534]"
"CBN-can-A6-20230705","[1397475, 1400101, 1360590]"
"CBN-can-B1-20230705","[1392608, 1395807, 1360299]"
"CBN-can-B2-20230705","[1392608, 1400101, 1395807]"
"CBN-can-B3-20230705","[1412857, 1395807, 1393200]"
"CBN-can-B4-20230705","[1397475, 1393200, 1395190]"
"CBN-can-B5-20230705","[1397475, 1395807, 1392535]"
"CBN-can-B6-20230705","[1397475, 1393679, 1395807]"
"CBN-can-C1-20230705","[1395807, 1393200, 1397500]"
"CBN-can-C2-20230705","[1395807, 1393200, 1393708]"
"CBN-can-C3-20230705","[1395807, 1364066, 1364068]"
"CBN-can-C4-20230705","[1395807, 1364066, 1393708]"
"CBN-can-D1-20230705","[1395807, 1393708, 1391161]"
"CBN-can-D2-20230705","[1412857, 1395807, 1392309]"
"CBN-can-D3-20230705","[1395807, 1647128, 1412857]"
"CBN-can-D4-20230705","[1400101, 1395807, 1397043]"
"CBN-can-E1-20230706","[1392608, 1395807, 1360299]"
"CBN-can-E2-20230706","[1395807, 1361284, 1395870]"
"CBN-can-E3-20230706","[1397430, 1361080, 1392535]"
"CBN-can-E4-20230706","[1395807, 1360878, 1356297]"
"CBN-can-E5-20230706","[1392608, 1392537, 1360299]"
"CBN-can-E6-20230706","[1395807, 1392534, 1392537]"
"CBN-can-F1-20230705","[1395807, 1396253, 1392535]"
"CBN-can-F2-20230706","[1395807, 1412857, 1361080]"
"CBN-can-F3-20230706","[1361080, 1395807, 1392309]"
"CBN-can-F4-20230706","[1397430, 1393681, 1361284]"
"CBN-can-F5-20230706","[1396843, 1392608, 1392299]"
"GUARDEN-AMB-CF04-1-10-20240325","[1359344, 1363302, 1359297]"
"GUARDEN-AMB-CF04-1-5-20240325","[1363302, 1363882, 1358358]"
"GUARDEN-AMB-CF21-1-1-20240326","[1388812, 1358711, 1359962]"
"GUARDEN-AMB-CF21-1-10-20240326","[1363302, 1722619, 1356521]"
"GUARDEN-AMB-CF21-1-2-20240326","[1363302, 1360719, 1722441]"
"GUARDEN-AMB-CF21-1-3-20240326","[1359344, 1363302, 1359297]"
"GUARDEN-AMB-CF21-1-4-20240326","[1363302, 1359344, 1359297]"
"GUARDEN-AMB-CF21-1-5-20240326","[1359344, 1359297, 1722619]"
"GUARDEN-AMB-CF21-1-6-20240326","[1359344, 1722619, 1359297]"
"GUARDEN-AMB-CF21-1-7-20240326","[1363302, 1722619, 1359297]"
"GUARDEN-AMB-CF21-1-8-20240326","[1359344, 1722619, 1363302]"
"GUARDEN-AMB-CF21-1-9-20240326","[1722619, 1743403, 1359082]"
"GUARDEN-AMB-GV04-1-3-20240326","[1359297, 1359298, 1359344]"
"GUARDEN-AMB-GV04-1-4-20240326","[1359297, 1359298, 1389687]"
"GUARDEN-AMB-GV04-1-5-20240326","[1359297, 1359298, 1744526]"
"GUARDEN-AMB-GV04-1-6-20240326","[1359297, 1359298, 1359169]"
"GUARDEN-AMB-GV04-1-7-20240326","[1359297, 1743245, 1359169]"
"GUARDEN-AMB-PR13-1-10-20240417","[1359297, 1359298, 1359344]"
"GUARDEN-AMB-PR13-1-2-20240417","[1721018, 1364037, 1360701]"
"GUARDEN-AMB-PR13-1-3-20240417","[1360701, 1721018, 1359297]"
"GUARDEN-AMB-PR13-1-4-20240417","[1364037, 1721018, 1722433]"
"GUARDEN-AMB-PR13-1-8-20240417","[1359344, 1359297, 1359298]"
"GUARDEN-AMB-PR20-1-1-20240424","[1722441, 1737441, 1722433]"
"GUARDEN-AMB-PR20-1-10-20240424","[1359297, 1359298, 1743245]"
"GUARDEN-AMB-PR20-1-8-20240424","[1359297, 1359344, 1391491]"
"GUARDEN-AMB-SA03-1-1-20240626","[1722441, 1359297, 1359344]"
"GUARDEN-AMB-SA03-1-10-20240626","[1742852, 1363170, 1356045]"
"GUARDEN-AMB-SA03-1-2-20240626","[1722441, 1359297, 1359344]"
"GUARDEN-AMB-SA03-1-3-20240626","[1359344, 1358203, 1359297]"
"GUARDEN-AMB-SA03-1-4-20240626","[1359344, 1359297, 1722441]"
"GUARDEN-AMB-SA03-1-5-20240626","[1359344, 1360978, 1359424]"
"GUARDEN-AMB-SA03-1-9-20240626","[1359297, 1359298, 1359344]"
"GUARDEN-AMB-VC03-1-3-20240417","[1359344, 1356905, 1363733]"
"GUARDEN-AMB-VC03-1-4-20240417","[1359344, 1356905, 1359297]"
"GUARDEN-AMB-VC03-1-5-20240417","[1359297, 1356905, 1359298]"
"GUARDEN-AMB-VC03-1-6-20240417","[1359297, 1359344, 1359298]"
"GUARDEN-CBNMed-10-1-16-34-20240429","[1358503, 1358509, 1392024]"
"GUARDEN-CBNMed-10-10-17-19-20240429","[1358613, 1548459, 1743299]"
"GUARDEN-CBNMed-10-5-16-55-20240429","[1356785, 1358503, 1358613]"
"GUARDEN-CBNMed-10-6-17-02-20240429","[1356785, 1358613, 1360260]"
"GUARDEN-CBNMed-10-7-17-05-20240429","[1358613, 1357111, 1495413]"
"GUARDEN-CBNMed-10-8-17-11-20240429","[1358613, 1548459, 1356576]"
"GUARDEN-CBNMed-10-9-17-16-20240429","[1358613, 1358503, 1548459]"
"GUARDEN-CBNMed-14-3-9-45-20240429","[1356728, 1356729, 1364048]"
"GUARDEN-CBNMed-14-4-9-49-20240429","[1359676, 1356728, 1362990]"
"GUARDEN-CBNMed-14-9-10-09-20240429","[1359677, 1359676, 1359678]"
"GUARDEN-CBNMed-15-10-12-17-20240429","[1363731, 1394521, 1364171]"
"GUARDEN-CBNMed-15-5-11-44-20240429","[1363467, 1361190, 1363468]"
"GUARDEN-CBNMed-15-7-12-02-20240429","[1361190, 1363468, 1359662]"
"GUARDEN-CBNMed-15-9-12-15-20240429","[1361315, 1363489, 1393403]"
"GUARDEN-CBNMed-16-1-13-37-20240429","[1722409, 1357120, 1744243]"
"GUARDEN-CBNMed-16-10-14-33-20240429","[1744243, 1359548, 1722409]"
"GUARDEN-CBNMed-16-2-13-45-20240429","[1359548, 1363707, 1388990]"
"GUARDEN-CBNMed-16-3-13-51-20240429","[1359548, 1744243, 1363707]"
"GUARDEN-CBNMed-16-4-13-57-20240429","[1359548, 1744243, 1361002]"
"GUARDEN-CBNMed-16-6-14-07-20240429","[1359548, 1722409, 1744243]"
"GUARDEN-CBNMed-16-7-14-1-20240429","[1744243, 1722409, 1359435]"
"GUARDEN-CBNMed-16-8-14-14-20240429","[1360999, 1744243, 1722409]"
"GUARDEN-CBNMed-17-3-10-56-20240429","[1361106, 1360407, 1363303]"
"GUARDEN-CBNMed-17-5-11-2-20240429","[1363292, 1361106, 1391355]"
"GUARDEN-CBNMed-19-1-15-24-20240429","[1357743, 1396055, 1361190]"
"GUARDEN-CBNMed-19-10-16-02-20240429","[1396055, 1361926, 1396063]"
"GUARDEN-CBNMed-19-2-15-31-20240429","[1363413, 1361315, 1363403]"
"GUARDEN-CBNMed-19-3-15-35-20240429","[1361190, 1363467, 1363468]"
"GUARDEN-CBNMed-19-4-15-39-20240429","[1396063, 1358477, 1396057]"
"GUARDEN-CBNMed-19-5-15-44-20240429","[1396055, 1361926, 1396063]"
"GUARDEN-CBNMed-19-6-15-48-20240429","[1361389, 1396063, 1397487]"
"GUARDEN-CBNMed-19-7-15-51-20240429","[1396063, 1396055, 1397487]"
"GUARDEN-CBNMed-19-8-15-53-20240429","[1364168, 1359506, 1357815]"
"GUARDEN-CBNMed-19-9-15-58-20240429","[1396055, 1396063, 1361926]"
"GUARDEN-CBNMed-20-1-9-35-20240428","[1360443, 1364040, 1357911]"
"GUARDEN-CBNMed-20-10-10-31-20240428","[1357114, 1359216, 1397376]"
"GUARDEN-CBNMed-20-8-10-19-20240428","[1360999, 1397376, 1361092]"
"GUARDEN-CBNMed-20-9-10-23-20240428","[1357114, 1359216, 1392509]"
"GUARDEN-CBNMed-21-10-11-42-20240428","[1388990, 1397376, 1357277]"
"GUARDEN-CBNMed-21-2-11-07-20240428","[1357122, 1357117, 1357114]"
"GUARDEN-CBNMed-21-3-11-09-20240428","[1357122, 1393365, 1361002]"
"GUARDEN-CBNMed-21-6-11-17-20240428","[1357122, 1388990, 1359051]"
"GUARDEN-CBNMed-21-8-11-23-20240428","[1357122, 1357114, 1388990]"
"GUARDEN-CBNMed-21-9-11-32-20240428","[1388990, 1361412, 1358968]"
"GUARDEN-CBNMed-22-1-13-39-20240428","[1722625, 1360054, 1370637]"
"GUARDEN-CBNMed-22-10-14-48-20240428","[1426004, 1356086, 1360006]"
"GUARDEN-CBNMed-22-2-14-05-20240428","[1722522, 1722625, 1363200]"
"GUARDEN-CBNMed-22-5-14-21-20240428","[1722522, 1722521, 1722625]"
"GUARDEN-CBNMed-22-6-14-23-20240428","[1722522, 1722521, 1722625]"
"GUARDEN-CBNMed-22-7-14-25-20240428","[1722522, 1722625, 1722521]"
"GUARDEN-CBNMed-22-9-14-42-20240428","[1426004, 1722625, 1722522]"
"GUARDEN-CBNMed-23-1-9-56-20240428","[1360999, 1361092, 1363275]"
"GUARDEN-CBNMed-23-10-10-42-20240428","[1357911, 1357630, 1358318]"
"GUARDEN-CBNMed-23-3-10-14-20240428","[1357911, 1392725, 1357771]"
"GUARDEN-CBNMed-23-4-10-17-20240428","[1356108, 1357911, 1398815]"
"GUARDEN-CBNMed-23-5-10-21-20240428","[1360711, 1357911, 1359216]"
"GUARDEN-CBNMed-23-6-10-24-20240428","[1393365, 1357911, 1393466]"
"GUARDEN-CBNMed-23-7-10-28-20240428","[1360999, 1393365, 1357911]"
"GUARDEN-CBNMed-23-8-10-34-20240428","[1357911, 1396759, 1356108]"
"GUARDEN-CBNMed-23-9-10-39-20240428","[1394640, 1743245, 1361005]"
"GUARDEN-CBNMed-24-10-13-06-20240428","[1388990, 1392299, 1397376]"
"GUARDEN-CBNMed-24-2-12-04-20240428","[1362462, 1357351, 1393299]"
"GUARDEN-CBNMed-24-3-12-15-20240428","[1357351, 1355881, 1390734]"
"GUARDEN-CBNMed-24-5-12-36-20240428","[1357351, 1355881, 1426088]"
"GUARDEN-CBNMed-24-6-12-46-20240428","[1360711, 1355881, 1360715]"
"GUARDEN-CBNMed-24-7-12-54-20240428","[1360715, 1426088, 1425172]"
"GUARDEN-CBNMed-24-8-14-58-20240428","[1502064, 1360715, 1355881]"
"GUARDEN-CBNMed-24-9-13-02-20240428","[1388990, 1361412, 1722501]"
"GUARDEN-CBNMed-25-1-13-52-20240428","[1394527, 1360739, 1358849]"
"GUARDEN-CBNMed-25-10-14-49-20240428","[1357981, 1357743, 1394527]"
"GUARDEN-CBNMed-25-2-13-57-20240428","[1388990, 1394527, 1724816]"
"GUARDEN-CBNMed-25-3-14-06-20240428","[1394527, 1396426, 1743211]"
"GUARDEN-CBNMed-25-4-14-15-20240428","[1357743, 1394527, 1425172]"
"GUARDEN-CBNMed-25-7-14-28-20240428","[1357981, 1360443, 1357980]"
"GUARDEN-CBNMed-25-8-14-39-20240428","[1357981, 1357743, 1357293]"
"GUARDEN-CBNMed-25-9-14-43-20240428","[1357981, 1742109, 1357968]"
"GUARDEN-CBNMed-26-10-10-01-20240428","[1359344, 1393771, 1356310]"
"GUARDEN-CBNMed-26-6-9-34-20240428","[1738652, 1743249, 1722478]"
"GUARDEN-CBNMed-26-8-9-45-20240428","[1359344, 1359297, 1743245]"
"GUARDEN-CBNMed-26-9-9-48-20240428","[1359344, 1359297, 1396759]"
"GUARDEN-CBNMed-27-1-11-17-20240428","[1722522, 1360054, 1370637]"
"GUARDEN-CBNMed-27-10-11-55-20240428","[1722522, 1360070, 1722625]"
"GUARDEN-CBNMed-27-2-11-32-20240428","[1360054, 1370637, 1393564]"
"GUARDEN-CBNMed-27-3-11-36-20240428","[1722522, 1722625, 1360054]"
"GUARDEN-CBNMed-27-4-11-39-20240428","[1722522, 1722625, 1363200]"
"GUARDEN-CBNMed-27-5-11-4-20240428","[1722522, 1722625, 1363200]"
"GUARDEN-CBNMed-27-6-11-42-20240428","[1722625, 1722522, 1363200]"
"GUARDEN-CBNMed-27-7-11-43-20240428","[1722522, 1722625, 1722521]"
"GUARDEN-CBNMed-27-8-11-45-20240428","[1722522, 1722625, 1363200]"
"GUARDEN-CBNMed-27-9-11-47-20240428","[1722625, 1363191, 1722522]"
"GUARDEN-CBNMed-28-1-12-46-20240428","[1722522, 1722625, 1722521]"
"GUARDEN-CBNMed-28-10-13-23-20240428","[1357705, 1396764, 1418701]"
"GUARDEN-CBNMed-28-2-12-48-20240428","[1722522, 1363200, 1722625]"
"GUARDEN-CBNMed-28-3-12-51-20240428","[1722522, 1363200, 1722625]"
"GUARDEN-CBNMed-28-4-12-52-20240428","[1360054, 1357705, 1722522]"
"GUARDEN-CBNMed-28-5-13-02-20240428","[1360054, 1357705, 1370637]"
"GUARDEN-CBNMed-28-6-13-06-20240428","[1357705, 1722522, 1722625]"
"GUARDEN-CBNMed-28-7-13-11-20240428","[1357705, 1722522, 1361412]"
"GUARDEN-CBNMed-28-8-13-14-20240428","[1357705, 1361412, 1722522]"
"GUARDEN-CBNMed-28-9-13-17-20240428","[1722522, 1357705, 1722625]"
"GUARDEN-CBNMed-29-6-14-31-20240428","[1359344, 1360719, 1357227]"
"GUARDEN-CBNMed-29-7-14-34-20240428","[1360701, 1360719, 1361412]"
"GUARDEN-CBNMed-30-1-16-07-20240428","[1393770, 1361959, 1737458]"
"GUARDEN-CBNMed-30-10-16-41-20240428","[1357227, 1359344, 1361412]"
"GUARDEN-CBNMed-30-2-16-23-20240428","[1359344, 1357227, 1394664]"
"GUARDEN-CBNMed-30-4-16-3-20240428","[1357227, 1394664, 1357236]"
"GUARDEN-CBNMed-30-6-16-34-20240428","[1394664, 1359344, 1357227]"
"GUARDEN-CBNMed-30-7-16-35-20240428","[1357227, 1394664, 1359344]"
"GUARDEN-CBNMed-30-8-16-37-20240428","[1357227, 1359344, 1394664]"
"GUARDEN-CBNMed-30-9-16-4-20240428","[1359344, 1357227, 1394664]"
"GUARDEN-CBNMed-31-1-9-37-20240428","[1359952, 1393770, 1359356]"
"GUARDEN-CBNMed-31-10-10-06-20240428","[1738610, 1422217, 1722444]"
"GUARDEN-CBNMed-31-2-9-4-20240428","[1355977, 1363433, 1393770]"
"GUARDEN-CBNMed-31-3-9-44-20240428","[1393770, 1396726, 1359356]"
"GUARDEN-CBNMed-31-4-9-48-20240428","[1396726, 1355977, 1393770]"
"GUARDEN-CBNMed-31-5-9-51-20240428","[1393770, 1396726, 1564441]"
"GUARDEN-CBNMed-31-6-9-54-20240428","[1738610, 1396726, 1393770]"
"GUARDEN-CBNMed-31-7-9-56-20240428","[1722578, 1393770, 1399623]"
"GUARDEN-CBNMed-31-8-10-20240428","[1396726, 1359009, 1722578]"
"GUARDEN-CBNMed-31-9-10-02-20240428","[1393770, 1738610, 1722578]"
"GUARDEN-CBNMed-32-1-11-46-20240428","[1399609, 1396726, 1357630]"
"GUARDEN-CBNMed-32-10-13-12-20240428","[1359952, 1393770, 1396726]"
"GUARDEN-CBNMed-32-2-11-58-20240428","[1359952, 1396726, 1359009]"
"GUARDEN-CBNMed-32-3-12-01-20240428","[1358968, 1396726, 1359009]"
"GUARDEN-CBNMed-32-4-12-12-20240428","[1396726, 1359009, 1358968]"
"GUARDEN-CBNMed-32-9-13-07-20240428","[1359952, 1393770, 1359965]"
"GUARDEN-CBNMed-33-1-14-48-20240428","[1399609, 1397398, 1357630]"
"GUARDEN-CBNMed-33-10-15-59-20240428","[1363882, 1357004, 1363526]"
"GUARDEN-CBNMed-33-2-15-01-20240428","[1357630, 1399609, 1397398]"
"GUARDEN-CBNMed-33-3-15-04-20240428","[1399609, 1357630, 1397398]"
"GUARDEN-CBNMed-33-4-15-26-20240428","[1742400, 1361412, 1742109]"
"GUARDEN-CBNMed-33-5-15-29-20240428","[1397398, 1357630, 1399609]"
"GUARDEN-CBNMed-33-6-15-36-20240428","[1399609, 1357630, 1397398]"
"GUARDEN-CBNMed-33-7-15-43-20240428","[1509616, 1357004, 1357023]"
"GUARDEN-CBNMed-33-8-15-5-20240428","[1357630, 1399609, 1397398]"
"GUARDEN-CBNMed-33-9-15-56-20240428","[1399609, 1363882, 1358349]"
"GUARDEN-CBNMed-38-1-12-58-20240428","[1395169, 1395162, 1437245]"
"GUARDEN-CBNMed-38-4-14-39-20240428","[1395162, 1437245, 1395169]"
"GUARDEN-CBNMed-38-6-15-04-20240428","[1395162, 1437245, 1395169]"
"GUARDEN-CBNMed-39-10-12-02-20240531","[1394627, 1414354, 1361284]"
"GUARDEN-CBNMed-39-7-11-3-20240531","[1394627, 1356072, 1356066]"
"GUARDEN-CBNMed-39-8-11-39-20240531","[1361284, 1356072, 1363056]"
"GUARDEN-CBNMed-39-9-11-5-20240531","[1392587, 1363056, 1722436]"
"GUARDEN-CBNMed-44-7-12-03-20240629","[1392059, 1392066, 1392067]"
"GUARDEN-CBNMed-5-1-12-38-20240430","[1414366, 1414367, 1361316]"
"GUARDEN-CBNMed-5-10-13-32-20240430","[1414366, 1414367, 1363281]"
"GUARDEN-CBNMed-5-2-12-45-20240430","[1414366, 1720971, 1414367]"
"GUARDEN-CBNMed-5-3-12-56-20240430","[1720971, 1414366, 1424916]"
"GUARDEN-CBNMed-5-4-13-20240430","[1361316, 1414366, 1361302]"
"GUARDEN-CBNMed-5-5-13-04-20240430","[1361316, 1397416, 1363492]"
"GUARDEN-CBNMed-5-6-13-07-20240430","[1414366, 1414367, 1422217]"
"GUARDEN-CBNMed-5-7-13-17-20240430","[1414366, 1361316, 1414367]"
"GUARDEN-CBNMed-5-8-13-22-20240430","[1414367, 1361316, 1414366]"
"GUARDEN-CBNMed-5-9-13-27-20240430","[1361316, 1361302, 1361225]"
"GUARDEN-CBNMed-6-9-15-28-20240430","[1360399, 1392438, 1673274]"
"GUARDEN-CBNMed-8-10-12-59-20240429","[1358613, 1360260, 1548459]"
"GUARDEN-CBNMed-8-4-12-33-20240429","[1744243, 1722409, 1362498]"
"GUARDEN-CBNMed-8-8-12-51-20240429","[1361002, 1361000, 1359548]"
"GUARDEN-CBNMed-8-9-12-56-20240429","[1361000, 1358613, 1361002]"
"GUARDEN-CBNMed-9-10-16-16-20240429","[1363707, 1359548, 1361002]"
"GUARDEN-CBNMed-9-2-15-46-20240429","[1358511, 1358509, 1418701]"
"GUARDEN-CBNMed-9-6-16-04-20240429","[1358613, 1356576, 1548459]"
"GUARDEN-CBNMed-9-7-16-06-20240429","[1358613, 1548459, 1356576]"
"GUARDEN-CBNMed-9-8-16-08-20240429","[1358613, 1548459, 1356576]"
"GUARDEN-CBNMed-9-9-16-14-20240429","[1359548, 1361005, 1363707]"
"LISAH-BOU-0-10-20230523","[1363835, 1355881, 1400186]"
"LISAH-BOU-0-101-20240425","[1425238, 1363730, 1363731]"
"LISAH-BOU-0-104-20240502","[1356276, 1397608, 1356464]"
"LISAH-BOU-0-105-20240502","[1356276, 1388806, 1706074]"
"LISAH-BOU-0-108-20240502","[1359772, 1356276, 1359767]"
"LISAH-BOU-0-109-20240502","[1355990, 1360417, 1360385]"
"LISAH-BOU-0-110-20240502","[1360416, 1360417, 1360385]"
"LISAH-BOU-0-111-20240502","[1360417, 1355908, 1360385]"
"LISAH-BOU-0-113-20240502","[1356276, 1388806, 1355908]"
"LISAH-BOU-0-114-20240502","[1360416, 1360385, 1360417]"
"LISAH-BOU-0-117-20240502","[1360417, 1360385, 1360416]"
"LISAH-BOU-0-118-20240502","[1356276, 1356013, 1392598]"
"LISAH-BOU-0-14-20230511","[1361190, 1363469, 1363467]"
"LISAH-BOU-0-15-20230511","[1363467, 1356008, 1426088]"
"LISAH-BOU-0-153-20240502","[1357351, 1364006, 1357951]"
"LISAH-BOU-0-154-20240502","[1356013, 1357351, 1390637]"
"LISAH-BOU-0-157-20240502","[1356013, 1358643, 1364006]"
"LISAH-BOU-0-16-20230511","[1363835, 1400186, 1363832]"
"LISAH-BOU-0-160-20240502","[1363835, 1357351, 1356008]"
"LISAH-BOU-0-163-20240502","[1361306, 1363944, 1358257]"
"LISAH-BOU-0-164-20240502","[1363835, 1358643, 1356008]"
"LISAH-BOU-0-165-20240502","[1363835, 1356008, 1356066]"
"LISAH-BOU-0-167-20240502","[1363731, 1359639, 1359347]"
"LISAH-BOU-0-168-20240502","[1363731, 1359639, 1361306]"
"LISAH-BOU-0-170-20240502","[1356066, 1363731, 1394638]"
"LISAH-BOU-0-171-20240502","[1357351, 1363731, 1355881]"
"LISAH-BOU-0-172-20240502","[1363731, 1357351, 1355881]"
"LISAH-BOU-0-173-20240502","[1357351, 1363731, 1359639]"
"LISAH-BOU-0-174-20240502","[1363731, 1359347, 1361225]"
"LISAH-BOU-0-175-20240502","[1363731, 1425238, 1359347]"
"LISAH-BOU-0-183-20240502","[1363731, 1356066, 1359639]"
"LISAH-BOU-0-187-20240502","[1356066, 1361307, 1363944]"
"LISAH-BOU-0-191-20240502","[1359268, 1414353, 1363475]"
"LISAH-BOU-0-2-20240425","[1356276, 1397608, 1388794]"
"LISAH-BOU-0-24-20230512","[1361000, 1360416, 1360417]"
"LISAH-BOU-0-24-20240425","[1356013, 1389311, 1360161]"
"LISAH-BOU-0-25-20230512","[1360385, 1389311, 1360416]"
"LISAH-BOU-0-25-20230711","[1363993, 1364173, 1360826]"
"LISAH-BOU-0-28-20240425","[1361000, 1360417, 1360385]"
"LISAH-BOU-0-29-20230523","[1397356, 1422217, 1414366]"
"LISAH-BOU-0-29-20230621","[1363212, 1706074, 1360816]"
"LISAH-BOU-0-29-20240425","[1361000, 1389311, 1397356]"
"LISAH-BOU-0-3-20230721","[1363212, 1361315, 1360378]"
"LISAH-BOU-0-30-20230512","[1356012, 1356017, 1397356]"
"LISAH-BOU-0-30-20240425","[1356013, 1389311, 1360417]"
"LISAH-BOU-0-31-20230919","[1722433, 1360814, 1363434]"
"LISAH-BOU-0-31-20240425","[1356013, 1389311, 1360385]"
"LISAH-BOU-0-32-20230516","[1359575, 1390879, 1361068]"
"LISAH-BOU-0-32-20240425","[1356012, 1360614, 1356017]"
"LISAH-BOU-0-34-20230516","[1650353, 1650228, 1393522]"
"LISAH-BOU-0-35-20240425","[1356012, 1389311, 1356017]"
"LISAH-BOU-0-36-20240425","[1356017, 1356012, 1360613]"
"LISAH-BOU-0-37-20230512","[1397356, 1361000, 1395477]"
"LISAH-BOU-0-37-20240425","[1356012, 1361000, 1397356]"
"LISAH-BOU-0-38-20230516","[1356013, 1363835, 1650353]"
"LISAH-BOU-0-39-20230512","[1397356, 1391354, 1398197]"
"LISAH-BOU-0-4-20230511","[1414353, 1414366, 1422217]"
"LISAH-BOU-0-4-20230711","[1356803, 1364006, 1706074]"
"LISAH-BOU-0-4-20240425","[1356013, 1356397, 1356008]"
"LISAH-BOU-0-40-20230512","[1361000, 1397356, 1360614]"
"LISAH-BOU-0-40-20240425","[1397356, 1389311, 1360816]"
"LISAH-BOU-0-41-20230512","[1397356, 1363212, 1414353]"
"LISAH-BOU-0-42-20230511","[1360417, 1358671, 1360385]"
"LISAH-BOU-0-43-20230512","[1363835, 1397356, 1400186]"
"LISAH-BOU-0-44-20240425","[1363945, 1359639, 1362102]"
"LISAH-BOU-0-5-20230512","[1356276, 1397608, 1355881]"
"LISAH-BOU-0-5-20230711","[1356803, 1364160, 1398097]"
"LISAH-BOU-0-50-20230512","[1361306, 1356066, 1356286]"
"LISAH-BOU-0-52-20230512","[1363944, 1361306, 1363945]"
"LISAH-BOU-0-54-20230512","[1361306, 1356286, 1361394]"
"LISAH-BOU-0-55-20230512","[1359639, 1363945, 1363944]"
"LISAH-BOU-0-56-20230512","[1359639, 1361306, 1363945]"
"LISAH-BOU-0-58-20230512","[1361306, 1356066, 1394627]"
"LISAH-BOU-0-6-20240425","[1650353, 1650228, 1356276]"
"LISAH-BOU-0-63-20230512","[1358257, 1364162, 1392155]"
"LISAH-BOU-0-65-20230512","[1361306, 1361307, 1359639]"
"LISAH-BOU-0-75-20230516","[1363468, 1363467, 1361190]"
"LISAH-BOU-0-79-20230512","[1359488, 1425238, 1363731]"
"LISAH-BOU-0-8-20240425","[1357351, 1393522, 1362653]"
"LISAH-BOU-0-84-20230512","[1425238, 1361361, 1392699]"
"LISAH-BOU-0-9-20240425","[1393522, 1706074, 1356396]"
"LISAH-BOU-0-98-20240425","[1425238, 1363730, 1363731]"
"LISAH-BVD-0-100-20230510","[1356066, 1394638, 1356286]"
"LISAH-BVD-0-101-20230510","[1356066, 1394627, 1394638]"
"LISAH-BVD-0-152-20230511","[1356066, 1394627, 1394360]"
"LISAH-BVD-0-155-20230511","[1356066, 1394627, 1356072]"
"LISAH-BVD-0-158-20230511","[1356066, 1356072, 1394627]"
"LISAH-BVD-0-191-20230511","[1359497, 1363498, 1359511]"
"LISAH-BVD-0-192-20230511","[1397048, 1363522, 1363459]"
"LISAH-BVD-0-195-20230511","[1363508, 1394395, 1363498]"
"LISAH-BVD-0-196-20230511","[1359497, 1359511, 1363740]"
"LISAH-BVD-0-197-20230511","[1356066, 1394636, 1363739]"
"LISAH-BVD-0-200-20230511","[1356066, 1363740, 1363739]"
"LISAH-BVD-0-203-20230511","[1363740, 1396857, 1363739]"
"LISAH-BVD-0-205-20230511","[1363740, 1359517, 1363739]"
"LISAH-BVD-0-206-20230511","[1363740, 1363739, 1359497]"
"LISAH-BVD-0-208-20230511","[1363740, 1363458, 1359528]"
"LISAH-BVD-0-209-20230511","[1356066, 1363739, 1363740]"
"LISAH-BVD-0-25-20230510","[1363740, 1359497, 1363739]"
"LISAH-BVD-0-275-20230516","[1363469, 1363468, 1363459]"
"LISAH-BVD-0-277-20230516","[1363993, 1360304, 1363458]"
"LISAH-BVD-0-278-20230516","[1363993, 1360304, 1361307]"
"LISAH-BVD-0-281-20230516","[1363993, 1360304, 1395667]"
"LISAH-BVD-0-282-20230516","[1363468, 1363458, 1363467]"
"LISAH-BVD-0-283-20230516","[1360304, 1363993, 1360307]"
"LISAH-BVD-0-285-20230516","[1361306, 1361307, 1360304]"
"LISAH-BVD-0-287-20230516","[1361306, 1361307, 1363455]"
"LISAH-BVD-0-288-20230516","[1363458, 1363468, 1363403]"
"LISAH-BVD-0-292-20230516","[1360304, 1360307, 1363993]"
"LISAH-BVD-0-293-20230516","[1360304, 1363455, 1363458]"
"LISAH-BVD-0-294-20230516","[1363526, 1360304, 1363993]"
"LISAH-BVD-0-295-20230516","[1363739, 1363993, 1363740]"
"LISAH-BVD-0-296-20230516","[1363993, 1360304, 1391330]"
"LISAH-BVD-0-297-20230516","[1363740, 1359497, 1363993]"
"LISAH-BVD-0-298-20230516","[1363993, 1363739, 1360304]"
"LISAH-BVD-0-299-20230516","[1363993, 1359497, 1363739]"
"LISAH-BVD-0-300-20230516","[1363993, 1422217, 1414366]"
"LISAH-BVD-0-301-20230516","[1363993, 1360304, 1363459]"
"LISAH-BVD-0-302-20230516","[1363993, 1360304, 1394850]"
"LISAH-BVD-0-309-20230516","[1363993, 1360304, 1394850]"
"LISAH-BVD-0-310-20230516","[1363993, 1360304, 1394850]"
"LISAH-BVD-0-337-20230516","[1356286, 1364006, 1361308]"
"LISAH-BVD-0-338-20230516","[1356286, 1364006, 1361302]"
"LISAH-BVD-0-339-20230516","[1364006, 1397514, 1414366]"
"LISAH-BVD-0-341-20230516","[1364006, 1426068, 1363740]"
"LISAH-BVD-0-342-20230516","[1364006, 1356286, 1426068]"
"LISAH-BVD-0-343-20230516","[1356286, 1363740, 1361206]"
"LISAH-BVD-0-344-20230516","[1397514, 1356286, 1359517]"
"LISAH-BVD-0-345-20230516","[1356286, 1364006, 1646528]"
"LISAH-BVD-0-346-20230516","[1356286, 1364006, 1361206]"
"LISAH-BVD-0-347-20230516","[1356286, 1364006, 1361302]"
"LISAH-BVD-0-348-20230516","[1356286, 1364006, 1357875]"
"LISAH-BVD-0-349-20230516","[1356286, 1364006, 1361302]"
"LISAH-BVD-0-35-20230510","[1363458, 1361316, 1363551]"
"LISAH-BVD-0-350-20230516","[1356286, 1357635, 1363476]"
"LISAH-BVD-0-351-20230516","[1356066, 1364006, 1356072]"
"LISAH-BVD-0-352-20230516","[1356286, 1356066, 1363501]"
"LISAH-BVD-0-353-20230516","[1356066, 1356286, 1394638]"
"LISAH-BVD-0-354-20230516","[1356066, 1394638, 1394627]"
"LISAH-BVD-0-364-20230516","[1359639, 1363945, 1363944]"
"LISAH-BVD-0-372-20230516","[1361306, 1361307, 1422217]"
"LISAH-BVD-0-379-20230516","[1361307, 1361306, 1361308]"
"LISAH-BVD-0-380-20230516","[1361306, 1361307, 1363475]"
"LISAH-BVD-0-383-20230516","[1356314, 1356278, 1363526]"
"LISAH-BVD-0-392-20230516","[1355936, 1364006, 1359497]"
"LISAH-BVD-0-397-20230517","[1414353, 1355869, 1363526]"
"LISAH-BVD-0-398-20230517","[1356066, 1363740, 1414353]"
"LISAH-BVD-0-412-20230517","[1355869, 1357697, 1414353]"
"LISAH-BVD-0-417-20230517","[1361307, 1363740, 1390356]"
"LISAH-BVD-0-428-20230517","[1356286, 1356066, 1363403]"
"LISAH-BVD-0-430-20230517","[1356286, 1364006, 1363458]"
"LISAH-BVD-0-431-20230517","[1364006, 1363475, 1363458]"
"LISAH-BVD-0-432-20230517","[1356286, 1364006, 1361302]"
"LISAH-BVD-0-463-20230517","[1356066, 1394638, 1363496]"
"LISAH-BVD-0-465-20230517","[1356066, 1394638, 1363740]"
"LISAH-BVD-0-471-20230517","[1356066, 1356286, 1356072]"
"LISAH-BVD-0-54-20230510","[1356314, 1359639, 1363946]"
"LISAH-BVD-0-99-20230510","[1356066, 1356286, 1394627]"
"LISAH-JAS-0-1-20220505","[1359981, 1356331, 1364065]"
"LISAH-JAS-0-11-20220505","[1357875, 1363739, 1359497]"
"LISAH-JAS-0-12-20220505","[1359519, 1363739, 1363730]"
"LISAH-JAS-0-13-20220505","[1359519, 1363739, 1359981]"
"LISAH-JAS-0-15-20220505","[1359802, 1359519, 1422217]"
"LISAH-JAS-0-16-20220505","[1359519, 1359530, 1363731]"
"LISAH-JAS-0-17-20220505","[1359802, 1359497, 1363739]"
"LISAH-JAS-0-2-20220505","[1359981, 1356111, 1364065]"
"LISAH-JAS-0-6-20220505","[1364138, 1356084, 1357862]"
"LISAH-JAS-0-7-20220505","[1364138, 1357862, 1356084]"
"LISAH-JAS-0-9-20220505","[1359519, 1359981, 1364061]"
"LISAH-JAS-1-25-20220505","[1361302, 1361157, 1414366]"
"LISAH-JAS-1-27-20220505","[1361306, 1359322, 1412585]"
"LISAH-JAS-1-28-20220505","[1363740, 1363945, 1363944]"
"LISAH-JAS-1-5-20220505","[1364063, 1359981, 1359988]"
"LISAH-PEC-0-0-20220608","[1396055, 1358478, 1361926]"
"LISAH-PEC-0-1-20230411","[1356013, 1355993, 1392594]"
"LISAH-PEC-0-10-20230405","[1357635, 1391455, 1357654]"
"LISAH-PEC-0-11-20230405","[1363791, 1426088, 1392699]"
"LISAH-PEC-0-11-20230411","[1356013, 1363899, 1356008]"
"LISAH-PEC-0-12-20230411","[1358654, 1357700, 1355993]"
"LISAH-PEC-0-13-20230411","[1355993, 1357700, 1364016]"
"LISAH-PEC-0-13-20230413","[1364151, 1363676, 1364154]"
"LISAH-PEC-0-14-20230407","[1360290, 1363988, 1737565]"
"LISAH-PEC-0-15-20230407","[1361000, 1361002, 1360588]"
"LISAH-PEC-0-17-20230413","[1363676, 1363674, 1397095]"
"LISAH-PEC-0-18-20230411","[1363899, 1356013, 1363878]"
"LISAH-PEC-0-19-20230413","[1356013, 1363676, 1358674]"
"LISAH-PEC-0-20-20230411","[1363899, 1355964, 1356013]"
"LISAH-PEC-0-4-20230407","[1395507, 1395477, 1362985]"
"LISAH-PEC-0-4-20230411","[1356013, 1355993, 1358654]"
"LISAH-PEC-0-6-20220608","[1357401, 1361394, 1362429]"
"LISAH-PEC-0-6-20230411","[1358654, 1356013, 1355993]"
"LISAH-PEC-0-8-20230405","[1363791, 1363915, 1363899]"
"LISAH-PEC-0-9-20230411","[1356013, 1355993, 1358654]"
"LISAH-PEC-0-9-20230413","[1357598, 1356013, 1357722]"
"LISAH-PEC-1-13-20230405","[1391455, 1357635, 1363878]"
"LISAH-PEC-1-18-20230407","[1363878, 1363875, 1363899]"
"LISAH-PEC-2-0-20220609","[1361306, 1422217, 1364151]"
"LISAH-PEC-2-11-20220609","[1357351, 1355881, 1422217]"
"LISAH-PEC-2-17-20230407","[1390637, 1364162, 1355994]"
"LISAH-PEC-2-2-20220609","[1361306, 1361307, 1356013]"
"LISAH-PEC-2-20-20230407","[1356013, 1363878, 1358674]"
"LISAH-PEC-2-4-20220609","[1422217, 1414366, 1361306]"
"LISAH-PEC-2-5-20220609","[1355881, 1364151, 1502064]"
"LISAH-PEC-2-5-20230407","[1363878, 1356013, 1360400]"
"LISAH-PEC-2-6-20220609","[1422217, 1361306, 1422218]"
"LISAH-PEC-3-10-20230407","[1363676, 1363889, 1363804]"
"LISAH-PEC-3-16-20230407","[1363676, 1359268, 1359266]"
"LISAH-PEC-3-20-20230407","[1363676, 1363674, 1397095]"
"OPTMix-0108-P1-312-20231006","[1356404, 1391805, 1396752]"
"OPTMix-0108-P1-422-20231006","[1389018, 1394759, 1363593]"
"OPTMix-0108-P1-427-20231006","[1356404, 1419076, 1396752]"
"OPTMix-0108-P1-533-20231006","[1357413, 1419076, 1363526]"
"OPTMix-0108-P1-95-20231006","[1361055, 1363593, 1361376]"
"OPTMix-012-P1-143-20231201","[1548458, 1392309, 1419076]"
"OPTMix-012-P1-208-20231201","[1419076, 1548458, 1392309]"
"OPTMix-012-P2-192-20231201","[1737422, 1548458, 1419076]"
"OPTMix-012-P2-207-20231201","[1394616, 1548458, 1419076]"
"OPTMix-012-P2-240-20231201","[1392309, 1548458, 1419076]"
"OPTMix-012-P3-190-20231201","[1392309, 1359973, 1400084]"
"OPTMix-012-P3-218-20231201","[1548458, 1392309, 1419076]"
"OPTMix-012-P3-220-20231201","[1392309, 1548458, 1390756]"
"OPTMix-0178-P1-1060-20231006","[1396752, 1356404, 1722340]"
"OPTMix-0178-P1-1061-20231006","[1419076, 1357413, 1390038]"
"OPTMix-0178-P1-552-20231006","[1356404, 1391805, 1396752]"
"OPTMix-0178-P1-661-20231006","[1356404, 1722340, 1391805]"
"OPTMix-0178-P1-663-20231006","[1419076, 1356433, 1358612]"
"OPTMix-0178-P1-669-20231006","[1419076, 1548458, 1390756]"
"OPTMix-0200-11006-20231009","[1396752, 1395035, 1548458]"
"OPTMix-0200-P2-53-20231009","[1358507, 1361002, 1361800]"
"OPTMix-0200-P2-54-20231009","[1363508, 1388809, 1361316]"
"OPTMix-0200-P2-68-20231009","[1358501, 1358503, 1357277]"
"OPTMix-0200-P3-108-20231009","[1396752, 1356404, 1363413]"
"OPTMix-0200-P3-127-20231009","[1396752, 1389311, 1360354]"
"OPTMix-0200-P3-139-20231009","[1394617, 1388809, 1394616]"
"OPTMix-0214-P1-207-20231010","[1392309, 1357413, 1548458]"
"OPTMix-0214-P1-208-20231010","[1392309, 1390756, 1419076]"
"OPTMix-0214-P1-235-20231010","[1357413, 1419076, 1548458]"
"OPTMix-0214-P2-22-20231010","[1358501, 1358511, 1361800]"
"OPTMix-0214-P2-64-20231010","[1358501, 1394617, 1394608]"
"OPTMix-0214-P2-84-20231010","[1419076, 1357413, 1358616]"
"OPTMix-0214-P3-186-20231010","[1390756, 1392309, 1392704]"
"OPTMix-0214-P3-196-20231010","[1357413, 1548458, 1419076]"
"OPTMix-0214-P3-278-20231010","[1390761, 1391680, 1361055]"
"OPTMix-0216-P4-208-20231009","[1358501, 1356364, 1356404]"
"OPTMix-0255-11233-20231009","[1393397, 1361376, 1400084]"
"OPTMix-0255-11372-20231009","[1389603, 1389018, 1361376]"
"OPTMix-0255-11382-20231009","[1363593, 1654153, 1361055]"
"OPTMix-033-P3-107-20231201","[1356404, 1396752, 1722340]"
"OPTMix-0333-P1-107-20231212","[1356404, 1396752, 1722340]"
"OPTMix-0333-P1-112-20231212","[1396752, 1356404, 1356428]"
"OPTMix-0333-P2-108-20231212","[1356404, 1356373, 1722340]"
"OPTMix-0333-P2-112-20231212","[1361914, 1741589, 1392769]"
"OPTMix-0333-P2-115-20231212","[1396752, 1356404, 1722340]"
"OPTMix-0333-P3-100-20231201","[1356404, 1396752, 1722340]"
"OPTMix-0333-P3-76-20231201","[1356404, 1396752, 1358501]"
"OPTMix-057-P1-1699-20231010","[1356404, 1391807, 1356373]"
"OPTMix-057-P1-1901-20231010","[1396752, 1356404, 1358515]"
"OPTMix-057-P1-1902-20231010","[1356382, 1396752, 1356404]"
"OPTMix-057-P1-1913-20231010","[1356404, 1396752, 1722340]"
"OPTMix-057-P1-1917-20231010","[1356404, 1722340, 1356369]"
"OPTMix-0593-P1-129-20231205","[1548458, 1419076, 1397383]"
"OPTMix-0593-P1-134-20231205","[1419076, 1359973, 1397383]"
"OPTMix-0593-P1-86-20231205","[1392309, 1548458, 1361914]"
"OPTMix-0593-P2-180-20231205","[1419076, 1548458, 1357413]"
"OPTMix-0593-P2-84-20231205","[1548458, 1744168, 1419076]"
"OPTMix-0593-P2-92-20231205","[1392309, 1548458, 1362023]"
"OPTMix-0593-P3-130-20231205","[1548458, 1419076, 1397383]"
"OPTMix-0593-P3-146-20231205","[1390756, 1548458, 1392309]"
"OPTMix-0593-P3-87-20231205","[1390756, 1419076, 1357413]"
"OPTMix-0598-P1-118-20231205","[1389018, 1363593, 1390870]"
"OPTMix-0598-P1-132-20231205","[1419076, 1548458, 1397383]"
"OPTMix-0598-P1-133-20231205","[1548458, 1419076, 1357413]"
"OPTMix-0598-P1-149-20231205","[1548458, 1419076, 1358501]"
"OPTMix-0598-P1-197-20231205","[1358501, 1358507, 1358503]"
"OPTMix-0598-P1-198-20231205","[1392309, 1389603, 1389018]"
"OPTMix-0598-P2-102-20231205","[1356404, 1396752, 1722340]"
"OPTMix-0598-P2-139-20231207","[1356404, 1396752, 1737672]"
"OPTMix-0598-P2-86-20231207","[1356790, 1356404, 1396752]"
"OPTMix-0598-P2-99-20231205","[1548458, 1396752, 1419076]"
"OPTMix-0598-P4-104-20231207","[1358501, 1548458, 1357413]"
"OPTMix-0598-P4-108-20231207","[1737672, 1669279, 1395495]"
"OPTMix-0598-P4-128-20231207","[1397383, 1548458, 1419076]"
"OPTMix-083-P3-139-20231110","[1396752, 1722693, 1356404]"
"OPTMix-083-P3-186-20231110","[1356404, 1396752, 1722340]"
"OPTMix-083-P3-96-20231110","[1358501, 1358507, 1395477]"
"OPTMix-108-P1-000-20231006","[1419076, 1737422, 1358612]"
"RNNB-1-1-20230512","[1722522, 1722625, 1722521]"
"RNNB-1-1-20240117","[1737441, 1722441, 1722433]"
"RNNB-1-10-20230512","[1722625, 1722522, 1363200]"
"RNNB-1-10-20240117","[1722441, 1722433, 1737441]"
"RNNB-1-2-20230512","[1722522, 1722521, 1722625]"
"RNNB-1-2-20240117","[1722441, 1361703, 1363477]"
"RNNB-1-3-20230512","[1722522, 1722521, 1722625]"
"RNNB-1-3-20240117","[1363477, 1548508, 1531436]"
"RNNB-1-4-20230512","[1722522, 1722625, 1722521]"
"RNNB-1-4-20240117","[1722441, 1737441, 1363302]"
"RNNB-1-5-20230512","[1722522, 1722625, 1363165]"
"RNNB-1-5-20240117","[1722441, 1737441, 1722433]"
"RNNB-1-6-20230512","[1722522, 1722625, 1397505]"
"RNNB-1-6-20240117","[1722441, 1722433, 1737441]"
"RNNB-1-7-20230512","[1722522, 1722625, 1363191]"
"RNNB-1-7-20240117","[1722433, 1722441, 1737441]"
"RNNB-1-8-20230512","[1722625, 1722522, 1722521]"
"RNNB-1-8-20240117","[1722441, 1722433, 1737441]"
"RNNB-1-9-20230512","[1722522, 1722625, 1722521]"
"RNNB-1-9-20240117","[1722441, 1722433, 1737441]"
"RNNB-2-1-20230512","[1722522, 1426004, 1722521]"
"RNNB-2-1-20240117","[1357227, 1722433, 1722441]"
"RNNB-2-10-20230512","[1426004, 1356086, 1360006]"
"RNNB-2-10-20240117","[1356083, 1357227, 1426088]"
"RNNB-2-2-20230512","[1426004, 1722522, 1722625]"
"RNNB-2-2-20240117","[1357227, 1358203, 1359344]"
"RNNB-2-3-20230512","[1426004, 1426005, 1356086]"
"RNNB-2-3-20240117","[1357227, 1363892, 1722578]"
"RNNB-2-4-20230512","[1426004, 1360006, 1356086]"
"RNNB-2-4-20240117","[1357227, 1722441, 1363302]"
"RNNB-2-5-20230512","[1426004, 1356086, 1360006]"
"RNNB-2-5-20240117","[1359344, 1357227, 1722619]"
"RNNB-2-6-20230512","[1426004, 1356086, 1360006]"
"RNNB-2-6-20240117","[1357227, 1359344, 1359297]"
"RNNB-2-7-20230512","[1426004, 1426005, 1359873]"
"RNNB-2-7-20240117","[1357227, 1722441, 1737441]"
"RNNB-2-8-20230512","[1426004, 1426005, 1360006]"
"RNNB-2-8-20240117","[1360701, 1360381, 1359297]"
"RNNB-2-9-20230512","[1426004, 1360006, 1361753]"
"RNNB-2-9-20240117","[1357227, 1356083, 1722433]"
"RNNB-3-1-20230512","[1426088, 1363016, 1363526]"
"RNNB-3-1-20240117","[1359344, 1359297, 1722619]"
"RNNB-3-10-20230512","[1650228, 1393522, 1722433]"
"RNNB-3-10-20240117","[1722433, 1722441, 1722619]"
"RNNB-3-11-20230512","[1722441, 1650228, 1737441]"
"RNNB-3-12-20230512","[1722433, 1737441, 1722441]"
"RNNB-3-2-20230512","[1426004, 1426088, 1356284]"
"RNNB-3-2-20240117","[1722441, 1359344, 1363302]"
"RNNB-3-3-20240117","[1359344, 1722441, 1722433]"
"RNNB-3-4-20230512","[1426004, 1360938, 1360931]"
"RNNB-3-4-20240117","[1722619, 1359344, 1359297]"
"RNNB-3-5-20230512","[1722433, 1650228, 1722441]"
"RNNB-3-5-20240117","[1356083, 1722619, 1722441]"
"RNNB-3-6-20230512","[1722433, 1650228, 1722441]"
"RNNB-3-6-20240117","[1355977, 1356083, 1360381]"
"RNNB-3-7-20230512","[1722433, 1722441, 1650228]"
"RNNB-3-7-20240117","[1355977, 1359344, 1361703]"
"RNNB-3-8-20230512","[1393522, 1650228, 1650353]"
"RNNB-3-8-20240117","[1356083, 1361703, 1722441]"
"RNNB-3-9-20230512","[1393522, 1722441, 1722433]"
"RNNB-3-9-20240117","[1360701, 1363302, 1356083]"
"RNNB-4-1-20240117","[1357769, 1357911, 1356228]"
"RNNB-4-1-20240118","[1361412, 1388990, 1363045]"
"RNNB-4-10-20240117","[1722441, 1360978, 1722433]"
"RNNB-4-10-20240118","[1357004, 1518245, 1357630]"
"RNNB-4-2-20240117","[1722619, 1359297, 1361703]"
"RNNB-4-2-20240118","[1361953, 1394019, 1361412]"
"RNNB-4-3-20240117","[1722441, 1737441, 1363302]"
"RNNB-4-3-20240118","[1357004, 1361412, 1357026]"
"RNNB-4-4-20240117","[1722441, 1356228, 1363302]"
"RNNB-4-4-20240118","[1361412, 1357630, 1399609]"
"RNNB-4-5-20240117","[1722441, 1363302, 1361703]"
"RNNB-4-5-20240118","[1357630, 1357004, 1396769]"
"RNNB-4-6-20240117","[1359344, 1359297, 1363302]"
"RNNB-4-6-20240118","[1357630, 1392725, 1359009]"
"RNNB-4-7-20240117","[1722441, 1737441, 1722433]"
"RNNB-4-7-20240118","[1357630, 1392725, 1357705]"
"RNNB-4-8-20240117","[1355950, 1359344, 1722441]"
"RNNB-4-8-20240118","[1357630, 1399609, 1392725]"
"RNNB-4-9-20240117","[1357848, 1359344, 1722441]"
"RNNB-4-9-20240118","[1357630, 1399609, 1392725]"
"RNNB-5-1-20240117","[1360542, 1357630, 1357770]"
"RNNB-5-1-20240118","[1722441, 1357630, 1392725]"
"RNNB-5-10-20240117","[1391122, 1722619, 1360981]"
"RNNB-5-10-20240118","[1357630, 1392725, 1518245]"
"RNNB-5-2-20240117","[1357630, 1399609, 1357911]"
"RNNB-5-2-20240118","[1357630, 1360978, 1392725]"
"RNNB-5-3-20240117","[1357630, 1399609, 1360542]"
"RNNB-5-3-20240118","[1363016, 1361412, 1360015]"
"RNNB-5-4-20240117","[1357630, 1399609, 1393466]"
"RNNB-5-4-20240118","[1357630, 1399609, 1392725]"
"RNNB-5-5-20240117","[1357630, 1399609, 1509616]"
"RNNB-5-5-20240118","[1357630, 1392725, 1737651]"
"RNNB-5-6-20240117","[1399609, 1357630, 1360542]"
"RNNB-5-6-20240118","[1357630, 1399609, 1392725]"
"RNNB-5-7-20240117","[1360542, 1426088, 1400036]"
"RNNB-5-7-20240118","[1722441, 1357630, 1737651]"
"RNNB-5-8-20240117","[1396197, 1359959, 1357770]"
"RNNB-5-8-20240118","[1722441, 1737441, 1722433]"
"RNNB-5-9-20240117","[1396197, 1394640, 1356538]"
"RNNB-5-9-20240118","[1357004, 1722441, 1722433]"
"RNNB-6-1-20240117","[1360542, 1355885, 1364127]"
"RNNB-6-1-20240118","[1722619, 1357049, 1722441]"
"RNNB-6-10-20240117","[1393921, 1362429, 1363526]"
"RNNB-6-10-20240118","[1357630, 1518245, 1737651]"
"RNNB-6-2-20240117","[1388990, 1356083, 1361412]"
"RNNB-6-2-20240118","[1722441, 1722433, 1363302]"
"RNNB-6-3-20240117","[1388990, 1361412, 1741690]"
"RNNB-6-3-20240118","[1722441, 1722619, 1358477]"
"RNNB-6-4-20240117","[1363302, 1388990, 1361412]"
"RNNB-6-4-20240118","[1358477, 1722441, 1396055]"
"RNNB-6-5-20240117","[1361412, 1363526, 1360978]"
"RNNB-6-5-20240118","[1722441, 1722433, 1361326]"
"RNNB-6-6-20240117","[1363526, 1361412, 1388990]"
"RNNB-6-6-20240118","[1357630, 1722619, 1357769]"
"RNNB-6-7-20240117","[1361412, 1388990, 1722435]"
"RNNB-6-7-20240118","[1357630, 1399609, 1392725]"
"RNNB-6-8-20240117","[1355950, 1357848, 1357379]"
"RNNB-6-8-20240118","[1357630, 1399609, 1737651]"
"RNNB-6-9-20240117","[1388990, 1720968, 1357004]"
"RNNB-6-9-20240118","[1357630, 1357911, 1356228]"
"RNNB-7-1-20240118","[1357630, 1392725, 1361412]"
"RNNB-7-10-20240118","[1361412, 1357004, 1388990]"
"RNNB-7-2-20240118","[1361412, 1357630, 1388990]"
"RNNB-7-3-20240118","[1361412, 1357630, 1392725]"
"RNNB-7-4-20240118","[1361412, 1388990, 1361127]"
"RNNB-7-5-20240118","[1361412, 1399609, 1357630]"
"RNNB-7-6-20240118","[1361412, 1399609, 1357630]"
"RNNB-7-7-20240118","[1722441, 1361412, 1388990]"
"RNNB-7-8-20240118","[1388990, 1358386, 1361437]"
"RNNB-7-9-20240118","[1388990, 1361127, 1358003]"
"RNNB-8-1-20240118","[1359344, 1359297, 1722441]"
"RNNB-8-10-20240118","[1722441, 1363302, 1722433]"
"RNNB-8-2-20240118","[1722441, 1737441, 1357227]"
"RNNB-8-3-20240118","[1722441, 1737441, 1722433]"
"RNNB-8-4-20240118","[1722441, 1737441, 1390761]"
"RNNB-8-5-20240118","[1359344, 1363302, 1722441]"
"RNNB-8-6-20240118","[1359344, 1722619, 1359297]"
"RNNB-8-7-20240118","[1359344, 1357848, 1357227]"
"RNNB-8-8-20240118","[1359344, 1357227, 1363892]"
"RNNB-8-9-20240118","[1359344, 1722441, 1361412]"
