"quadrat_id","species_ids"
"2024-CEV3-20240602","[1360187, 1362443, 1395045]"
"CBN-PdlC-A1-20130807","[1412857, 1394311, 1392608]"
"CBN-PdlC-A1-20130903","[1392608, 1412857, 1395807]"
"CBN-PdlC-A1-20140721","[1412857, 1394542, 1396974]"
"CBN-PdlC-A1-20140811","[1412857, 1392608, 1394641]"
"CBN-PdlC-A1-20140901","[1412857, 1392608, 1390793]"
"CBN-PdlC-A1-20150701","[1360299, 1394641, 1394311]"
"CBN-PdlC-A1-20150720","[1395807, 1392608, 1412857]"
"CBN-PdlC-A1-20150831","[1412857, 1394643, 1394641]"
"CBN-PdlC-A1-20160705","[1412857, 1394911, 1390793]"
"CBN-PdlC-A1-20160726","[1392608, 1392535, 1412857]"
"CBN-PdlC-A1-20170816","[1412857, 1392608, 1394641]"
"CBN-PdlC-A1-20170906","[1412857, 1392608, 1395807]"
"CBN-PdlC-A1-20180702","[1392534, 1394911, 1397535]"
"CBN-PdlC-A1-20180815","[1412857, 1392608, 1394641]"
"CBN-PdlC-A1-20180905","[1412857, 1394311, 1392608]"
"CBN-PdlC-A1-20190701","[1394311, 1397046, 1741810]"
"CBN-PdlC-A1-20190722","[1392608, 1412857, 1395807]"
"CBN-PdlC-A1-20190812","[1412857, 1395807, 1392608]"
"CBN-PdlC-A1-20190909","[1412857, 1395807, 1394311]"
"CBN-PdlC-A1-20200629","[1360981, 1356424, 1653823]"
"CBN-PdlC-A1-20200722","[1395807, 1392608, 1392535]"
"CBN-PdlC-A1-20200812","[1412857, 1395807, 1360299]"
"CBN-PdlC-A2-20130807","[1395807, 1412857, 1395974]"
"CBN-PdlC-A2-20130903","[1395807, 1412857, 1394643]"
"CBN-PdlC-A2-20140721","[1412857, 1396974, 1356424]"
"CBN-PdlC-A2-20140901","[1412857, 1394911, 1393914]"
"CBN-PdlC-A2-20150720","[1395807, 1412857, 1519650]"
"CBN-PdlC-A2-20150810","[1395807, 1412857, 1394643]"
"CBN-PdlC-A2-20150831","[1412857, 1395807, 1393200]"
"CBN-PdlC-A2-20160705","[1412857, 1394911, 1394641]"
"CBN-PdlC-A2-20160726","[1412857, 1395807, 1397500]"
"CBN-PdlC-A2-20170816","[1395807, 1412857, 1394643]"
"CBN-PdlC-A2-20180702","[1397046, 1394311, 1664563]"
"CBN-PdlC-A2-20180723","[1395807, 1393200, 1412857]"
"CBN-PdlC-A2-20180815","[1395807, 1412857, 1393200]"
"CBN-PdlC-A2-20180905","[1412857, 1395807, 1394311]"
"CBN-PdlC-A2-20190701","[1394997, 1394910, 1394877]"
"CBN-PdlC-A2-20190722","[1392535, 1412857, 1395807]"
"CBN-PdlC-A2-20190812","[1395807, 1412857, 1394641]"
"CBN-PdlC-A2-20190909","[1412857, 1395807, 1394643]"
"CBN-PdlC-A2-20200629","[1356424, 1394311, 1393657]"
"CBN-PdlC-A2-20200722","[1395807, 1392535, 1397465]"
"CBN-PdlC-A2-20200812","[1395807, 1412857, 1364071]"
"CBN-PdlC-A3-20130807","[1395807, 1412857, 1360299]"
"CBN-PdlC-A3-20130903","[1412857, 1395807, 1392608]"
"CBN-PdlC-A3-20140721","[1393200, 1412857, 1392608]"
"CBN-PdlC-A3-20140811","[1412857, 1395807, 1392608]"
"CBN-PdlC-A3-20140901","[1412857, 1392608, 1394643]"
"CBN-PdlC-A3-20150701","[1412857, 1392608, 1394643]"
"CBN-PdlC-A3-20150720","[1412857, 1395807, 1392608]"
"CBN-PdlC-A3-20150810","[1412857, 1392608, 1394643]"
"CBN-PdlC-A3-20150831","[1412857, 1394643, 1390793]"
"CBN-PdlC-A3-20160705","[1412857, 1393200, 1394641]"
"CBN-PdlC-A3-20160726","[1412857, 1395807, 1392608]"
"CBN-PdlC-A3-20170816","[1412857, 1395807, 1394643]"
"CBN-PdlC-A3-20170906","[1412857, 1394366, 1394643]"
"CBN-PdlC-A3-20180702","[1412857, 1664563, 1394911]"
"CBN-PdlC-A3-20180723","[1412857, 1395807, 1392747]"
"CBN-PdlC-A3-20180815","[1412857, 1395807, 1394641]"
"CBN-PdlC-A3-20180905","[1412857, 1395807, 1394641]"
"CBN-PdlC-A3-20190701","[1356424, 1423209, 1653823]"
"CBN-PdlC-A3-20190722","[1412857, 1392608, 1395807]"
"CBN-PdlC-A3-20190812","[1412857, 1395807, 1394366]"
"CBN-PdlC-A3-20190909","[1412857, 1395807, 1394643]"
"CBN-PdlC-A3-20200629","[1741834, 1390541, 1548508]"
"CBN-PdlC-A3-20200722","[1412857, 1392608, 1395807]"
"CBN-PdlC-A3-20200812","[1412857, 1395807, 1394643]"
"CBN-PdlC-A4-20130807","[1395807, 1400101, 1392608]"
"CBN-PdlC-A4-20130903","[1395807, 1392608, 1395190]"
"CBN-PdlC-A4-20140811","[1393200, 1395807, 1397475]"
"CBN-PdlC-A4-20140901","[1397475, 1392608, 1395190]"
"CBN-PdlC-A4-20150701","[1393200, 1392608, 1397475]"
"CBN-PdlC-A4-20150810","[1397475, 1392608, 1360590]"
"CBN-PdlC-A4-20150831","[1397475, 1393200, 1392608]"
"CBN-PdlC-A4-20160705","[1397475, 1392608, 1397500]"
"CBN-PdlC-A4-20160726","[1392608, 1397475, 1393200]"
"CBN-PdlC-A4-20170816","[1395807, 1397475, 1392608]"
"CBN-PdlC-A4-20170906","[1393200, 1397475, 1391331]"
"CBN-PdlC-A4-20180702","[1397475, 1395190, 1394595]"
"CBN-PdlC-A4-20180723","[1393200, 1392608, 1397475]"
"CBN-PdlC-A4-20180815","[1397475, 1395190, 1394311]"
"CBN-PdlC-A4-20180905","[1395190, 1397475, 1397500]"
"CBN-PdlC-A4-20190701","[1397475, 1395190, 1395805]"
"CBN-PdlC-A4-20190722","[1392608, 1397475, 1395190]"
"CBN-PdlC-A4-20190812","[1397475, 1392608, 1395807]"
"CBN-PdlC-A4-20190909","[1397475, 1395190, 1395807]"
"CBN-PdlC-A4-20200629","[1397475, 1395190, 1392631]"
"CBN-PdlC-A4-20200722","[1397475, 1392608, 1393200]"
"CBN-PdlC-A4-20200812","[1397475, 1361347, 1361281]"
"CBN-PdlC-A5-20130807","[1395807, 1397475, 1393200]"
"CBN-PdlC-A5-20130903","[1395807, 1397475, 1395870]"
"CBN-PdlC-A5-20140721","[1397475, 1395807, 1395870]"
"CBN-PdlC-A5-20140811","[1395807, 1393660, 1396974]"
"CBN-PdlC-A5-20150701","[1395807, 1397475, 1394663]"
"CBN-PdlC-A5-20150831","[1397475, 1395807, 1395870]"
"CBN-PdlC-A5-20160705","[1397475, 1395807, 1395190]"
"CBN-PdlC-A5-20160726","[1395807, 1392535, 1397046]"
"CBN-PdlC-A5-20170816","[1397475, 1395807, 1395190]"
"CBN-PdlC-A5-20170906","[1395807, 1418688, 1395870]"
"CBN-PdlC-A5-20180815","[1397475, 1397461, 1395190]"
"CBN-PdlC-A5-20180905","[1395807, 1395190, 1361367]"
"CBN-PdlC-A5-20190909","[1397475, 1395190, 1395807]"
"CBN-PdlC-A5-20200722","[1395807, 1393660, 1394630]"
"CBN-PdlC-A6-20130807","[1395190, 1397475, 1395807]"
"CBN-PdlC-A6-20130903","[1397475, 1395190, 1391648]"
"CBN-PdlC-A6-20140630","[1397475, 1395190, 1395805]"
"CBN-PdlC-A6-20140721","[1397475, 1395190, 1395870]"
"CBN-PdlC-A6-20140901","[1397475, 1395190, 1356729]"
"CBN-PdlC-A6-20150701","[1397475, 1395190, 1356728]"
"CBN-PdlC-A6-20150810","[1397475, 1395190, 1395807]"
"CBN-PdlC-A6-20150831","[1397475, 1395190, 1394630]"
"CBN-PdlC-A6-20160705","[1397475, 1395190, 1391648]"
"CBN-PdlC-A6-20160726","[1397475, 1395807, 1391648]"
"CBN-PdlC-A6-20170816","[1397475, 1395190, 1395807]"
"CBN-PdlC-A6-20170906","[1395190, 1397475, 1360591]"
"CBN-PdlC-A6-20180702","[1397475, 1395190, 1395862]"
"CBN-PdlC-A6-20180723","[1395190, 1397475, 1393200]"
"CBN-PdlC-A6-20180815","[1395190, 1397475, 1391648]"
"CBN-PdlC-A6-20180905","[1397475, 1395190, 1391648]"
"CBN-PdlC-A6-20190701","[1397475, 1395807, 1395190]"
"CBN-PdlC-A6-20190722","[1397475, 1395190, 1395807]"
"CBN-PdlC-A6-20190812","[1397475, 1395190, 1395807]"
"CBN-PdlC-A6-20190909","[1397475, 1395190, 1395870]"
"CBN-PdlC-A6-20200722","[1397475, 1395190, 1395807]"
"CBN-PdlC-A6-20200812","[1397475, 1395190, 1395807]"
"CBN-PdlC-B1-20130807","[1393200, 1395807, 1392608]"
"CBN-PdlC-B1-20130903","[1392608, 1393660, 1360299]"
"CBN-PdlC-B1-20140721","[1392608, 1360299, 1395807]"
"CBN-PdlC-B1-20140811","[1395807, 1392608, 1412857]"
"CBN-PdlC-B1-20140901","[1392608, 1412857, 1360299]"
"CBN-PdlC-B1-20150701","[1392608, 1393200, 1360299]"
"CBN-PdlC-B1-20150720","[1395807, 1392608, 1412857]"
"CBN-PdlC-B1-20150810","[1395807, 1412857, 1394643]"
"CBN-PdlC-B1-20150831","[1412857, 1395807, 1392608]"
"CBN-PdlC-B1-20160705","[1412857, 1393200, 1393679]"
"CBN-PdlC-B1-20160726","[1392608, 1395807, 1360299]"
"CBN-PdlC-B1-20170816","[1412857, 1395807, 1392608]"
"CBN-PdlC-B1-20170906","[1412857, 1394643, 1392612]"
"CBN-PdlC-B1-20180702","[1360981, 1393517, 1360300]"
"CBN-PdlC-B1-20180723","[1392608, 1395807, 1393679]"
"CBN-PdlC-B1-20180815","[1412857, 1392612, 1394643]"
"CBN-PdlC-B1-20180905","[1412857, 1394643, 1360299]"
"CBN-PdlC-B1-20190701","[1361382, 1412857, 1654153]"
"CBN-PdlC-B1-20190722","[1395807, 1392608, 1393660]"
"CBN-PdlC-B1-20190812","[1412857, 1392608, 1360299]"
"CBN-PdlC-B1-20190909","[1412857, 1360299, 1392608]"
"CBN-PdlC-B1-20200629","[1360299, 1361373, 1361585]"
"CBN-PdlC-B1-20200722","[1412857, 1392608, 1395807]"
"CBN-PdlC-B1-20200812","[1412857, 1392608, 1647128]"
"CBN-PdlC-B2-20130807","[1392608, 1395807, 1360299]"
"CBN-PdlC-B2-20130903","[1392608, 1360299, 1392614]"
"CBN-PdlC-B2-20140721","[1392608, 1360299, 1394911]"
"CBN-PdlC-B2-20140811","[1392608, 1741880, 1360299]"
"CBN-PdlC-B2-20140901","[1392608, 1360299, 1392612]"
"CBN-PdlC-B2-20150701","[1392608, 1397046, 1397043]"
"CBN-PdlC-B2-20150720","[1392608, 1394911, 1360299]"
"CBN-PdlC-B2-20150810","[1392608, 1390910, 1389627]"
"CBN-PdlC-B2-20150831","[1392608, 1394311, 1395807]"
"CBN-PdlC-B2-20160705","[1392608, 1390910, 1394911]"
"CBN-PdlC-B2-20160726","[1392608, 1360299, 1392535]"
"CBN-PdlC-B2-20170816","[1392608, 1360299, 1737693]"
"CBN-PdlC-B2-20170906","[1737693, 1390874, 1394911]"
"CBN-PdlC-B2-20180702","[1395807, 1364068, 1390793]"
"CBN-PdlC-B2-20180723","[1400101, 1392608, 1392535]"
"CBN-PdlC-B2-20180815","[1394311, 1412857, 1360299]"
"CBN-PdlC-B2-20180905","[1392608, 1394311, 1741880]"
"CBN-PdlC-B2-20190701","[1390793, 1394311, 1397043]"
"CBN-PdlC-B2-20190722","[1400101, 1392608, 1392535]"
"CBN-PdlC-B2-20190812","[1392608, 1392535, 1395807]"
"CBN-PdlC-B2-20190909","[1412857, 1360299, 1392608]"
"CBN-PdlC-B2-20200629","[1397528, 1393824, 1356402]"
"CBN-PdlC-B2-20200722","[1392608, 1392612, 1360299]"
"CBN-PdlC-B2-20200812","[1392608, 1360299, 1392614]"
"CBN-PdlC-B3-20130807","[1394911, 1741880, 1392535]"
"CBN-PdlC-B3-20130903","[1393200, 1394910, 1741880]"
"CBN-PdlC-B3-20140721","[1397046, 1395807, 1392535]"
"CBN-PdlC-B3-20140811","[1412857, 1395807, 1741880]"
"CBN-PdlC-B3-20140901","[1412857, 1395807, 1392535]"
"CBN-PdlC-B3-20150701","[1395807, 1741880, 1397046]"
"CBN-PdlC-B3-20150810","[1412857, 1395807, 1394643]"
"CBN-PdlC-B3-20150831","[1412857, 1393200, 1392535]"
"CBN-PdlC-B3-20160705","[1394911, 1393200, 1412857]"
"CBN-PdlC-B3-20160726","[1412857, 1393200, 1397046]"
"CBN-PdlC-B3-20170816","[1412857, 1394641, 1395807]"
"CBN-PdlC-B3-20170906","[1412857, 1394641, 1394643]"
"CBN-PdlC-B3-20180702","[1394643, 1397046, 1394655]"
"CBN-PdlC-B3-20180723","[1395807, 1393200, 1397500]"
"CBN-PdlC-B3-20180815","[1392535, 1412857, 1392534]"
"CBN-PdlC-B3-20180905","[1412857, 1395807, 1394641]"
"CBN-PdlC-B3-20190701","[1395974, 1741834, 1647315]"
"CBN-PdlC-B3-20190722","[1412857, 1394643, 1395807]"
"CBN-PdlC-B3-20190812","[1412857, 1395807, 1393200]"
"CBN-PdlC-B3-20190909","[1412857, 1395807, 1394641]"
"CBN-PdlC-B3-20200629","[1394597, 1397513, 1366028]"
"CBN-PdlC-B3-20200722","[1395807, 1412857, 1393200]"
"CBN-PdlC-B3-20200812","[1412857, 1395807, 1393200]"
"CBN-PdlC-B4-20130807","[1397475, 1395190, 1391649]"
"CBN-PdlC-B4-20130903","[1397475, 1395190, 1360591]"
"CBN-PdlC-B4-20140721","[1397475, 1412857, 1395190]"
"CBN-PdlC-B4-20140811","[1395190, 1397475, 1390764]"
"CBN-PdlC-B4-20140901","[1397475, 1395190, 1391680]"
"CBN-PdlC-B4-20150701","[1397475, 1395190, 1391648]"
"CBN-PdlC-B4-20150810","[1397475, 1395190, 1390674]"
"CBN-PdlC-B4-20150831","[1397475, 1395190, 1391648]"
"CBN-PdlC-B4-20160726","[1397475, 1395190, 1360591]"
"CBN-PdlC-B4-20170816","[1397475, 1395190, 1391648]"
"CBN-PdlC-B4-20170906","[1397475, 1395190, 1391648]"
"CBN-PdlC-B4-20180702","[1397475, 1395190, 1357103]"
"CBN-PdlC-B4-20180723","[1397475, 1395190, 1360591]"
"CBN-PdlC-B4-20180815","[1397475, 1395190, 1391648]"
"CBN-PdlC-B4-20180905","[1397475, 1395190, 1391648]"
"CBN-PdlC-B4-20190701","[1397475, 1391648, 1360591]"
"CBN-PdlC-B4-20190722","[1397475, 1395190, 1391648]"
"CBN-PdlC-B4-20190812","[1395190, 1397475, 1360591]"
"CBN-PdlC-B4-20190909","[1397475, 1395190, 1391648]"
"CBN-PdlC-B4-20200629","[1397475, 1395190, 1360590]"
"CBN-PdlC-B4-20200722","[1397475, 1395190, 1391648]"
"CBN-PdlC-B4-20200812","[1397475, 1395190, 1392608]"
"CBN-PdlC-B5-20130807","[1395807, 1397475, 1395190]"
"CBN-PdlC-B5-20130903","[1395807, 1397475, 1395190]"
"CBN-PdlC-B5-20140630","[1358191, 1359011, 1360171]"
"CBN-PdlC-B5-20140721","[1395807, 1397475, 1741880]"
"CBN-PdlC-B5-20140811","[1395807, 1395190, 1395870]"
"CBN-PdlC-B5-20140901","[1395807, 1397475, 1395190]"
"CBN-PdlC-B5-20150701","[1395807, 1397475, 1394911]"
"CBN-PdlC-B5-20150720","[1395807, 1397475, 1395190]"
"CBN-PdlC-B5-20150810","[1395807, 1395190, 1395870]"
"CBN-PdlC-B5-20150831","[1395807, 1397475, 1395190]"
"CBN-PdlC-B5-20160705","[1395807, 1397475, 1395190]"
"CBN-PdlC-B5-20160726","[1395807, 1397475, 1395190]"
"CBN-PdlC-B5-20170816","[1395807, 1397475, 1395190]"
"CBN-PdlC-B5-20170906","[1395807, 1397475, 1395190]"
"CBN-PdlC-B5-20180702","[1394603, 1397475, 1394595]"
"CBN-PdlC-B5-20180723","[1395807, 1397475, 1395190]"
"CBN-PdlC-B5-20180815","[1395807, 1397475, 1395190]"
"CBN-PdlC-B5-20180905","[1395807, 1397475, 1395190]"
"CBN-PdlC-B5-20190701","[1395870, 1397475, 1741880]"
"CBN-PdlC-B5-20190722","[1397475, 1395807, 1395190]"
"CBN-PdlC-B5-20190812","[1395807, 1397475, 1395190]"
"CBN-PdlC-B5-20190909","[1395807, 1397475, 1400101]"
"CBN-PdlC-B5-20200629","[1397475, 1395190, 1394911]"
"CBN-PdlC-B5-20200722","[1395807, 1397475, 1400101]"
"CBN-PdlC-B5-20200812","[1397475, 1395807, 1395190]"
"CBN-PdlC-B6-20130807","[1395807, 1395870, 1363292]"
"CBN-PdlC-B6-20130903","[1395807, 1397500, 1393604]"
"CBN-PdlC-B6-20140630","[1393200, 1394603, 1397046]"
"CBN-PdlC-B6-20140721","[1395807, 1741880, 1395870]"
"CBN-PdlC-B6-20140811","[1395807, 1393660, 1361382]"
"CBN-PdlC-B6-20140901","[1395807, 1394542, 1394540]"
"CBN-PdlC-B6-20150701","[1395807, 1741880, 1394911]"
"CBN-PdlC-B6-20150720","[1395807, 1361801, 1519650]"
"CBN-PdlC-B6-20150810","[1395807, 1397475, 1363266]"
"CBN-PdlC-B6-20150831","[1395807, 1390910, 1393473]"
"CBN-PdlC-B6-20160705","[1395807, 1397475, 1395870]"
"CBN-PdlC-B6-20160726","[1395807, 1395870, 1741880]"
"CBN-PdlC-B6-20170816","[1395807, 1395870, 1395868]"
"CBN-PdlC-B6-20170906","[1395807, 1395868, 1418688]"
"CBN-PdlC-B6-20180702","[1394911, 1390793, 1394663]"
"CBN-PdlC-B6-20180723","[1395807, 1364071, 1395870]"
"CBN-PdlC-B6-20180905","[1395807, 1394311, 1397046]"
"CBN-PdlC-B6-20190701","[1394911, 1395807, 1395870]"
"CBN-PdlC-B6-20190722","[1395807, 1363266, 1360864]"
"CBN-PdlC-B6-20190812","[1395807, 1361801, 1393679]"
"CBN-PdlC-B6-20190909","[1395807, 1364068, 1687898]"
"CBN-PdlC-B6-20200629","[1394603, 1397475, 1393200]"
"CBN-PdlC-B6-20200722","[1395807, 1392535, 1393679]"
"CBN-PdlC-B6-20200812","[1395807, 1397450, 1395870]"
"CBN-PdlC-C1-20130807","[1395807, 1397193, 1414270]"
"CBN-PdlC-C1-20130903","[1395807, 1393200, 1397500]"
"CBN-PdlC-C1-20140721","[1397500, 1402995, 1393200]"
"CBN-PdlC-C1-20140811","[1395807, 1397500, 1414270]"
"CBN-PdlC-C1-20140901","[1395807, 1364071, 1393200]"
"CBN-PdlC-C1-20150701","[1393200, 1397500, 1394603]"
"CBN-PdlC-C1-20150720","[1395807, 1397043, 1364071]"
"CBN-PdlC-C1-20150810","[1395807, 1360205, 1414270]"
"CBN-PdlC-C1-20150831","[1395807, 1394311, 1395870]"
"CBN-PdlC-C1-20160705","[1361347, 1397500, 1394603]"
"CBN-PdlC-C1-20160726","[1395807, 1364071, 1397500]"
"CBN-PdlC-C1-20170816","[1395807, 1361347, 1397500]"
"CBN-PdlC-C1-20170906","[1395807, 1391881, 1361347]"
"CBN-PdlC-C1-20180723","[1393200, 1395807, 1393708]"
"CBN-PdlC-C1-20180815","[1395807, 1393708, 1395868]"
"CBN-PdlC-C1-20180905","[1395807, 1364071, 1397500]"
"CBN-PdlC-C1-20190701","[1393657, 1394603, 1361723]"
"CBN-PdlC-C1-20190722","[1395807, 1393200, 1397500]"
"CBN-PdlC-C1-20190812","[1395807, 1364071, 1393708]"
"CBN-PdlC-C1-20190909","[1395807, 1361347, 1393708]"
"CBN-PdlC-C1-20200722","[1393200, 1395807, 1397500]"
"CBN-PdlC-C1-20200812","[1395807, 1393200, 1397500]"
"CBN-PdlC-C2-20130903","[1395807, 1412857, 1741880]"
"CBN-PdlC-C2-20140721","[1412857, 1361347, 1397046]"
"CBN-PdlC-C2-20140811","[1392535, 1412857, 1395807]"
"CBN-PdlC-C2-20140901","[1395807, 1412857, 1395868]"
"CBN-PdlC-C2-20150701","[1412857, 1392535, 1707089]"
"CBN-PdlC-C2-20150720","[1395807, 1412857, 1394641]"
"CBN-PdlC-C2-20150810","[1412857, 1395807, 1394641]"
"CBN-PdlC-C2-20150831","[1412857, 1395807, 1394641]"
"CBN-PdlC-C2-20160705","[1412857, 1396144, 1392535]"
"CBN-PdlC-C2-20160726","[1395807, 1392535, 1412857]"
"CBN-PdlC-C2-20170816","[1395807, 1412857, 1394911]"
"CBN-PdlC-C2-20170906","[1395807, 1412857, 1395868]"
"CBN-PdlC-C2-20180723","[1395807, 1361347, 1395870]"
"CBN-PdlC-C2-20180815","[1395807, 1397043, 1394630]"
"CBN-PdlC-C2-20180905","[1395807, 1412857, 1390793]"
"CBN-PdlC-C2-20190701","[1361703, 1359937, 1395724]"
"CBN-PdlC-C2-20190722","[1395807, 1412857, 1393200]"
"CBN-PdlC-C2-20190812","[1395807, 1412857, 1391331]"
"CBN-PdlC-C2-20190909","[1395807, 1412857, 1394643]"
"CBN-PdlC-C2-20200722","[1395807, 1412857, 1395868]"
"CBN-PdlC-C2-20200812","[1395807, 1395870, 1412857]"
"CBN-PdlC-C3-20130807","[1395807, 1741880, 1361347]"
"CBN-PdlC-C3-20130903","[1394643, 1395807, 1361347]"
"CBN-PdlC-C3-20140721","[1361347, 1361281, 1362023]"
"CBN-PdlC-C3-20140811","[1395807, 1412857, 1364066]"
"CBN-PdlC-C3-20140901","[1395807, 1361347, 1393660]"
"CBN-PdlC-C3-20150701","[1361281, 1361347, 1392340]"
"CBN-PdlC-C3-20150720","[1393660, 1395807, 1361347]"
"CBN-PdlC-C3-20150831","[1395807, 1361347, 1393660]"
"CBN-PdlC-C3-20160705","[1361347, 1741880, 1362023]"
"CBN-PdlC-C3-20160726","[1395807, 1393660, 1361347]"
"CBN-PdlC-C3-20170816","[1395807, 1395870, 1741880]"
"CBN-PdlC-C3-20170906","[1395807, 1361347, 1396253]"
"CBN-PdlC-C3-20180723","[1395807, 1741880, 1395870]"
"CBN-PdlC-C3-20180815","[1363016, 1395807, 1396253]"
"CBN-PdlC-C3-20180905","[1395807, 1361347, 1362023]"
"CBN-PdlC-C3-20190701","[1394598, 1394800, 1356424]"
"CBN-PdlC-C3-20190722","[1395807, 1393660, 1741880]"
"CBN-PdlC-C3-20190812","[1395807, 1741880, 1393660]"
"CBN-PdlC-C3-20190909","[1395807, 1392299, 1361347]"
"CBN-PdlC-C3-20200722","[1395807, 1392299, 1393660]"
"CBN-PdlC-C3-20200812","[1395807, 1393660, 1362331]"
"CBN-PdlC-C4-20130807","[1395807, 1395868, 1397046]"
"CBN-PdlC-C4-20130903","[1395807, 1395870, 1394311]"
"CBN-PdlC-C4-20140721","[1390793, 1654153, 1390910]"
"CBN-PdlC-C4-20140811","[1395807, 1395870, 1741880]"
"CBN-PdlC-C4-20140901","[1395807, 1361367, 1361382]"
"CBN-PdlC-C4-20150701","[1394311, 1362331, 1390874]"
"CBN-PdlC-C4-20150720","[1395807, 1395870, 1392608]"
"CBN-PdlC-C4-20150831","[1395807, 1362331, 1741880]"
"CBN-PdlC-C4-20160705","[1390793, 1390910, 1361139]"
"CBN-PdlC-C4-20160726","[1395807, 1741880, 1397043]"
"CBN-PdlC-C4-20170816","[1395807, 1391881, 1395870]"
"CBN-PdlC-C4-20170906","[1395807, 1741880, 1395868]"
"CBN-PdlC-C4-20180723","[1395807, 1741880, 1395870]"
"CBN-PdlC-C4-20180815","[1364067, 1395807, 1395870]"
"CBN-PdlC-C4-20180905","[1395807, 1391881, 1389687]"
"CBN-PdlC-C4-20190701","[1359937, 1360981, 1721729]"
"CBN-PdlC-C4-20190722","[1395807, 1364066, 1395870]"
"CBN-PdlC-C4-20190812","[1395807, 1397043, 1361233]"
"CBN-PdlC-C4-20190909","[1395807, 1393660, 1395870]"
"CBN-PdlC-C4-20200722","[1395807, 1393660, 1741880]"
"CBN-PdlC-C4-20200812","[1395807, 1395870, 1397043]"
"CBN-PdlC-C5-20130807","[1395807, 1395870, 1397043]"
"CBN-PdlC-C5-20130903","[1395807, 1395870, 1364067]"
"CBN-PdlC-C5-20140721","[1390793, 1395807, 1390910]"
"CBN-PdlC-C5-20140811","[1395807, 1397046, 1397043]"
"CBN-PdlC-C5-20140901","[1395807, 1361367, 1364066]"
"CBN-PdlC-C5-20150701","[1394311, 1654153, 1390910]"
"CBN-PdlC-C5-20150720","[1395807, 1392608, 1397045]"
"CBN-PdlC-C5-20150810","[1395807, 1395870, 1392274]"
"CBN-PdlC-C5-20150831","[1395807, 1392608, 1390793]"
"CBN-PdlC-C5-20160705","[1390793, 1741880, 1390910]"
"CBN-PdlC-C5-20160726","[1395807, 1394311, 1397045]"
"CBN-PdlC-C5-20170816","[1395807, 1390793, 1396253]"
"CBN-PdlC-C5-20170906","[1390793, 1395807, 1394311]"
"CBN-PdlC-C5-20180723","[1395807, 1395870, 1364067]"
"CBN-PdlC-C5-20180815","[1395807, 1393810, 1741880]"
"CBN-PdlC-C5-20180905","[1395807, 1396253, 1390793]"
"CBN-PdlC-C5-20190701","[1654153, 1363016, 1361233]"
"CBN-PdlC-C5-20190722","[1395807, 1392608, 1395870]"
"CBN-PdlC-C5-20190812","[1395807, 1397043, 1396253]"
"CBN-PdlC-C5-20190909","[1395807, 1418688, 1390793]"
"CBN-PdlC-C5-20200722","[1395807, 1395870, 1741880]"
"CBN-PdlC-C5-20200812","[1395807, 1392608, 1395870]"
"CBN-PdlC-C6-20130807","[1395807, 1364068, 1741880]"
"CBN-PdlC-C6-20130903","[1395807, 1397500, 1364067]"
"CBN-PdlC-C6-20140721","[1396253, 1390793, 1395807]"
"CBN-PdlC-C6-20140811","[1395807, 1396253, 1361367]"
"CBN-PdlC-C6-20140901","[1396253, 1395807, 1361382]"
"CBN-PdlC-C6-20150701","[1654153, 1359937, 1357866]"
"CBN-PdlC-C6-20150720","[1395807, 1396253, 1397500]"
"CBN-PdlC-C6-20150810","[1395807, 1395870, 1364066]"
"CBN-PdlC-C6-20150831","[1396253, 1395807, 1390793]"
"CBN-PdlC-C6-20160705","[1393200, 1390793, 1397500]"
"CBN-PdlC-C6-20160726","[1396253, 1395807, 1360312]"
"CBN-PdlC-C6-20170816","[1395807, 1741880, 1396253]"
"CBN-PdlC-C6-20170906","[1395807, 1396253, 1418688]"
"CBN-PdlC-C6-20180723","[1395807, 1393708, 1393200]"
"CBN-PdlC-C6-20180815","[1395807, 1393200, 1397500]"
"CBN-PdlC-C6-20180905","[1395807, 1396253, 1418688]"
"CBN-PdlC-C6-20190701","[1654153, 1390811, 1361077]"
"CBN-PdlC-C6-20190722","[1393200, 1395807, 1397500]"
"CBN-PdlC-C6-20190812","[1392608, 1396253, 1395807]"
"CBN-PdlC-C6-20190909","[1395807, 1396253, 1395868]"
"CBN-PdlC-C6-20200722","[1395807, 1392608, 1396253]"
"CBN-PdlC-C6-20200812","[1395807, 1392608, 1362482]"
"CBN-PdlC-D1-20130807","[1395807, 1396253, 1395868]"
"CBN-PdlC-D1-20130903","[1395807, 1396253, 1418688]"
"CBN-PdlC-D1-20140721","[1396253, 1395807, 1741880]"
"CBN-PdlC-D1-20140811","[1395807, 1396253, 1363056]"
"CBN-PdlC-D1-20140901","[1396253, 1395807, 1418688]"
"CBN-PdlC-D1-20150701","[1396253, 1390793, 1654153]"
"CBN-PdlC-D1-20150720","[1395807, 1392535, 1396253]"
"CBN-PdlC-D1-20150810","[1396253, 1395807, 1741880]"
"CBN-PdlC-D1-20150831","[1395807, 1396253, 1395868]"
"CBN-PdlC-D1-20160705","[1395807, 1741880, 1361347]"
"CBN-PdlC-D1-20160726","[1395807, 1392535, 1396253]"
"CBN-PdlC-D1-20170816","[1395807, 1394311, 1395868]"
"CBN-PdlC-D1-20170906","[1395807, 1396253, 1394311]"
"CBN-PdlC-D1-20180723","[1395807, 1741880, 1395870]"
"CBN-PdlC-D1-20180815","[1395807, 1395868, 1418688]"
"CBN-PdlC-D1-20180905","[1396253, 1395807, 1390793]"
"CBN-PdlC-D1-20190701","[1396253, 1394603, 1359937]"
"CBN-PdlC-D1-20190722","[1395807, 1396253, 1395870]"
"CBN-PdlC-D1-20190812","[1395807, 1396253, 1391331]"
"CBN-PdlC-D1-20190909","[1395807, 1396253, 1394311]"
"CBN-PdlC-D1-20200722","[1395807, 1392535, 1392534]"
"CBN-PdlC-D1-20200812","[1395807, 1396253, 1361347]"
"CBN-PdlC-D2-20130807","[1412857, 1395807, 1396253]"
"CBN-PdlC-D2-20130903","[1412857, 1394643, 1395807]"
"CBN-PdlC-D2-20140721","[1412857, 1361077, 1394311]"
"CBN-PdlC-D2-20140811","[1412857, 1396253, 1395807]"
"CBN-PdlC-D2-20140901","[1412857, 1390793, 1396253]"
"CBN-PdlC-D2-20150720","[1412857, 1396253, 1395807]"
"CBN-PdlC-D2-20150810","[1412857, 1396253, 1395807]"
"CBN-PdlC-D2-20150831","[1412857, 1396253, 1394643]"
"CBN-PdlC-D2-20160705","[1412857, 1394643, 1394641]"
"CBN-PdlC-D2-20160726","[1396253, 1395807, 1412857]"
"CBN-PdlC-D2-20170816","[1395807, 1390793, 1412857]"
"CBN-PdlC-D2-20170906","[1396253, 1395807, 1412857]"
"CBN-PdlC-D2-20180723","[1395807, 1396253, 1394643]"
"CBN-PdlC-D2-20180815","[1396253, 1394643, 1412857]"
"CBN-PdlC-D2-20180905","[1412857, 1394643, 1395807]"
"CBN-PdlC-D2-20190701","[1356424, 1394603, 1394598]"
"CBN-PdlC-D2-20190722","[1395807, 1396253, 1394643]"
"CBN-PdlC-D2-20190812","[1412857, 1396253, 1395807]"
"CBN-PdlC-D2-20190909","[1412857, 1396253, 1395807]"
"CBN-PdlC-D2-20200722","[1395807, 1412857, 1394643]"
"CBN-PdlC-D2-20200812","[1395807, 1412857, 1394643]"
"CBN-PdlC-D3-20130807","[1647128, 1395807, 1413349]"
"CBN-PdlC-D3-20130903","[1647128, 1413349, 1741880]"
"CBN-PdlC-D3-20140721","[1412857, 1397461, 1396441]"
"CBN-PdlC-D3-20140811","[1390793, 1412857, 1647128]"
"CBN-PdlC-D3-20140901","[1647128, 1412857, 1413349]"
"CBN-PdlC-D3-20150701","[1412857, 1361077, 1396441]"
"CBN-PdlC-D3-20150720","[1647128, 1412857, 1390793]"
"CBN-PdlC-D3-20150831","[1390793, 1413349, 1412857]"
"CBN-PdlC-D3-20160705","[1390793, 1413349, 1412857]"
"CBN-PdlC-D3-20160726","[1390793, 1392556, 1647128]"
"CBN-PdlC-D3-20170816","[1390793, 1647128, 1412857]"
"CBN-PdlC-D3-20170906","[1413349, 1390793, 1412857]"
"CBN-PdlC-D3-20180723","[1395807, 1741880, 1647128]"
"CBN-PdlC-D3-20180815","[1390793, 1412857, 1390837]"
"CBN-PdlC-D3-20180905","[1390793, 1412857, 1647128]"
"CBN-PdlC-D3-20190701","[1359937, 1394595, 1356424]"
"CBN-PdlC-D3-20190722","[1395807, 1647128, 1412857]"
"CBN-PdlC-D3-20190812","[1412857, 1647128, 1395807]"
"CBN-PdlC-D3-20190909","[1390793, 1395807, 1413349]"
"CBN-PdlC-D3-20200722","[1390793, 1412857, 1397461]"
"CBN-PdlC-D3-20200812","[1647128, 1390793, 1395807]"
"CBN-PdlC-D4-20130807","[1395807, 1396253, 1395870]"
"CBN-PdlC-D4-20130903","[1395807, 1647128, 1395870]"
"CBN-PdlC-D4-20140721","[1741880, 1395870, 1395807]"
"CBN-PdlC-D4-20140811","[1395807, 1392535, 1392541]"
"CBN-PdlC-D4-20140901","[1396253, 1395807, 1361382]"
"CBN-PdlC-D4-20150701","[1394630, 1396169, 1396974]"
"CBN-PdlC-D4-20150720","[1395807, 1392535, 1395870]"
"CBN-PdlC-D4-20150831","[1395807, 1741880, 1396253]"
"CBN-PdlC-D4-20160705","[1741880, 1395870, 1395807]"
"CBN-PdlC-D4-20160726","[1392535, 1395807, 1741880]"
"CBN-PdlC-D4-20170816","[1395807, 1396253, 1741880]"
"CBN-PdlC-D4-20170906","[1395807, 1412857, 1394641]"
"CBN-PdlC-D4-20180723","[1395807, 1741880, 1395870]"
"CBN-PdlC-D4-20180815","[1395807, 1395870, 1395862]"
"CBN-PdlC-D4-20180905","[1395807, 1396253, 1360312]"
"CBN-PdlC-D4-20190701","[1397046, 1361281, 1517561]"
"CBN-PdlC-D4-20190722","[1395807, 1392608, 1741880]"
"CBN-PdlC-D4-20190812","[1395807, 1412857, 1396253]"
"CBN-PdlC-D4-20190909","[1395807, 1395870, 1395868]"
"CBN-PdlC-D4-20200722","[1395807, 1395870, 1364067]"
"CBN-PdlC-D4-20200812","[1395807, 1741880, 1395870]"
"CBN-PdlC-D5-20130807","[1395807, 1395870, 1741880]"
"CBN-PdlC-D5-20130903","[1395807, 1392299, 1392608]"
"CBN-PdlC-D5-20140721","[1360299, 1395807, 1392299]"
"CBN-PdlC-D5-20140811","[1395807, 1363056, 1392608]"
"CBN-PdlC-D5-20140901","[1395807, 1392608, 1361050]"
"CBN-PdlC-D5-20150701","[1361077, 1394595, 1394311]"
"CBN-PdlC-D5-20150720","[1395807, 1392608, 1390910]"
"CBN-PdlC-D5-20150810","[1395807, 1741880, 1392608]"
"CBN-PdlC-D5-20150831","[1395807, 1395870, 1391666]"
"CBN-PdlC-D5-20160705","[1361347, 1392608, 1390793]"
"CBN-PdlC-D5-20160726","[1395807, 1392608, 1741880]"
"CBN-PdlC-D5-20170816","[1395807, 1390793, 1394311]"
"CBN-PdlC-D5-20170906","[1395807, 1390793, 1394311]"
"CBN-PdlC-D5-20180723","[1392608, 1400101, 1395807]"
"CBN-PdlC-D5-20180815","[1395807, 1361050, 1395870]"
"CBN-PdlC-D5-20180905","[1395807, 1390793, 1361347]"
"CBN-PdlC-D5-20190701","[1397046, 1390874, 1361057]"
"CBN-PdlC-D5-20190722","[1392608, 1392535, 1395807]"
"CBN-PdlC-D5-20190812","[1395807, 1392608, 1400101]"
"CBN-PdlC-D5-20190909","[1395807, 1394311, 1363056]"
"CBN-PdlC-D5-20200722","[1395807, 1392608, 1363056]"
"CBN-PdlC-D5-20200812","[1362482, 1395807, 1392608]"
"CBN-PdlC-D6-20130807","[1395807, 1741880, 1395870]"
"CBN-PdlC-D6-20130903","[1395807, 1395868, 1395870]"
"CBN-PdlC-D6-20140721","[1390793, 1519650, 1390910]"
"CBN-PdlC-D6-20140811","[1395807, 1397043, 1394311]"
"CBN-PdlC-D6-20140901","[1395807, 1396253, 1359835]"
"CBN-PdlC-D6-20150701","[1356424, 1396169, 1418688]"
"CBN-PdlC-D6-20150720","[1395807, 1395870, 1393660]"
"CBN-PdlC-D6-20150810","[1395807, 1393660, 1359835]"
"CBN-PdlC-D6-20150831","[1395807, 1412857, 1362331]"
"CBN-PdlC-D6-20160705","[1396974, 1390793, 1396169]"
"CBN-PdlC-D6-20160726","[1395807, 1397046, 1396974]"
"CBN-PdlC-D6-20170816","[1395807, 1741880, 1395870]"
"CBN-PdlC-D6-20170906","[1395807, 1395868, 1412857]"
"CBN-PdlC-D6-20180723","[1395807, 1741880, 1393708]"
"CBN-PdlC-D6-20180815","[1395807, 1396974, 1396253]"
"CBN-PdlC-D6-20180905","[1395807, 1418688, 1395862]"
"CBN-PdlC-D6-20190701","[1707089, 1356424, 1356359]"
"CBN-PdlC-D6-20190722","[1395807, 1393660, 1397046]"
"CBN-PdlC-D6-20190812","[1395807, 1393660, 1395870]"
"CBN-PdlC-D6-20190909","[1395807, 1393660, 1394630]"
"CBN-PdlC-D6-20200722","[1395807, 1396974, 1395855]"
"CBN-PdlC-D6-20200812","[1395807, 1395870, 1741880]"
"CBN-PdlC-E1-20130723","[1394603, 1390793, 1394598]"
"CBN-PdlC-E1-20130807","[1390793, 1395807, 1394603]"
"CBN-PdlC-E1-20130903","[1390793, 1395807, 1392608]"
"CBN-PdlC-E1-20140630","[1390793, 1737460, 1738658]"
"CBN-PdlC-E1-20140721","[1395807, 1395855, 1390793]"
"CBN-PdlC-E1-20140811","[1395807, 1396253, 1392608]"
"CBN-PdlC-E1-20140901","[1394311, 1390793, 1395807]"
"CBN-PdlC-E1-20150701","[1395807, 1392608, 1396253]"
"CBN-PdlC-E1-20150720","[1395807, 1392608, 1392612]"
"CBN-PdlC-E1-20150810","[1393200, 1392608, 1397475]"
"CBN-PdlC-E1-20150831","[1392608, 1395807, 1394311]"
"CBN-PdlC-E1-20160705","[1392608, 1395807, 1390793]"
"CBN-PdlC-E1-20160726","[1392608, 1395807, 1395870]"
"CBN-PdlC-E1-20170816","[1395807, 1394311, 1390793]"
"CBN-PdlC-E1-20170906","[1390793, 1390927, 1394311]"
"CBN-PdlC-E1-20180702","[1394597, 1394911, 1390927]"
"CBN-PdlC-E1-20180723","[1392535, 1395807, 1392608]"
"CBN-PdlC-E1-20180815","[1392608, 1361347, 1394311]"
"CBN-PdlC-E1-20180905","[1412857, 1390793, 1397046]"
"CBN-PdlC-E1-20190701","[1395807, 1741880, 1394311]"
"CBN-PdlC-E1-20190812","[1392608, 1396253, 1390793]"
"CBN-PdlC-E1-20190909","[1390793, 1392608, 1361281]"
"CBN-PdlC-E1-20200629","[1395807, 1741880, 1394598]"
"CBN-PdlC-E1-20200722","[1392608, 1395807, 1397046]"
"CBN-PdlC-E1-20200812","[1395807, 1392608, 1361281]"
"CBN-PdlC-E2-20130723","[1395807, 1396974, 1394375]"
"CBN-PdlC-E2-20130807","[1395807, 1394603, 1395868]"
"CBN-PdlC-E2-20130903","[1395807, 1395868, 1395870]"
"CBN-PdlC-E2-20140630","[1396144, 1356422, 1412857]"
"CBN-PdlC-E2-20140721","[1395807, 1741810, 1394311]"
"CBN-PdlC-E2-20140811","[1412857, 1395807, 1392299]"
"CBN-PdlC-E2-20140901","[1395807, 1412857, 1394311]"
"CBN-PdlC-E2-20150720","[1395807, 1395870, 1741880]"
"CBN-PdlC-E2-20150810","[1395807, 1412857, 1395870]"
"CBN-PdlC-E2-20150831","[1395807, 1394311, 1395870]"
"CBN-PdlC-E2-20160705","[1395807, 1394540, 1361347]"
"CBN-PdlC-E2-20160726","[1395807, 1361347, 1412857]"
"CBN-PdlC-E2-20170816","[1395807, 1361347, 1395868]"
"CBN-PdlC-E2-20170906","[1395807, 1412857, 1418688]"
"CBN-PdlC-E2-20180702","[1394911, 1412857, 1397542]"
"CBN-PdlC-E2-20180723","[1395807, 1412857, 1363056]"
"CBN-PdlC-E2-20180815","[1395807, 1412857, 1394641]"
"CBN-PdlC-E2-20180905","[1395807, 1412857, 1361347]"
"CBN-PdlC-E2-20190701","[1395807, 1394911, 1741880]"
"CBN-PdlC-E2-20190812","[1395807, 1412857, 1395868]"
"CBN-PdlC-E2-20190909","[1395807, 1390793, 1390910]"
"CBN-PdlC-E2-20200629","[1395807, 1741880, 1395870]"
"CBN-PdlC-E2-20200722","[1395807, 1395870, 1412857]"
"CBN-PdlC-E2-20200812","[1395807, 1394311, 1390910]"
"CBN-PdlC-E3-20130723","[1396253, 1391666, 1361050]"
"CBN-PdlC-E3-20130807","[1395807, 1363056, 1392299]"
"CBN-PdlC-E3-20130903","[1395807, 1392299, 1361281]"
"CBN-PdlC-E3-20140630","[1361077, 1361233, 1390927]"
"CBN-PdlC-E3-20140721","[1395807, 1397500, 1391666]"
"CBN-PdlC-E3-20140811","[1395807, 1390910, 1361347]"
"CBN-PdlC-E3-20140901","[1395807, 1361347, 1361281]"
"CBN-PdlC-E3-20150701","[1395807, 1360874, 1361284]"
"CBN-PdlC-E3-20150720","[1395807, 1361347, 1361281]"
"CBN-PdlC-E3-20150810","[1395807, 1392299, 1361284]"
"CBN-PdlC-E3-20150831","[1395807, 1361347, 1361281]"
"CBN-PdlC-E3-20160705","[1395807, 1361592, 1361347]"
"CBN-PdlC-E3-20160726","[1395807, 1392299, 1361284]"
"CBN-PdlC-E3-20170816","[1395807, 1390793, 1395868]"
"CBN-PdlC-E3-20170906","[1361347, 1418688, 1362023]"
"CBN-PdlC-E3-20180702","[1361281, 1654153, 1394598]"
"CBN-PdlC-E3-20180723","[1392299, 1395807, 1397430]"
"CBN-PdlC-E3-20180815","[1392299, 1361284, 1361281]"
"CBN-PdlC-E3-20180905","[1361284, 1392299, 1390793]"
"CBN-PdlC-E3-20190701","[1395807, 1363056, 1654153]"
"CBN-PdlC-E3-20190812","[1396253, 1361347, 1364066]"
"CBN-PdlC-E3-20190909","[1390793, 1361233, 1720959]"
"CBN-PdlC-E3-20200629","[1396253, 1361281, 1361347]"
"CBN-PdlC-E3-20200722","[1395807, 1361592, 1362331]"
"CBN-PdlC-E3-20200812","[1395807, 1393660, 1392064]"
"CBN-PdlC-E4-20130807","[1396253, 1395807, 1360312]"
"CBN-PdlC-E4-20130903","[1392608, 1395807, 1361347]"
"CBN-PdlC-E4-20140630","[1360299, 1394311, 1361233]"
"CBN-PdlC-E4-20140721","[1395807, 1741880, 1390910]"
"CBN-PdlC-E4-20140811","[1395807, 1395870, 1392608]"
"CBN-PdlC-E4-20140901","[1395807, 1392608, 1396253]"
"CBN-PdlC-E4-20150701","[1395807, 1392608, 1741880]"
"CBN-PdlC-E4-20150720","[1395807, 1396843, 1361281]"
"CBN-PdlC-E4-20150810","[1395807, 1396253, 1392608]"
"CBN-PdlC-E4-20160705","[1395807, 1361592, 1397430]"
"CBN-PdlC-E4-20160726","[1741880, 1395807, 1395870]"
"CBN-PdlC-E4-20170816","[1395807, 1390764, 1390910]"
"CBN-PdlC-E4-20170906","[1418688, 1392059, 1362331]"
"CBN-PdlC-E4-20180702","[1361592, 1397430, 1741880]"
"CBN-PdlC-E4-20180723","[1361592, 1395807, 1390910]"
"CBN-PdlC-E4-20180815","[1395807, 1418688, 1395868]"
"CBN-PdlC-E4-20180905","[1362331, 1397430, 1361596]"
"CBN-PdlC-E4-20190701","[1395807, 1393660, 1396253]"
"CBN-PdlC-E4-20190812","[1395807, 1390910, 1393660]"
"CBN-PdlC-E4-20190909","[1362331, 1390910, 1390764]"
"CBN-PdlC-E4-20200629","[1361592, 1418688, 1393665]"
"CBN-PdlC-E4-20200722","[1395807, 1393681, 1390910]"
"CBN-PdlC-E4-20200812","[1395807, 1390910, 1390782]"
"CBN-PdlC-E5-20130723","[1361077, 1397500, 1361057]"
"CBN-PdlC-E5-20130807","[1395807, 1392608, 1390793]"
"CBN-PdlC-E5-20130903","[1390793, 1392608, 1395807]"
"CBN-PdlC-E5-20140630","[1390793, 1393200, 1360299]"
"CBN-PdlC-E5-20140721","[1393200, 1395807, 1390793]"
"CBN-PdlC-E5-20140811","[1393200, 1395807, 1390793]"
"CBN-PdlC-E5-20150720","[1395807, 1392608, 1396843]"
"CBN-PdlC-E5-20150810","[1392608, 1395807, 1360299]"
"CBN-PdlC-E5-20150831","[1395807, 1393200, 1392608]"
"CBN-PdlC-E5-20160705","[1392608, 1359528, 1395807]"
"CBN-PdlC-E5-20160726","[1395807, 1392608, 1396843]"
"CBN-PdlC-E5-20170816","[1395807, 1396253, 1517561]"
"CBN-PdlC-E5-20170906","[1395807, 1390793, 1418688]"
"CBN-PdlC-E5-20180702","[1360299, 1394598, 1394597]"
"CBN-PdlC-E5-20180723","[1392608, 1395807, 1393200]"
"CBN-PdlC-E5-20180815","[1392608, 1395807, 1390793]"
"CBN-PdlC-E5-20180905","[1393200, 1395807, 1654153]"
"CBN-PdlC-E5-20190722","[1392608, 1395807, 1360299]"
"CBN-PdlC-E5-20190812","[1392608, 1395807, 1360299]"
"CBN-PdlC-E5-20190909","[1395807, 1390793, 1392608]"
"CBN-PdlC-E5-20200629","[1393200, 1360299, 1395807]"
"CBN-PdlC-E5-20200722","[1392608, 1395807, 1393200]"
"CBN-PdlC-E5-20200812","[1395807, 1392608, 1390793]"
"CBN-PdlC-E6-20130723","[1361077, 1394603, 1395807]"
"CBN-PdlC-E6-20130807","[1395807, 1390793, 1396843]"
"CBN-PdlC-E6-20130903","[1395807, 1390793, 1395870]"
"CBN-PdlC-E6-20140630","[1393200, 1390904, 1390793]"
"CBN-PdlC-E6-20140721","[1395807, 1390793, 1741880]"
"CBN-PdlC-E6-20140811","[1395807, 1390793, 1396843]"
"CBN-PdlC-E6-20150701","[1395807, 1392535, 1396253]"
"CBN-PdlC-E6-20150720","[1395807, 1396843, 1396869]"
"CBN-PdlC-E6-20150810","[1395807, 1396843, 1394311]"
"CBN-PdlC-E6-20150831","[1390793, 1395807, 1396843]"
"CBN-PdlC-E6-20160705","[1395807, 1392608, 1390793]"
"CBN-PdlC-E6-20160726","[1395807, 1392534, 1396843]"
"CBN-PdlC-E6-20170816","[1395807, 1396253, 1390793]"
"CBN-PdlC-E6-20170906","[1402995, 1396253, 1396843]"
"CBN-PdlC-E6-20180702","[1395807, 1394630, 1394598]"
"CBN-PdlC-E6-20180723","[1392535, 1395807, 1392534]"
"CBN-PdlC-E6-20180815","[1395807, 1741880, 1395870]"
"CBN-PdlC-E6-20180905","[1390793, 1517561, 1394655]"
"CBN-PdlC-E6-20190722","[1395807, 1390793, 1396253]"
"CBN-PdlC-E6-20190812","[1395807, 1396843, 1390793]"
"CBN-PdlC-E6-20190909","[1395807, 1390793, 1396843]"
"CBN-PdlC-E6-20200629","[1394598, 1395807, 1741880]"
"CBN-PdlC-E6-20200722","[1395807, 1390793, 1396843]"
"CBN-PdlC-E6-20200812","[1395807, 1396253, 1396843]"
"CBN-PdlC-F1-20130723","[1394603, 1395807, 1394598]"
"CBN-PdlC-F1-20130807","[1395807, 1394603, 1397043]"
"CBN-PdlC-F1-20130903","[1395807, 1395870, 1741880]"
"CBN-PdlC-F1-20140630","[1394597, 1392535, 1741880]"
"CBN-PdlC-F1-20140721","[1395807, 1741810, 1397528]"
"CBN-PdlC-F1-20140811","[1395807, 1397046, 1741880]"
"CBN-PdlC-F1-20140901","[1395807, 1397043, 1393245]"
"CBN-PdlC-F1-20150701","[1395807, 1395870, 1392535]"
"CBN-PdlC-F1-20150720","[1395807, 1741880, 1395868]"
"CBN-PdlC-F1-20150810","[1395807, 1362331, 1396974]"
"CBN-PdlC-F1-20150831","[1395807, 1741880, 1390793]"
"CBN-PdlC-F1-20160705","[1395807, 1395870, 1395855]"
"CBN-PdlC-F1-20160726","[1395807, 1741880, 1397043]"
"CBN-PdlC-F1-20170816","[1395807, 1741880, 1396253]"
"CBN-PdlC-F1-20170906","[1395807, 1397046, 1394603]"
"CBN-PdlC-F1-20180702","[1395807, 1397046, 1741880]"
"CBN-PdlC-F1-20180723","[1395807, 1741880, 1395870]"
"CBN-PdlC-F1-20180815","[1395807, 1396253, 1741880]"
"CBN-PdlC-F1-20180905","[1390793, 1394603, 1395807]"
"CBN-PdlC-F1-20190701","[1395807, 1741880, 1395870]"
"CBN-PdlC-F1-20190812","[1395807, 1396253, 1412857]"
"CBN-PdlC-F1-20190909","[1361281, 1395807, 1390793]"
"CBN-PdlC-F1-20200629","[1395807, 1741880, 1394603]"
"CBN-PdlC-F1-20200722","[1395807, 1741880, 1395870]"
"CBN-PdlC-F1-20200812","[1390793, 1395807, 1361281]"
"CBN-PdlC-F2-20130723","[1394603, 1395807, 1394598]"
"CBN-PdlC-F2-20130807","[1395807, 1391881, 1397528]"
"CBN-PdlC-F2-20130903","[1395807, 1412857, 1394311]"
"CBN-PdlC-F2-20140630","[1395807, 1392535, 1397046]"
"CBN-PdlC-F2-20140721","[1395807, 1397528, 1412857]"
"CBN-PdlC-F2-20140811","[1395807, 1412857, 1395868]"
"CBN-PdlC-F2-20140901","[1395807, 1361347, 1389627]"
"CBN-PdlC-F2-20150701","[1395807, 1412857, 1741880]"
"CBN-PdlC-F2-20150720","[1395807, 1412857, 1394641]"
"CBN-PdlC-F2-20150810","[1412857, 1395807, 1362331]"
"CBN-PdlC-F2-20150831","[1395807, 1412857, 1394641]"
"CBN-PdlC-F2-20160705","[1395807, 1396253, 1397528]"
"CBN-PdlC-F2-20160726","[1395807, 1412857, 1741880]"
"CBN-PdlC-F2-20170906","[1412857, 1396253, 1418688]"
"CBN-PdlC-F2-20180702","[1394597, 1394598, 1397046]"
"CBN-PdlC-F2-20180723","[1395807, 1412857, 1397046]"
"CBN-PdlC-F2-20180815","[1395807, 1412857, 1396253]"
"CBN-PdlC-F2-20180905","[1395807, 1390793, 1412857]"
"CBN-PdlC-F2-20190701","[1395807, 1741880, 1395870]"
"CBN-PdlC-F2-20190812","[1395807, 1412857, 1390793]"
"CBN-PdlC-F2-20190909","[1390793, 1395807, 1394311]"
"CBN-PdlC-F2-20200629","[1395807, 1394603, 1394595]"
"CBN-PdlC-F2-20200722","[1395807, 1392535, 1396843]"
"CBN-PdlC-F2-20200812","[1395807, 1390793, 1394311]"
"CBN-PdlC-F3-20130723","[1361233, 1395807, 1361077]"
"CBN-PdlC-F3-20130807","[1393200, 1361284, 1361233]"
"CBN-PdlC-F3-20130903","[1395807, 1392299, 1392608]"
"CBN-PdlC-F3-20140630","[1390927, 1393200, 1654153]"
"CBN-PdlC-F3-20140721","[1395807, 1392608, 1391666]"
"CBN-PdlC-F3-20140811","[1395807, 1392608, 1390910]"
"CBN-PdlC-F3-20140901","[1395807, 1392299, 1361347]"
"CBN-PdlC-F3-20150701","[1395807, 1392299, 1390927]"
"CBN-PdlC-F3-20150720","[1392608, 1395807, 1361347]"
"CBN-PdlC-F3-20150810","[1392299, 1395807, 1396838]"
"CBN-PdlC-F3-20150831","[1396838, 1395807, 1361347]"
"CBN-PdlC-F3-20160705","[1395807, 1393660, 1361592]"
"CBN-PdlC-F3-20160726","[1392608, 1361347, 1395807]"
"CBN-PdlC-F3-20170816","[1395807, 1361347, 1418688]"
"CBN-PdlC-F3-20170906","[1361347, 1531145, 1390846]"
"CBN-PdlC-F3-20180702","[1361347, 1391666, 1395807]"
"CBN-PdlC-F3-20180723","[1395807, 1392299, 1392535]"
"CBN-PdlC-F3-20180815","[1397430, 1392299, 1361233]"
"CBN-PdlC-F3-20180905","[1361347, 1395807, 1397430]"
"CBN-PdlC-F3-20190701","[1395807, 1741880, 1391666]"
"CBN-PdlC-F3-20190722","[1395807, 1390910, 1393684]"
"CBN-PdlC-F3-20190812","[1361281, 1395807, 1363056]"
"CBN-PdlC-F3-20190909","[1395807, 1390793, 1362592]"
"CBN-PdlC-F3-20200629","[1741880, 1395807, 1393200]"
"CBN-PdlC-F3-20200722","[1395807, 1393660, 1393681]"
"CBN-PdlC-F3-20200812","[1361347, 1395807, 1394311]"
"CBN-PdlC-F4-20130723","[1397500, 1396253, 1393200]"
"CBN-PdlC-F4-20130807","[1396253, 1392608, 1397500]"
"CBN-PdlC-F4-20130903","[1392608, 1395807, 1393200]"
"CBN-PdlC-F4-20140630","[1393200, 1397108, 1360299]"
"CBN-PdlC-F4-20140811","[1395807, 1392608, 1396253]"
"CBN-PdlC-F4-20140901","[1392608, 1395807, 1393681]"
"CBN-PdlC-F4-20150701","[1392608, 1361592, 1360299]"
"CBN-PdlC-F4-20150720","[1392608, 1395807, 1396843]"
"CBN-PdlC-F4-20150810","[1362331, 1392608, 1360299]"
"CBN-PdlC-F4-20150831","[1395807, 1392608, 1390910]"
"CBN-PdlC-F4-20160705","[1392608, 1395807, 1393660]"
"CBN-PdlC-F4-20160726","[1362331, 1392608, 1395807]"
"CBN-PdlC-F4-20170816","[1395807, 1396253, 1418688]"
"CBN-PdlC-F4-20170906","[1390910, 1362023, 1391666]"
"CBN-PdlC-F4-20180702","[1393200, 1392608, 1397500]"
"CBN-PdlC-F4-20180723","[1392608, 1361592, 1395807]"
"CBN-PdlC-F4-20180815","[1392299, 1361592, 1361596]"
"CBN-PdlC-F4-20180905","[1391666, 1396843, 1392309]"
"CBN-PdlC-F4-20190701","[1395807, 1393200, 1392608]"
"CBN-PdlC-F4-20190722","[1396843, 1362331, 1392608]"
"CBN-PdlC-F4-20190812","[1392608, 1360299, 1361281]"
"CBN-PdlC-F4-20190909","[1392608, 1394311, 1363056]"
"CBN-PdlC-F4-20200629","[1397500, 1361592, 1393200]"
"CBN-PdlC-F4-20200722","[1392608, 1395807, 1362331]"
"CBN-PdlC-F4-20200812","[1392608, 1397430, 1363056]"
"CBN-PdlC-F5-20130723","[1396253, 1361077, 1390793]"
"CBN-PdlC-F5-20130903","[1392608, 1395807, 1390837]"
"CBN-PdlC-F5-20140630","[1361077, 1360299, 1392608]"
"CBN-PdlC-F5-20140721","[1390793, 1395807, 1392608]"
"CBN-PdlC-F5-20140811","[1395807, 1390793, 1392608]"
"CBN-PdlC-F5-20150701","[1392608, 1395807, 1396843]"
"CBN-PdlC-F5-20150720","[1392608, 1396253, 1395807]"
"CBN-PdlC-F5-20150810","[1390793, 1392608, 1390910]"
"CBN-PdlC-F5-20150831","[1390793, 1395807, 1392608]"
"CBN-PdlC-F5-20160705","[1395807, 1392608, 1390910]"
"CBN-PdlC-F5-20160726","[1390793, 1395807, 1361367]"
"CBN-PdlC-F5-20170816","[1396253, 1390793, 1420364]"
"CBN-PdlC-F5-20170906","[1390793, 1396253, 1390837]"
"CBN-PdlC-F5-20180702","[1360299, 1392608, 1390910]"
"CBN-PdlC-F5-20180723","[1392608, 1395807, 1390910]"
"CBN-PdlC-F5-20180815","[1390793, 1395807, 1418688]"
"CBN-PdlC-F5-20180905","[1396253, 1390793, 1390837]"
"CBN-PdlC-F5-20190722","[1392608, 1396843, 1396253]"
"CBN-PdlC-F5-20190812","[1392608, 1396253, 1390793]"
"CBN-PdlC-F5-20190909","[1390793, 1395807, 1396253]"
"CBN-PdlC-F5-20200629","[1390793, 1741880, 1390910]"
"CBN-PdlC-F5-20200722","[1395807, 1392608, 1390793]"
"CBN-PdlC-F5-20200812","[1390793, 1395807, 1361347]"
"CBN-PdlC-F6-20130723","[1361077, 1390793, 1361057]"
"CBN-PdlC-F6-20130807","[1396843, 1390793, 1396253]"
"CBN-PdlC-F6-20130903","[1390793, 1390837, 1363282]"
"CBN-PdlC-F6-20140630","[1361077, 1390793, 1654153]"
"CBN-PdlC-F6-20140721","[1390793, 1395807, 1390837]"
"CBN-PdlC-F6-20140811","[1390793, 1395807, 1394311]"
"CBN-PdlC-F6-20150701","[1396843, 1395807, 1396253]"
"CBN-PdlC-F6-20150720","[1394540, 1396843, 1395807]"
"CBN-PdlC-F6-20150810","[1390793, 1390761, 1390910]"
"CBN-PdlC-F6-20150831","[1390793, 1395807, 1396843]"
"CBN-PdlC-F6-20160705","[1390793, 1395807, 1390910]"
"CBN-PdlC-F6-20160726","[1390793, 1361077, 1390910]"
"CBN-PdlC-F6-20170816","[1390793, 1395807, 1396843]"
"CBN-PdlC-F6-20170906","[1390793, 1390837, 1390910]"
"CBN-PdlC-F6-20180702","[1390910, 1361077, 1391666]"
"CBN-PdlC-F6-20180723","[1390793, 1395807, 1390910]"
"CBN-PdlC-F6-20180815","[1390793, 1390837, 1390910]"
"CBN-PdlC-F6-20180905","[1390793, 1517561, 1390837]"
"CBN-PdlC-F6-20190722","[1392608, 1390793, 1396843]"
"CBN-PdlC-F6-20190812","[1390793, 1396843, 1395807]"
"CBN-PdlC-F6-20190909","[1390793, 1394311, 1390910]"
"CBN-PdlC-F6-20200629","[1395807, 1390793, 1390837]"
"CBN-PdlC-F6-20200722","[1390793, 1395807, 1396843]"
"CBN-PdlC-F6-20200812","[1390793, 1395807, 1737693]"
"CBN-Pla-A1-20130808","[1395807, 1390793, 1394311]"
"CBN-Pla-A1-20130904","[1395807, 1397475, 1395190]"
"CBN-Pla-A1-20140722","[1397475, 1390793, 1397513]"
"CBN-Pla-A1-20140812","[1395807, 1397475, 1397500]"
"CBN-Pla-A1-20140902","[1395807, 1395190, 1397475]"
"CBN-Pla-A1-20150702","[1390793, 1395190, 1394311]"
"CBN-Pla-A1-20150723","[1395807, 1397475, 1395870]"
"CBN-Pla-A1-20150811","[1395807, 1412857, 1397475]"
"CBN-Pla-A1-20150901","[1412857, 1397475, 1395807]"
"CBN-Pla-A1-20160707","[1394311, 1390793, 1741880]"
"CBN-Pla-A1-20160728","[1395807, 1397500, 1394311]"
"CBN-Pla-A1-20180724","[1390793, 1397475, 1390904]"
"CBN-Pla-A1-20180816","[1395807, 1395190, 1397500]"
"CBN-Pla-A1-20180906","[1395807, 1392299, 1395190]"
"CBN-Pla-A1-20190723","[1395807, 1390793, 1394542]"
"CBN-Pla-A1-20190814","[1395807, 1395868, 1395870]"
"CBN-Pla-A1-20200630","[1361703, 1363625, 1357866]"
"CBN-Pla-A1-20200723","[1395807, 1397475, 1395190]"
"CBN-Pla-A1-20200814","[1392552, 1392566, 1395190]"
"CBN-Pla-A2-20130724","[1390793, 1390904, 1390846]"
"CBN-Pla-A2-20130808","[1395807, 1397500, 1395870]"
"CBN-Pla-A2-20130904","[1395807, 1395870, 1395868]"
"CBN-Pla-A2-20140722","[1395949, 1390793, 1394311]"
"CBN-Pla-A2-20140812","[1395807, 1390910, 1395868]"
"CBN-Pla-A2-20140902","[1395807, 1394311, 1395868]"
"CBN-Pla-A2-20150702","[1390793, 1390910, 1395807]"
"CBN-Pla-A2-20150723","[1395807, 1397043, 1394311]"
"CBN-Pla-A2-20150811","[1395807, 1392552, 1394311]"
"CBN-Pla-A2-20150901","[1395807, 1394311, 1390793]"
"CBN-Pla-A2-20160707","[1390793, 1395807, 1390910]"
"CBN-Pla-A2-20160728","[1395807, 1390793, 1395868]"
"CBN-Pla-A2-20180724","[1395949, 1390793, 1394311]"
"CBN-Pla-A2-20180816","[1395807, 1390793, 1396015]"
"CBN-Pla-A2-20180906","[1395807, 1395949, 1741880]"
"CBN-Pla-A2-20190723","[1395807, 1394311, 1741880]"
"CBN-Pla-A2-20190814","[1395807, 1392299, 1395870]"
"CBN-Pla-A2-20200723","[1395807, 1395949, 1390793]"
"CBN-Pla-A2-20200814","[1395807, 1396144, 1392539]"
"CBN-Pla-A3-20130724","[1390793, 1609716, 1396974]"
"CBN-Pla-A3-20130808","[1395807, 1395870, 1741880]"
"CBN-Pla-A3-20130904","[1395807, 1395870, 1741880]"
"CBN-Pla-A3-20140722","[1390793, 1741880, 1396974]"
"CBN-Pla-A3-20140812","[1395807, 1395870, 1741880]"
"CBN-Pla-A3-20140902","[1395807, 1395870, 1395868]"
"CBN-Pla-A3-20150702","[1390793, 1741880, 1396094]"
"CBN-Pla-A3-20150723","[1395807, 1741880, 1395870]"
"CBN-Pla-A3-20150811","[1395807, 1395870, 1741880]"
"CBN-Pla-A3-20150901","[1395807, 1394311, 1395870]"
"CBN-Pla-A3-20160707","[1741880, 1390793, 1395870]"
"CBN-Pla-A3-20160728","[1395807, 1397043, 1741880]"
"CBN-Pla-A3-20180724","[1741880, 1395870, 1392407]"
"CBN-Pla-A3-20180816","[1395807, 1741880, 1395870]"
"CBN-Pla-A3-20180906","[1395807, 1741880, 1395870]"
"CBN-Pla-A3-20190723","[1395807, 1741880, 1395870]"
"CBN-Pla-A3-20190814","[1395807, 1741880, 1395870]"
"CBN-Pla-A3-20200723","[1395807, 1741880, 1395870]"
"CBN-Pla-A3-20200814","[1395807, 1395870, 1741880]"
"CBN-Pla-A4-20130724","[1361281, 1359011, 1396682]"
"CBN-Pla-A4-20130808","[1395807, 1395870, 1741880]"
"CBN-Pla-A4-20130904","[1395807, 1395870, 1741880]"
"CBN-Pla-A4-20140722","[1361347, 1361281, 1397513]"
"CBN-Pla-A4-20140812","[1395807, 1395870, 1741880]"
"CBN-Pla-A4-20140902","[1395807, 1741880, 1395870]"
"CBN-Pla-A4-20150702","[1741880, 1390793, 1394311]"
"CBN-Pla-A4-20150723","[1395807, 1741880, 1395870]"
"CBN-Pla-A4-20150811","[1395807, 1395870, 1741880]"
"CBN-Pla-A4-20150901","[1395807, 1741880, 1395870]"
"CBN-Pla-A4-20160707","[1741880, 1395870, 1394311]"
"CBN-Pla-A4-20160728","[1395807, 1396843, 1397043]"
"CBN-Pla-A4-20180724","[1394311, 1361347, 1390793]"
"CBN-Pla-A4-20180816","[1395807, 1395870, 1390793]"
"CBN-Pla-A4-20180906","[1395807, 1361347, 1741880]"
"CBN-Pla-A4-20190723","[1395807, 1395870, 1741880]"
"CBN-Pla-A4-20190814","[1395807, 1741880, 1390756]"
"CBN-Pla-A4-20200723","[1395807, 1741880, 1395870]"
"CBN-Pla-A4-20200814","[1395807, 1395870, 1395868]"
"CBN-Pla-A5-20130724","[1390793, 1741880, 1394311]"
"CBN-Pla-A5-20130808","[1741880, 1395870, 1395807]"
"CBN-Pla-A5-20130904","[1741880, 1395807, 1395870]"
"CBN-Pla-A5-20140722","[1741880, 1394311, 1390756]"
"CBN-Pla-A5-20140812","[1395807, 1395870, 1741880]"
"CBN-Pla-A5-20140902","[1395807, 1741880, 1395870]"
"CBN-Pla-A5-20150702","[1741880, 1356424, 1390793]"
"CBN-Pla-A5-20150723","[1741880, 1395807, 1395870]"
"CBN-Pla-A5-20150811","[1395807, 1741880, 1395870]"
"CBN-Pla-A5-20160707","[1390793, 1741880, 1395870]"
"CBN-Pla-A5-20160728","[1395807, 1741880, 1395870]"
"CBN-Pla-A5-20180724","[1741880, 1394311, 1390793]"
"CBN-Pla-A5-20180816","[1395807, 1395870, 1741880]"
"CBN-Pla-A5-20180906","[1741880, 1395807, 1395870]"
"CBN-Pla-A5-20190723","[1395807, 1741880, 1395870]"
"CBN-Pla-A5-20190814","[1395807, 1395870, 1741880]"
"CBN-Pla-A5-20200723","[1395807, 1741880, 1395870]"
"CBN-Pla-A5-20200814","[1395807, 1395870, 1741880]"
"CBN-Pla-A6-20130724","[1396733, 1397528, 1390837]"
"CBN-Pla-A6-20130808","[1395807, 1397500, 1741880]"
"CBN-Pla-A6-20130904","[1395807, 1741880, 1395870]"
"CBN-Pla-A6-20140722","[1390793, 1390904, 1361077]"
"CBN-Pla-A6-20140812","[1395807, 1741880, 1397500]"
"CBN-Pla-A6-20140902","[1395870, 1395807, 1741880]"
"CBN-Pla-A6-20150702","[1741880, 1390793, 1356424]"
"CBN-Pla-A6-20150723","[1741880, 1395807, 1395870]"
"CBN-Pla-A6-20150811","[1395807, 1741880, 1395870]"
"CBN-Pla-A6-20150901","[1395807, 1395870, 1741880]"
"CBN-Pla-A6-20160707","[1741880, 1390793, 1395949]"
"CBN-Pla-A6-20160728","[1395807, 1741880, 1395870]"
"CBN-Pla-A6-20180724","[1390793, 1394311, 1390846]"
"CBN-Pla-A6-20180816","[1395807, 1395870, 1390793]"
"CBN-Pla-A6-20180906","[1395807, 1390793, 1397500]"
"CBN-Pla-A6-20190723","[1395807, 1741880, 1395870]"
"CBN-Pla-A6-20190814","[1395807, 1390793, 1741880]"
"CBN-Pla-A6-20200723","[1395807, 1741880, 1395870]"
"CBN-Pla-A6-20200814","[1395807, 1395870, 1741880]"
"CBN-Pla-B1-20130724","[1390874, 1394542, 1361389]"
"CBN-Pla-B1-20130808","[1395807, 1395870, 1395000]"
"CBN-Pla-B1-20130904","[1395807, 1390793, 1394311]"
"CBN-Pla-B1-20140722","[1392407, 1390793, 1394309]"
"CBN-Pla-B1-20140812","[1395807, 1394311, 1362331]"
"CBN-Pla-B1-20140902","[1395807, 1390910, 1361367]"
"CBN-Pla-B1-20150702","[1418612, 1390910, 1395990]"
"CBN-Pla-B1-20150723","[1395807, 1363056, 1737699]"
"CBN-Pla-B1-20150811","[1395807, 1395868, 1390793]"
"CBN-Pla-B1-20150901","[1390793, 1395807, 1390910]"
"CBN-Pla-B1-20160707","[1390793, 1394311, 1741880]"
"CBN-Pla-B1-20160728","[1395807, 1394311, 1390910]"
"CBN-Pla-B1-20180724","[1390793, 1394311, 1390910]"
"CBN-Pla-B1-20180816","[1395807, 1394311, 1390793]"
"CBN-Pla-B1-20180906","[1361347, 1737693, 1390874]"
"CBN-Pla-B1-20190723","[1395807, 1390910, 1361281]"
"CBN-Pla-B1-20190814","[1394311, 1737699, 1395807]"
"CBN-Pla-B1-20200630","[1356307, 1397383, 1361820]"
"CBN-Pla-B1-20200723","[1395807, 1390910, 1394311]"
"CBN-Pla-B1-20200814","[1390910, 1390793, 1394311]"
"CBN-Pla-B2-20130724","[1390793, 1390846, 1361077]"
"CBN-Pla-B2-20130808","[1395807, 1397500, 1395868]"
"CBN-Pla-B2-20130904","[1395807, 1390793, 1390874]"
"CBN-Pla-B2-20140722","[1390793, 1390756, 1390904]"
"CBN-Pla-B2-20140812","[1395807, 1390793, 1394311]"
"CBN-Pla-B2-20140902","[1395807, 1394311, 1737693]"
"CBN-Pla-B2-20150702","[1390793, 1390910, 1396974]"
"CBN-Pla-B2-20150723","[1395807, 1741880, 1395870]"
"CBN-Pla-B2-20150811","[1395807, 1394311, 1395868]"
"CBN-Pla-B2-20150901","[1395807, 1390793, 1394311]"
"CBN-Pla-B2-20160707","[1390793, 1741880, 1394311]"
"CBN-Pla-B2-20160728","[1395807, 1395870, 1741880]"
"CBN-Pla-B2-20180724","[1394311, 1390874, 1743235]"
"CBN-Pla-B2-20180816","[1395807, 1395870, 1741880]"
"CBN-Pla-B2-20180906","[1395807, 1390793, 1741880]"
"CBN-Pla-B2-20190723","[1395807, 1741880, 1395870]"
"CBN-Pla-B2-20190814","[1395807, 1741880, 1395870]"
"CBN-Pla-B2-20200723","[1395807, 1741880, 1395870]"
"CBN-Pla-B2-20200814","[1395807, 1390793, 1394311]"
"CBN-Pla-B3-20130724","[1741589, 1361347, 1394311]"
"CBN-Pla-B3-20130808","[1395807, 1397500, 1396253]"
"CBN-Pla-B3-20130904","[1395807, 1394311, 1741880]"
"CBN-Pla-B3-20140722","[1390793, 1390904, 1361281]"
"CBN-Pla-B3-20140812","[1395807, 1390910, 1390793]"
"CBN-Pla-B3-20140902","[1395807, 1361367, 1394311]"
"CBN-Pla-B3-20150811","[1395807, 1395870, 1394311]"
"CBN-Pla-B3-20150901","[1395807, 1390793, 1394311]"
"CBN-Pla-B3-20160707","[1394311, 1390793, 1741880]"
"CBN-Pla-B3-20160728","[1395807, 1741880, 1361347]"
"CBN-Pla-B3-20180724","[1390793, 1743235, 1394311]"
"CBN-Pla-B3-20180816","[1395807, 1394311, 1395870]"
"CBN-Pla-B3-20180906","[1395807, 1390793, 1361281]"
"CBN-Pla-B3-20190723","[1395807, 1741880, 1394311]"
"CBN-Pla-B3-20190814","[1395807, 1394311, 1362331]"
"CBN-Pla-B3-20200723","[1395807, 1361347, 1390793]"
"CBN-Pla-B3-20200814","[1395807, 1394311, 1395868]"
"CBN-Pla-B4-20130724","[1390793, 1361347, 1418612]"
"CBN-Pla-B4-20130808","[1395807, 1397500, 1359835]"
"CBN-Pla-B4-20130904","[1395807, 1395870, 1741880]"
"CBN-Pla-B4-20140722","[1361281, 1390793, 1390846]"
"CBN-Pla-B4-20140812","[1395807, 1395868, 1397500]"
"CBN-Pla-B4-20140902","[1395807, 1395868, 1397500]"
"CBN-Pla-B4-20150702","[1390793, 1392407, 1394311]"
"CBN-Pla-B4-20150723","[1395807, 1395870, 1741880]"
"CBN-Pla-B4-20150811","[1395807, 1741880, 1390910]"
"CBN-Pla-B4-20150901","[1395807, 1361347, 1390793]"
"CBN-Pla-B4-20160707","[1390793, 1396974, 1390910]"
"CBN-Pla-B4-20160728","[1395807, 1741880, 1360864]"
"CBN-Pla-B4-20180724","[1361281, 1390793, 1394311]"
"CBN-Pla-B4-20180816","[1395807, 1741880, 1397043]"
"CBN-Pla-B4-20180906","[1395807, 1396974, 1741880]"
"CBN-Pla-B4-20190723","[1395807, 1741880, 1395870]"
"CBN-Pla-B4-20190814","[1395807, 1741880, 1392299]"
"CBN-Pla-B4-20200723","[1395807, 1390793, 1396974]"
"CBN-Pla-B4-20200814","[1395807, 1390793, 1395868]"
"CBN-Pla-B5-20130724","[1390837, 1390846, 1390874]"
"CBN-Pla-B5-20130808","[1395807, 1395870, 1395868]"
"CBN-Pla-B5-20130904","[1395807, 1394311, 1741880]"
"CBN-Pla-B5-20140722","[1390793, 1390846, 1392407]"
"CBN-Pla-B5-20140812","[1395807, 1741880, 1395870]"
"CBN-Pla-B5-20140902","[1395807, 1394311, 1361347]"
"CBN-Pla-B5-20150702","[1390793, 1741880, 1394311]"
"CBN-Pla-B5-20150723","[1395807, 1395758, 1395870]"
"CBN-Pla-B5-20150811","[1395807, 1395870, 1360269]"
"CBN-Pla-B5-20150901","[1395807, 1741880, 1395870]"
"CBN-Pla-B5-20160707","[1395807, 1394311, 1390793]"
"CBN-Pla-B5-20160728","[1397043, 1395807, 1394311]"
"CBN-Pla-B5-20180724","[1741880, 1395990, 1390966]"
"CBN-Pla-B5-20180816","[1395807, 1395870, 1741880]"
"CBN-Pla-B5-20180906","[1390793, 1395807, 1390910]"
"CBN-Pla-B5-20190723","[1395807, 1390910, 1479766]"
"CBN-Pla-B5-20190814","[1395807, 1394311, 1395870]"
"CBN-Pla-B5-20200723","[1395807, 1397043, 1390910]"
"CBN-Pla-B5-20200814","[1395807, 1741880, 1390793]"
"CBN-Pla-B6-20130724","[1394311, 1390793, 1390846]"
"CBN-Pla-B6-20130808","[1395807, 1397500, 1361281]"
"CBN-Pla-B6-20130904","[1395807, 1394311, 1396144]"
"CBN-Pla-B6-20140722","[1390793, 1396144, 1395949]"
"CBN-Pla-B6-20140812","[1395807, 1394311, 1390910]"
"CBN-Pla-B6-20140902","[1395807, 1361347, 1392299]"
"CBN-Pla-B6-20150702","[1390793, 1390910, 1390927]"
"CBN-Pla-B6-20150723","[1395807, 1396869, 1394311]"
"CBN-Pla-B6-20150811","[1395807, 1394311, 1390793]"
"CBN-Pla-B6-20150901","[1390793, 1395807, 1394311]"
"CBN-Pla-B6-20160707","[1390793, 1741880, 1395949]"
"CBN-Pla-B6-20160728","[1395807, 1394311, 1390927]"
"CBN-Pla-B6-20180816","[1395807, 1395868, 1741880]"
"CBN-Pla-B6-20180906","[1395807, 1392299, 1396015]"
"CBN-Pla-B6-20190723","[1395807, 1741880, 1363056]"
"CBN-Pla-B6-20190814","[1395807, 1361347, 1392299]"
"CBN-Pla-B6-20200723","[1395807, 1390793, 1741880]"
"CBN-Pla-B6-20200814","[1395807, 1394311, 1390793]"
"CBN-Pla-C1-20130808","[1397046, 1395807, 1390793]"
"CBN-Pla-C1-20130904","[1395807, 1397046, 1394910]"
"CBN-Pla-C1-20150702","[1390793, 1397046, 1395807]"
"CBN-Pla-C1-20150723","[1395807, 1395870, 1397046]"
"CBN-Pla-C1-20150811","[1395807, 1397046, 1390910]"
"CBN-Pla-C1-20150901","[1395807, 1390793, 1394911]"
"CBN-Pla-C1-20160707","[1390793, 1395807, 1741880]"
"CBN-Pla-C1-20160728","[1395807, 1391331, 1361077]"
"CBN-Pla-C1-20180816","[1395807, 1397046, 1395870]"
"CBN-Pla-C1-20180906","[1395807, 1397046, 1390837]"
"CBN-Pla-C1-20190723","[1395807, 1392535, 1394911]"
"CBN-Pla-C1-20190814","[1395807, 1397046, 1395870]"
"CBN-Pla-C1-20200723","[1395807, 1397500, 1397046]"
"CBN-Pla-C1-20200814","[1395807, 1397046, 1394911]"
"CBN-Pla-C2-20130808","[1395807, 1395870, 1390793]"
"CBN-Pla-C2-20130904","[1395870, 1741880, 1363056]"
"CBN-Pla-C2-20140722","[1390870, 1396169, 1361347]"
"CBN-Pla-C2-20140902","[1395807, 1412857, 1395870]"
"CBN-Pla-C2-20150702","[1390870, 1390793, 1390837]"
"CBN-Pla-C2-20150723","[1395870, 1395807, 1741880]"
"CBN-Pla-C2-20150811","[1395807, 1394643, 1395870]"
"CBN-Pla-C2-20150901","[1394542, 1412857, 1395870]"
"CBN-Pla-C2-20160707","[1361281, 1390910, 1418612]"
"CBN-Pla-C2-20160728","[1519650, 1412857, 1390910]"
"CBN-Pla-C2-20180724","[1390793, 1361347, 1390837]"
"CBN-Pla-C2-20180816","[1396253, 1395807, 1390910]"
"CBN-Pla-C2-20180906","[1412857, 1392299, 1390837]"
"CBN-Pla-C2-20190723","[1742052, 1412857, 1395807]"
"CBN-Pla-C2-20190814","[1392299, 1390756, 1390793]"
"CBN-Pla-C2-20200723","[1395807, 1394311, 1400176]"
"CBN-Pla-C2-20200814","[1395807, 1361281, 1390793]"
"CBN-Pla-C3-20130808","[1395807, 1390793, 1392299]"
"CBN-Pla-C3-20130904","[1395807, 1390793, 1394311]"
"CBN-Pla-C3-20140722","[1390837, 1390793, 1390756]"
"CBN-Pla-C3-20140902","[1395807, 1361077, 1390793]"
"CBN-Pla-C3-20150702","[1390910, 1390793, 1390904]"
"CBN-Pla-C3-20150723","[1395807, 1390793, 1394311]"
"CBN-Pla-C3-20150811","[1395807, 1390793, 1395868]"
"CBN-Pla-C3-20150901","[1390793, 1395807, 1394311]"
"CBN-Pla-C3-20160707","[1390793, 1394311, 1390910]"
"CBN-Pla-C3-20160728","[1395807, 1390793, 1392299]"
"CBN-Pla-C3-20180724","[1390793, 1390904, 1390837]"
"CBN-Pla-C3-20180816","[1395807, 1397500, 1395870]"
"CBN-Pla-C3-20180906","[1395807, 1390793, 1741880]"
"CBN-Pla-C3-20190723","[1395807, 1390793, 1654153]"
"CBN-Pla-C3-20190814","[1395807, 1395868, 1394311]"
"CBN-Pla-C3-20200723","[1395807, 1741880, 1394311]"
"CBN-Pla-C3-20200814","[1395807, 1394311, 1390793]"
"CBN-Pla-C4-20130808","[1395807, 1397500, 1395000]"
"CBN-Pla-C4-20130904","[1395807, 1395868, 1741880]"
"CBN-Pla-C4-20140902","[1395807, 1394311, 1392299]"
"CBN-Pla-C4-20150702","[1361077, 1390837, 1390793]"
"CBN-Pla-C4-20150723","[1395807, 1395868, 1395870]"
"CBN-Pla-C4-20150811","[1395807, 1395868, 1394311]"
"CBN-Pla-C4-20150901","[1395807, 1390793, 1397500]"
"CBN-Pla-C4-20160707","[1395807, 1390793, 1397500]"
"CBN-Pla-C4-20160728","[1395807, 1397043, 1395868]"
"CBN-Pla-C4-20180724","[1390793, 1361077, 1390904]"
"CBN-Pla-C4-20180816","[1395807, 1418688, 1361077]"
"CBN-Pla-C4-20180906","[1395807, 1397500, 1395868]"
"CBN-Pla-C4-20190723","[1395807, 1397500, 1395868]"
"CBN-Pla-C4-20190814","[1395807, 1395868, 1395870]"
"CBN-Pla-C4-20200723","[1395807, 1395868, 1361077]"
"CBN-Pla-C4-20200814","[1395807, 1395868, 1390910]"
"CBN-Pla-C5-20130808","[1395807, 1396144, 1390793]"
"CBN-Pla-C5-20130904","[1395807, 1395868, 1396144]"
"CBN-Pla-C5-20140722","[1390793, 1394311, 1390904]"
"CBN-Pla-C5-20140902","[1395807, 1395868, 1390793]"
"CBN-Pla-C5-20150702","[1390793, 1394311, 1390910]"
"CBN-Pla-C5-20150723","[1395807, 1395868, 1390793]"
"CBN-Pla-C5-20150811","[1395807, 1396869, 1395868]"
"CBN-Pla-C5-20150901","[1395807, 1394311, 1390793]"
"CBN-Pla-C5-20160707","[1395807, 1390793, 1394311]"
"CBN-Pla-C5-20160728","[1395807, 1394311, 1741880]"
"CBN-Pla-C5-20180724","[1390793, 1396144, 1397491]"
"CBN-Pla-C5-20180816","[1395807, 1390793, 1396974]"
"CBN-Pla-C5-20180906","[1395807, 1390793, 1394311]"
"CBN-Pla-C5-20190723","[1395807, 1397500, 1390793]"
"CBN-Pla-C5-20190814","[1395807, 1395868, 1394311]"
"CBN-Pla-C5-20200723","[1390793, 1395807, 1390910]"
"CBN-Pla-C5-20200814","[1395807, 1395868, 1418688]"
"CBN-Pla-C6-20130808","[1395807, 1361347, 1397500]"
"CBN-Pla-C6-20130904","[1395807, 1741880, 1395870]"
"CBN-Pla-C6-20140902","[1395807, 1395868, 1397500]"
"CBN-Pla-C6-20150702","[1390793, 1390910, 1394311]"
"CBN-Pla-C6-20150723","[1395807, 1395870, 1394311]"
"CBN-Pla-C6-20150811","[1395807, 1394311, 1390793]"
"CBN-Pla-C6-20150901","[1395807, 1390793, 1394311]"
"CBN-Pla-C6-20160707","[1395807, 1361077, 1390910]"
"CBN-Pla-C6-20160728","[1395870, 1395807, 1741880]"
"CBN-Pla-C6-20180724","[1390793, 1390910, 1361281]"
"CBN-Pla-C6-20180816","[1395807, 1390793, 1396974]"
"CBN-Pla-C6-20180906","[1395807, 1390793, 1394311]"
"CBN-Pla-C6-20190723","[1395807, 1395870, 1741880]"
"CBN-Pla-C6-20190814","[1395807, 1741880, 1392299]"
"CBN-Pla-C6-20200723","[1395807, 1390793, 1395868]"
"CBN-Pla-C6-20200814","[1395807, 1741880, 1395868]"
"CBN-Pla-D1-20130808","[1395807, 1394311, 1397500]"
"CBN-Pla-D1-20130904","[1395807, 1394311, 1390793]"
"CBN-Pla-D1-20140722","[1390793, 1361281, 1361347]"
"CBN-Pla-D1-20140902","[1395807, 1394311, 1390910]"
"CBN-Pla-D1-20150702","[1390793, 1394311, 1361281]"
"CBN-Pla-D1-20150723","[1395807, 1394311, 1361281]"
"CBN-Pla-D1-20150811","[1395807, 1397500, 1394311]"
"CBN-Pla-D1-20150901","[1395807, 1394311, 1390793]"
"CBN-Pla-D1-20160707","[1394311, 1395807, 1390793]"
"CBN-Pla-D1-20160728","[1395807, 1361077, 1395868]"
"CBN-Pla-D1-20180724","[1390793, 1394311, 1361347]"
"CBN-Pla-D1-20180816","[1395807, 1397500, 1395870]"
"CBN-Pla-D1-20180906","[1395807, 1394311, 1395868]"
"CBN-Pla-D1-20190723","[1395807, 1397500, 1394311]"
"CBN-Pla-D1-20190814","[1395807, 1390837, 1392299]"
"CBN-Pla-D1-20200723","[1395807, 1397500, 1395868]"
"CBN-Pla-D1-20200814","[1395807, 1390793, 1394311]"
"CBN-Pla-D2-20130808","[1395807, 1390793, 1397500]"
"CBN-Pla-D2-20130904","[1395807, 1396843, 1397500]"
"CBN-Pla-D2-20140722","[1361281, 1390846, 1390870]"
"CBN-Pla-D2-20140902","[1395807, 1390910, 1361347]"
"CBN-Pla-D2-20150702","[1390837, 1390910, 1390927]"
"CBN-Pla-D2-20150723","[1396843, 1395807, 1397500]"
"CBN-Pla-D2-20150811","[1412857, 1395807, 1394641]"
"CBN-Pla-D2-20150901","[1395807, 1412857, 1741880]"
"CBN-Pla-D2-20160707","[1412857, 1390837, 1390793]"
"CBN-Pla-D2-20160728","[1412857, 1395807, 1397500]"
"CBN-Pla-D2-20180724","[1412857, 1394643, 1390793]"
"CBN-Pla-D2-20180816","[1397046, 1397500, 1395807]"
"CBN-Pla-D2-20180906","[1412857, 1394641, 1395807]"
"CBN-Pla-D2-20190723","[1395807, 1412857, 1394641]"
"CBN-Pla-D2-20190814","[1412857, 1394641, 1395807]"
"CBN-Pla-D2-20200723","[1395807, 1412857, 1394641]"
"CBN-Pla-D2-20200814","[1412857, 1395807, 1394643]"
"CBN-Pla-D3-20130808","[1741880, 1395870, 1395807]"
"CBN-Pla-D3-20130904","[1395870, 1395807, 1741880]"
"CBN-Pla-D3-20140722","[1361077, 1390870, 1654153]"
"CBN-Pla-D3-20140902","[1395807, 1395870, 1741880]"
"CBN-Pla-D3-20150702","[1741880, 1390910, 1397500]"
"CBN-Pla-D3-20150723","[1741880, 1395807, 1395870]"
"CBN-Pla-D3-20150811","[1395807, 1741880, 1395870]"
"CBN-Pla-D3-20150901","[1741880, 1395807, 1395870]"
"CBN-Pla-D3-20160707","[1741880, 1397500, 1395807]"
"CBN-Pla-D3-20160728","[1395870, 1741880, 1395807]"
"CBN-Pla-D3-20180724","[1361347, 1390793, 1390837]"
"CBN-Pla-D3-20180816","[1395807, 1395870, 1741880]"
"CBN-Pla-D3-20180906","[1395807, 1741880, 1390793]"
"CBN-Pla-D3-20190723","[1356422, 1395807, 1741880]"
"CBN-Pla-D3-20190814","[1395807, 1741880, 1395870]"
"CBN-Pla-D3-20200723","[1741880, 1395807, 1395870]"
"CBN-Pla-D3-20200814","[1741880, 1395807, 1395870]"
"CBN-Pla-D4-20130808","[1395807, 1395870, 1741880]"
"CBN-Pla-D4-20130904","[1395807, 1395870, 1390793]"
"CBN-Pla-D4-20140722","[1390793, 1394311, 1362331]"
"CBN-Pla-D4-20140902","[1395807, 1395870, 1390793]"
"CBN-Pla-D4-20150702","[1390793, 1356424, 1654153]"
"CBN-Pla-D4-20150723","[1395807, 1392299, 1395870]"
"CBN-Pla-D4-20150811","[1395807, 1395870, 1741880]"
"CBN-Pla-D4-20150901","[1395870, 1395807, 1741880]"
"CBN-Pla-D4-20160707","[1394311, 1390793, 1654153]"
"CBN-Pla-D4-20160728","[1395807, 1395870, 1741880]"
"CBN-Pla-D4-20180724","[1390793, 1390910, 1394311]"
"CBN-Pla-D4-20180816","[1395807, 1395870, 1741880]"
"CBN-Pla-D4-20180906","[1395807, 1395870, 1392299]"
"CBN-Pla-D4-20190723","[1395807, 1395870, 1364066]"
"CBN-Pla-D4-20190814","[1395807, 1741880, 1395870]"
"CBN-Pla-D4-20200723","[1395807, 1741880, 1395870]"
"CBN-Pla-D4-20200814","[1395807, 1395870, 1741880]"
"CBN-Pla-D5-20130808","[1395807, 1741880, 1397500]"
"CBN-Pla-D5-20130904","[1395807, 1390793, 1741880]"
"CBN-Pla-D5-20140722","[1390793, 1390910, 1390904]"
"CBN-Pla-D5-20140902","[1395807, 1361914, 1397500]"
"CBN-Pla-D5-20150702","[1390793, 1741880, 1395807]"
"CBN-Pla-D5-20150723","[1395807, 1397500, 1394311]"
"CBN-Pla-D5-20150811","[1395807, 1397500, 1741880]"
"CBN-Pla-D5-20150901","[1395807, 1517561, 1741880]"
"CBN-Pla-D5-20160707","[1741880, 1397500, 1395807]"
"CBN-Pla-D5-20160728","[1395807, 1397500, 1396974]"
"CBN-Pla-D5-20180724","[1361281, 1390793, 1361347]"
"CBN-Pla-D5-20180816","[1395807, 1397045, 1741880]"
"CBN-Pla-D5-20180906","[1395807, 1390793, 1395870]"
"CBN-Pla-D5-20190723","[1395807, 1397500, 1741880]"
"CBN-Pla-D5-20190814","[1395807, 1741880, 1395870]"
"CBN-Pla-D5-20200723","[1395807, 1395868, 1395870]"
"CBN-Pla-D6-20130808","[1395807, 1397500, 1395868]"
"CBN-Pla-D6-20130904","[1395807, 1395870, 1395868]"
"CBN-Pla-D6-20140722","[1395949, 1397046, 1390793]"
"CBN-Pla-D6-20140902","[1395807, 1741880, 1397500]"
"CBN-Pla-D6-20150702","[1741880, 1395807, 1397500]"
"CBN-Pla-D6-20150723","[1395807, 1397500, 1396253]"
"CBN-Pla-D6-20150811","[1395807, 1741880, 1397500]"
"CBN-Pla-D6-20150901","[1395807, 1741880, 1395868]"
"CBN-Pla-D6-20160707","[1741880, 1395807, 1395870]"
"CBN-Pla-D6-20160728","[1395807, 1741880, 1395870]"
"CBN-Pla-D6-20180724","[1394597, 1394598, 1396974]"
"CBN-Pla-D6-20180816","[1395807, 1741880, 1395870]"
"CBN-Pla-D6-20180906","[1395807, 1741880, 1395870]"
"CBN-Pla-D6-20190723","[1395807, 1741880, 1397500]"
"CBN-Pla-D6-20190814","[1395807, 1395868, 1519650]"
"CBN-Pla-D6-20200723","[1395807, 1397500, 1395870]"
"CBN-Pla-D6-20200814","[1395807, 1395868, 1741880]"
"CBN-Pla-E1-20130808","[1396253, 1390793, 1394311]"
"CBN-Pla-E1-20130904","[1390793, 1396253, 1394630]"
"CBN-Pla-E1-20140722","[1390793, 1654153, 1418612]"
"CBN-Pla-E1-20140902","[1389627, 1390910, 1394311]"
"CBN-Pla-E1-20150702","[1361281, 1390793, 1396144]"
"CBN-Pla-E1-20150723","[1412857, 1396733, 1396253]"
"CBN-Pla-E1-20150901","[1412857, 1394311, 1390793]"
"CBN-Pla-E1-20160707","[1397046, 1390793, 1394311]"
"CBN-Pla-E1-20160728","[1396144, 1728573, 1741624]"
"CBN-Pla-E1-20180816","[1741624, 1647128, 1393359]"
"CBN-Pla-E1-20180906","[1647128, 1390910, 1394542]"
"CBN-Pla-E1-20190723","[1392535, 1647128, 1390793]"
"CBN-Pla-E1-20190814","[1741813, 1647128, 1396441]"
"CBN-Pla-E1-20200630","[1397046, 1392407, 1390837]"
"CBN-Pla-E1-20200723","[1741624, 1392407, 1393679]"
"CBN-Pla-E1-20200814","[1647128, 1394641, 1394311]"
"CBN-Pla-E2-20130808","[1390793, 1394630, 1390910]"
"CBN-Pla-E2-20130904","[1396272, 1394311, 1390910]"
"CBN-Pla-E2-20140722","[1396144, 1741880, 1361077]"
"CBN-Pla-E2-20140902","[1390910, 1394311, 1361585]"
"CBN-Pla-E2-20150702","[1396144, 1390793, 1390910]"
"CBN-Pla-E2-20150723","[1390793, 1361233, 1394840]"
"CBN-Pla-E2-20150901","[1390793, 1396253, 1390910]"
"CBN-Pla-E2-20160707","[1390793, 1361077, 1390837]"
"CBN-Pla-E2-20160728","[1396253, 1741624, 1390910]"
"CBN-Pla-E2-20180724","[1390793, 1390910, 1390837]"
"CBN-Pla-E2-20180816","[1741624, 1396253, 1359296]"
"CBN-Pla-E2-20180906","[1396253, 1412857, 1390793]"
"CBN-Pla-E2-20190723","[1396253, 1394311, 1412857]"
"CBN-Pla-E2-20190814","[1412857, 1647128, 1390793]"
"CBN-Pla-E2-20200630","[1418612, 1394311, 1358537]"
"CBN-Pla-E2-20200723","[1741624, 1390910, 1394311]"
"CBN-Pla-E2-20200814","[1394311, 1390793, 1396253]"
"CBN-Pla-E3-20130808","[1393660, 1396253, 1390793]"
"CBN-Pla-E3-20130904","[1396253, 1394311, 1396144]"
"CBN-Pla-E3-20140722","[1390837, 1390910, 1361077]"
"CBN-Pla-E3-20140902","[1392299, 1390910, 1356857]"
"CBN-Pla-E3-20150702","[1390793, 1396253, 1361347]"
"CBN-Pla-E3-20150723","[1396253, 1394311, 1412857]"
"CBN-Pla-E3-20150811","[1396253, 1390910, 1362331]"
"CBN-Pla-E3-20150901","[1394311, 1412857, 1396253]"
"CBN-Pla-E3-20160707","[1390793, 1390910, 1394311]"
"CBN-Pla-E3-20160728","[1396253, 1394311, 1361281]"
"CBN-Pla-E3-20180724","[1390793, 1390910, 1361281]"
"CBN-Pla-E3-20180816","[1396253, 1412857, 1394540]"
"CBN-Pla-E3-20180906","[1412857, 1361281, 1390910]"
"CBN-Pla-E3-20190723","[1396253, 1392535, 1412857]"
"CBN-Pla-E3-20190814","[1394311, 1396253, 1390910]"
"CBN-Pla-E3-20200630","[1393703, 1390837, 1390793]"
"CBN-Pla-E3-20200723","[1396253, 1390910, 1397045]"
"CBN-Pla-E3-20200814","[1412857, 1400176, 1361347]"
"CBN-Pla-E4-20130808","[1396253, 1390793, 1394311]"
"CBN-Pla-E4-20130904","[1396843, 1361281, 1394311]"
"CBN-Pla-E4-20140722","[1390793, 1361077, 1390910]"
"CBN-Pla-E4-20140902","[1396843, 1361367, 1361347]"
"CBN-Pla-E4-20150702","[1390793, 1361347, 1390910]"
"CBN-Pla-E4-20150811","[1396253, 1396843, 1361281]"
"CBN-Pla-E4-20150901","[1394311, 1361281, 1362331]"
"CBN-Pla-E4-20160707","[1394311, 1390793, 1390910]"
"CBN-Pla-E4-20160728","[1390910, 1361347, 1394311]"
"CBN-Pla-E4-20180724","[1390837, 1390793, 1361057]"
"CBN-Pla-E4-20180816","[1396253, 1390793, 1395807]"
"CBN-Pla-E4-20180906","[1396843, 1720959, 1361281]"
"CBN-Pla-E4-20190723","[1396253, 1395807, 1394311]"
"CBN-Pla-E4-20190814","[1394311, 1362331, 1394630]"
"CBN-Pla-E4-20200630","[1360981, 1361703, 1363409]"
"CBN-Pla-E4-20200723","[1395807, 1741880, 1395870]"
"CBN-Pla-E4-20200814","[1390793, 1741880, 1395807]"
"CBN-Pla-E5-20130808","[1361347, 1395807, 1397046]"
"CBN-Pla-E5-20130904","[1395807, 1361077, 1392299]"
"CBN-Pla-E5-20140722","[1361347, 1390870, 1390793]"
"CBN-Pla-E5-20140902","[1361347, 1361077, 1361284]"
"CBN-Pla-E5-20150702","[1392535, 1394911, 1361347]"
"CBN-Pla-E5-20150723","[1363056, 1395807, 1397046]"
"CBN-Pla-E5-20150811","[1395807, 1361347, 1390910]"
"CBN-Pla-E5-20150901","[1394311, 1412857, 1395807]"
"CBN-Pla-E5-20160707","[1361347, 1390793, 1394311]"
"CBN-Pla-E5-20160728","[1361347, 1412857, 1397046]"
"CBN-Pla-E5-20180724","[1361281, 1390793, 1397046]"
"CBN-Pla-E5-20180816","[1395807, 1397046, 1361347]"
"CBN-Pla-E5-20180906","[1395807, 1394911, 1397046]"
"CBN-Pla-E5-20190723","[1395807, 1394911, 1395870]"
"CBN-Pla-E5-20190814","[1392299, 1741880, 1395807]"
"CBN-Pla-E5-20200630","[1361703, 1391143, 1361139]"
"CBN-Pla-E5-20200723","[1395807, 1412857, 1390793]"
"CBN-Pla-E5-20200814","[1390793, 1395807, 1741880]"
"CBN-Pla-E6-20130808","[1395807, 1390793, 1390910]"
"CBN-Pla-E6-20130904","[1412857, 1395807, 1361347]"
"CBN-Pla-E6-20140722","[1390793, 1390870, 1390846]"
"CBN-Pla-E6-20140902","[1395807, 1392309, 1390910]"
"CBN-Pla-E6-20150702","[1412857, 1390793, 1394641]"
"CBN-Pla-E6-20150723","[1395807, 1363056, 1361281]"
"CBN-Pla-E6-20150811","[1395807, 1412857, 1395870]"
"CBN-Pla-E6-20150901","[1395807, 1412857, 1390793]"
"CBN-Pla-E6-20160707","[1412857, 1741880, 1361281]"
"CBN-Pla-E6-20160728","[1395807, 1741880, 1361281]"
"CBN-Pla-E6-20180724","[1361347, 1390756, 1412857]"
"CBN-Pla-E6-20180816","[1412857, 1395807, 1397046]"
"CBN-Pla-E6-20180906","[1395807, 1361347, 1412857]"
"CBN-Pla-E6-20190723","[1395807, 1397500, 1390793]"
"CBN-Pla-E6-20190814","[1741880, 1395807, 1741624]"
"CBN-Pla-E6-20200723","[1395807, 1394641, 1395870]"
"CBN-Pla-E6-20200814","[1741624, 1395807, 1390793]"
"CBN-Pla-F1-20130808","[1396253, 1393679, 1390837]"
"CBN-Pla-F1-20130904","[1363056, 1396253, 1361233]"
"CBN-Pla-F1-20140722","[1393679, 1654153, 1741880]"
"CBN-Pla-F1-20140902","[1394311, 1647128, 1390910]"
"CBN-Pla-F1-20150702","[1394311, 1396733, 1390910]"
"CBN-Pla-F1-20150723","[1396253, 1363056, 1394311]"
"CBN-Pla-F1-20150901","[1394311, 1390793, 1390910]"
"CBN-Pla-F1-20160707","[1392407, 1393679, 1654153]"
"CBN-Pla-F1-20160728","[1741624, 1412585, 1361281]"
"CBN-Pla-F1-20180724","[1361281, 1390910, 1390793]"
"CBN-Pla-F1-20180816","[1741624, 1359296, 1519650]"
"CBN-Pla-F1-20180906","[1728573, 1394479, 1392679]"
"CBN-Pla-F1-20190723","[1363056, 1396733, 1654153]"
"CBN-Pla-F1-20190814","[1654153, 1363056, 1361281]"
"CBN-Pla-F1-20200630","[1390910, 1390793, 1390870]"
"CBN-Pla-F1-20200723","[1741624, 1359296, 1391359]"
"CBN-Pla-F1-20200814","[1363056, 1362331, 1361281]"
"CBN-Pla-F2-20130808","[1390793, 1412857, 1394311]"
"CBN-Pla-F2-20130904","[1394311, 1647128, 1654153]"
"CBN-Pla-F2-20140722","[1390793, 1394630, 1390846]"
"CBN-Pla-F2-20140902","[1361281, 1361284, 1390910]"
"CBN-Pla-F2-20150702","[1394311, 1361281, 1390793]"
"CBN-Pla-F2-20150723","[1412857, 1741624, 1394643]"
"CBN-Pla-F2-20150901","[1390793, 1394311, 1390910]"
"CBN-Pla-F2-20160707","[1390793, 1418612, 1361281]"
"CBN-Pla-F2-20160728","[1361281, 1390793, 1741880]"
"CBN-Pla-F2-20180724","[1390793, 1390837, 1390910]"
"CBN-Pla-F2-20180816","[1741624, 1359296, 1412585]"
"CBN-Pla-F2-20180906","[1412857, 1390793, 1394311]"
"CBN-Pla-F2-20190723","[1394311, 1396733, 1390910]"
"CBN-Pla-F2-20190814","[1396733, 1390910, 1392407]"
"CBN-Pla-F2-20200630","[1720968, 1394311, 1389817]"
"CBN-Pla-F2-20200723","[1396733, 1390910, 1720959]"
"CBN-Pla-F2-20200814","[1390793, 1394311, 1390837]"
"CBN-Pla-F3-20130808","[1394598, 1361281, 1394603]"
"CBN-Pla-F3-20130904","[1394311, 1361281, 1361077]"
"CBN-Pla-F3-20140722","[1390793, 1394311, 1390910]"
"CBN-Pla-F3-20140902","[1647128, 1412857, 1361367]"
"CBN-Pla-F3-20150702","[1361281, 1394311, 1390793]"
"CBN-Pla-F3-20150723","[1741624, 1392299, 1361284]"
"CBN-Pla-F3-20150811","[1412857, 1394643, 1361281]"
"CBN-Pla-F3-20150901","[1394311, 1412857, 1394643]"
"CBN-Pla-F3-20160707","[1361281, 1390793, 1394311]"
"CBN-Pla-F3-20160728","[1412857, 1400176, 1397046]"
"CBN-Pla-F3-20180724","[1390793, 1361347, 1412857]"
"CBN-Pla-F3-20180816","[1394643, 1741624, 1412857]"
"CBN-Pla-F3-20180906","[1394643, 1412857, 1392299]"
"CBN-Pla-F3-20190723","[1412857, 1394641, 1394643]"
"CBN-Pla-F3-20190814","[1412857, 1392535, 1394911]"
"CBN-Pla-F3-20200630","[1396169, 1397513, 1356424]"
"CBN-Pla-F3-20200723","[1394643, 1412857, 1397046]"
"CBN-Pla-F3-20200814","[1412857, 1397046, 1390793]"
"CBN-Pla-F4-20130808","[1395807, 1390793, 1394641]"
"CBN-Pla-F4-20130904","[1361281, 1392333, 1361077]"
"CBN-Pla-F4-20140722","[1361077, 1390910, 1390837]"
"CBN-Pla-F4-20150723","[1395807, 1647128, 1412857]"
"CBN-Pla-F4-20150811","[1412857, 1394311, 1647128]"
"CBN-Pla-F4-20150901","[1412857, 1390793, 1394311]"
"CBN-Pla-F4-20160707","[1412857, 1390910, 1394641]"
"CBN-Pla-F4-20160728","[1412857, 1394311, 1394641]"
"CBN-Pla-F4-20180724","[1412857, 1390793, 1390837]"
"CBN-Pla-F4-20180816","[1412857, 1394643, 1361281]"
"CBN-Pla-F4-20180906","[1412857, 1394641, 1394311]"
"CBN-Pla-F4-20190723","[1412857, 1361077, 1397500]"
"CBN-Pla-F4-20190814","[1412857, 1394641, 1394643]"
"CBN-Pla-F4-20200630","[1361703, 1359937, 1363317]"
"CBN-Pla-F4-20200723","[1412857, 1394643, 1395807]"
"CBN-Pla-F4-20200814","[1647128, 1412857, 1394641]"
"CBN-Pla-F5-20130808","[1394311, 1390910, 1390793]"
"CBN-Pla-F5-20130904","[1394311, 1396253, 1390910]"
"CBN-Pla-F5-20140722","[1390870, 1390793, 1390910]"
"CBN-Pla-F5-20140902","[1400176, 1392299, 1390910]"
"CBN-Pla-F5-20150702","[1390793, 1394311, 1390910]"
"CBN-Pla-F5-20150723","[1361281, 1395807, 1392309]"
"CBN-Pla-F5-20150811","[1395807, 1361281, 1361284]"
"CBN-Pla-F5-20150901","[1395807, 1394311, 1392299]"
"CBN-Pla-F5-20160707","[1395807, 1390837, 1390793]"
"CBN-Pla-F5-20160728","[1395807, 1394311, 1361281]"
"CBN-Pla-F5-20180724","[1390756, 1394311, 1361281]"
"CBN-Pla-F5-20180816","[1395807, 1390837, 1390910]"
"CBN-Pla-F5-20180906","[1392299, 1395807, 1390910]"
"CBN-Pla-F5-20190723","[1395807, 1396253, 1519650]"
"CBN-Pla-F5-20190814","[1395807, 1394311, 1392299]"
"CBN-Pla-F5-20200723","[1395807, 1390910, 1390837]"
"CBN-Pla-F5-20200814","[1395807, 1396253, 1390910]"
"CBN-Pla-F6-20130808","[1395807, 1390910, 1396253]"
"CBN-Pla-F6-20130904","[1390910, 1363056, 1396843]"
"CBN-Pla-F6-20140722","[1360981, 1356424, 1361281]"
"CBN-Pla-F6-20140902","[1361284, 1361347, 1392309]"
"CBN-Pla-F6-20150702","[1390837, 1397500, 1390910]"
"CBN-Pla-F6-20150723","[1395807, 1396253, 1390910]"
"CBN-Pla-F6-20150811","[1396843, 1361281, 1361347]"
"CBN-Pla-F6-20150901","[1361347, 1517561, 1390910]"
"CBN-Pla-F6-20160707","[1390837, 1390910, 1361077]"
"CBN-Pla-F6-20160728","[1395807, 1361347, 1362023]"
"CBN-Pla-F6-20180724","[1361347, 1390793, 1390837]"
"CBN-Pla-F6-20180816","[1412857, 1396253, 1517561]"
"CBN-Pla-F6-20180906","[1361347, 1360312, 1396253]"
"CBN-Pla-F6-20190723","[1396253, 1396843, 1360312]"
"CBN-Pla-F6-20190814","[1741880, 1396253, 1361281]"
"CBN-Pla-F6-20200723","[1395807, 1741880, 1395870]"
"CBN-Pla-F6-20200814","[1395807, 1396253, 1390910]"
"CBN-Pyr-01-20230706","[1396843, 1361284, 1392299]"
"CBN-Pyr-03-20230706","[1741624, 1397512, 1395949]"
"CBN-can-A1-20230705","[1412857, 1392608, 1395807]"
"CBN-can-A2-20230705","[1395807, 1412857, 1397500]"
"CBN-can-A3-20230705","[1393200, 1395807, 1392608]"
"CBN-can-A5-20230705","[1397475, 1392767, 1724565]"
"CBN-can-A6-20230705","[1397475, 1400101, 1360590]"
"CBN-can-B1-20230705","[1392608, 1395807, 1360299]"
"CBN-can-B2-20230705","[1392608, 1400101, 1361801]"
"CBN-can-B3-20230705","[1412857, 1395807, 1394643]"
"CBN-can-B4-20230705","[1397475, 1393200, 1395190]"
"CBN-can-B5-20230705","[1397475, 1395807, 1392535]"
"CBN-can-B6-20230705","[1397475, 1393679, 1395807]"
"CBN-can-C1-20230705","[1395807, 1393200, 1360874]"
"CBN-can-C2-20230705","[1395807, 1393200, 1395868]"
"CBN-can-C3-20230705","[1395807, 1364066, 1364071]"
"CBN-can-C4-20230705","[1395807, 1393708, 1395870]"
"CBN-can-D1-20230705","[1395807, 1393708, 1364071]"
"CBN-can-D2-20230705","[1412857, 1395807, 1397500]"
"CBN-can-D3-20230705","[1395807, 1412857, 1393200]"
"CBN-can-D4-20230705","[1400101, 1395807, 1393708]"
"CBN-can-E1-20230706","[1392608, 1395807, 1360299]"
"CBN-can-E2-20230706","[1395807, 1361284, 1395870]"
"CBN-can-E3-20230706","[1397430, 1394598, 1392535]"
"CBN-can-E4-20230706","[1395807, 1394663, 1360874]"
"CBN-can-E5-20230706","[1392608, 1364071, 1392535]"
"CBN-can-E6-20230706","[1395807, 1392539, 1392534]"
"CBN-can-F1-20230705","[1395807, 1392539, 1392535]"
"CBN-can-F2-20230706","[1395807, 1412857, 1361077]"
"CBN-can-F3-20230706","[1391666, 1395807, 1392309]"
"CBN-can-F4-20230706","[1397430, 1393681, 1361284]"
"CBN-can-F5-20230706","[1392608, 1392299, 1361077]"
"GUARDEN-AMB-CF04-1-10-20240325","[1359344, 1363302, 1359297]"
"GUARDEN-AMB-CF04-1-5-20240325","[1363302, 1363882, 1356839]"
"GUARDEN-AMB-CF21-1-1-20240326","[1388812, 1358711, 1359962]"
"GUARDEN-AMB-CF21-1-10-20240326","[1363302, 1722619, 1356521]"
"GUARDEN-AMB-CF21-1-2-20240326","[1363302, 1360719, 1361703]"
"GUARDEN-AMB-CF21-1-3-20240326","[1359344, 1363302, 1359297]"
"GUARDEN-AMB-CF21-1-4-20240326","[1363302, 1359344, 1359297]"
"GUARDEN-AMB-CF21-1-5-20240326","[1359344, 1359297, 1722619]"
"GUARDEN-AMB-CF21-1-6-20240326","[1359344, 1722619, 1359297]"
"GUARDEN-AMB-CF21-1-7-20240326","[1722619, 1363302, 1390761]"
"GUARDEN-AMB-CF21-1-8-20240326","[1359344, 1722619, 1363302]"
"GUARDEN-AMB-CF21-1-9-20240326","[1722619, 1743403, 1357129]"
"GUARDEN-AMB-GV04-1-3-20240326","[1359297, 1359298, 1359344]"
"GUARDEN-AMB-GV04-1-4-20240326","[1359297, 1359298, 1358118]"
"GUARDEN-AMB-GV04-1-5-20240326","[1359297, 1359298, 1358118]"
"GUARDEN-AMB-GV04-1-6-20240326","[1359297, 1359298, 1359169]"
"GUARDEN-AMB-GV04-1-7-20240326","[1359297, 1743245, 1359169]"
"GUARDEN-AMB-PR13-1-10-20240417","[1359297, 1359298, 1359344]"
"GUARDEN-AMB-PR13-1-2-20240417","[1721018, 1364037, 1360701]"
"GUARDEN-AMB-PR13-1-3-20240417","[1360701, 1721018, 1359297]"
"GUARDEN-AMB-PR13-1-4-20240417","[1364037, 1722433, 1721018]"
"GUARDEN-AMB-PR13-1-8-20240417","[1359344, 1359297, 1359298]"
"GUARDEN-AMB-PR20-1-1-20240424","[1722441, 1722433, 1737441]"
"GUARDEN-AMB-PR20-1-10-20240424","[1359297, 1743245, 1359298]"
"GUARDEN-AMB-PR20-1-8-20240424","[1359297, 1359344, 1391491]"
"GUARDEN-AMB-SA03-1-1-20240626","[1722441, 1359297, 1722433]"
"GUARDEN-AMB-SA03-1-10-20240626","[1742852, 1361703, 1363170]"
"GUARDEN-AMB-SA03-1-2-20240626","[1359297, 1359344, 1722441]"
"GUARDEN-AMB-SA03-1-3-20240626","[1359344, 1359297, 1358203]"
"GUARDEN-AMB-SA03-1-4-20240626","[1359297, 1359344, 1722441]"
"GUARDEN-AMB-SA03-1-5-20240626","[1359344, 1360978, 1359424]"
"GUARDEN-AMB-SA03-1-9-20240626","[1359297, 1359298, 1361703]"
"GUARDEN-AMB-VC03-1-3-20240417","[1359344, 1356905, 1359297]"
"GUARDEN-AMB-VC03-1-4-20240417","[1359344, 1356905, 1359297]"
"GUARDEN-AMB-VC03-1-5-20240417","[1359297, 1356905, 1359298]"
"GUARDEN-AMB-VC03-1-6-20240417","[1359297, 1359344, 1359298]"
"GUARDEN-CBNMed-10-1-16-34-20240429","[1358503, 1358509, 1392024]"
"GUARDEN-CBNMed-10-10-17-19-20240429","[1358613, 1548459, 1360327]"
"GUARDEN-CBNMed-10-5-16-55-20240429","[1356785, 1358503, 1358613]"
"GUARDEN-CBNMed-10-6-17-02-20240429","[1356785, 1358613, 1360260]"
"GUARDEN-CBNMed-10-7-17-05-20240429","[1358613, 1357111, 1360260]"
"GUARDEN-CBNMed-10-8-17-11-20240429","[1358613, 1548459, 1356576]"
"GUARDEN-CBNMed-10-9-17-16-20240429","[1358613, 1358503, 1359029]"
"GUARDEN-CBNMed-14-3-9-45-20240429","[1356728, 1356729, 1646703]"
"GUARDEN-CBNMed-14-4-9-49-20240429","[1359676, 1356728, 1392520]"
"GUARDEN-CBNMed-14-9-10-09-20240429","[1743299, 1359677, 1359676]"
"GUARDEN-CBNMed-15-10-12-17-20240429","[1361129, 1363489, 1361394]"
"GUARDEN-CBNMed-15-5-11-44-20240429","[1363467, 1361190, 1364171]"
"GUARDEN-CBNMed-15-7-12-02-20240429","[1363468, 1361190, 1364171]"
"GUARDEN-CBNMed-15-9-12-15-20240429","[1361129, 1361315, 1393403]"
"GUARDEN-CBNMed-16-1-13-37-20240429","[1722409, 1388990, 1357120]"
"GUARDEN-CBNMed-16-10-14-33-20240429","[1744243, 1359548, 1722409]"
"GUARDEN-CBNMed-16-2-13-45-20240429","[1359548, 1388990, 1361127]"
"GUARDEN-CBNMed-16-3-13-51-20240429","[1359548, 1744243, 1363707]"
"GUARDEN-CBNMed-16-4-13-57-20240429","[1359548, 1744243, 1722409]"
"GUARDEN-CBNMed-16-6-14-07-20240429","[1722409, 1744243, 1359548]"
"GUARDEN-CBNMed-16-7-14-1-20240429","[1744243, 1722409, 1359435]"
"GUARDEN-CBNMed-16-8-14-14-20240429","[1360999, 1744243, 1722409]"
"GUARDEN-CBNMed-17-3-10-56-20240429","[1361106, 1363303, 1360385]"
"GUARDEN-CBNMed-17-5-11-2-20240429","[1363292, 1361106, 1363212]"
"GUARDEN-CBNMed-19-1-15-24-20240429","[1357743, 1396055, 1396063]"
"GUARDEN-CBNMed-19-10-16-02-20240429","[1396055, 1396063, 1361926]"
"GUARDEN-CBNMed-19-2-15-31-20240429","[1363413, 1361315, 1394523]"
"GUARDEN-CBNMed-19-3-15-35-20240429","[1393397, 1361315, 1363468]"
"GUARDEN-CBNMed-19-4-15-39-20240429","[1396063, 1396057, 1361926]"
"GUARDEN-CBNMed-19-5-15-44-20240429","[1396055, 1396063, 1361926]"
"GUARDEN-CBNMed-19-6-15-48-20240429","[1396063, 1363413, 1361926]"
"GUARDEN-CBNMed-19-7-15-51-20240429","[1396063, 1397487, 1396055]"
"GUARDEN-CBNMed-19-8-15-53-20240429","[1364168, 1357815, 1364167]"
"GUARDEN-CBNMed-19-9-15-58-20240429","[1396055, 1396063, 1361926]"
"GUARDEN-CBNMed-20-1-9-35-20240428","[1360443, 1364040, 1364039]"
"GUARDEN-CBNMed-20-10-10-31-20240428","[1357114, 1359216, 1357117]"
"GUARDEN-CBNMed-20-8-10-19-20240428","[1360999, 1397376, 1356397]"
"GUARDEN-CBNMed-20-9-10-23-20240428","[1357114, 1359216, 1397376]"
"GUARDEN-CBNMed-21-10-11-42-20240428","[1388990, 1397376, 1360999]"
"GUARDEN-CBNMed-21-2-11-07-20240428","[1397376, 1357122, 1357117]"
"GUARDEN-CBNMed-21-3-11-09-20240428","[1357122, 1393365, 1388990]"
"GUARDEN-CBNMed-21-6-11-17-20240428","[1357122, 1388990, 1356108]"
"GUARDEN-CBNMed-21-8-11-23-20240428","[1357122, 1357114, 1388770]"
"GUARDEN-CBNMed-21-9-11-32-20240428","[1388990, 1363499, 1361127]"
"GUARDEN-CBNMed-22-1-13-39-20240428","[1360054, 1370637, 1722625]"
"GUARDEN-CBNMed-22-10-14-48-20240428","[1426004, 1356086, 1426005]"
"GUARDEN-CBNMed-22-2-14-05-20240428","[1722522, 1722625, 1722521]"
"GUARDEN-CBNMed-22-5-14-21-20240428","[1722522, 1722521, 1722625]"
"GUARDEN-CBNMed-22-6-14-23-20240428","[1722522, 1722521, 1722625]"
"GUARDEN-CBNMed-22-7-14-25-20240428","[1722522, 1722625, 1722521]"
"GUARDEN-CBNMed-22-9-14-42-20240428","[1426004, 1722625, 1722522]"
"GUARDEN-CBNMed-23-1-9-56-20240428","[1360999, 1363275, 1390785]"
"GUARDEN-CBNMed-23-10-10-42-20240428","[1357630, 1357911, 1358318]"
"GUARDEN-CBNMed-23-3-10-14-20240428","[1357911, 1360637, 1357771]"
"GUARDEN-CBNMed-23-4-10-17-20240428","[1356108, 1357911, 1393466]"
"GUARDEN-CBNMed-23-5-10-21-20240428","[1360711, 1737651, 1356108]"
"GUARDEN-CBNMed-23-6-10-24-20240428","[1393365, 1392682, 1357911]"
"GUARDEN-CBNMed-23-7-10-28-20240428","[1360999, 1393365, 1357911]"
"GUARDEN-CBNMed-23-8-10-34-20240428","[1356108, 1357911, 1743245]"
"GUARDEN-CBNMed-23-9-10-39-20240428","[1743245, 1356108, 1356271]"
"GUARDEN-CBNMed-24-10-13-06-20240428","[1388990, 1392299, 1397376]"
"GUARDEN-CBNMed-24-2-12-04-20240428","[1362462, 1393299, 1360978]"
"GUARDEN-CBNMed-24-3-12-15-20240428","[1360437, 1390734, 1357351]"
"GUARDEN-CBNMed-24-5-12-36-20240428","[1426088, 1357351, 1355881]"
"GUARDEN-CBNMed-24-6-12-46-20240428","[1360711, 1360437, 1396956]"
"GUARDEN-CBNMed-24-7-12-54-20240428","[1364006, 1360437, 1360715]"
"GUARDEN-CBNMed-24-8-14-58-20240428","[1360715, 1426088, 1664443]"
"GUARDEN-CBNMed-24-9-13-02-20240428","[1388990, 1360715, 1664443]"
"GUARDEN-CBNMed-25-1-13-52-20240428","[1394527, 1360739, 1361892]"
"GUARDEN-CBNMed-25-10-14-49-20240428","[1357981, 1357743, 1394527]"
"GUARDEN-CBNMed-25-2-13-57-20240428","[1388990, 1394527, 1363499]"
"GUARDEN-CBNMed-25-3-14-06-20240428","[1394527, 1357815, 1393418]"
"GUARDEN-CBNMed-25-4-14-15-20240428","[1357743, 1394527, 1357293]"
"GUARDEN-CBNMed-25-7-14-28-20240428","[1357981, 1360443, 1357968]"
"GUARDEN-CBNMed-25-8-14-39-20240428","[1357981, 1357293, 1357743]"
"GUARDEN-CBNMed-25-9-14-43-20240428","[1357981, 1357968, 1742109]"
"GUARDEN-CBNMed-26-10-10-01-20240428","[1359344, 1363526, 1363442]"
"GUARDEN-CBNMed-26-6-9-34-20240428","[1738652, 1743249, 1722478]"
"GUARDEN-CBNMed-26-8-9-45-20240428","[1359344, 1722441, 1359297]"
"GUARDEN-CBNMed-26-9-9-48-20240428","[1359344, 1359297, 1722441]"
"GUARDEN-CBNMed-27-1-11-17-20240428","[1360054, 1722522, 1393547]"
"GUARDEN-CBNMed-27-10-11-55-20240428","[1722522, 1360070, 1722625]"
"GUARDEN-CBNMed-27-2-11-32-20240428","[1360054, 1370637, 1357705]"
"GUARDEN-CBNMed-27-3-11-36-20240428","[1722522, 1360054, 1722625]"
"GUARDEN-CBNMed-27-4-11-39-20240428","[1722522, 1722625, 1722521]"
"GUARDEN-CBNMed-27-5-11-4-20240428","[1722522, 1722625, 1722521]"
"GUARDEN-CBNMed-27-6-11-42-20240428","[1722522, 1722625, 1722521]"
"GUARDEN-CBNMed-27-7-11-43-20240428","[1722522, 1722625, 1722521]"
"GUARDEN-CBNMed-27-8-11-45-20240428","[1722522, 1722625, 1722521]"
"GUARDEN-CBNMed-27-9-11-47-20240428","[1360054, 1391427, 1363191]"
"GUARDEN-CBNMed-28-1-12-46-20240428","[1722522, 1722625, 1722521]"
"GUARDEN-CBNMed-28-10-13-23-20240428","[1357705, 1396764, 1395940]"
"GUARDEN-CBNMed-28-2-12-48-20240428","[1722522, 1722625, 1360006]"
"GUARDEN-CBNMed-28-3-12-51-20240428","[1722522, 1722625, 1363191]"
"GUARDEN-CBNMed-28-4-12-52-20240428","[1360054, 1357705, 1722522]"
"GUARDEN-CBNMed-28-5-13-02-20240428","[1360054, 1357705, 1370637]"
"GUARDEN-CBNMed-28-6-13-06-20240428","[1722522, 1357705, 1722625]"
"GUARDEN-CBNMed-28-7-13-11-20240428","[1357705, 1722522, 1361412]"
"GUARDEN-CBNMed-28-8-13-14-20240428","[1357705, 1360558, 1722522]"
"GUARDEN-CBNMed-28-9-13-17-20240428","[1722522, 1357705, 1722625]"
"GUARDEN-CBNMed-29-6-14-31-20240428","[1359344, 1360719, 1357227]"
"GUARDEN-CBNMed-29-7-14-34-20240428","[1360701, 1360719, 1361412]"
"GUARDEN-CBNMed-30-1-16-07-20240428","[1393770, 1361959, 1737458]"
"GUARDEN-CBNMed-30-10-16-41-20240428","[1357227, 1359344, 1361412]"
"GUARDEN-CBNMed-30-2-16-23-20240428","[1359344, 1357227, 1394664]"
"GUARDEN-CBNMed-30-4-16-3-20240428","[1357227, 1394664, 1357236]"
"GUARDEN-CBNMed-30-6-16-34-20240428","[1394664, 1359344, 1357227]"
"GUARDEN-CBNMed-30-7-16-35-20240428","[1357227, 1394664, 1359344]"
"GUARDEN-CBNMed-30-8-16-37-20240428","[1357227, 1359344, 1394664]"
"GUARDEN-CBNMed-30-9-16-4-20240428","[1359344, 1357227, 1394664]"
"GUARDEN-CBNMed-31-1-9-37-20240428","[1359952, 1393770, 1359965]"
"GUARDEN-CBNMed-31-10-10-06-20240428","[1738610, 1393770, 1722444]"
"GUARDEN-CBNMed-31-2-9-4-20240428","[1355977, 1393770, 1363433]"
"GUARDEN-CBNMed-31-3-9-44-20240428","[1393770, 1738610, 1396726]"
"GUARDEN-CBNMed-31-4-9-48-20240428","[1396726, 1393770, 1355977]"
"GUARDEN-CBNMed-31-5-9-51-20240428","[1393770, 1396726, 1564441]"
"GUARDEN-CBNMed-31-6-9-54-20240428","[1393770, 1738610, 1396726]"
"GUARDEN-CBNMed-31-7-9-56-20240428","[1722578, 1393770, 1738610]"
"GUARDEN-CBNMed-31-8-10-20240428","[1396726, 1722578, 1738610]"
"GUARDEN-CBNMed-31-9-10-02-20240428","[1393770, 1738610, 1722444]"
"GUARDEN-CBNMed-32-1-11-46-20240428","[1396726, 1399609, 1357630]"
"GUARDEN-CBNMed-32-10-13-12-20240428","[1359952, 1393770, 1396726]"
"GUARDEN-CBNMed-32-2-11-58-20240428","[1359952, 1359009, 1396726]"
"GUARDEN-CBNMed-32-3-12-01-20240428","[1393770, 1396726, 1359009]"
"GUARDEN-CBNMed-32-4-12-12-20240428","[1396726, 1359009, 1358968]"
"GUARDEN-CBNMed-32-9-13-07-20240428","[1359952, 1393770, 1396063]"
"GUARDEN-CBNMed-33-1-14-48-20240428","[1399609, 1357630, 1397398]"
"GUARDEN-CBNMed-33-10-15-59-20240428","[1363882, 1357023, 1357004]"
"GUARDEN-CBNMed-33-2-15-01-20240428","[1357630, 1397398, 1399609]"
"GUARDEN-CBNMed-33-3-15-04-20240428","[1399609, 1357630, 1397398]"
"GUARDEN-CBNMed-33-4-15-26-20240428","[1742400, 1742109, 1509616]"
"GUARDEN-CBNMed-33-5-15-29-20240428","[1397398, 1357630, 1399609]"
"GUARDEN-CBNMed-33-6-15-36-20240428","[1399609, 1357630, 1397398]"
"GUARDEN-CBNMed-33-7-15-43-20240428","[1357023, 1357004, 1509616]"
"GUARDEN-CBNMed-33-8-15-5-20240428","[1357630, 1399609, 1397398]"
"GUARDEN-CBNMed-33-9-15-56-20240428","[1358349, 1422218, 1399609]"
"GUARDEN-CBNMed-38-1-12-58-20240428","[1395162, 1395169, 1437245]"
"GUARDEN-CBNMed-38-4-14-39-20240428","[1395162, 1437245, 1395169]"
"GUARDEN-CBNMed-38-6-15-04-20240428","[1395162, 1437245, 1395169]"
"GUARDEN-CBNMed-39-10-12-02-20240531","[1394627, 1414354, 1360711]"
"GUARDEN-CBNMed-39-7-11-3-20240531","[1414354, 1394627, 1356066]"
"GUARDEN-CBNMed-39-8-11-39-20240531","[1722436, 1361308, 1363056]"
"GUARDEN-CBNMed-39-9-11-5-20240531","[1363056, 1414354, 1391412]"
"GUARDEN-CBNMed-44-7-12-03-20240629","[1392059, 1392067, 1361077]"
"GUARDEN-CBNMed-5-1-12-38-20240430","[1414366, 1414367, 1361316]"
"GUARDEN-CBNMed-5-10-13-32-20240430","[1414366, 1414367, 1363281]"
"GUARDEN-CBNMed-5-2-12-45-20240430","[1414366, 1720971, 1363501]"
"GUARDEN-CBNMed-5-3-12-56-20240430","[1720971, 1414366, 1363459]"
"GUARDEN-CBNMed-5-4-13-20240430","[1414366, 1361316, 1411890]"
"GUARDEN-CBNMed-5-5-13-04-20240430","[1424916, 1363492, 1391823]"
"GUARDEN-CBNMed-5-6-13-07-20240430","[1414366, 1414367, 1422217]"
"GUARDEN-CBNMed-5-7-13-17-20240430","[1414366, 1361316, 1361153]"
"GUARDEN-CBNMed-5-8-13-22-20240430","[1414366, 1361316, 1414367]"
"GUARDEN-CBNMed-5-9-13-27-20240430","[1361316, 1363489, 1361357]"
"GUARDEN-CBNMed-6-9-15-28-20240430","[1360399, 1392438, 1673274]"
"GUARDEN-CBNMed-8-10-12-59-20240429","[1358613, 1360260, 1356576]"
"GUARDEN-CBNMed-8-4-12-33-20240429","[1744243, 1722409, 1361002]"
"GUARDEN-CBNMed-8-8-12-51-20240429","[1361002, 1359548, 1361000]"
"GUARDEN-CBNMed-8-9-12-56-20240429","[1361000, 1358613, 1359216]"
"GUARDEN-CBNMed-9-10-16-16-20240429","[1361002, 1359548, 1363707]"
"GUARDEN-CBNMed-9-2-15-46-20240429","[1358511, 1358509, 1418701]"
"GUARDEN-CBNMed-9-6-16-04-20240429","[1358613, 1356576, 1548459]"
"GUARDEN-CBNMed-9-7-16-06-20240429","[1358613, 1356145, 1548459]"
"GUARDEN-CBNMed-9-8-16-08-20240429","[1358613, 1361002, 1743299]"
"GUARDEN-CBNMed-9-9-16-14-20240429","[1359548, 1361002, 1361005]"
"LISAH-BOU-0-10-20230523","[1363835, 1363832, 1355881]"
"LISAH-BOU-0-101-20240425","[1425238, 1363730, 1363731]"
"LISAH-BOU-0-104-20240502","[1356276, 1397608, 1356464]"
"LISAH-BOU-0-105-20240502","[1356276, 1388806, 1706074]"
"LISAH-BOU-0-108-20240502","[1359772, 1356276, 1359767]"
"LISAH-BOU-0-109-20240502","[1355990, 1360417, 1364173]"
"LISAH-BOU-0-110-20240502","[1360416, 1356276, 1360417]"
"LISAH-BOU-0-111-20240502","[1355908, 1360417, 1388806]"
"LISAH-BOU-0-113-20240502","[1356276, 1388806, 1355908]"
"LISAH-BOU-0-114-20240502","[1360416, 1360385, 1360417]"
"LISAH-BOU-0-117-20240502","[1360417, 1360385, 1360416]"
"LISAH-BOU-0-118-20240502","[1356276, 1356013, 1392598]"
"LISAH-BOU-0-14-20230511","[1361190, 1363469, 1363467]"
"LISAH-BOU-0-15-20230511","[1363467, 1360931, 1363468]"
"LISAH-BOU-0-153-20240502","[1357351, 1364006, 1359277]"
"LISAH-BOU-0-154-20240502","[1357351, 1356013, 1390637]"
"LISAH-BOU-0-157-20240502","[1358643, 1356013, 1364006]"
"LISAH-BOU-0-16-20230511","[1363835, 1400186, 1363832]"
"LISAH-BOU-0-160-20240502","[1357351, 1363835, 1358643]"
"LISAH-BOU-0-163-20240502","[1363944, 1358643, 1356008]"
"LISAH-BOU-0-164-20240502","[1363835, 1358643, 1355991]"
"LISAH-BOU-0-165-20240502","[1363835, 1397476, 1356066]"
"LISAH-BOU-0-167-20240502","[1363731, 1359639, 1393775]"
"LISAH-BOU-0-168-20240502","[1363731, 1359639, 1359347]"
"LISAH-BOU-0-170-20240502","[1356066, 1363731, 1394638]"
"LISAH-BOU-0-171-20240502","[1357351, 1363731, 1355881]"
"LISAH-BOU-0-172-20240502","[1357351, 1363731, 1355881]"
"LISAH-BOU-0-173-20240502","[1357351, 1363731, 1355993]"
"LISAH-BOU-0-174-20240502","[1363731, 1361157, 1359347]"
"LISAH-BOU-0-175-20240502","[1363731, 1359347, 1425238]"
"LISAH-BOU-0-183-20240502","[1363731, 1356066, 1646528]"
"LISAH-BOU-0-187-20240502","[1356066, 1363944, 1361307]"
"LISAH-BOU-0-191-20240502","[1414353, 1359268, 1358478]"
"LISAH-BOU-0-2-20240425","[1356276, 1360935, 1388794]"
"LISAH-BOU-0-24-20230512","[1361000, 1389311, 1360417]"
"LISAH-BOU-0-24-20240425","[1389311, 1356013, 1360161]"
"LISAH-BOU-0-25-20230512","[1360385, 1389311, 1360354]"
"LISAH-BOU-0-25-20230711","[1357635, 1363993, 1364173]"
"LISAH-BOU-0-28-20240425","[1361000, 1389311, 1360385]"
"LISAH-BOU-0-29-20230523","[1397356, 1422217, 1363468]"
"LISAH-BOU-0-29-20230621","[1363212, 1706074, 1360816]"
"LISAH-BOU-0-29-20240425","[1361000, 1397356, 1389311]"
"LISAH-BOU-0-3-20230721","[1363212, 1361315, 1393407]"
"LISAH-BOU-0-30-20230512","[1356012, 1397356, 1356017]"
"LISAH-BOU-0-30-20240425","[1389311, 1356013, 1360385]"
"LISAH-BOU-0-31-20230919","[1360814, 1396812, 1360981]"
"LISAH-BOU-0-31-20240425","[1356013, 1389311, 1360385]"
"LISAH-BOU-0-32-20230516","[1390933, 1390879, 1361068]"
"LISAH-BOU-0-32-20240425","[1356012, 1360614, 1389311]"
"LISAH-BOU-0-34-20230516","[1650353, 1390933, 1393522]"
"LISAH-BOU-0-35-20240425","[1356012, 1397356, 1389311]"
"LISAH-BOU-0-36-20240425","[1356017, 1356012, 1360613]"
"LISAH-BOU-0-37-20230512","[1397356, 1361000, 1395477]"
"LISAH-BOU-0-37-20240425","[1356012, 1361000, 1397356]"
"LISAH-BOU-0-38-20230516","[1357542, 1356013, 1363835]"
"LISAH-BOU-0-39-20230512","[1397356, 1391354, 1398197]"
"LISAH-BOU-0-4-20230511","[1414353, 1363467, 1422218]"
"LISAH-BOU-0-4-20230711","[1356803, 1364006, 1397392]"
"LISAH-BOU-0-4-20240425","[1356013, 1356008, 1392594]"
"LISAH-BOU-0-40-20230512","[1361000, 1397356, 1360614]"
"LISAH-BOU-0-40-20240425","[1397356, 1360816, 1389311]"
"LISAH-BOU-0-41-20230512","[1397356, 1363212, 1414353]"
"LISAH-BOU-0-42-20230511","[1356012, 1358671, 1356007]"
"LISAH-BOU-0-43-20230512","[1363835, 1397356, 1400186]"
"LISAH-BOU-0-44-20240425","[1359639, 1389771, 1363945]"
"LISAH-BOU-0-5-20230512","[1356276, 1356318, 1364007]"
"LISAH-BOU-0-5-20230711","[1356803, 1364160, 1388941]"
"LISAH-BOU-0-50-20230512","[1361306, 1356066, 1422217]"
"LISAH-BOU-0-52-20230512","[1363945, 1363944, 1361306]"
"LISAH-BOU-0-54-20230512","[1361306, 1356286, 1361394]"
"LISAH-BOU-0-55-20230512","[1359639, 1363945, 1363944]"
"LISAH-BOU-0-56-20230512","[1359639, 1363944, 1363945]"
"LISAH-BOU-0-58-20230512","[1356066, 1361306, 1392594]"
"LISAH-BOU-0-6-20240425","[1356276, 1396319, 1650353]"
"LISAH-BOU-0-63-20230512","[1358257, 1390637, 1364162]"
"LISAH-BOU-0-65-20230512","[1361307, 1361306, 1359639]"
"LISAH-BOU-0-75-20230516","[1363468, 1363467, 1361190]"
"LISAH-BOU-0-79-20230512","[1359488, 1425238, 1359502]"
"LISAH-BOU-0-8-20240425","[1362653, 1391250, 1388809]"
"LISAH-BOU-0-84-20230512","[1425238, 1360753, 1359502]"
"LISAH-BOU-0-9-20240425","[1356396, 1650228, 1356397]"
"LISAH-BOU-0-98-20240425","[1425238, 1363730, 1363731]"
"LISAH-BVD-0-100-20230510","[1356286, 1356066, 1394627]"
"LISAH-BVD-0-101-20230510","[1356066, 1394627, 1394638]"
"LISAH-BVD-0-152-20230511","[1356066, 1394360, 1394627]"
"LISAH-BVD-0-155-20230511","[1356066, 1394627, 1356072]"
"LISAH-BVD-0-158-20230511","[1356066, 1356072, 1394627]"
"LISAH-BVD-0-191-20230511","[1363498, 1359497, 1363496]"
"LISAH-BVD-0-192-20230511","[1363522, 1363458, 1363593]"
"LISAH-BVD-0-195-20230511","[1363508, 1718548, 1720968]"
"LISAH-BVD-0-196-20230511","[1363555, 1359497, 1361316]"
"LISAH-BVD-0-197-20230511","[1356066, 1394636, 1363740]"
"LISAH-BVD-0-200-20230511","[1356066, 1363740, 1363739]"
"LISAH-BVD-0-203-20230511","[1363740, 1363739, 1356278]"
"LISAH-BVD-0-205-20230511","[1363740, 1363555, 1359517]"
"LISAH-BVD-0-206-20230511","[1363740, 1359497, 1363739]"
"LISAH-BVD-0-208-20230511","[1363740, 1359528, 1363458]"
"LISAH-BVD-0-209-20230511","[1356066, 1363740, 1363739]"
"LISAH-BVD-0-25-20230510","[1363740, 1359322, 1359497]"
"LISAH-BVD-0-275-20230516","[1363469, 1363468, 1356321]"
"LISAH-BVD-0-277-20230516","[1363993, 1360304, 1356321]"
"LISAH-BVD-0-278-20230516","[1363993, 1360304, 1361307]"
"LISAH-BVD-0-281-20230516","[1363993, 1360304, 1356321]"
"LISAH-BVD-0-282-20230516","[1363467, 1363468, 1356321]"
"LISAH-BVD-0-283-20230516","[1356321, 1360304, 1363993]"
"LISAH-BVD-0-285-20230516","[1356321, 1361306, 1361307]"
"LISAH-BVD-0-287-20230516","[1356321, 1361307, 1361306]"
"LISAH-BVD-0-288-20230516","[1363468, 1363467, 1363458]"
"LISAH-BVD-0-292-20230516","[1356321, 1360304, 1363993]"
"LISAH-BVD-0-293-20230516","[1363458, 1360304, 1356321]"
"LISAH-BVD-0-294-20230516","[1356321, 1360304, 1361302]"
"LISAH-BVD-0-295-20230516","[1361133, 1356321, 1363452]"
"LISAH-BVD-0-296-20230516","[1363993, 1361133, 1360304]"
"LISAH-BVD-0-297-20230516","[1363740, 1359497, 1363458]"
"LISAH-BVD-0-298-20230516","[1363993, 1360304, 1363735]"
"LISAH-BVD-0-299-20230516","[1363993, 1359497, 1361133]"
"LISAH-BVD-0-300-20230516","[1363993, 1422217, 1394884]"
"LISAH-BVD-0-301-20230516","[1363993, 1360304, 1363459]"
"LISAH-BVD-0-302-20230516","[1363993, 1360304, 1356321]"
"LISAH-BVD-0-309-20230516","[1363993, 1360304, 1394884]"
"LISAH-BVD-0-310-20230516","[1363993, 1360304, 1394884]"
"LISAH-BVD-0-337-20230516","[1356286, 1364006, 1361308]"
"LISAH-BVD-0-338-20230516","[1356286, 1364006, 1361206]"
"LISAH-BVD-0-339-20230516","[1364006, 1414353, 1414366]"
"LISAH-BVD-0-341-20230516","[1364006, 1426068, 1363740]"
"LISAH-BVD-0-342-20230516","[1364006, 1356286, 1360935]"
"LISAH-BVD-0-343-20230516","[1356286, 1363740, 1363739]"
"LISAH-BVD-0-344-20230516","[1397514, 1356286, 1359517]"
"LISAH-BVD-0-345-20230516","[1364006, 1356286, 1359885]"
"LISAH-BVD-0-346-20230516","[1356286, 1364006, 1363458]"
"LISAH-BVD-0-347-20230516","[1356286, 1364006, 1361302]"
"LISAH-BVD-0-348-20230516","[1356286, 1364006, 1357875]"
"LISAH-BVD-0-349-20230516","[1356286, 1364006, 1363475]"
"LISAH-BVD-0-35-20230510","[1363555, 1363526, 1363458]"
"LISAH-BVD-0-350-20230516","[1356286, 1363460, 1363478]"
"LISAH-BVD-0-351-20230516","[1356066, 1364006, 1394638]"
"LISAH-BVD-0-352-20230516","[1356286, 1356066, 1646528]"
"LISAH-BVD-0-353-20230516","[1356286, 1356066, 1363458]"
"LISAH-BVD-0-354-20230516","[1356066, 1646528, 1394638]"
"LISAH-BVD-0-364-20230516","[1363945, 1359639, 1363944]"
"LISAH-BVD-0-372-20230516","[1361306, 1361307, 1422217]"
"LISAH-BVD-0-379-20230516","[1361307, 1361306, 1356286]"
"LISAH-BVD-0-380-20230516","[1361306, 1361307, 1390966]"
"LISAH-BVD-0-383-20230516","[1356314, 1356278, 1363526]"
"LISAH-BVD-0-392-20230516","[1355936, 1359497, 1364006]"
"LISAH-BVD-0-397-20230517","[1414353, 1363526, 1718548]"
"LISAH-BVD-0-398-20230517","[1414353, 1356066, 1363740]"
"LISAH-BVD-0-412-20230517","[1363526, 1357495, 1355869]"
"LISAH-BVD-0-417-20230517","[1361307, 1363740, 1356066]"
"LISAH-BVD-0-428-20230517","[1363403, 1356286, 1356066]"
"LISAH-BVD-0-430-20230517","[1356286, 1364006, 1363458]"
"LISAH-BVD-0-431-20230517","[1364006, 1359284, 1356321]"
"LISAH-BVD-0-432-20230517","[1356286, 1364006, 1361302]"
"LISAH-BVD-0-463-20230517","[1363496, 1356066, 1394638]"
"LISAH-BVD-0-465-20230517","[1356066, 1363496, 1363526]"
"LISAH-BVD-0-471-20230517","[1356066, 1356286, 1356072]"
"LISAH-BVD-0-54-20230510","[1356314, 1359639, 1363946]"
"LISAH-BVD-0-99-20230510","[1356066, 1356286, 1394627]"
"LISAH-JAS-0-1-20220505","[1359981, 1356331, 1364065]"
"LISAH-JAS-0-11-20220505","[1357875, 1359497, 1363739]"
"LISAH-JAS-0-12-20220505","[1359519, 1359528, 1363739]"
"LISAH-JAS-0-13-20220505","[1359519, 1359497, 1363739]"
"LISAH-JAS-0-15-20220505","[1422217, 1359519, 1359802]"
"LISAH-JAS-0-16-20220505","[1359519, 1363878, 1359530]"
"LISAH-JAS-0-17-20220505","[1359802, 1359497, 1363739]"
"LISAH-JAS-0-2-20220505","[1359981, 1356111, 1364065]"
"LISAH-JAS-0-6-20220505","[1364138, 1356084, 1357862]"
"LISAH-JAS-0-7-20220505","[1364138, 1357862, 1356084]"
"LISAH-JAS-0-9-20220505","[1359519, 1357538, 1364061]"
"LISAH-JAS-1-25-20220505","[1361157, 1363467, 1414366]"
"LISAH-JAS-1-27-20220505","[1359322, 1361306, 1412585]"
"LISAH-JAS-1-28-20220505","[1363740, 1363944, 1363945]"
"LISAH-JAS-1-5-20220505","[1359981, 1364063, 1357546]"
"LISAH-PEC-0-0-20220608","[1396055, 1396063, 1358478]"
"LISAH-PEC-0-1-20230411","[1422217, 1356013, 1355993]"
"LISAH-PEC-0-10-20230405","[1357635, 1391455, 1363526]"
"LISAH-PEC-0-11-20230405","[1424916, 1363526, 1363496]"
"LISAH-PEC-0-11-20230411","[1363915, 1741690, 1363899]"
"LISAH-PEC-0-12-20230411","[1392699, 1358654, 1363878]"
"LISAH-PEC-0-13-20230411","[1363915, 1355991, 1741690]"
"LISAH-PEC-0-13-20230413","[1364151, 1363676, 1356013]"
"LISAH-PEC-0-14-20230407","[1360290, 1363988, 1737565]"
"LISAH-PEC-0-15-20230407","[1361000, 1395477, 1392491]"
"LISAH-PEC-0-17-20230413","[1363676, 1363674, 1363680]"
"LISAH-PEC-0-18-20230411","[1356013, 1363899, 1363878]"
"LISAH-PEC-0-19-20230413","[1363676, 1356013, 1391823]"
"LISAH-PEC-0-20-20230411","[1363899, 1392699, 1356013]"
"LISAH-PEC-0-4-20230407","[1395477, 1395507, 1389311]"
"LISAH-PEC-0-4-20230411","[1356013, 1355993, 1363915]"
"LISAH-PEC-0-6-20220608","[1357401, 1363402, 1361394]"
"LISAH-PEC-0-6-20230411","[1356013, 1358654, 1357635]"
"LISAH-PEC-0-8-20230405","[1363791, 1363878, 1358264]"
"LISAH-PEC-0-9-20230411","[1356013, 1355993, 1358654]"
"LISAH-PEC-0-9-20230413","[1357598, 1363899, 1363896]"
"LISAH-PEC-1-13-20230405","[1391455, 1357635, 1363915]"
"LISAH-PEC-1-18-20230407","[1363878, 1363915, 1363875]"
"LISAH-PEC-2-0-20220609","[1422217, 1361306, 1364151]"
"LISAH-PEC-2-11-20220609","[1357351, 1355881, 1422217]"
"LISAH-PEC-2-17-20230407","[1390637, 1362019, 1355994]"
"LISAH-PEC-2-2-20220609","[1361307, 1356013, 1361306]"
"LISAH-PEC-2-20-20230407","[1356013, 1363878, 1355991]"
"LISAH-PEC-2-4-20220609","[1422217, 1414366, 1361306]"
"LISAH-PEC-2-5-20220609","[1364151, 1355881, 1361190]"
"LISAH-PEC-2-5-20230407","[1363878, 1362019, 1360400]"
"LISAH-PEC-2-6-20220609","[1422217, 1422218, 1414367]"
"LISAH-PEC-3-10-20230407","[1363676, 1359268, 1363804]"
"LISAH-PEC-3-16-20230407","[1363676, 1363674, 1359268]"
"LISAH-PEC-3-20-20230407","[1363676, 1363674, 1741625]"
"OPTMix-0108-P1-312-20231006","[1356404, 1396752, 1722340]"
"OPTMix-0108-P1-422-20231006","[1394759, 1361055, 1389018]"
"OPTMix-0108-P1-427-20231006","[1356404, 1419076, 1356364]"
"OPTMix-0108-P1-533-20231006","[1357413, 1419076, 1361055]"
"OPTMix-0108-P1-95-20231006","[1361055, 1361376, 1363593]"
"OPTMix-012-P1-143-20231201","[1419076, 1392309, 1548458]"
"OPTMix-012-P1-208-20231201","[1419076, 1359973, 1392309]"
"OPTMix-012-P2-192-20231201","[1419076, 1548458, 1737422]"
"OPTMix-012-P2-207-20231201","[1419076, 1394616, 1548458]"
"OPTMix-012-P2-240-20231201","[1359973, 1392309, 1419076]"
"OPTMix-012-P3-190-20231201","[1359973, 1392309, 1400084]"
"OPTMix-012-P3-218-20231201","[1419076, 1392309, 1548458]"
"OPTMix-012-P3-220-20231201","[1392309, 1400084, 1390756]"
"OPTMix-0178-P1-1060-20231006","[1396752, 1356404, 1722340]"
"OPTMix-0178-P1-1061-20231006","[1357413, 1419076, 1394616]"
"OPTMix-0178-P1-552-20231006","[1356404, 1391805, 1396752]"
"OPTMix-0178-P1-661-20231006","[1356404, 1722340, 1356364]"
"OPTMix-0178-P1-663-20231006","[1419076, 1356433, 1358612]"
"OPTMix-0178-P1-669-20231006","[1394616, 1392309, 1419076]"
"OPTMix-0200-11006-20231009","[1419076, 1548458, 1395026]"
"OPTMix-0200-P2-53-20231009","[1358507, 1361800, 1361000]"
"OPTMix-0200-P2-54-20231009","[1360257, 1388809, 1394074]"
"OPTMix-0200-P2-68-20231009","[1358501, 1358503, 1358511]"
"OPTMix-0200-P3-108-20231009","[1356404, 1396752, 1356369]"
"OPTMix-0200-P3-127-20231009","[1396752, 1396416, 1389311]"
"OPTMix-0200-P3-139-20231009","[1388809, 1363508, 1394617]"
"OPTMix-0214-P1-207-20231010","[1392309, 1357413, 1395026]"
"OPTMix-0214-P1-208-20231010","[1392309, 1419076, 1395020]"
"OPTMix-0214-P1-235-20231010","[1419076, 1357413, 1395020]"
"OPTMix-0214-P2-22-20231010","[1358501, 1358511, 1361800]"
"OPTMix-0214-P2-64-20231010","[1358501, 1394617, 1361800]"
"OPTMix-0214-P2-84-20231010","[1419076, 1357413, 1358616]"
"OPTMix-0214-P3-186-20231010","[1361376, 1392309, 1361077]"
"OPTMix-0214-P3-196-20231010","[1392309, 1419076, 1357413]"
"OPTMix-0214-P3-278-20231010","[1361055, 1360945, 1361050]"
"OPTMix-0216-P4-208-20231009","[1358501, 1356364, 1356404]"
"OPTMix-0255-11233-20231009","[1361376, 1361055, 1400084]"
"OPTMix-0255-11372-20231009","[1389018, 1361376, 1389603]"
"OPTMix-0255-11382-20231009","[1361055, 1363593, 1393397]"
"OPTMix-033-P3-107-20231201","[1356404, 1396752, 1722340]"
"OPTMix-0333-P1-107-20231212","[1356404, 1392059, 1722340]"
"OPTMix-0333-P1-112-20231212","[1356404, 1396752, 1356428]"
"OPTMix-0333-P2-108-20231212","[1356404, 1356373, 1356432]"
"OPTMix-0333-P2-112-20231212","[1392769, 1361914, 1363409]"
"OPTMix-0333-P2-115-20231212","[1356404, 1390870, 1389603]"
"OPTMix-0333-P3-100-20231201","[1356404, 1356364, 1396752]"
"OPTMix-0333-P3-76-20231201","[1356404, 1358501, 1722340]"
"OPTMix-057-P1-1699-20231010","[1356404, 1356364, 1722340]"
"OPTMix-057-P1-1901-20231010","[1356404, 1358515, 1737588]"
"OPTMix-057-P1-1902-20231010","[1356382, 1356404, 1395026]"
"OPTMix-057-P1-1913-20231010","[1356404, 1722340, 1396752]"
"OPTMix-057-P1-1917-20231010","[1356404, 1356369, 1722340]"
"OPTMix-0593-P1-129-20231205","[1419076, 1548458, 1358612]"
"OPTMix-0593-P1-134-20231205","[1359973, 1419076, 1395035]"
"OPTMix-0593-P1-86-20231205","[1392309, 1419076, 1548458]"
"OPTMix-0593-P2-180-20231205","[1419076, 1395035, 1357413]"
"OPTMix-0593-P2-84-20231205","[1419076, 1548458, 1369309]"
"OPTMix-0593-P2-92-20231205","[1392309, 1400084, 1419076]"
"OPTMix-0593-P3-130-20231205","[1419076, 1361092, 1548458]"
"OPTMix-0593-P3-146-20231205","[1419076, 1392309, 1361077]"
"OPTMix-0593-P3-87-20231205","[1359973, 1419076, 1390756]"
"OPTMix-0598-P1-118-20231205","[1363593, 1390870, 1389603]"
"OPTMix-0598-P1-132-20231205","[1359973, 1419076, 1358612]"
"OPTMix-0598-P1-133-20231205","[1419076, 1357413, 1395026]"
"OPTMix-0598-P1-149-20231205","[1419076, 1358501, 1548458]"
"OPTMix-0598-P1-197-20231205","[1358501, 1363593, 1358507]"
"OPTMix-0598-P1-198-20231205","[1389603, 1397331, 1390870]"
"OPTMix-0598-P2-102-20231205","[1356404, 1396752, 1722340]"
"OPTMix-0598-P2-139-20231207","[1356404, 1419076, 1395466]"
"OPTMix-0598-P2-86-20231207","[1356790, 1356404, 1396752]"
"OPTMix-0598-P2-99-20231205","[1419076, 1548458, 1356790]"
"OPTMix-0598-P4-104-20231207","[1358501, 1419076, 1390870]"
"OPTMix-0598-P4-108-20231207","[1669279, 1356790, 1397383]"
"OPTMix-0598-P4-128-20231207","[1419076, 1359973, 1548458]"
"OPTMix-083-P3-139-20231110","[1356404, 1356364, 1390038]"
"OPTMix-083-P3-186-20231110","[1356404, 1722340, 1396752]"
"OPTMix-083-P3-96-20231110","[1358501, 1389603, 1358507]"
"OPTMix-108-P1-000-20231006","[1419076, 1363575, 1357413]"
"RNNB-1-1-20230512","[1722522, 1722625, 1722521]"
"RNNB-1-1-20240117","[1737441, 1722441, 1722433]"
"RNNB-1-10-20230512","[1722625, 1722522, 1397505]"
"RNNB-1-10-20240117","[1722441, 1722433, 1737441]"
"RNNB-1-2-20230512","[1722522, 1722521, 1722625]"
"RNNB-1-2-20240117","[1361703, 1722441, 1390680]"
"RNNB-1-3-20230512","[1722522, 1722521, 1722625]"
"RNNB-1-3-20240117","[1363477, 1359358, 1363881]"
"RNNB-1-4-20230512","[1722522, 1722625, 1722521]"
"RNNB-1-4-20240117","[1722433, 1722441, 1737441]"
"RNNB-1-5-20230512","[1722522, 1722625, 1363165]"
"RNNB-1-5-20240117","[1722441, 1737441, 1722433]"
"RNNB-1-6-20230512","[1722522, 1397505, 1722625]"
"RNNB-1-6-20240117","[1722433, 1722441, 1737441]"
"RNNB-1-7-20230512","[1722522, 1722625, 1363191]"
"RNNB-1-7-20240117","[1722433, 1722441, 1737441]"
"RNNB-1-8-20230512","[1722625, 1722522, 1722521]"
"RNNB-1-8-20240117","[1722441, 1722433, 1390761]"
"RNNB-1-9-20230512","[1722522, 1722625, 1722521]"
"RNNB-1-9-20240117","[1722441, 1722433, 1737441]"
"RNNB-2-1-20230512","[1722522, 1426004, 1722625]"
"RNNB-2-1-20240117","[1357227, 1722433, 1722441]"
"RNNB-2-10-20230512","[1426004, 1356086, 1360006]"
"RNNB-2-10-20240117","[1356083, 1357227, 1364037]"
"RNNB-2-2-20230512","[1426004, 1722522, 1722625]"
"RNNB-2-2-20240117","[1357227, 1390761, 1359344]"
"RNNB-2-3-20230512","[1426004, 1426005, 1356086]"
"RNNB-2-3-20240117","[1357227, 1722578, 1358203]"
"RNNB-2-4-20230512","[1426004, 1356086, 1360006]"
"RNNB-2-4-20240117","[1357227, 1722433, 1722441]"
"RNNB-2-5-20230512","[1426004, 1356086, 1360116]"
"RNNB-2-5-20240117","[1357227, 1359344, 1359297]"
"RNNB-2-6-20230512","[1426004, 1356086, 1360006]"
"RNNB-2-6-20240117","[1357227, 1359344, 1363302]"
"RNNB-2-7-20230512","[1426004, 1426005, 1356086]"
"RNNB-2-7-20240117","[1357227, 1722441, 1722433]"
"RNNB-2-8-20230512","[1426004, 1426005, 1356086]"
"RNNB-2-8-20240117","[1360701, 1360381, 1390761]"
"RNNB-2-9-20230512","[1426004, 1426005, 1360006]"
"RNNB-2-9-20240117","[1357227, 1356083, 1722433]"
"RNNB-3-1-20230512","[1363526, 1363447, 1363497]"
"RNNB-3-1-20240117","[1359344, 1722433, 1722619]"
"RNNB-3-10-20230512","[1650228, 1393522, 1722433]"
"RNNB-3-10-20240117","[1722433, 1721018, 1722441]"
"RNNB-3-11-20230512","[1722441, 1743938, 1650228]"
"RNNB-3-12-20230512","[1722433, 1743938, 1393522]"
"RNNB-3-2-20230512","[1426004, 1426005, 1425884]"
"RNNB-3-2-20240117","[1722441, 1359344, 1722433]"
"RNNB-3-3-20240117","[1359344, 1722441, 1722433]"
"RNNB-3-4-20230512","[1360925, 1360971, 1360931]"
"RNNB-3-4-20240117","[1722619, 1359344, 1359297]"
"RNNB-3-5-20230512","[1722433, 1650228, 1360926]"
"RNNB-3-5-20240117","[1356083, 1722619, 1722441]"
"RNNB-3-6-20230512","[1722433, 1650228, 1722441]"
"RNNB-3-6-20240117","[1355977, 1356083, 1361703]"
"RNNB-3-7-20230512","[1722433, 1722441, 1650228]"
"RNNB-3-7-20240117","[1355977, 1359344, 1360978]"
"RNNB-3-8-20230512","[1393522, 1650228, 1650353]"
"RNNB-3-8-20240117","[1356083, 1361703, 1722441]"
"RNNB-3-9-20230512","[1393522, 1722441, 1722433]"
"RNNB-3-9-20240117","[1363302, 1360701, 1356083]"
"RNNB-4-1-20240117","[1361703, 1356228, 1357769]"
"RNNB-4-1-20240118","[1388990, 1361412, 1363045]"
"RNNB-4-10-20240117","[1722441, 1722433, 1361326]"
"RNNB-4-10-20240118","[1357630, 1518245, 1397398]"
"RNNB-4-2-20240117","[1361703, 1356228, 1722619]"
"RNNB-4-2-20240118","[1361953, 1394019, 1361412]"
"RNNB-4-3-20240117","[1722441, 1361703, 1737441]"
"RNNB-4-3-20240118","[1357004, 1361412, 1363526]"
"RNNB-4-4-20240117","[1722441, 1361703, 1356228]"
"RNNB-4-4-20240118","[1361412, 1357630, 1399609]"
"RNNB-4-5-20240117","[1722441, 1722433, 1363302]"
"RNNB-4-5-20240118","[1357630, 1357004, 1357705]"
"RNNB-4-6-20240117","[1359344, 1363302, 1722433]"
"RNNB-4-6-20240118","[1357630, 1357705, 1362488]"
"RNNB-4-7-20240117","[1722441, 1737441, 1722433]"
"RNNB-4-7-20240118","[1357705, 1357630, 1392725]"
"RNNB-4-8-20240117","[1359344, 1361703, 1355950]"
"RNNB-4-8-20240118","[1357630, 1399609, 1392725]"
"RNNB-4-9-20240117","[1357848, 1359344, 1722441]"
"RNNB-4-9-20240118","[1357630, 1399609, 1392725]"
"RNNB-5-1-20240117","[1360542, 1357630, 1391354]"
"RNNB-5-1-20240118","[1357630, 1722441, 1361412]"
"RNNB-5-10-20240117","[1360981, 1722619, 1517561]"
"RNNB-5-10-20240118","[1357630, 1392725, 1397398]"
"RNNB-5-2-20240117","[1357630, 1399609, 1397398]"
"RNNB-5-2-20240118","[1357630, 1360978, 1362525]"
"RNNB-5-3-20240117","[1357630, 1399609, 1360542]"
"RNNB-5-3-20240118","[1361412, 1363526, 1363499]"
"RNNB-5-4-20240117","[1357630, 1393466, 1399609]"
"RNNB-5-4-20240118","[1357630, 1399609, 1392725]"
"RNNB-5-5-20240117","[1357630, 1399609, 1397398]"
"RNNB-5-5-20240118","[1357630, 1392725, 1397398]"
"RNNB-5-6-20240117","[1399609, 1357630, 1360542]"
"RNNB-5-6-20240118","[1357630, 1399609, 1392725]"
"RNNB-5-7-20240117","[1360542, 1426088, 1722501]"
"RNNB-5-7-20240118","[1722441, 1357630, 1397398]"
"RNNB-5-8-20240117","[1396197, 1363526, 1359959]"
"RNNB-5-8-20240118","[1722441, 1722433, 1737441]"
"RNNB-5-9-20240117","[1396197, 1360981, 1397543]"
"RNNB-5-9-20240118","[1357004, 1722441, 1722433]"
"RNNB-6-1-20240117","[1357560, 1364127, 1360542]"
"RNNB-6-1-20240118","[1361703, 1722441, 1722433]"
"RNNB-6-10-20240117","[1362429, 1390997, 1361437]"
"RNNB-6-10-20240118","[1357630, 1417760, 1397398]"
"RNNB-6-2-20240117","[1361412, 1356083, 1364037]"
"RNNB-6-2-20240118","[1722441, 1363875, 1722433]"
"RNNB-6-3-20240117","[1361412, 1388990, 1361124]"
"RNNB-6-3-20240118","[1722441, 1722433, 1722619]"
"RNNB-6-4-20240117","[1388990, 1363302, 1361412]"
"RNNB-6-4-20240118","[1722441, 1722433, 1396055]"
"RNNB-6-5-20240117","[1361412, 1360978, 1363526]"
"RNNB-6-5-20240118","[1722433, 1722441, 1425895]"
"RNNB-6-6-20240117","[1361412, 1363526, 1722441]"
"RNNB-6-6-20240118","[1357630, 1722619, 1361703]"
"RNNB-6-7-20240117","[1361412, 1357700, 1363434]"
"RNNB-6-7-20240118","[1357630, 1399609, 1392725]"
"RNNB-6-8-20240117","[1357848, 1363526, 1357358]"
"RNNB-6-8-20240118","[1361703, 1357630, 1399609]"
"RNNB-6-9-20240117","[1357004, 1722441, 1363526]"
"RNNB-6-9-20240118","[1361703, 1357630, 1356228]"
"RNNB-7-1-20240118","[1357630, 1392725, 1399609]"
"RNNB-7-10-20240118","[1361412, 1357004, 1388990]"
"RNNB-7-2-20240118","[1361412, 1357630, 1388990]"
"RNNB-7-3-20240118","[1357630, 1361412, 1392725]"
"RNNB-7-4-20240118","[1361412, 1388990, 1361127]"
"RNNB-7-5-20240118","[1361412, 1388990, 1357630]"
"RNNB-7-6-20240118","[1361412, 1399609, 1388990]"
"RNNB-7-7-20240118","[1722441, 1361412, 1388990]"
"RNNB-7-8-20240118","[1361437, 1361124, 1363898]"
"RNNB-7-9-20240118","[1388990, 1361127, 1363908]"
"RNNB-8-1-20240118","[1359344, 1359297, 1722441]"
"RNNB-8-10-20240118","[1722441, 1363302, 1722433]"
"RNNB-8-2-20240118","[1357227, 1722441, 1737441]"
"RNNB-8-3-20240118","[1722441, 1737441, 1722433]"
"RNNB-8-4-20240118","[1722441, 1737441, 1390761]"
"RNNB-8-5-20240118","[1359344, 1363302, 1359297]"
"RNNB-8-6-20240118","[1359344, 1359297, 1722578]"
"RNNB-8-7-20240118","[1359344, 1357848, 1357227]"
"RNNB-8-8-20240118","[1357227, 1359344, 1363892]"
"RNNB-8-9-20240118","[1722441, 1359344, 1390761]"
