"quadrat_id","species_ids"
"2024-CEV3-20240602","[1362443, 1395114, 1361058]"
"CBN-PdlC-A1-20130807","[1395807, 1392608, 1394643]"
"CBN-PdlC-A1-20130903","[1395807, 1394600, 1394643]"
"CBN-PdlC-A1-20140721","[1412857, 1360299, 1393619]"
"CBN-PdlC-A1-20140811","[1412857, 1392608, 1743294]"
"CBN-PdlC-A1-20140901","[1392608, 1363705, 1742165]"
"CBN-PdlC-A1-20150701","[1395807, 1564351, 1743294]"
"CBN-PdlC-A1-20150720","[1395807, 1412857, 1392614]"
"CBN-PdlC-A1-20150831","[1412857, 1394641, 1360299]"
"CBN-PdlC-A1-20160705","[1360299, 1363526, 1412857]"
"CBN-PdlC-A1-20160726","[1388915, 1394643, 1398824]"
"CBN-PdlC-A1-20170816","[1412857, 1737693, 1357392]"
"CBN-PdlC-A1-20170906","[1412857, 1394643, 1395807]"
"CBN-PdlC-A1-20180702","[1360981, 1564351, 1743294]"
"CBN-PdlC-A1-20180815","[1412857, 1392612, 1394877]"
"CBN-PdlC-A1-20180905","[1412857, 1360299, 1389329]"
"CBN-PdlC-A1-20190701","[1363526, 1392081, 1564351]"
"CBN-PdlC-A1-20190722","[1737651, 1398310, 1363455]"
"CBN-PdlC-A1-20190812","[1412857, 1392608, 1395807]"
"CBN-PdlC-A1-20190909","[1395807, 1412857, 1392608]"
"CBN-PdlC-A1-20200629","[1363424, 1356282, 1361792]"
"CBN-PdlC-A1-20200722","[1392608, 1412857, 1392535]"
"CBN-PdlC-A1-20200812","[1412857, 1360259, 1395807]"
"CBN-PdlC-A2-20130807","[1564351, 1743294, 1467324]"
"CBN-PdlC-A2-20130903","[1394600, 1564726, 1742571]"
"CBN-PdlC-A2-20140721","[1394542, 1477204, 1564351]"
"CBN-PdlC-A2-20140901","[1363336, 1389945, 1743294]"
"CBN-PdlC-A2-20150720","[1395807, 1564351, 1517496]"
"CBN-PdlC-A2-20150810","[1395807, 1394600, 1743294]"
"CBN-PdlC-A2-20150831","[1395807, 1393200, 1412857]"
"CBN-PdlC-A2-20160705","[1564351, 1743294, 1393553]"
"CBN-PdlC-A2-20160726","[1395807, 1392535, 1392534]"
"CBN-PdlC-A2-20170816","[1396733, 1564351, 1743294]"
"CBN-PdlC-A2-20180702","[1364068, 1395903, 1564351]"
"CBN-PdlC-A2-20180723","[1395807, 1363266, 1393200]"
"CBN-PdlC-A2-20180815","[1412857, 1743294, 1564351]"
"CBN-PdlC-A2-20180905","[1412857, 1394641, 1395807]"
"CBN-PdlC-A2-20190701","[1564351, 1392890, 1395166]"
"CBN-PdlC-A2-20190722","[1412857, 1392535, 1392534]"
"CBN-PdlC-A2-20190812","[1737652, 1364066, 1395807]"
"CBN-PdlC-A2-20190909","[1395807, 1412857, 1394605]"
"CBN-PdlC-A2-20200629","[1392081, 1564351, 1743228]"
"CBN-PdlC-A2-20200722","[1363016, 1360748, 1564351]"
"CBN-PdlC-A2-20200812","[1564351, 1743294, 1389687]"
"CBN-PdlC-A3-20130807","[1393231, 1364068, 1724565]"
"CBN-PdlC-A3-20130903","[1395807, 1412857, 1360269]"
"CBN-PdlC-A3-20140721","[1393619, 1393200, 1564351]"
"CBN-PdlC-A3-20140811","[1412857, 1388915, 1392612]"
"CBN-PdlC-A3-20140901","[1357608, 1392608, 1397549]"
"CBN-PdlC-A3-20150701","[1392608, 1356355, 1741884]"
"CBN-PdlC-A3-20150720","[1392612, 1393619, 1737651]"
"CBN-PdlC-A3-20150810","[1412857, 1395807, 1392612]"
"CBN-PdlC-A3-20150831","[1412857, 1395807, 1392608]"
"CBN-PdlC-A3-20160705","[1412857, 1393200, 1396971]"
"CBN-PdlC-A3-20160726","[1363944, 1412857, 1393200]"
"CBN-PdlC-A3-20170816","[1395807, 1412857, 1363526]"
"CBN-PdlC-A3-20170906","[1412857, 1393200, 1395807]"
"CBN-PdlC-A3-20180702","[1743294, 1564351, 1668620]"
"CBN-PdlC-A3-20180723","[1392612, 1395807, 1412857]"
"CBN-PdlC-A3-20180815","[1743294, 1564351, 1392081]"
"CBN-PdlC-A3-20180905","[1412857, 1395807, 1391148]"
"CBN-PdlC-A3-20190701","[1564351, 1743294, 1392081]"
"CBN-PdlC-A3-20190722","[1412857, 1393200, 1360874]"
"CBN-PdlC-A3-20190812","[1412857, 1360874, 1363991]"
"CBN-PdlC-A3-20190909","[1394643, 1412857, 1395807]"
"CBN-PdlC-A3-20200629","[1392081, 1743294, 1738585]"
"CBN-PdlC-A3-20200722","[1412857, 1393200, 1357608]"
"CBN-PdlC-A3-20200812","[1412857, 1393200, 1363933]"
"CBN-PdlC-A4-20130807","[1356729, 1363915, 1744003]"
"CBN-PdlC-A4-20130903","[1397475, 1395807, 1395190]"
"CBN-PdlC-A4-20140811","[1393200, 1397475, 1741903]"
"CBN-PdlC-A4-20140901","[1505431, 1360748, 1392608]"
"CBN-PdlC-A4-20150701","[1502791, 1743294, 1743567]"
"CBN-PdlC-A4-20150810","[1393200, 1360590, 1357608]"
"CBN-PdlC-A4-20150831","[1397475, 1395190, 1360299]"
"CBN-PdlC-A4-20160705","[1393200, 1397475, 1392081]"
"CBN-PdlC-A4-20160726","[1392608, 1393200, 1390653]"
"CBN-PdlC-A4-20170816","[1360748, 1391666, 1392081]"
"CBN-PdlC-A4-20170906","[1395190, 1397475, 1395158]"
"CBN-PdlC-A4-20180702","[1357104, 1357103, 1737422]"
"CBN-PdlC-A4-20180723","[1393200, 1392608, 1392081]"
"CBN-PdlC-A4-20180815","[1360903, 1397475, 1389687]"
"CBN-PdlC-A4-20180905","[1722416, 1360299, 1395190]"
"CBN-PdlC-A4-20190701","[1743299, 1357104, 1392309]"
"CBN-PdlC-A4-20190722","[1397475, 1393200, 1395190]"
"CBN-PdlC-A4-20190812","[1397475, 1395190, 1392608]"
"CBN-PdlC-A4-20190909","[1397475, 1360748, 1360261]"
"CBN-PdlC-A4-20200629","[1397475, 1358500, 1564351]"
"CBN-PdlC-A4-20200722","[1360748, 1397475, 1392608]"
"CBN-PdlC-A4-20200812","[1397475, 1395190, 1399738]"
"CBN-PdlC-A5-20130807","[1395807, 1395000, 1724565]"
"CBN-PdlC-A5-20130903","[1724565, 1364067, 1395190]"
"CBN-PdlC-A5-20140721","[1395807, 1397475, 1363496]"
"CBN-PdlC-A5-20140811","[1724565, 1361592, 1364066]"
"CBN-PdlC-A5-20150701","[1397475, 1393604, 1393708]"
"CBN-PdlC-A5-20150831","[1397475, 1395807, 1393708]"
"CBN-PdlC-A5-20160705","[1397475, 1393828, 1743294]"
"CBN-PdlC-A5-20160726","[1397475, 1392534, 1397043]"
"CBN-PdlC-A5-20170816","[1397475, 1395190, 1392081]"
"CBN-PdlC-A5-20170906","[1395807, 1363016, 1427744]"
"CBN-PdlC-A5-20180815","[1397475, 1360205, 1392767]"
"CBN-PdlC-A5-20180905","[1395807, 1363016, 1395190]"
"CBN-PdlC-A5-20190909","[1397475, 1361335, 1395190]"
"CBN-PdlC-A5-20200722","[1395807, 1363424, 1360874]"
"CBN-PdlC-A6-20130807","[1397475, 1395190, 1395807]"
"CBN-PdlC-A6-20130903","[1397475, 1397049, 1395190]"
"CBN-PdlC-A6-20140630","[1743294, 1564351, 1395166]"
"CBN-PdlC-A6-20140721","[1397475, 1395807, 1360260]"
"CBN-PdlC-A6-20140901","[1397475, 1395190, 1363424]"
"CBN-PdlC-A6-20150701","[1397475, 1356729, 1392081]"
"CBN-PdlC-A6-20150810","[1397475, 1418419, 1361444]"
"CBN-PdlC-A6-20150831","[1397475, 1394627, 1564351]"
"CBN-PdlC-A6-20160705","[1397475, 1356729, 1564351]"
"CBN-PdlC-A6-20160726","[1397475, 1356729, 1743294]"
"CBN-PdlC-A6-20170816","[1389627, 1397475, 1395758]"
"CBN-PdlC-A6-20170906","[1397475, 1395190, 1360260]"
"CBN-PdlC-A6-20180702","[1397475, 1395190, 1390706]"
"CBN-PdlC-A6-20180723","[1393200, 1395758, 1397475]"
"CBN-PdlC-A6-20180815","[1393874, 1392081, 1564351]"
"CBN-PdlC-A6-20180905","[1397475, 1393874, 1360260]"
"CBN-PdlC-A6-20190701","[1393679, 1393200, 1397475]"
"CBN-PdlC-A6-20190722","[1397475, 1395190, 1392081]"
"CBN-PdlC-A6-20190812","[1397475, 1396971, 1395190]"
"CBN-PdlC-A6-20190909","[1397475, 1400176, 1743294]"
"CBN-PdlC-A6-20200722","[1397475, 1395190, 1743294]"
"CBN-PdlC-A6-20200812","[1397475, 1395190, 1395807]"
"CBN-PdlC-B1-20130807","[1395807, 1360299, 1393200]"
"CBN-PdlC-B1-20130903","[1392608, 1392612, 1392081]"
"CBN-PdlC-B1-20140721","[1360299, 1363944, 1392608]"
"CBN-PdlC-B1-20140811","[1392608, 1392612, 1363455]"
"CBN-PdlC-B1-20140901","[1392608, 1393200, 1396733]"
"CBN-PdlC-B1-20150701","[1393830, 1392608, 1396261]"
"CBN-PdlC-B1-20150720","[1392608, 1395807, 1392612]"
"CBN-PdlC-B1-20150810","[1392608, 1392612, 1395807]"
"CBN-PdlC-B1-20150831","[1360299, 1395807, 1392608]"
"CBN-PdlC-B1-20160705","[1360299, 1392608, 1564351]"
"CBN-PdlC-B1-20160726","[1392608, 1392612, 1395807]"
"CBN-PdlC-B1-20170816","[1392608, 1392612, 1393200]"
"CBN-PdlC-B1-20170906","[1392608, 1360299, 1363424]"
"CBN-PdlC-B1-20180702","[1564351, 1743294, 1392081]"
"CBN-PdlC-B1-20180723","[1392608, 1395807, 1392612]"
"CBN-PdlC-B1-20180815","[1394877, 1392608, 1412857]"
"CBN-PdlC-B1-20180905","[1396296, 1393213, 1392608]"
"CBN-PdlC-B1-20190701","[1564351, 1389687, 1743294]"
"CBN-PdlC-B1-20190722","[1392608, 1395807, 1360299]"
"CBN-PdlC-B1-20190812","[1397942, 1360299, 1392608]"
"CBN-PdlC-B1-20190909","[1395807, 1392608, 1392612]"
"CBN-PdlC-B1-20200629","[1360299, 1389687, 1564351]"
"CBN-PdlC-B1-20200722","[1392608, 1412857, 1395807]"
"CBN-PdlC-B1-20200812","[1392612, 1392608, 1395807]"
"CBN-PdlC-B2-20130807","[1392608, 1360299, 1392612]"
"CBN-PdlC-B2-20130903","[1392612, 1392608, 1392081]"
"CBN-PdlC-B2-20140721","[1360299, 1392608, 1392612]"
"CBN-PdlC-B2-20140811","[1392612, 1392608, 1360299]"
"CBN-PdlC-B2-20140901","[1392608, 1392612, 1392081]"
"CBN-PdlC-B2-20150701","[1392612, 1392608, 1356440]"
"CBN-PdlC-B2-20150720","[1392608, 1360299, 1397043]"
"CBN-PdlC-B2-20150810","[1362485, 1360299, 1359835]"
"CBN-PdlC-B2-20150831","[1360299, 1743294, 1564351]"
"CBN-PdlC-B2-20160705","[1356901, 1359835, 1364066]"
"CBN-PdlC-B2-20160726","[1392608, 1361099, 1360299]"
"CBN-PdlC-B2-20170816","[1396733, 1392608, 1363595]"
"CBN-PdlC-B2-20170906","[1363526, 1360299, 1743294]"
"CBN-PdlC-B2-20180702","[1361573, 1361708, 1356402]"
"CBN-PdlC-B2-20180723","[1392612, 1392608, 1390657]"
"CBN-PdlC-B2-20180815","[1360140, 1361080, 1392081]"
"CBN-PdlC-B2-20180905","[1395807, 1392612, 1392081]"
"CBN-PdlC-B2-20190701","[1743294, 1392081, 1564351]"
"CBN-PdlC-B2-20190722","[1392608, 1360299, 1400101]"
"CBN-PdlC-B2-20190812","[1392614, 1412857, 1360299]"
"CBN-PdlC-B2-20190909","[1394643, 1392608, 1389627]"
"CBN-PdlC-B2-20200629","[1564351, 1743294, 1673405]"
"CBN-PdlC-B2-20200722","[1392612, 1390657, 1392608]"
"CBN-PdlC-B2-20200812","[1392608, 1360299, 1392081]"
"CBN-PdlC-B3-20130807","[1360140, 1364066, 1743294]"
"CBN-PdlC-B3-20130903","[1363526, 1392081, 1743294]"
"CBN-PdlC-B3-20140721","[1364066, 1495430, 1358537]"
"CBN-PdlC-B3-20140811","[1505431, 1394600, 1364066]"
"CBN-PdlC-B3-20140901","[1356350, 1394600, 1392081]"
"CBN-PdlC-B3-20150701","[1395807, 1414270, 1388915]"
"CBN-PdlC-B3-20150810","[1423209, 1364067, 1389687]"
"CBN-PdlC-B3-20150831","[1388915, 1389687, 1743294]"
"CBN-PdlC-B3-20160705","[1388915, 1737651, 1564351]"
"CBN-PdlC-B3-20160726","[1361444, 1743294, 1389687]"
"CBN-PdlC-B3-20170816","[1564351, 1362113, 1467324]"
"CBN-PdlC-B3-20170906","[1412857, 1743294, 1564351]"
"CBN-PdlC-B3-20180702","[1390532, 1564351, 1389687]"
"CBN-PdlC-B3-20180723","[1393200, 1395807, 1394910]"
"CBN-PdlC-B3-20180815","[1392608, 1392081, 1564351]"
"CBN-PdlC-B3-20180905","[1394643, 1743294, 1564351]"
"CBN-PdlC-B3-20190701","[1743294, 1564351, 1359140]"
"CBN-PdlC-B3-20190722","[1357608, 1395807, 1378797]"
"CBN-PdlC-B3-20190812","[1363741, 1414270, 1395807]"
"CBN-PdlC-B3-20190909","[1394643, 1395807, 1412857]"
"CBN-PdlC-B3-20200629","[1394811, 1389687, 1564351]"
"CBN-PdlC-B3-20200722","[1393200, 1412857, 1357608]"
"CBN-PdlC-B3-20200812","[1395807, 1412857, 1564351]"
"CBN-PdlC-B4-20130807","[1397475, 1399738, 1389596]"
"CBN-PdlC-B4-20130903","[1397475, 1418419, 1395190]"
"CBN-PdlC-B4-20140721","[1397475, 1356729, 1395190]"
"CBN-PdlC-B4-20140811","[1397475, 1395190, 1362340]"
"CBN-PdlC-B4-20140901","[1397475, 1395190, 1356729]"
"CBN-PdlC-B4-20150701","[1397475, 1392136, 1743294]"
"CBN-PdlC-B4-20150810","[1397475, 1390674, 1395190]"
"CBN-PdlC-B4-20150831","[1397475, 1391648, 1392608]"
"CBN-PdlC-B4-20160726","[1397475, 1395190, 1743294]"
"CBN-PdlC-B4-20170816","[1397475, 1399738, 1564351]"
"CBN-PdlC-B4-20170906","[1397475, 1399738, 1395190]"
"CBN-PdlC-B4-20180702","[1397475, 1356729, 1392081]"
"CBN-PdlC-B4-20180723","[1397475, 1356729, 1395190]"
"CBN-PdlC-B4-20180815","[1397475, 1395758, 1392081]"
"CBN-PdlC-B4-20180905","[1397475, 1395190, 1393874]"
"CBN-PdlC-B4-20190701","[1397475, 1357104, 1360269]"
"CBN-PdlC-B4-20190722","[1397475, 1395190, 1359677]"
"CBN-PdlC-B4-20190812","[1395190, 1397475, 1357103]"
"CBN-PdlC-B4-20190909","[1397475, 1395190, 1362952]"
"CBN-PdlC-B4-20200629","[1397475, 1356729, 1356728]"
"CBN-PdlC-B4-20200722","[1395158, 1397475, 1392081]"
"CBN-PdlC-B4-20200812","[1397475, 1395190, 1399738]"
"CBN-PdlC-B5-20130807","[1397475, 1395807, 1356729]"
"CBN-PdlC-B5-20130903","[1397475, 1395807, 1399738]"
"CBN-PdlC-B5-20140630","[1360413, 1361742, 1392081]"
"CBN-PdlC-B5-20140721","[1395807, 1397475, 1392535]"
"CBN-PdlC-B5-20140811","[1395190, 1397475, 1395807]"
"CBN-PdlC-B5-20140901","[1359662, 1395190, 1390659]"
"CBN-PdlC-B5-20150701","[1395807, 1397475, 1360322]"
"CBN-PdlC-B5-20150720","[1395807, 1392136, 1393604]"
"CBN-PdlC-B5-20150810","[1395807, 1395190, 1356432]"
"CBN-PdlC-B5-20150831","[1397475, 1395807, 1361801]"
"CBN-PdlC-B5-20160705","[1397475, 1395807, 1361801]"
"CBN-PdlC-B5-20160726","[1397475, 1361801, 1395807]"
"CBN-PdlC-B5-20170816","[1395807, 1397475, 1737693]"
"CBN-PdlC-B5-20170906","[1395807, 1397475, 1390674]"
"CBN-PdlC-B5-20180702","[1356729, 1394603, 1397475]"
"CBN-PdlC-B5-20180723","[1397521, 1718504, 1397475]"
"CBN-PdlC-B5-20180815","[1397475, 1395807, 1393874]"
"CBN-PdlC-B5-20180905","[1397475, 1356729, 1395190]"
"CBN-PdlC-B5-20190701","[1397475, 1743294, 1359140]"
"CBN-PdlC-B5-20190722","[1395807, 1397475, 1395190]"
"CBN-PdlC-B5-20190812","[1361801, 1395807, 1397475]"
"CBN-PdlC-B5-20190909","[1397475, 1359835, 1395807]"
"CBN-PdlC-B5-20200629","[1397475, 1394603, 1743294]"
"CBN-PdlC-B5-20200722","[1361801, 1359662, 1395807]"
"CBN-PdlC-B5-20200812","[1397475, 1395807, 1361801]"
"CBN-PdlC-B6-20130807","[1395807, 1390674, 1358537]"
"CBN-PdlC-B6-20130903","[1394605, 1359140, 1564351]"
"CBN-PdlC-B6-20140630","[1361373, 1743294, 1564351]"
"CBN-PdlC-B6-20140721","[1395807, 1363424, 1395166]"
"CBN-PdlC-B6-20140811","[1395807, 1402995, 1360874]"
"CBN-PdlC-B6-20140901","[1395807, 1718504, 1356396]"
"CBN-PdlC-B6-20150701","[1395807, 1393708, 1359750]"
"CBN-PdlC-B6-20150720","[1395807, 1396971, 1363526]"
"CBN-PdlC-B6-20150810","[1356396, 1395807, 1397475]"
"CBN-PdlC-B6-20150831","[1395807, 1364068, 1743294]"
"CBN-PdlC-B6-20160705","[1395807, 1397475, 1363526]"
"CBN-PdlC-B6-20160726","[1395807, 1358733, 1409180]"
"CBN-PdlC-B6-20170816","[1395807, 1388915, 1361801]"
"CBN-PdlC-B6-20170906","[1395807, 1743294, 1564351]"
"CBN-PdlC-B6-20180702","[1564351, 1743228, 1743355]"
"CBN-PdlC-B6-20180723","[1395807, 1359140, 1564351]"
"CBN-PdlC-B6-20180905","[1395807, 1394605, 1564351]"
"CBN-PdlC-B6-20190701","[1395807, 1564351, 1396733]"
"CBN-PdlC-B6-20190722","[1395807, 1402995, 1363740]"
"CBN-PdlC-B6-20190812","[1395807, 1360874, 1467324]"
"CBN-PdlC-B6-20190909","[1362485, 1395807, 1394366]"
"CBN-PdlC-B6-20200629","[1394603, 1363424, 1363526]"
"CBN-PdlC-B6-20200722","[1395807, 1361801, 1360874]"
"CBN-PdlC-B6-20200812","[1395807, 1361801, 1360748]"
"CBN-PdlC-C1-20130807","[1364067, 1397512, 1414270]"
"CBN-PdlC-C1-20130903","[1395807, 1363526, 1363424]"
"CBN-PdlC-C1-20140721","[1402995, 1397500, 1389687]"
"CBN-PdlC-C1-20140811","[1414270, 1395807, 1393200]"
"CBN-PdlC-C1-20140901","[1363266, 1363424, 1389687]"
"CBN-PdlC-C1-20150701","[1397500, 1564351, 1743294]"
"CBN-PdlC-C1-20150720","[1364067, 1360874, 1396314]"
"CBN-PdlC-C1-20150810","[1743294, 1564351, 1744833]"
"CBN-PdlC-C1-20150831","[1395807, 1361592, 1356397]"
"CBN-PdlC-C1-20160705","[1402995, 1399772, 1743294]"
"CBN-PdlC-C1-20160726","[1392309, 1364066, 1392767]"
"CBN-PdlC-C1-20170816","[1395807, 1564351, 1743294]"
"CBN-PdlC-C1-20170906","[1363424, 1395807, 1392309]"
"CBN-PdlC-C1-20180723","[1395807, 1392081, 1743294]"
"CBN-PdlC-C1-20180815","[1363496, 1564351, 1743294]"
"CBN-PdlC-C1-20180905","[1389329, 1743294, 1389687]"
"CBN-PdlC-C1-20190701","[1724565, 1389687, 1392081]"
"CBN-PdlC-C1-20190722","[1395807, 1743781, 1398722]"
"CBN-PdlC-C1-20190812","[1360874, 1358537, 1493678]"
"CBN-PdlC-C1-20190909","[1395807, 1389329, 1396733]"
"CBN-PdlC-C1-20200722","[1393200, 1395807, 1360748]"
"CBN-PdlC-C1-20200812","[1395807, 1363424, 1391989]"
"CBN-PdlC-C2-20130903","[1395807, 1360433, 1389687]"
"CBN-PdlC-C2-20140721","[1364067, 1564351, 1743294]"
"CBN-PdlC-C2-20140811","[1412857, 1392535, 1392309]"
"CBN-PdlC-C2-20140901","[1395807, 1392535, 1357608]"
"CBN-PdlC-C2-20150701","[1364172, 1394309, 1392535]"
"CBN-PdlC-C2-20150720","[1395807, 1412857, 1357608]"
"CBN-PdlC-C2-20150810","[1412857, 1357608, 1395807]"
"CBN-PdlC-C2-20150831","[1395807, 1412857, 1390657]"
"CBN-PdlC-C2-20160705","[1391148, 1363526, 1389687]"
"CBN-PdlC-C2-20160726","[1395807, 1412857, 1392535]"
"CBN-PdlC-C2-20170816","[1395807, 1743294, 1564351]"
"CBN-PdlC-C2-20170906","[1395807, 1392309, 1743294]"
"CBN-PdlC-C2-20180723","[1395807, 1396094, 1360140]"
"CBN-PdlC-C2-20180815","[1395807, 1389329, 1360140]"
"CBN-PdlC-C2-20180905","[1360140, 1395807, 1412857]"
"CBN-PdlC-C2-20190701","[1363734, 1361742, 1743294]"
"CBN-PdlC-C2-20190722","[1395807, 1393200, 1364066]"
"CBN-PdlC-C2-20190812","[1395807, 1392309, 1391092]"
"CBN-PdlC-C2-20190909","[1395807, 1360140, 1358537]"
"CBN-PdlC-C2-20200722","[1395807, 1397430, 1414270]"
"CBN-PdlC-C2-20200812","[1395807, 1390657, 1395870]"
"CBN-PdlC-C3-20130807","[1395807, 1364068, 1402995]"
"CBN-PdlC-C3-20130903","[1394643, 1361347, 1531436]"
"CBN-PdlC-C3-20140721","[1743294, 1564351, 1392081]"
"CBN-PdlC-C3-20140811","[1395807, 1392309, 1363496]"
"CBN-PdlC-C3-20140901","[1402995, 1517561, 1395807]"
"CBN-PdlC-C3-20150701","[1564351, 1743294, 1392081]"
"CBN-PdlC-C3-20150720","[1395807, 1363455, 1392309]"
"CBN-PdlC-C3-20150831","[1505431, 1363452, 1389687]"
"CBN-PdlC-C3-20160705","[1363526, 1723194, 1393679]"
"CBN-PdlC-C3-20160726","[1392309, 1363496, 1363424]"
"CBN-PdlC-C3-20170816","[1395807, 1737693, 1397430]"
"CBN-PdlC-C3-20170906","[1395807, 1564351, 1743294]"
"CBN-PdlC-C3-20180723","[1395807, 1564351, 1361444]"
"CBN-PdlC-C3-20180815","[1395807, 1564351, 1743294]"
"CBN-PdlC-C3-20180905","[1394366, 1392309, 1564351]"
"CBN-PdlC-C3-20190701","[1361742, 1724565, 1564351]"
"CBN-PdlC-C3-20190722","[1395807, 1397043, 1393679]"
"CBN-PdlC-C3-20190812","[1359835, 1723194, 1392309]"
"CBN-PdlC-C3-20190909","[1395807, 1743294, 1564351]"
"CBN-PdlC-C3-20200722","[1395807, 1724565, 1743294]"
"CBN-PdlC-C3-20200812","[1395807, 1564351, 1467324]"
"CBN-PdlC-C4-20130807","[1356075, 1364066, 1395807]"
"CBN-PdlC-C4-20130903","[1362485, 1395870, 1395807]"
"CBN-PdlC-C4-20140721","[1357060, 1743294, 1564351]"
"CBN-PdlC-C4-20140811","[1395807, 1397043, 1392081]"
"CBN-PdlC-C4-20140901","[1363555, 1395807, 1395920]"
"CBN-PdlC-C4-20150701","[1743294, 1392081, 1564351]"
"CBN-PdlC-C4-20150720","[1395807, 1392608, 1557427]"
"CBN-PdlC-C4-20150831","[1395807, 1564351, 1492610]"
"CBN-PdlC-C4-20160705","[1391148, 1743294, 1392081]"
"CBN-PdlC-C4-20160726","[1359835, 1363526, 1391881]"
"CBN-PdlC-C4-20170816","[1395807, 1363526, 1363424]"
"CBN-PdlC-C4-20170906","[1395807, 1564351, 1743294]"
"CBN-PdlC-C4-20180723","[1395807, 1393708, 1361444]"
"CBN-PdlC-C4-20180815","[1395807, 1505431, 1364067]"
"CBN-PdlC-C4-20180905","[1395807, 1363424, 1398722]"
"CBN-PdlC-C4-20190701","[1564351, 1743294, 1742165]"
"CBN-PdlC-C4-20190722","[1395807, 1396186, 1396682]"
"CBN-PdlC-C4-20190812","[1395807, 1364065, 1548249]"
"CBN-PdlC-C4-20190909","[1395807, 1737693, 1564351]"
"CBN-PdlC-C4-20200722","[1397430, 1360874, 1395807]"
"CBN-PdlC-C4-20200812","[1395807, 1360269, 1361444]"
"CBN-PdlC-C5-20130807","[1395807, 1364067, 1364068]"
"CBN-PdlC-C5-20130903","[1395807, 1743781, 1742165]"
"CBN-PdlC-C5-20140721","[1363526, 1361233, 1743294]"
"CBN-PdlC-C5-20140811","[1397043, 1395807, 1723194]"
"CBN-PdlC-C5-20140901","[1360312, 1395807, 1396267]"
"CBN-PdlC-C5-20150701","[1363526, 1363944, 1564351]"
"CBN-PdlC-C5-20150720","[1395807, 1364068, 1389687]"
"CBN-PdlC-C5-20150810","[1395807, 1392608, 1689257]"
"CBN-PdlC-C5-20150831","[1395807, 1737693, 1564351]"
"CBN-PdlC-C5-20160705","[1743294, 1564351, 1742165]"
"CBN-PdlC-C5-20160726","[1360874, 1363526, 1389687]"
"CBN-PdlC-C5-20170816","[1395807, 1738627, 1564351]"
"CBN-PdlC-C5-20170906","[1392067, 1389329, 1395807]"
"CBN-PdlC-C5-20180723","[1403533, 1395807, 1361626]"
"CBN-PdlC-C5-20180815","[1362485, 1743294, 1564351]"
"CBN-PdlC-C5-20180905","[1396253, 1395807, 1362485]"
"CBN-PdlC-C5-20190701","[1743944, 1390666, 1564351]"
"CBN-PdlC-C5-20190722","[1395807, 1397043, 1397046]"
"CBN-PdlC-C5-20190812","[1358733, 1360748, 1358379]"
"CBN-PdlC-C5-20190909","[1395807, 1744003, 1744833]"
"CBN-PdlC-C5-20200722","[1364068, 1364066, 1393310]"
"CBN-PdlC-C5-20200812","[1395807, 1467324, 1359140]"
"CBN-PdlC-C6-20130807","[1360140, 1364068, 1362697]"
"CBN-PdlC-C6-20130903","[1396253, 1389687, 1360171]"
"CBN-PdlC-C6-20140721","[1395903, 1564351, 1743294]"
"CBN-PdlC-C6-20140811","[1395807, 1564351, 1743294]"
"CBN-PdlC-C6-20140901","[1393657, 1389687, 1396553]"
"CBN-PdlC-C6-20150701","[1356424, 1743294, 1564351]"
"CBN-PdlC-C6-20150720","[1395807, 1364067, 1564351]"
"CBN-PdlC-C6-20150810","[1395807, 1357317, 1400111]"
"CBN-PdlC-C6-20150831","[1395807, 1737693, 1397045]"
"CBN-PdlC-C6-20160705","[1360154, 1363526, 1389687]"
"CBN-PdlC-C6-20160726","[1364068, 1360312, 1389687]"
"CBN-PdlC-C6-20170816","[1363424, 1363526, 1359511]"
"CBN-PdlC-C6-20170906","[1363424, 1389687, 1743294]"
"CBN-PdlC-C6-20180723","[1395807, 1393310, 1396682]"
"CBN-PdlC-C6-20180815","[1391331, 1738627, 1363496]"
"CBN-PdlC-C6-20180905","[1363496, 1564351, 1741758]"
"CBN-PdlC-C6-20190701","[1357060, 1389687, 1392081]"
"CBN-PdlC-C6-20190722","[1402995, 1393200, 1395807]"
"CBN-PdlC-C6-20190812","[1392608, 1395807, 1360748]"
"CBN-PdlC-C6-20190909","[1361708, 1743294, 1389687]"
"CBN-PdlC-C6-20200722","[1392608, 1395807, 1363424]"
"CBN-PdlC-C6-20200812","[1395807, 1360925, 1359528]"
"CBN-PdlC-D1-20130807","[1395807, 1364067, 1564351]"
"CBN-PdlC-D1-20130903","[1395807, 1396253, 1737693]"
"CBN-PdlC-D1-20140721","[1396253, 1402995, 1743294]"
"CBN-PdlC-D1-20140811","[1395807, 1393710, 1724565]"
"CBN-PdlC-D1-20140901","[1395807, 1718504, 1396253]"
"CBN-PdlC-D1-20150701","[1389329, 1564351, 1743294]"
"CBN-PdlC-D1-20150720","[1395807, 1392534, 1392535]"
"CBN-PdlC-D1-20150810","[1395807, 1396253, 1564351]"
"CBN-PdlC-D1-20150831","[1395807, 1737693, 1360748]"
"CBN-PdlC-D1-20160705","[1395807, 1396253, 1389687]"
"CBN-PdlC-D1-20160726","[1392556, 1396253, 1364066]"
"CBN-PdlC-D1-20170816","[1395807, 1360748, 1362485]"
"CBN-PdlC-D1-20170906","[1395807, 1393253, 1395868]"
"CBN-PdlC-D1-20180723","[1395807, 1723194, 1396733]"
"CBN-PdlC-D1-20180815","[1395807, 1743294, 1564351]"
"CBN-PdlC-D1-20180905","[1396253, 1362485, 1394366]"
"CBN-PdlC-D1-20190701","[1392164, 1363442, 1743294]"
"CBN-PdlC-D1-20190722","[1395807, 1396253, 1358537]"
"CBN-PdlC-D1-20190812","[1395807, 1396253, 1392556]"
"CBN-PdlC-D1-20190909","[1395807, 1396253, 1564351]"
"CBN-PdlC-D1-20200722","[1395807, 1392535, 1393708]"
"CBN-PdlC-D1-20200812","[1395807, 1737693, 1392535]"
"CBN-PdlC-D2-20130807","[1363526, 1363424, 1359853]"
"CBN-PdlC-D2-20130903","[1394643, 1363424, 1363526]"
"CBN-PdlC-D2-20140721","[1393619, 1361245, 1564351]"
"CBN-PdlC-D2-20140811","[1412857, 1743294, 1564351]"
"CBN-PdlC-D2-20140901","[1394643, 1394641, 1737693]"
"CBN-PdlC-D2-20150720","[1396253, 1391092, 1394643]"
"CBN-PdlC-D2-20150810","[1357608, 1412857, 1363326]"
"CBN-PdlC-D2-20150831","[1396253, 1389687, 1564351]"
"CBN-PdlC-D2-20160705","[1363526, 1364068, 1396253]"
"CBN-PdlC-D2-20160726","[1392556, 1396253, 1394643]"
"CBN-PdlC-D2-20170816","[1361099, 1523071, 1744833]"
"CBN-PdlC-D2-20170906","[1396253, 1394643, 1412857]"
"CBN-PdlC-D2-20180723","[1396253, 1395807, 1394643]"
"CBN-PdlC-D2-20180815","[1396253, 1394643, 1724565]"
"CBN-PdlC-D2-20180905","[1396253, 1394643, 1412857]"
"CBN-PdlC-D2-20190701","[1389945, 1564351, 1743612]"
"CBN-PdlC-D2-20190722","[1394643, 1392309, 1395807]"
"CBN-PdlC-D2-20190812","[1391092, 1363553, 1392309]"
"CBN-PdlC-D2-20190909","[1395807, 1495430, 1689257]"
"CBN-PdlC-D2-20200722","[1392309, 1394643, 1564351]"
"CBN-PdlC-D2-20200812","[1394643, 1395807, 1394581]"
"CBN-PdlC-D3-20130807","[1413349, 1391514, 1467324]"
"CBN-PdlC-D3-20130903","[1647128, 1397488, 1392081]"
"CBN-PdlC-D3-20140721","[1361585, 1647128, 1743294]"
"CBN-PdlC-D3-20140811","[1737693, 1363016, 1743294]"
"CBN-PdlC-D3-20140901","[1394643, 1357608, 1390674]"
"CBN-PdlC-D3-20150701","[1356440, 1363526, 1363016]"
"CBN-PdlC-D3-20150720","[1427744, 1413349, 1391092]"
"CBN-PdlC-D3-20150831","[1413349, 1394641, 1737693]"
"CBN-PdlC-D3-20160705","[1363526, 1361347, 1564351]"
"CBN-PdlC-D3-20160726","[1413349, 1392556, 1363526]"
"CBN-PdlC-D3-20170816","[1363526, 1413349, 1395807]"
"CBN-PdlC-D3-20170906","[1356065, 1413349, 1395807]"
"CBN-PdlC-D3-20180723","[1647128, 1395807, 1413349]"
"CBN-PdlC-D3-20180815","[1363526, 1389687, 1564351]"
"CBN-PdlC-D3-20180905","[1647128, 1363526, 1395807]"
"CBN-PdlC-D3-20190701","[1359937, 1564351, 1389687]"
"CBN-PdlC-D3-20190722","[1647128, 1359678, 1413349]"
"CBN-PdlC-D3-20190812","[1413349, 1357608, 1356278]"
"CBN-PdlC-D3-20190909","[1395807, 1413349, 1357770]"
"CBN-PdlC-D3-20200722","[1363526, 1647128, 1363424]"
"CBN-PdlC-D3-20200812","[1395807, 1361155, 1647128]"
"CBN-PdlC-D4-20130807","[1395807, 1363944, 1364067]"
"CBN-PdlC-D4-20130903","[1395807, 1397430, 1647128]"
"CBN-PdlC-D4-20140721","[1396253, 1359587, 1356424]"
"CBN-PdlC-D4-20140811","[1395807, 1397043, 1363944]"
"CBN-PdlC-D4-20140901","[1357608, 1395807, 1363460]"
"CBN-PdlC-D4-20150701","[1389687, 1564351, 1743294]"
"CBN-PdlC-D4-20150720","[1392535, 1392534, 1395807]"
"CBN-PdlC-D4-20150831","[1395807, 1394366, 1392608]"
"CBN-PdlC-D4-20160705","[1391148, 1564351, 1389687]"
"CBN-PdlC-D4-20160726","[1395807, 1360299, 1360874]"
"CBN-PdlC-D4-20170816","[1396253, 1395807, 1389818]"
"CBN-PdlC-D4-20170906","[1395807, 1564351, 1743294]"
"CBN-PdlC-D4-20180723","[1395807, 1396682, 1395166]"
"CBN-PdlC-D4-20180815","[1395807, 1389329, 1390674]"
"CBN-PdlC-D4-20180905","[1395807, 1420364, 1412857]"
"CBN-PdlC-D4-20190701","[1564351, 1743294, 1743228]"
"CBN-PdlC-D4-20190722","[1395807, 1396682, 1363881]"
"CBN-PdlC-D4-20190812","[1395807, 1355995, 1412857]"
"CBN-PdlC-D4-20190909","[1395807, 1743560, 1398722]"
"CBN-PdlC-D4-20200722","[1395807, 1359835, 1392767]"
"CBN-PdlC-D4-20200812","[1395807, 1363797, 1396253]"
"CBN-PdlC-D5-20130807","[1395807, 1392309, 1364067]"
"CBN-PdlC-D5-20130903","[1437978, 1356397, 1395807]"
"CBN-PdlC-D5-20140721","[1392081, 1743294, 1564351]"
"CBN-PdlC-D5-20140811","[1396733, 1395807, 1414270]"
"CBN-PdlC-D5-20140901","[1393657, 1395807, 1738690]"
"CBN-PdlC-D5-20150701","[1361077, 1389687, 1392081]"
"CBN-PdlC-D5-20150720","[1395807, 1364067, 1389687]"
"CBN-PdlC-D5-20150810","[1395807, 1718504, 1389687]"
"CBN-PdlC-D5-20150831","[1395807, 1361050, 1389687]"
"CBN-PdlC-D5-20160705","[1363526, 1392309, 1743294]"
"CBN-PdlC-D5-20160726","[1392608, 1395807, 1392309]"
"CBN-PdlC-D5-20170816","[1395807, 1361050, 1392309]"
"CBN-PdlC-D5-20170906","[1395807, 1361347, 1564351]"
"CBN-PdlC-D5-20180723","[1395807, 1392612, 1397043]"
"CBN-PdlC-D5-20180815","[1395807, 1362485, 1392608]"
"CBN-PdlC-D5-20180905","[1395807, 1392309, 1360127]"
"CBN-PdlC-D5-20190701","[1564351, 1743294, 1646226]"
"CBN-PdlC-D5-20190722","[1395807, 1392534, 1392535]"
"CBN-PdlC-D5-20190812","[1395807, 1397521, 1391077]"
"CBN-PdlC-D5-20190909","[1395807, 1392614, 1564351]"
"CBN-PdlC-D5-20200722","[1395807, 1357317, 1548249]"
"CBN-PdlC-D5-20200812","[1395807, 1392608, 1564351]"
"CBN-PdlC-D6-20130807","[1395807, 1364067, 1360140]"
"CBN-PdlC-D6-20130903","[1427744, 1363496, 1363424]"
"CBN-PdlC-D6-20140721","[1356424, 1389687, 1392081]"
"CBN-PdlC-D6-20140811","[1395807, 1402995, 1531436]"
"CBN-PdlC-D6-20140901","[1359835, 1356278, 1393657]"
"CBN-PdlC-D6-20150701","[1356424, 1743294, 1564351]"
"CBN-PdlC-D6-20150720","[1395807, 1360874, 1564351]"
"CBN-PdlC-D6-20150810","[1412857, 1737693, 1360874]"
"CBN-PdlC-D6-20150831","[1395807, 1363336, 1412857]"
"CBN-PdlC-D6-20160705","[1363424, 1743294, 1564351]"
"CBN-PdlC-D6-20160726","[1738627, 1363424, 1402995]"
"CBN-PdlC-D6-20170816","[1395807, 1737693, 1362485]"
"CBN-PdlC-D6-20170906","[1395807, 1737693, 1564351]"
"CBN-PdlC-D6-20180723","[1395807, 1358537, 1361444]"
"CBN-PdlC-D6-20180815","[1505431, 1391120, 1363705]"
"CBN-PdlC-D6-20180905","[1397942, 1389687, 1510341]"
"CBN-PdlC-D6-20190701","[1363339, 1723119, 1392081]"
"CBN-PdlC-D6-20190722","[1397043, 1363424, 1395807]"
"CBN-PdlC-D6-20190812","[1358113, 1363526, 1389687]"
"CBN-PdlC-D6-20190909","[1395807, 1393657, 1389687]"
"CBN-PdlC-D6-20200722","[1360748, 1395807, 1548249]"
"CBN-PdlC-D6-20200812","[1363424, 1389687, 1359140]"
"CBN-PdlC-E1-20130723","[1397046, 1742165, 1399736]"
"CBN-PdlC-E1-20130807","[1361050, 1396733, 1392608]"
"CBN-PdlC-E1-20130903","[1395807, 1392608, 1395870]"
"CBN-PdlC-E1-20140630","[1361099, 1389330, 1743294]"
"CBN-PdlC-E1-20140721","[1395807, 1357608, 1392608]"
"CBN-PdlC-E1-20140811","[1395807, 1396253, 1392608]"
"CBN-PdlC-E1-20140901","[1392608, 1395807, 1744003]"
"CBN-PdlC-E1-20150701","[1395807, 1392608, 1564726]"
"CBN-PdlC-E1-20150720","[1392608, 1395807, 1360874]"
"CBN-PdlC-E1-20150810","[1393200, 1392608, 1505431]"
"CBN-PdlC-E1-20150831","[1395807, 1392612, 1397046]"
"CBN-PdlC-E1-20160705","[1392608, 1395807, 1392309]"
"CBN-PdlC-E1-20160726","[1360874, 1392608, 1392535]"
"CBN-PdlC-E1-20170816","[1361708, 1389945, 1743294]"
"CBN-PdlC-E1-20170906","[1564351, 1743294, 1548249]"
"CBN-PdlC-E1-20180702","[1394598, 1394603, 1564351]"
"CBN-PdlC-E1-20180723","[1395807, 1392535, 1389945]"
"CBN-PdlC-E1-20180815","[1392608, 1396253, 1361099]"
"CBN-PdlC-E1-20180905","[1360299, 1397046, 1743294]"
"CBN-PdlC-E1-20190701","[1395807, 1389329, 1389687]"
"CBN-PdlC-E1-20190812","[1360299, 1392608, 1392067]"
"CBN-PdlC-E1-20190909","[1392612, 1360299, 1362951]"
"CBN-PdlC-E1-20200629","[1742165, 1564351, 1392081]"
"CBN-PdlC-E1-20200722","[1392608, 1360299, 1412857]"
"CBN-PdlC-E1-20200812","[1395807, 1392608, 1392612]"
"CBN-PdlC-E2-20130723","[1356427, 1392309, 1397046]"
"CBN-PdlC-E2-20130807","[1392309, 1395807, 1356857]"
"CBN-PdlC-E2-20130903","[1395807, 1548249, 1361444]"
"CBN-PdlC-E2-20140630","[1356359, 1389330, 1743294]"
"CBN-PdlC-E2-20140721","[1395807, 1360874, 1358537]"
"CBN-PdlC-E2-20140811","[1395807, 1737693, 1389687]"
"CBN-PdlC-E2-20140901","[1395807, 1363275, 1564351]"
"CBN-PdlC-E2-20150720","[1395807, 1360874, 1706074]"
"CBN-PdlC-E2-20150810","[1395807, 1360158, 1743560]"
"CBN-PdlC-E2-20150831","[1395807, 1392067, 1609716]"
"CBN-PdlC-E2-20160705","[1395807, 1397450, 1364068]"
"CBN-PdlC-E2-20160726","[1359835, 1395807, 1392309]"
"CBN-PdlC-E2-20170816","[1737693, 1395807, 1389833]"
"CBN-PdlC-E2-20170906","[1395807, 1361708, 1389330]"
"CBN-PdlC-E2-20180702","[1389687, 1564351, 1743294]"
"CBN-PdlC-E2-20180723","[1395807, 1412857, 1394913]"
"CBN-PdlC-E2-20180815","[1395807, 1395868, 1359450]"
"CBN-PdlC-E2-20180905","[1412857, 1356398, 1395807]"
"CBN-PdlC-E2-20190701","[1395807, 1397043, 1737651]"
"CBN-PdlC-E2-20190812","[1395807, 1389687, 1467324]"
"CBN-PdlC-E2-20190909","[1412857, 1359835, 1363526]"
"CBN-PdlC-E2-20200629","[1389945, 1389687, 1743294]"
"CBN-PdlC-E2-20200722","[1395807, 1359835, 1737651]"
"CBN-PdlC-E2-20200812","[1395807, 1361053, 1737693]"
"CBN-PdlC-E3-20130723","[1392309, 1361050, 1390927]"
"CBN-PdlC-E3-20130807","[1360312, 1363329, 1364068]"
"CBN-PdlC-E3-20130903","[1395807, 1389687, 1564351]"
"CBN-PdlC-E3-20140630","[1392309, 1395903, 1389687]"
"CBN-PdlC-E3-20140721","[1395807, 1356538, 1389687]"
"CBN-PdlC-E3-20140811","[1737540, 1395807, 1389687]"
"CBN-PdlC-E3-20140901","[1724565, 1392309, 1560392]"
"CBN-PdlC-E3-20150701","[1392309, 1360874, 1724565]"
"CBN-PdlC-E3-20150720","[1392309, 1389687, 1744003]"
"CBN-PdlC-E3-20150810","[1389329, 1395807, 1389687]"
"CBN-PdlC-E3-20150831","[1395807, 1393657, 1564351]"
"CBN-PdlC-E3-20160705","[1395807, 1397430, 1363526]"
"CBN-PdlC-E3-20160726","[1392309, 1360874, 1389687]"
"CBN-PdlC-E3-20170816","[1361708, 1361099, 1743938]"
"CBN-PdlC-E3-20170906","[1392309, 1363526, 1390756]"
"CBN-PdlC-E3-20180702","[1397430, 1392067, 1564351]"
"CBN-PdlC-E3-20180723","[1395807, 1393681, 1361050]"
"CBN-PdlC-E3-20180815","[1363526, 1389687, 1564351]"
"CBN-PdlC-E3-20180905","[1743938, 1363526, 1363424]"
"CBN-PdlC-E3-20190701","[1395807, 1363016, 1363526]"
"CBN-PdlC-E3-20190812","[1364066, 1396253, 1389687]"
"CBN-PdlC-E3-20190909","[1389687, 1743355, 1743567]"
"CBN-PdlC-E3-20200629","[1389687, 1523071, 1396553]"
"CBN-PdlC-E3-20200722","[1393681, 1397430, 1389687]"
"CBN-PdlC-E3-20200812","[1391148, 1737693, 1363410]"
"CBN-PdlC-E4-20130807","[1395807, 1363944, 1396733]"
"CBN-PdlC-E4-20130903","[1393604, 1737693, 1395870]"
"CBN-PdlC-E4-20140630","[1361077, 1389687, 1392081]"
"CBN-PdlC-E4-20140721","[1395807, 1356294, 1360874]"
"CBN-PdlC-E4-20140811","[1737693, 1389687, 1564351]"
"CBN-PdlC-E4-20140901","[1396253, 1361347, 1392608]"
"CBN-PdlC-E4-20150701","[1395807, 1392608, 1392612]"
"CBN-PdlC-E4-20150720","[1395807, 1357526, 1392608]"
"CBN-PdlC-E4-20150810","[1395807, 1396253, 1564351]"
"CBN-PdlC-E4-20160705","[1395807, 1397430, 1393681]"
"CBN-PdlC-E4-20160726","[1363424, 1393681, 1361568]"
"CBN-PdlC-E4-20170816","[1363424, 1392309, 1363526]"
"CBN-PdlC-E4-20170906","[1363409, 1564351, 1743294]"
"CBN-PdlC-E4-20180702","[1361077, 1389687, 1742571]"
"CBN-PdlC-E4-20180723","[1361592, 1363227, 1389687]"
"CBN-PdlC-E4-20180815","[1395807, 1389687, 1741758]"
"CBN-PdlC-E4-20180905","[1363496, 1389687, 1564351]"
"CBN-PdlC-E4-20190701","[1395807, 1397430, 1742165]"
"CBN-PdlC-E4-20190812","[1363329, 1392059, 1390898]"
"CBN-PdlC-E4-20190909","[1737693, 1393708, 1390902]"
"CBN-PdlC-E4-20200629","[1389687, 1564351, 1392081]"
"CBN-PdlC-E4-20200722","[1397430, 1361050, 1505431]"
"CBN-PdlC-E4-20200812","[1737693, 1395807, 1361057]"
"CBN-PdlC-E5-20130723","[1356424, 1361077, 1743294]"
"CBN-PdlC-E5-20130807","[1395807, 1364067, 1673405]"
"CBN-PdlC-E5-20130903","[1398824, 1360299, 1392608]"
"CBN-PdlC-E5-20140630","[1360299, 1393200, 1743294]"
"CBN-PdlC-E5-20140721","[1393708, 1395807, 1560691]"
"CBN-PdlC-E5-20140811","[1392614, 1724565, 1393200]"
"CBN-PdlC-E5-20150720","[1392608, 1392614, 1395807]"
"CBN-PdlC-E5-20150810","[1359627, 1389687, 1743294]"
"CBN-PdlC-E5-20150831","[1395807, 1392608, 1361329]"
"CBN-PdlC-E5-20160705","[1395807, 1355978, 1355934]"
"CBN-PdlC-E5-20160726","[1360860, 1360874, 1389687]"
"CBN-PdlC-E5-20170816","[1395807, 1360312, 1400176]"
"CBN-PdlC-E5-20170906","[1363424, 1564351, 1743294]"
"CBN-PdlC-E5-20180702","[1564351, 1743294, 1392081]"
"CBN-PdlC-E5-20180723","[1363944, 1392608, 1360748]"
"CBN-PdlC-E5-20180815","[1395807, 1392608, 1396253]"
"CBN-PdlC-E5-20180905","[1389330, 1393200, 1564351]"
"CBN-PdlC-E5-20190722","[1395807, 1392608, 1393200]"
"CBN-PdlC-E5-20190812","[1394877, 1395807, 1392608]"
"CBN-PdlC-E5-20190909","[1395807, 1363526, 1392608]"
"CBN-PdlC-E5-20200629","[1360299, 1395807, 1389687]"
"CBN-PdlC-E5-20200722","[1392608, 1360299, 1360874]"
"CBN-PdlC-E5-20200812","[1395807, 1392608, 1396253]"
"CBN-PdlC-E6-20130723","[1361077, 1356424, 1394598]"
"CBN-PdlC-E6-20130807","[1395807, 1743472, 1628807]"
"CBN-PdlC-E6-20130903","[1389687, 1743294, 1564351]"
"CBN-PdlC-E6-20140630","[1391494, 1743294, 1564351]"
"CBN-PdlC-E6-20140721","[1396682, 1359199, 1393310]"
"CBN-PdlC-E6-20140811","[1395807, 1724565, 1356397]"
"CBN-PdlC-E6-20150701","[1395807, 1724565, 1392535]"
"CBN-PdlC-E6-20150720","[1396843, 1395807, 1479766]"
"CBN-PdlC-E6-20150810","[1363526, 1363659, 1724565]"
"CBN-PdlC-E6-20150831","[1395807, 1395868, 1359835]"
"CBN-PdlC-E6-20160705","[1395807, 1360874, 1360578]"
"CBN-PdlC-E6-20160726","[1394583, 1361050, 1394573]"
"CBN-PdlC-E6-20170816","[1564351, 1743294, 1392081]"
"CBN-PdlC-E6-20170906","[1391148, 1395807, 1395868]"
"CBN-PdlC-E6-20180702","[1425272, 1510341, 1523071]"
"CBN-PdlC-E6-20180723","[1392534, 1392535, 1744392]"
"CBN-PdlC-E6-20180815","[1395807, 1396253, 1393710]"
"CBN-PdlC-E6-20180905","[1363526, 1391148, 1564351]"
"CBN-PdlC-E6-20190722","[1395807, 1357317, 1391847]"
"CBN-PdlC-E6-20190812","[1389687, 1493678, 1743643]"
"CBN-PdlC-E6-20190909","[1361057, 1356065, 1395807]"
"CBN-PdlC-E6-20200629","[1389687, 1564351, 1358537]"
"CBN-PdlC-E6-20200722","[1363424, 1395807, 1391514]"
"CBN-PdlC-E6-20200812","[1395807, 1359835, 1564351]"
"CBN-PdlC-F1-20130723","[1394603, 1361444, 1742165]"
"CBN-PdlC-F1-20130807","[1364067, 1394603, 1364068]"
"CBN-PdlC-F1-20130903","[1395807, 1391094, 1395870]"
"CBN-PdlC-F1-20140630","[1357060, 1391786, 1742165]"
"CBN-PdlC-F1-20140721","[1360874, 1395807, 1478565]"
"CBN-PdlC-F1-20140811","[1395807, 1397043, 1358537]"
"CBN-PdlC-F1-20140901","[1395807, 1394643, 1358537]"
"CBN-PdlC-F1-20150701","[1395807, 1392535, 1391786]"
"CBN-PdlC-F1-20150720","[1395807, 1364066, 1358537]"
"CBN-PdlC-F1-20150810","[1395807, 1742165, 1358537]"
"CBN-PdlC-F1-20150831","[1395807, 1564351, 1742165]"
"CBN-PdlC-F1-20160705","[1363496, 1396253, 1395807]"
"CBN-PdlC-F1-20160726","[1395807, 1364066, 1396253]"
"CBN-PdlC-F1-20170816","[1395807, 1564351, 1389687]"
"CBN-PdlC-F1-20170906","[1391148, 1564351, 1742165]"
"CBN-PdlC-F1-20180702","[1395807, 1397542, 1392081]"
"CBN-PdlC-F1-20180723","[1395807, 1364067, 1738690]"
"CBN-PdlC-F1-20180815","[1395807, 1628807, 1564351]"
"CBN-PdlC-F1-20180905","[1737651, 1397046, 1394910]"
"CBN-PdlC-F1-20190701","[1395807, 1742165, 1467324]"
"CBN-PdlC-F1-20190812","[1395807, 1564351, 1743294]"
"CBN-PdlC-F1-20190909","[1395807, 1389687, 1564351]"
"CBN-PdlC-F1-20200629","[1395807, 1389687, 1651322]"
"CBN-PdlC-F1-20200722","[1395807, 1389687, 1564351]"
"CBN-PdlC-F1-20200812","[1395807, 1395870, 1363526]"
"CBN-PdlC-F2-20130723","[1397046, 1742165, 1392081]"
"CBN-PdlC-F2-20130807","[1395807, 1360874, 1394603]"
"CBN-PdlC-F2-20130903","[1395807, 1412857, 1395868]"
"CBN-PdlC-F2-20140630","[1743612, 1743294, 1564351]"
"CBN-PdlC-F2-20140721","[1395807, 1364066, 1391786]"
"CBN-PdlC-F2-20140811","[1395807, 1395868, 1737693]"
"CBN-PdlC-F2-20140901","[1395807, 1397042, 1467324]"
"CBN-PdlC-F2-20150701","[1392309, 1395807, 1397046]"
"CBN-PdlC-F2-20150720","[1395807, 1364066, 1392081]"
"CBN-PdlC-F2-20150810","[1395807, 1357608, 1390756]"
"CBN-PdlC-F2-20150831","[1395807, 1412857, 1389330]"
"CBN-PdlC-F2-20160705","[1395807, 1360874, 1358071]"
"CBN-PdlC-F2-20160726","[1412857, 1395807, 1364066]"
"CBN-PdlC-F2-20170906","[1396253, 1531145, 1392309]"
"CBN-PdlC-F2-20180702","[1398824, 1742165, 1743294]"
"CBN-PdlC-F2-20180723","[1395807, 1397046, 1389329]"
"CBN-PdlC-F2-20180815","[1395807, 1394360, 1412857]"
"CBN-PdlC-F2-20180905","[1395807, 1412857, 1363424]"
"CBN-PdlC-F2-20190701","[1395807, 1467324, 1742165]"
"CBN-PdlC-F2-20190812","[1395807, 1412857, 1564351]"
"CBN-PdlC-F2-20190909","[1395807, 1391120, 1564351]"
"CBN-PdlC-F2-20200629","[1391786, 1389945, 1392309]"
"CBN-PdlC-F2-20200722","[1395807, 1389687, 1560392]"
"CBN-PdlC-F2-20200812","[1395807, 1363526, 1395870]"
"CBN-PdlC-F3-20130723","[1392309, 1743294, 1564351]"
"CBN-PdlC-F3-20130807","[1392309, 1395807, 1363424]"
"CBN-PdlC-F3-20130903","[1395807, 1361055, 1389687]"
"CBN-PdlC-F3-20140630","[1361077, 1743294, 1389687]"
"CBN-PdlC-F3-20140721","[1364066, 1395807, 1360874]"
"CBN-PdlC-F3-20140811","[1395807, 1361080, 1389329]"
"CBN-PdlC-F3-20140901","[1362485, 1389018, 1392309]"
"CBN-PdlC-F3-20150701","[1361055, 1392612, 1392608]"
"CBN-PdlC-F3-20150720","[1392608, 1389945, 1363329]"
"CBN-PdlC-F3-20150810","[1392309, 1361993, 1395807]"
"CBN-PdlC-F3-20150831","[1361057, 1363275, 1361708]"
"CBN-PdlC-F3-20160705","[1361592, 1393708, 1360874]"
"CBN-PdlC-F3-20160726","[1360874, 1392608, 1389687]"
"CBN-PdlC-F3-20170816","[1358379, 1395807, 1564351]"
"CBN-PdlC-F3-20170906","[1363287, 1743294, 1564351]"
"CBN-PdlC-F3-20180702","[1390927, 1743294, 1389687]"
"CBN-PdlC-F3-20180723","[1392535, 1393681, 1392534]"
"CBN-PdlC-F3-20180815","[1361050, 1395870, 1361080]"
"CBN-PdlC-F3-20180905","[1360748, 1743294, 1564351]"
"CBN-PdlC-F3-20190701","[1395807, 1397430, 1389687]"
"CBN-PdlC-F3-20190722","[1395807, 1360874, 1392309]"
"CBN-PdlC-F3-20190812","[1363593, 1355995, 1389687]"
"CBN-PdlC-F3-20190909","[1395807, 1418688, 1743294]"
"CBN-PdlC-F3-20200629","[1392309, 1389687, 1743294]"
"CBN-PdlC-F3-20200722","[1390780, 1397430, 1361050]"
"CBN-PdlC-F3-20200812","[1395807, 1737693, 1356397]"
"CBN-PdlC-F4-20130723","[1393200, 1363526, 1363424]"
"CBN-PdlC-F4-20130807","[1360299, 1724565, 1467324]"
"CBN-PdlC-F4-20130903","[1392608, 1361573, 1360748]"
"CBN-PdlC-F4-20140630","[1393200, 1361077, 1392081]"
"CBN-PdlC-F4-20140811","[1724565, 1392608, 1360299]"
"CBN-PdlC-F4-20140901","[1397430, 1360748, 1392608]"
"CBN-PdlC-F4-20150701","[1392608, 1361592, 1392612]"
"CBN-PdlC-F4-20150720","[1392612, 1363803, 1397430]"
"CBN-PdlC-F4-20150810","[1392612, 1356278, 1361075]"
"CBN-PdlC-F4-20150831","[1361708, 1395807, 1392081]"
"CBN-PdlC-F4-20160705","[1397430, 1392608, 1361592]"
"CBN-PdlC-F4-20160726","[1392614, 1392608, 1360299]"
"CBN-PdlC-F4-20170816","[1564351, 1392081, 1743294]"
"CBN-PdlC-F4-20170906","[1358701, 1389687, 1564351]"
"CBN-PdlC-F4-20180702","[1393200, 1396733, 1393681]"
"CBN-PdlC-F4-20180723","[1392608, 1363266, 1392612]"
"CBN-PdlC-F4-20180815","[1392059, 1389687, 1564351]"
"CBN-PdlC-F4-20180905","[1392608, 1723194, 1363424]"
"CBN-PdlC-F4-20190701","[1397430, 1392608, 1393708]"
"CBN-PdlC-F4-20190722","[1392608, 1396843, 1397430]"
"CBN-PdlC-F4-20190812","[1360299, 1392608, 1400084]"
"CBN-PdlC-F4-20190909","[1392608, 1363424, 1389687]"
"CBN-PdlC-F4-20200629","[1393200, 1363526, 1393681]"
"CBN-PdlC-F4-20200722","[1395807, 1363944, 1393681]"
"CBN-PdlC-F4-20200812","[1392059, 1393684, 1361095]"
"CBN-PdlC-F5-20130723","[1356397, 1564351, 1389687]"
"CBN-PdlC-F5-20130903","[1358613, 1363671, 1359450]"
"CBN-PdlC-F5-20140630","[1392081, 1743294, 1564351]"
"CBN-PdlC-F5-20140721","[1392608, 1361050, 1360874]"
"CBN-PdlC-F5-20140811","[1363944, 1398721, 1743294]"
"CBN-PdlC-F5-20150701","[1392608, 1392612, 1393708]"
"CBN-PdlC-F5-20150720","[1392614, 1363944, 1358491]"
"CBN-PdlC-F5-20150810","[1564351, 1389687, 1359140]"
"CBN-PdlC-F5-20150831","[1392608, 1395807, 1564351]"
"CBN-PdlC-F5-20160705","[1355995, 1564351, 1361444]"
"CBN-PdlC-F5-20160726","[1361367, 1363526, 1396470]"
"CBN-PdlC-F5-20170816","[1360312, 1517561, 1363526]"
"CBN-PdlC-F5-20170906","[1363526, 1418688, 1363424]"
"CBN-PdlC-F5-20180702","[1360299, 1389687, 1744855]"
"CBN-PdlC-F5-20180723","[1392608, 1361050, 1390795]"
"CBN-PdlC-F5-20180815","[1737693, 1564351, 1743294]"
"CBN-PdlC-F5-20180905","[1363526, 1363424, 1517561]"
"CBN-PdlC-F5-20190722","[1396843, 1389945, 1392608]"
"CBN-PdlC-F5-20190812","[1737693, 1363424, 1359284]"
"CBN-PdlC-F5-20190909","[1395807, 1393830, 1564351]"
"CBN-PdlC-F5-20200629","[1360299, 1389687, 1363944]"
"CBN-PdlC-F5-20200722","[1395807, 1363526, 1392614]"
"CBN-PdlC-F5-20200812","[1737693, 1395807, 1743294]"
"CBN-PdlC-F6-20130723","[1363526, 1361057, 1361077]"
"CBN-PdlC-F6-20130807","[1363424, 1363526, 1359284]"
"CBN-PdlC-F6-20130903","[1389833, 1381315, 1361057]"
"CBN-PdlC-F6-20140630","[1390756, 1361077, 1361057]"
"CBN-PdlC-F6-20140721","[1363526, 1389687, 1396600]"
"CBN-PdlC-F6-20140811","[1737693, 1395807, 1743294]"
"CBN-PdlC-F6-20150701","[1395807, 1356278, 1393200]"
"CBN-PdlC-F6-20150720","[1397042, 1356084, 1564351]"
"CBN-PdlC-F6-20150810","[1392408, 1363526, 1389687]"
"CBN-PdlC-F6-20150831","[1390793, 1564351, 1744833]"
"CBN-PdlC-F6-20160705","[1363526, 1361057, 1389687]"
"CBN-PdlC-F6-20160726","[1361050, 1363526, 1389687]"
"CBN-PdlC-F6-20170816","[1358733, 1363424, 1390793]"
"CBN-PdlC-F6-20170906","[1363413, 1564351, 1743294]"
"CBN-PdlC-F6-20180702","[1394598, 1361077, 1390927]"
"CBN-PdlC-F6-20180723","[1363526, 1389687, 1520379]"
"CBN-PdlC-F6-20180815","[1394643, 1396253, 1390793]"
"CBN-PdlC-F6-20180905","[1363526, 1358701, 1389687]"
"CBN-PdlC-F6-20190722","[1392608, 1363424, 1363326]"
"CBN-PdlC-F6-20190812","[1396253, 1737693, 1363424]"
"CBN-PdlC-F6-20190909","[1395807, 1390793, 1392336]"
"CBN-PdlC-F6-20200629","[1363526, 1363496, 1363413]"
"CBN-PdlC-F6-20200722","[1363526, 1392534, 1361095]"
"CBN-PdlC-F6-20200812","[1395807, 1390793, 1359609]"
"CBN-Pla-A1-20130808","[1395807, 1357060, 1564351]"
"CBN-Pla-A1-20130904","[1395807, 1564351, 1742165]"
"CBN-Pla-A1-20140722","[1397475, 1528543, 1564351]"
"CBN-Pla-A1-20140812","[1395807, 1397475, 1412857]"
"CBN-Pla-A1-20140902","[1395807, 1361099, 1389329]"
"CBN-Pla-A1-20150702","[1356424, 1357060, 1394581]"
"CBN-Pla-A1-20150723","[1395807, 1397475, 1743294]"
"CBN-Pla-A1-20150811","[1395807, 1397475, 1412857]"
"CBN-Pla-A1-20150901","[1395807, 1397475, 1412857]"
"CBN-Pla-A1-20160707","[1397475, 1394643, 1390756]"
"CBN-Pla-A1-20160728","[1390756, 1395807, 1397046]"
"CBN-Pla-A1-20180724","[1397475, 1742165, 1392081]"
"CBN-Pla-A1-20180816","[1395807, 1390756, 1363526]"
"CBN-Pla-A1-20180906","[1395807, 1397475, 1390756]"
"CBN-Pla-A1-20190723","[1395807, 1397475, 1389329]"
"CBN-Pla-A1-20190814","[1393317, 1393874, 1389687]"
"CBN-Pla-A1-20200630","[1389687, 1744526, 1357151]"
"CBN-Pla-A1-20200723","[1395807, 1389687, 1743567]"
"CBN-Pla-A1-20200814","[1392552, 1397475, 1397043]"
"CBN-Pla-A2-20130724","[1564351, 1742165, 1743294]"
"CBN-Pla-A2-20130808","[1395807, 1564351, 1467324]"
"CBN-Pla-A2-20130904","[1395807, 1741706, 1361944]"
"CBN-Pla-A2-20140722","[1397513, 1742165, 1392081]"
"CBN-Pla-A2-20140812","[1395807, 1564351, 1560392]"
"CBN-Pla-A2-20140902","[1395807, 1564351, 1359140]"
"CBN-Pla-A2-20150702","[1356424, 1743294, 1564351]"
"CBN-Pla-A2-20150723","[1395807, 1389945, 1392336]"
"CBN-Pla-A2-20150811","[1395807, 1392552, 1564351]"
"CBN-Pla-A2-20150901","[1395807, 1564351, 1359609]"
"CBN-Pla-A2-20160707","[1743294, 1742165, 1653823]"
"CBN-Pla-A2-20160728","[1395807, 1360874, 1392336]"
"CBN-Pla-A2-20180724","[1396015, 1395949, 1363266]"
"CBN-Pla-A2-20180816","[1395807, 1528543, 1392535]"
"CBN-Pla-A2-20180906","[1395807, 1393317, 1564351]"
"CBN-Pla-A2-20190723","[1395807, 1564351, 1389687]"
"CBN-Pla-A2-20190814","[1395807, 1427744, 1737693]"
"CBN-Pla-A2-20200723","[1395807, 1392535, 1360874]"
"CBN-Pla-A2-20200814","[1396015, 1395807, 1359140]"
"CBN-Pla-A3-20130724","[1564351, 1392081, 1743612]"
"CBN-Pla-A3-20130808","[1395807, 1398722, 1743560]"
"CBN-Pla-A3-20130904","[1395807, 1742165, 1358537]"
"CBN-Pla-A3-20140722","[1360451, 1742165, 1743781]"
"CBN-Pla-A3-20140812","[1395807, 1391120, 1392089]"
"CBN-Pla-A3-20140902","[1395807, 1396682, 1548249]"
"CBN-Pla-A3-20150702","[1389945, 1391881, 1742165]"
"CBN-Pla-A3-20150723","[1395807, 1390657, 1391881]"
"CBN-Pla-A3-20150811","[1395807, 1395870, 1564351]"
"CBN-Pla-A3-20150901","[1395807, 1394366, 1393253]"
"CBN-Pla-A3-20160707","[1396097, 1391331, 1396094]"
"CBN-Pla-A3-20160728","[1395807, 1397043, 1390657]"
"CBN-Pla-A3-20180724","[1742165, 1392081, 1743781]"
"CBN-Pla-A3-20180816","[1395807, 1390657, 1564351]"
"CBN-Pla-A3-20180906","[1395807, 1389687, 1564351]"
"CBN-Pla-A3-20190723","[1395807, 1363526, 1651142]"
"CBN-Pla-A3-20190814","[1395807, 1356397, 1361050]"
"CBN-Pla-A3-20200723","[1382784, 1395807, 1397043]"
"CBN-Pla-A3-20200814","[1395807, 1396094, 1564351]"
"CBN-Pla-A4-20130724","[1741706, 1564351, 1744003]"
"CBN-Pla-A4-20130808","[1395807, 1397043, 1360874]"
"CBN-Pla-A4-20130904","[1395807, 1395870, 1743294]"
"CBN-Pla-A4-20140722","[1392081, 1743539, 1564351]"
"CBN-Pla-A4-20140812","[1395807, 1392309, 1395870]"
"CBN-Pla-A4-20140902","[1395807, 1361099, 1395870]"
"CBN-Pla-A4-20150702","[1742165, 1389687, 1743294]"
"CBN-Pla-A4-20150723","[1395807, 1395870, 1564351]"
"CBN-Pla-A4-20150811","[1395807, 1412857, 1361099]"
"CBN-Pla-A4-20150901","[1395807, 1361050, 1564351]"
"CBN-Pla-A4-20160707","[1395949, 1564351, 1548249]"
"CBN-Pla-A4-20160728","[1395807, 1392309, 1396976]"
"CBN-Pla-A4-20180724","[1742165, 1743294, 1564351]"
"CBN-Pla-A4-20180816","[1395807, 1392309, 1361444]"
"CBN-Pla-A4-20180906","[1361099, 1395807, 1392309]"
"CBN-Pla-A4-20190723","[1395807, 1564351, 1396682]"
"CBN-Pla-A4-20190814","[1395807, 1560392, 1742165]"
"CBN-Pla-A4-20200723","[1395807, 1360874, 1737693]"
"CBN-Pla-A4-20200814","[1395807, 1361099, 1564351]"
"CBN-Pla-A5-20130724","[1361573, 1743294, 1742165]"
"CBN-Pla-A5-20130808","[1395807, 1395870, 1397512]"
"CBN-Pla-A5-20130904","[1395807, 1395870, 1564351]"
"CBN-Pla-A5-20140722","[1358097, 1389687, 1564351]"
"CBN-Pla-A5-20140812","[1395807, 1395870, 1742165]"
"CBN-Pla-A5-20140902","[1395807, 1360269, 1564351]"
"CBN-Pla-A5-20150702","[1356424, 1564351, 1743294]"
"CBN-Pla-A5-20150723","[1395807, 1395870, 1397512]"
"CBN-Pla-A5-20150811","[1395807, 1390657, 1395870]"
"CBN-Pla-A5-20160707","[1743294, 1742165, 1564351]"
"CBN-Pla-A5-20160728","[1395807, 1396843, 1564351]"
"CBN-Pla-A5-20180724","[1392081, 1743294, 1742165]"
"CBN-Pla-A5-20180816","[1395807, 1395870, 1564351]"
"CBN-Pla-A5-20180906","[1395807, 1395870, 1564351]"
"CBN-Pla-A5-20190723","[1395807, 1564351, 1392089]"
"CBN-Pla-A5-20190814","[1395807, 1390756, 1395870]"
"CBN-Pla-A5-20200723","[1395807, 1397043, 1564351]"
"CBN-Pla-A5-20200814","[1395807, 1395868, 1564351]"
"CBN-Pla-A6-20130724","[1358097, 1392081, 1743294]"
"CBN-Pla-A6-20130808","[1395807, 1358537, 1467324]"
"CBN-Pla-A6-20130904","[1395807, 1395870, 1394366]"
"CBN-Pla-A6-20140722","[1743294, 1742165, 1564351]"
"CBN-Pla-A6-20140812","[1395807, 1360874, 1358537]"
"CBN-Pla-A6-20140902","[1395807, 1395870, 1564351]"
"CBN-Pla-A6-20150702","[1356424, 1742165, 1743294]"
"CBN-Pla-A6-20150723","[1395807, 1391881, 1358537]"
"CBN-Pla-A6-20150811","[1395807, 1396733, 1564351]"
"CBN-Pla-A6-20150901","[1395807, 1609716, 1395870]"
"CBN-Pla-A6-20160707","[1743294, 1392081, 1564351]"
"CBN-Pla-A6-20160728","[1395807, 1360874, 1742165]"
"CBN-Pla-A6-20180724","[1742165, 1389687, 1744147]"
"CBN-Pla-A6-20180816","[1395807, 1361050, 1564351]"
"CBN-Pla-A6-20180906","[1395807, 1396733, 1395868]"
"CBN-Pla-A6-20190723","[1395807, 1394598, 1394603]"
"CBN-Pla-A6-20190814","[1395807, 1564351, 1358537]"
"CBN-Pla-A6-20200723","[1395807, 1358537, 1564351]"
"CBN-Pla-A6-20200814","[1395807, 1363424, 1389687]"
"CBN-Pla-B1-20130724","[1361099, 1564351, 1392081]"
"CBN-Pla-B1-20130808","[1395807, 1363413, 1744147]"
"CBN-Pla-B1-20130904","[1395807, 1393317, 1564351]"
"CBN-Pla-B1-20140722","[1564351, 1742165, 1741758]"
"CBN-Pla-B1-20140812","[1395807, 1389687, 1563496]"
"CBN-Pla-B1-20140902","[1737693, 1389687, 1564351]"
"CBN-Pla-B1-20150702","[1357060, 1564351, 1743294]"
"CBN-Pla-B1-20150723","[1395807, 1564351, 1392336]"
"CBN-Pla-B1-20150811","[1363424, 1395807, 1361112]"
"CBN-Pla-B1-20150901","[1356337, 1396416, 1743294]"
"CBN-Pla-B1-20160707","[1390756, 1743294, 1564351]"
"CBN-Pla-B1-20160728","[1737693, 1564351, 1394329]"
"CBN-Pla-B1-20180724","[1742165, 1564351, 1673405]"
"CBN-Pla-B1-20180816","[1395807, 1382784, 1737693]"
"CBN-Pla-B1-20180906","[1363424, 1564351, 1743294]"
"CBN-Pla-B1-20190723","[1395807, 1743294, 1389687]"
"CBN-Pla-B1-20190814","[1505431, 1737693, 1564351]"
"CBN-Pla-B1-20200630","[1389687, 1741922, 1654025]"
"CBN-Pla-B1-20200723","[1395807, 1564351, 1392081]"
"CBN-Pla-B1-20200814","[1723194, 1356397, 1392081]"
"CBN-Pla-B2-20130724","[1467324, 1502791, 1564351]"
"CBN-Pla-B2-20130808","[1395807, 1359835, 1363526]"
"CBN-Pla-B2-20130904","[1395807, 1391881, 1356397]"
"CBN-Pla-B2-20140722","[1743944, 1358097, 1564351]"
"CBN-Pla-B2-20140812","[1395807, 1360874, 1467324]"
"CBN-Pla-B2-20140902","[1356397, 1392081, 1564351]"
"CBN-Pla-B2-20150702","[1393702, 1564351, 1743294]"
"CBN-Pla-B2-20150723","[1395807, 1363526, 1737693]"
"CBN-Pla-B2-20150811","[1395807, 1363424, 1392552]"
"CBN-Pla-B2-20150901","[1395807, 1363526, 1564351]"
"CBN-Pla-B2-20160707","[1394910, 1564351, 1743294]"
"CBN-Pla-B2-20160728","[1395807, 1363424, 1356398]"
"CBN-Pla-B2-20180724","[1392081, 1564351, 1743294]"
"CBN-Pla-B2-20180816","[1395807, 1564351, 1389687]"
"CBN-Pla-B2-20180906","[1395807, 1564351, 1743294]"
"CBN-Pla-B2-20190723","[1395807, 1564351, 1358537]"
"CBN-Pla-B2-20190814","[1395807, 1564351, 1361761]"
"CBN-Pla-B2-20200723","[1395807, 1390756, 1363424]"
"CBN-Pla-B2-20200814","[1395807, 1363424, 1564351]"
"CBN-Pla-B3-20130724","[1396733, 1743294, 1564351]"
"CBN-Pla-B3-20130808","[1395807, 1412857, 1564351]"
"CBN-Pla-B3-20130904","[1395807, 1382784, 1359140]"
"CBN-Pla-B3-20140722","[1743612, 1743294, 1359140]"
"CBN-Pla-B3-20140812","[1395807, 1360874, 1361914]"
"CBN-Pla-B3-20140902","[1395807, 1495430, 1564351]"
"CBN-Pla-B3-20150811","[1395807, 1363424, 1390756]"
"CBN-Pla-B3-20150901","[1395807, 1363496, 1394598]"
"CBN-Pla-B3-20160707","[1742165, 1359140, 1564351]"
"CBN-Pla-B3-20160728","[1395807, 1564351, 1392336]"
"CBN-Pla-B3-20180724","[1743294, 1564351, 1742165]"
"CBN-Pla-B3-20180816","[1395807, 1392309, 1361057]"
"CBN-Pla-B3-20180906","[1395807, 1392309, 1390756]"
"CBN-Pla-B3-20190723","[1395807, 1396079, 1399736]"
"CBN-Pla-B3-20190814","[1395807, 1356397, 1398644]"
"CBN-Pla-B3-20200723","[1395807, 1392309, 1362023]"
"CBN-Pla-B3-20200814","[1395807, 1394366, 1361099]"
"CBN-Pla-B4-20130724","[1389687, 1743294, 1564351]"
"CBN-Pla-B4-20130808","[1395807, 1392309, 1363526]"
"CBN-Pla-B4-20130904","[1389687, 1564351, 1743294]"
"CBN-Pla-B4-20140722","[1392081, 1564351, 1743294]"
"CBN-Pla-B4-20140812","[1395807, 1392767, 1392309]"
"CBN-Pla-B4-20140902","[1395807, 1392612, 1361099]"
"CBN-Pla-B4-20150702","[1361585, 1564351, 1392081]"
"CBN-Pla-B4-20150723","[1395807, 1505431, 1564351]"
"CBN-Pla-B4-20150811","[1395807, 1389687, 1564351]"
"CBN-Pla-B4-20150901","[1395807, 1359835, 1392309]"
"CBN-Pla-B4-20160707","[1564351, 1743294, 1395166]"
"CBN-Pla-B4-20160728","[1395807, 1397046, 1390756]"
"CBN-Pla-B4-20180724","[1564351, 1743294, 1389555]"
"CBN-Pla-B4-20180816","[1395807, 1397043, 1389687]"
"CBN-Pla-B4-20180906","[1395807, 1364068, 1564351]"
"CBN-Pla-B4-20190723","[1395807, 1628807, 1564351]"
"CBN-Pla-B4-20190814","[1359835, 1356394, 1744003]"
"CBN-Pla-B4-20200723","[1395807, 1361347, 1564351]"
"CBN-Pla-B4-20200814","[1395807, 1427744, 1564351]"
"CBN-Pla-B5-20130724","[1361437, 1564351, 1392081]"
"CBN-Pla-B5-20130808","[1395807, 1395870, 1390657]"
"CBN-Pla-B5-20130904","[1390756, 1395807, 1361444]"
"CBN-Pla-B5-20140722","[1392089, 1392081, 1564351]"
"CBN-Pla-B5-20140812","[1395807, 1493678, 1744170]"
"CBN-Pla-B5-20140902","[1395807, 1361099, 1396733]"
"CBN-Pla-B5-20150702","[1389945, 1564351, 1744530]"
"CBN-Pla-B5-20150723","[1395807, 1505431, 1356398]"
"CBN-Pla-B5-20150811","[1395807, 1395870, 1362485]"
"CBN-Pla-B5-20150901","[1395807, 1395870, 1564351]"
"CBN-Pla-B5-20160707","[1396097, 1520379, 1564351]"
"CBN-Pla-B5-20160728","[1395807, 1564351, 1548249]"
"CBN-Pla-B5-20180724","[1564351, 1392081, 1502791]"
"CBN-Pla-B5-20180816","[1361099, 1393320, 1356397]"
"CBN-Pla-B5-20180906","[1395807, 1362422, 1564351]"
"CBN-Pla-B5-20190723","[1395807, 1360874, 1361050]"
"CBN-Pla-B5-20190814","[1395807, 1392309, 1361099]"
"CBN-Pla-B5-20200723","[1395807, 1390657, 1363526]"
"CBN-Pla-B5-20200814","[1395807, 1392336, 1523071]"
"CBN-Pla-B6-20130724","[1392081, 1356885, 1564726]"
"CBN-Pla-B6-20130808","[1395807, 1493678, 1400111]"
"CBN-Pla-B6-20130904","[1395807, 1363705, 1359140]"
"CBN-Pla-B6-20140722","[1564351, 1392081, 1743294]"
"CBN-Pla-B6-20140812","[1390756, 1395807, 1363526]"
"CBN-Pla-B6-20140902","[1396015, 1361099, 1737693]"
"CBN-Pla-B6-20150702","[1396733, 1395945, 1564351]"
"CBN-Pla-B6-20150723","[1737693, 1395807, 1396858]"
"CBN-Pla-B6-20150811","[1356397, 1395807, 1396253]"
"CBN-Pla-B6-20150901","[1395807, 1412857, 1517561]"
"CBN-Pla-B6-20160707","[1361233, 1564351, 1744147]"
"CBN-Pla-B6-20160728","[1396015, 1392309, 1395807]"
"CBN-Pla-B6-20180816","[1395807, 1361080, 1738749]"
"CBN-Pla-B6-20180906","[1396015, 1390657, 1361099]"
"CBN-Pla-B6-20190723","[1395807, 1651142, 1392081]"
"CBN-Pla-B6-20190814","[1395807, 1396015, 1389687]"
"CBN-Pla-B6-20200723","[1356397, 1395949, 1389687]"
"CBN-Pla-B6-20200814","[1395807, 1396015, 1390756]"
"CBN-Pla-C1-20130808","[1392535, 1361057, 1363413]"
"CBN-Pla-C1-20130904","[1356422, 1395870, 1564351]"
"CBN-Pla-C1-20150702","[1398824, 1392535, 1389687]"
"CBN-Pla-C1-20150723","[1391881, 1363407, 1396754]"
"CBN-Pla-C1-20150811","[1721729, 1564351, 1743294]"
"CBN-Pla-C1-20150901","[1395807, 1360140, 1564351]"
"CBN-Pla-C1-20160707","[1392535, 1742165, 1361444]"
"CBN-Pla-C1-20160728","[1392309, 1389687, 1362113]"
"CBN-Pla-C1-20180816","[1395807, 1392535, 1390756]"
"CBN-Pla-C1-20180906","[1392408, 1395807, 1392535]"
"CBN-Pla-C1-20190723","[1395807, 1564351, 1361444]"
"CBN-Pla-C1-20190814","[1395807, 1361099, 1397942]"
"CBN-Pla-C1-20200723","[1360874, 1395807, 1564351]"
"CBN-Pla-C1-20200814","[1395807, 1395870, 1391989]"
"CBN-Pla-C2-20130808","[1392309, 1743294, 1564351]"
"CBN-Pla-C2-20130904","[1392309, 1361050, 1361099]"
"CBN-Pla-C2-20140722","[1564351, 1389687, 1743294]"
"CBN-Pla-C2-20140902","[1397381, 1361099, 1389687]"
"CBN-Pla-C2-20150702","[1390927, 1392081, 1555195]"
"CBN-Pla-C2-20150723","[1392309, 1403109, 1361050]"
"CBN-Pla-C2-20150811","[1392309, 1395807, 1361099]"
"CBN-Pla-C2-20150901","[1412857, 1395870, 1394540]"
"CBN-Pla-C2-20160707","[1390756, 1389687, 1564351]"
"CBN-Pla-C2-20160728","[1392309, 1412857, 1389687]"
"CBN-Pla-C2-20180724","[1361732, 1392081, 1743560]"
"CBN-Pla-C2-20180816","[1363413, 1361080, 1391989]"
"CBN-Pla-C2-20180906","[1390756, 1389687, 1564351]"
"CBN-Pla-C2-20190723","[1395807, 1389687, 1361444]"
"CBN-Pla-C2-20190814","[1361080, 1389687, 1564351]"
"CBN-Pla-C2-20200723","[1392309, 1356397, 1389687]"
"CBN-Pla-C2-20200814","[1390756, 1356397, 1389687]"
"CBN-Pla-C3-20130808","[1393604, 1392309, 1364067]"
"CBN-Pla-C3-20130904","[1390756, 1395807, 1392336]"
"CBN-Pla-C3-20140722","[1392081, 1564351, 1389687]"
"CBN-Pla-C3-20140902","[1395807, 1398644, 1564351]"
"CBN-Pla-C3-20150702","[1564351, 1742165, 1743294]"
"CBN-Pla-C3-20150723","[1426088, 1391881, 1361444]"
"CBN-Pla-C3-20150811","[1737693, 1361233, 1388990]"
"CBN-Pla-C3-20150901","[1392309, 1395807, 1564351]"
"CBN-Pla-C3-20160707","[1395949, 1363016, 1564351]"
"CBN-Pla-C3-20160728","[1395807, 1356398, 1392408]"
"CBN-Pla-C3-20180724","[1389687, 1743294, 1359609]"
"CBN-Pla-C3-20180816","[1395807, 1392309, 1389687]"
"CBN-Pla-C3-20180906","[1395807, 1394366, 1564351]"
"CBN-Pla-C3-20190723","[1395807, 1414270, 1742165]"
"CBN-Pla-C3-20190814","[1395807, 1360874, 1737693]"
"CBN-Pla-C3-20200723","[1395807, 1389687, 1564351]"
"CBN-Pla-C3-20200814","[1395807, 1564351, 1357866]"
"CBN-Pla-C4-20130808","[1395807, 1360874, 1363413]"
"CBN-Pla-C4-20130904","[1395807, 1564351, 1467324]"
"CBN-Pla-C4-20140902","[1395807, 1361914, 1361099]"
"CBN-Pla-C4-20150702","[1395807, 1742165, 1564351]"
"CBN-Pla-C4-20150723","[1395807, 1743294, 1564351]"
"CBN-Pla-C4-20150811","[1395807, 1505431, 1389687]"
"CBN-Pla-C4-20150901","[1395807, 1743294, 1564351]"
"CBN-Pla-C4-20160707","[1742165, 1392089, 1392890]"
"CBN-Pla-C4-20160728","[1395807, 1396733, 1389687]"
"CBN-Pla-C4-20180724","[1392890, 1564351, 1742165]"
"CBN-Pla-C4-20180816","[1395807, 1360874, 1358537]"
"CBN-Pla-C4-20180906","[1395807, 1392309, 1564351]"
"CBN-Pla-C4-20190723","[1395807, 1397043, 1358537]"
"CBN-Pla-C4-20190814","[1395807, 1389687, 1564351]"
"CBN-Pla-C4-20200723","[1395807, 1564351, 1742571]"
"CBN-Pla-C4-20200814","[1395807, 1389833, 1390779]"
"CBN-Pla-C5-20130808","[1395807, 1397043, 1564351]"
"CBN-Pla-C5-20130904","[1395807, 1392612, 1361050]"
"CBN-Pla-C5-20140722","[1528543, 1742165, 1392890]"
"CBN-Pla-C5-20140902","[1395807, 1389687, 1564351]"
"CBN-Pla-C5-20150702","[1356424, 1361585, 1395807]"
"CBN-Pla-C5-20150723","[1395807, 1737693, 1361080]"
"CBN-Pla-C5-20150811","[1395807, 1396754, 1564351]"
"CBN-Pla-C5-20150901","[1395807, 1361585, 1389818]"
"CBN-Pla-C5-20160707","[1389329, 1564351, 1359140]"
"CBN-Pla-C5-20160728","[1395807, 1363016, 1363407]"
"CBN-Pla-C5-20180724","[1520379, 1742165, 1563496]"
"CBN-Pla-C5-20180816","[1392309, 1397513, 1389687]"
"CBN-Pla-C5-20180906","[1392309, 1395807, 1737693]"
"CBN-Pla-C5-20190723","[1395807, 1397046, 1360874]"
"CBN-Pla-C5-20190814","[1395807, 1361099, 1564351]"
"CBN-Pla-C5-20200723","[1395807, 1360874, 1363526]"
"CBN-Pla-C5-20200814","[1395807, 1361080, 1361050]"
"CBN-Pla-C6-20130808","[1395807, 1362023, 1392309]"
"CBN-Pla-C6-20130904","[1395807, 1358537, 1744413]"
"CBN-Pla-C6-20140902","[1395807, 1361099, 1564351]"
"CBN-Pla-C6-20150702","[1394598, 1742165, 1564351]"
"CBN-Pla-C6-20150723","[1395807, 1360874, 1564351]"
"CBN-Pla-C6-20150811","[1395807, 1564351, 1398722]"
"CBN-Pla-C6-20150901","[1395807, 1564351, 1743294]"
"CBN-Pla-C6-20160707","[1356424, 1395807, 1361077]"
"CBN-Pla-C6-20160728","[1395807, 1359835, 1389687]"
"CBN-Pla-C6-20180724","[1742165, 1564351, 1495430]"
"CBN-Pla-C6-20180816","[1395807, 1392309, 1389687]"
"CBN-Pla-C6-20180906","[1395807, 1389687, 1389818]"
"CBN-Pla-C6-20190723","[1395807, 1467324, 1391514]"
"CBN-Pla-C6-20190814","[1395807, 1389687, 1564351]"
"CBN-Pla-C6-20200723","[1395807, 1392309, 1724565]"
"CBN-Pla-C6-20200814","[1395807, 1361080, 1359835]"
"CBN-Pla-D1-20130808","[1395807, 1392081, 1743294]"
"CBN-Pla-D1-20130904","[1395807, 1397043, 1389687]"
"CBN-Pla-D1-20140722","[1361914, 1743294, 1564351]"
"CBN-Pla-D1-20140902","[1359835, 1393317, 1389687]"
"CBN-Pla-D1-20150702","[1743294, 1564351, 1742165]"
"CBN-Pla-D1-20150723","[1395807, 1564351, 1743294]"
"CBN-Pla-D1-20150811","[1395807, 1564351, 1361761]"
"CBN-Pla-D1-20150901","[1395807, 1361050, 1564351]"
"CBN-Pla-D1-20160707","[1382844, 1361820, 1564351]"
"CBN-Pla-D1-20160728","[1395807, 1360874, 1391755]"
"CBN-Pla-D1-20180724","[1361732, 1406473, 1389687]"
"CBN-Pla-D1-20180816","[1395807, 1397043, 1390756]"
"CBN-Pla-D1-20180906","[1396253, 1359835, 1397513]"
"CBN-Pla-D1-20190723","[1395807, 1419109, 1651142]"
"CBN-Pla-D1-20190814","[1395807, 1505431, 1389687]"
"CBN-Pla-D1-20200723","[1395807, 1360874, 1564351]"
"CBN-Pla-D1-20200814","[1395807, 1359296, 1389687]"
"CBN-Pla-D2-20130808","[1361444, 1743294, 1666441]"
"CBN-Pla-D2-20130904","[1395807, 1361585, 1743926]"
"CBN-Pla-D2-20140722","[1392081, 1389687, 1743560]"
"CBN-Pla-D2-20140902","[1395807, 1392408, 1393200]"
"CBN-Pla-D2-20150702","[1357060, 1564351, 1467324]"
"CBN-Pla-D2-20150723","[1396733, 1721729, 1364037]"
"CBN-Pla-D2-20150811","[1395807, 1394643, 1361099]"
"CBN-Pla-D2-20150901","[1395807, 1412857, 1393547]"
"CBN-Pla-D2-20160707","[1389687, 1392890, 1564351]"
"CBN-Pla-D2-20160728","[1400175, 1358701, 1361080]"
"CBN-Pla-D2-20180724","[1362023, 1564351, 1392081]"
"CBN-Pla-D2-20180816","[1395807, 1360874, 1396472]"
"CBN-Pla-D2-20180906","[1361080, 1392309, 1361050]"
"CBN-Pla-D2-20190723","[1395807, 1396253, 1389687]"
"CBN-Pla-D2-20190814","[1361099, 1412857, 1356394]"
"CBN-Pla-D2-20200723","[1412857, 1389687, 1361444]"
"CBN-Pla-D2-20200814","[1395807, 1361050, 1517561]"
"CBN-Pla-D3-20130808","[1393710, 1743294, 1391514]"
"CBN-Pla-D3-20130904","[1395870, 1389687, 1395724]"
"CBN-Pla-D3-20140722","[1359937, 1389687, 1564351]"
"CBN-Pla-D3-20140902","[1395807, 1361099, 1564351]"
"CBN-Pla-D3-20150702","[1564351, 1742165, 1392081]"
"CBN-Pla-D3-20150723","[1414270, 1389329, 1564351]"
"CBN-Pla-D3-20150811","[1395870, 1361050, 1743294]"
"CBN-Pla-D3-20150901","[1395807, 1564351, 1743294]"
"CBN-Pla-D3-20160707","[1397046, 1357992, 1356424]"
"CBN-Pla-D3-20160728","[1363016, 1363455, 1395870]"
"CBN-Pla-D3-20180724","[1564351, 1742165, 1743294]"
"CBN-Pla-D3-20180816","[1395870, 1392309, 1564351]"
"CBN-Pla-D3-20180906","[1395807, 1564351, 1743294]"
"CBN-Pla-D3-20190723","[1389687, 1467324, 1502791]"
"CBN-Pla-D3-20190814","[1395807, 1395870, 1564351]"
"CBN-Pla-D3-20200723","[1395807, 1363506, 1389687]"
"CBN-Pla-D3-20200814","[1395807, 1395870, 1564351]"
"CBN-Pla-D4-20130808","[1395807, 1363526, 1723194]"
"CBN-Pla-D4-20130904","[1395807, 1389687, 1392081]"
"CBN-Pla-D4-20140722","[1742165, 1743294, 1564351]"
"CBN-Pla-D4-20140902","[1361099, 1361367, 1564351]"
"CBN-Pla-D4-20150702","[1564351, 1392081, 1666441]"
"CBN-Pla-D4-20150723","[1718504, 1356397, 1395807]"
"CBN-Pla-D4-20150811","[1395807, 1389687, 1564351]"
"CBN-Pla-D4-20150901","[1395807, 1394366, 1564351]"
"CBN-Pla-D4-20160707","[1389945, 1743294, 1564351]"
"CBN-Pla-D4-20160728","[1396733, 1395807, 1397043]"
"CBN-Pla-D4-20180724","[1564351, 1456505, 1492738]"
"CBN-Pla-D4-20180816","[1395807, 1427744, 1564351]"
"CBN-Pla-D4-20180906","[1395807, 1564351, 1743294]"
"CBN-Pla-D4-20190723","[1395807, 1397942, 1742165]"
"CBN-Pla-D4-20190814","[1392309, 1395724, 1564726]"
"CBN-Pla-D4-20200723","[1395807, 1360874, 1723194]"
"CBN-Pla-D4-20200814","[1395807, 1395870, 1389687]"
"CBN-Pla-D5-20130808","[1395807, 1360748, 1467324]"
"CBN-Pla-D5-20130904","[1395807, 1564351, 1742165]"
"CBN-Pla-D5-20140722","[1743294, 1564351, 1523071]"
"CBN-Pla-D5-20140902","[1395807, 1392081, 1389687]"
"CBN-Pla-D5-20150702","[1356424, 1395807, 1743294]"
"CBN-Pla-D5-20150723","[1395807, 1390657, 1467324]"
"CBN-Pla-D5-20150811","[1395807, 1724565, 1363016]"
"CBN-Pla-D5-20150901","[1395807, 1517561, 1356424]"
"CBN-Pla-D5-20160707","[1361444, 1389687, 1564351]"
"CBN-Pla-D5-20160728","[1395807, 1360874, 1390674]"
"CBN-Pla-D5-20180724","[1564351, 1743294, 1742165]"
"CBN-Pla-D5-20180816","[1738627, 1363526, 1360874]"
"CBN-Pla-D5-20180906","[1363016, 1395807, 1564351]"
"CBN-Pla-D5-20190723","[1395807, 1360748, 1359835]"
"CBN-Pla-D5-20190814","[1395807, 1390674, 1361761]"
"CBN-Pla-D5-20200723","[1395807, 1360874, 1397942]"
"CBN-Pla-D6-20130808","[1395807, 1360874, 1358537]"
"CBN-Pla-D6-20130904","[1395807, 1390657, 1394366]"
"CBN-Pla-D6-20140722","[1742165, 1564351, 1392081]"
"CBN-Pla-D6-20140902","[1395807, 1358537, 1492610]"
"CBN-Pla-D6-20150702","[1395807, 1356424, 1742165]"
"CBN-Pla-D6-20150723","[1395807, 1358537, 1467324]"
"CBN-Pla-D6-20150811","[1395807, 1359835, 1395870]"
"CBN-Pla-D6-20150901","[1395807, 1395870, 1564351]"
"CBN-Pla-D6-20160707","[1361444, 1564351, 1358537]"
"CBN-Pla-D6-20160728","[1395807, 1390657, 1397043]"
"CBN-Pla-D6-20180724","[1394598, 1564351, 1392081]"
"CBN-Pla-D6-20180816","[1395807, 1743781, 1564351]"
"CBN-Pla-D6-20180906","[1395807, 1724565, 1564351]"
"CBN-Pla-D6-20190723","[1395807, 1392767, 1396682]"
"CBN-Pla-D6-20190814","[1395807, 1564351, 1467324]"
"CBN-Pla-D6-20200723","[1395807, 1360874, 1743560]"
"CBN-Pla-D6-20200814","[1395807, 1467324, 1492610]"
"CBN-Pla-E1-20130808","[1361077, 1361444, 1564351]"
"CBN-Pla-E1-20130904","[1395174, 1564351, 1548249]"
"CBN-Pla-E1-20140722","[1398824, 1564351, 1743294]"
"CBN-Pla-E1-20140902","[1394479, 1361099, 1743294]"
"CBN-Pla-E1-20150702","[1391331, 1364067, 1362023]"
"CBN-Pla-E1-20150723","[1363434, 1361057, 1743294]"
"CBN-Pla-E1-20150901","[1412857, 1564351, 1743294]"
"CBN-Pla-E1-20160707","[1390756, 1397046, 1743294]"
"CBN-Pla-E1-20160728","[1392535, 1396144, 1392534]"
"CBN-Pla-E1-20180816","[1392309, 1743294, 1564351]"
"CBN-Pla-E1-20180906","[1392309, 1743294, 1361444]"
"CBN-Pla-E1-20190723","[1392535, 1363526, 1361444]"
"CBN-Pla-E1-20190814","[1564351, 1389687, 1743294]"
"CBN-Pla-E1-20200630","[1398824, 1564351, 1744643]"
"CBN-Pla-E1-20200723","[1364067, 1357593, 1389687]"
"CBN-Pla-E1-20200814","[1389945, 1389687, 1743294]"
"CBN-Pla-E2-20130808","[1361077, 1737507, 1394542]"
"CBN-Pla-E2-20130904","[1361099, 1391503, 1397043]"
"CBN-Pla-E2-20140722","[1361573, 1392081, 1743294]"
"CBN-Pla-E2-20140902","[1396253, 1361573, 1361099]"
"CBN-Pla-E2-20150702","[1391148, 1396253, 1361077]"
"CBN-Pla-E2-20150723","[1361077, 1403109, 1363407]"
"CBN-Pla-E2-20150901","[1396253, 1361233, 1564351]"
"CBN-Pla-E2-20160707","[1390756, 1392890, 1744530]"
"CBN-Pla-E2-20160728","[1647128, 1396253, 1389687]"
"CBN-Pla-E2-20180724","[1399736, 1744643, 1495430]"
"CBN-Pla-E2-20180816","[1396253, 1396416, 1359199]"
"CBN-Pla-E2-20180906","[1396253, 1390779, 1743294]"
"CBN-Pla-E2-20190723","[1396253, 1396733, 1362023]"
"CBN-Pla-E2-20190814","[1396253, 1412857, 1361057]"
"CBN-Pla-E2-20200630","[1392081, 1564351, 1502791]"
"CBN-Pla-E2-20200723","[1396253, 1382784, 1361080]"
"CBN-Pla-E2-20200814","[1396253, 1396733, 1737693]"
"CBN-Pla-E3-20130808","[1396253, 1363526, 1743294]"
"CBN-Pla-E3-20130904","[1400176, 1564351, 1743294]"
"CBN-Pla-E3-20140722","[1396079, 1396253, 1743294]"
"CBN-Pla-E3-20140902","[1396843, 1363526, 1389687]"
"CBN-Pla-E3-20150702","[1396253, 1564351, 1743294]"
"CBN-Pla-E3-20150723","[1396253, 1361099, 1392535]"
"CBN-Pla-E3-20150811","[1396253, 1392309, 1737693]"
"CBN-Pla-E3-20150901","[1396253, 1564351, 1743294]"
"CBN-Pla-E3-20160707","[1743294, 1361444, 1564351]"
"CBN-Pla-E3-20160728","[1396253, 1392535, 1564351]"
"CBN-Pla-E3-20180724","[1742165, 1477204, 1523071]"
"CBN-Pla-E3-20180816","[1396253, 1397046, 1392309]"
"CBN-Pla-E3-20180906","[1396253, 1389687, 1564351]"
"CBN-Pla-E3-20190723","[1396253, 1356422, 1392535]"
"CBN-Pla-E3-20190814","[1396253, 1392309, 1394542]"
"CBN-Pla-E3-20200630","[1724565, 1564351, 1389687]"
"CBN-Pla-E3-20200723","[1396253, 1393317, 1397049]"
"CBN-Pla-E3-20200814","[1363133, 1363407, 1391148]"
"CBN-Pla-E4-20130808","[1392309, 1397043, 1564351]"
"CBN-Pla-E4-20130904","[1396843, 1361233, 1743612]"
"CBN-Pla-E4-20140722","[1394598, 1392081, 1523071]"
"CBN-Pla-E4-20140902","[1363326, 1398644, 1389687]"
"CBN-Pla-E4-20150702","[1361914, 1564351, 1743294]"
"CBN-Pla-E4-20150811","[1361914, 1564351, 1389687]"
"CBN-Pla-E4-20150901","[1389945, 1361914, 1361233]"
"CBN-Pla-E4-20160707","[1382784, 1361585, 1564351]"
"CBN-Pla-E4-20160728","[1361820, 1389687, 1564351]"
"CBN-Pla-E4-20180724","[1361057, 1382844, 1392081]"
"CBN-Pla-E4-20180816","[1389945, 1389687, 1361444]"
"CBN-Pla-E4-20180906","[1361057, 1382784, 1361585]"
"CBN-Pla-E4-20190723","[1363741, 1397043, 1564351]"
"CBN-Pla-E4-20190814","[1361080, 1392309, 1389687]"
"CBN-Pla-E4-20200630","[1356424, 1363734, 1360981]"
"CBN-Pla-E4-20200723","[1397046, 1564351, 1389687]"
"CBN-Pla-E4-20200814","[1361233, 1391881, 1363526]"
"CBN-Pla-E5-20130808","[1363526, 1392309, 1389687]"
"CBN-Pla-E5-20130904","[1392309, 1414270, 1361080]"
"CBN-Pla-E5-20140722","[1564351, 1359140, 1398722]"
"CBN-Pla-E5-20140902","[1392309, 1743938, 1363326]"
"CBN-Pla-E5-20150702","[1743294, 1361444, 1564351]"
"CBN-Pla-E5-20150723","[1392309, 1360874, 1564351]"
"CBN-Pla-E5-20150811","[1361099, 1392309, 1564351]"
"CBN-Pla-E5-20150901","[1392309, 1412857, 1359296]"
"CBN-Pla-E5-20160707","[1392535, 1389687, 1564351]"
"CBN-Pla-E5-20160728","[1392309, 1743294, 1392535]"
"CBN-Pla-E5-20180724","[1394598, 1356424, 1359199]"
"CBN-Pla-E5-20180816","[1391092, 1392535, 1392309]"
"CBN-Pla-E5-20180906","[1505431, 1389945, 1389687]"
"CBN-Pla-E5-20190723","[1393619, 1363526, 1391148]"
"CBN-Pla-E5-20190814","[1360739, 1361050, 1390756]"
"CBN-Pla-E5-20200630","[1364046, 1389687, 1392081]"
"CBN-Pla-E5-20200723","[1412857, 1395807, 1392556]"
"CBN-Pla-E5-20200814","[1391092, 1395807, 1361080]"
"CBN-Pla-E6-20130808","[1392309, 1395807, 1389687]"
"CBN-Pla-E6-20130904","[1392309, 1564351, 1743560]"
"CBN-Pla-E6-20140722","[1363498, 1359587, 1564351]"
"CBN-Pla-E6-20140902","[1392309, 1361099, 1395807]"
"CBN-Pla-E6-20150702","[1356424, 1564351, 1361444]"
"CBN-Pla-E6-20150723","[1395807, 1392309, 1564351]"
"CBN-Pla-E6-20150811","[1395807, 1392309, 1389687]"
"CBN-Pla-E6-20150901","[1392309, 1395807, 1362023]"
"CBN-Pla-E6-20160707","[1356424, 1389687, 1361444]"
"CBN-Pla-E6-20160728","[1361080, 1390756, 1395807]"
"CBN-Pla-E6-20180724","[1392081, 1743533, 1564726]"
"CBN-Pla-E6-20180816","[1392309, 1390756, 1364067]"
"CBN-Pla-E6-20180906","[1392309, 1395807, 1564351]"
"CBN-Pla-E6-20190723","[1412857, 1392309, 1396289]"
"CBN-Pla-E6-20190814","[1396809, 1361099, 1392309]"
"CBN-Pla-E6-20200723","[1392309, 1395807, 1363496]"
"CBN-Pla-E6-20200814","[1412585, 1392309, 1359296]"
"CBN-Pla-F1-20130808","[1564351, 1389687, 1743294]"
"CBN-Pla-F1-20130904","[1389687, 1743294, 1564351]"
"CBN-Pla-F1-20140722","[1361077, 1363413, 1363433]"
"CBN-Pla-F1-20140902","[1363526, 1363407, 1389687]"
"CBN-Pla-F1-20150702","[1363526, 1391148, 1363407]"
"CBN-Pla-F1-20150723","[1363407, 1647128, 1363413]"
"CBN-Pla-F1-20150901","[1363526, 1361233, 1743294]"
"CBN-Pla-F1-20160707","[1390756, 1744937, 1523071]"
"CBN-Pla-F1-20160728","[1394567, 1392309, 1505431]"
"CBN-Pla-F1-20180724","[1564351, 1743294, 1392081]"
"CBN-Pla-F1-20180816","[1359296, 1382784, 1392309]"
"CBN-Pla-F1-20180906","[1728573, 1392309, 1390779]"
"CBN-Pla-F1-20190723","[1389687, 1392081, 1564351]"
"CBN-Pla-F1-20190814","[1363016, 1382784, 1389687]"
"CBN-Pla-F1-20200630","[1392081, 1743294, 1744170]"
"CBN-Pla-F1-20200723","[1394359, 1723194, 1358257]"
"CBN-Pla-F1-20200814","[1389945, 1361080, 1389687]"
"CBN-Pla-F2-20130808","[1361573, 1529289, 1743294]"
"CBN-Pla-F2-20130904","[1361099, 1361444, 1564351]"
"CBN-Pla-F2-20140722","[1391786, 1743294, 1564351]"
"CBN-Pla-F2-20140902","[1361099, 1392309, 1412857]"
"CBN-Pla-F2-20150702","[1391148, 1743294, 1564351]"
"CBN-Pla-F2-20150723","[1389945, 1394643, 1392309]"
"CBN-Pla-F2-20150901","[1361914, 1743294, 1564351]"
"CBN-Pla-F2-20160707","[1394630, 1743294, 1564351]"
"CBN-Pla-F2-20160728","[1403109, 1389687, 1564351]"
"CBN-Pla-F2-20180724","[1361057, 1389687, 1392890]"
"CBN-Pla-F2-20180816","[1389945, 1363016, 1389687]"
"CBN-Pla-F2-20180906","[1393317, 1412857, 1361057]"
"CBN-Pla-F2-20190723","[1361099, 1396733, 1564351]"
"CBN-Pla-F2-20190814","[1389687, 1564351, 1743294]"
"CBN-Pla-F2-20200630","[1391476, 1398824, 1738585]"
"CBN-Pla-F2-20200723","[1363526, 1389687, 1743294]"
"CBN-Pla-F2-20200814","[1363407, 1564351, 1743294]"
"CBN-Pla-F3-20130808","[1392309, 1389687, 1743294]"
"CBN-Pla-F3-20130904","[1363326, 1564351, 1743294]"
"CBN-Pla-F3-20140722","[1360127, 1743612, 1564351]"
"CBN-Pla-F3-20140902","[1396117, 1413349, 1393317]"
"CBN-Pla-F3-20150702","[1362023, 1357060, 1391148]"
"CBN-Pla-F3-20150723","[1389833, 1392309, 1361233]"
"CBN-Pla-F3-20150811","[1396898, 1413349, 1393317]"
"CBN-Pla-F3-20150901","[1394643, 1564351, 1743294]"
"CBN-Pla-F3-20160707","[1394643, 1743612, 1743294]"
"CBN-Pla-F3-20160728","[1390779, 1359296, 1392309]"
"CBN-Pla-F3-20180724","[1394643, 1389687, 1564351]"
"CBN-Pla-F3-20180816","[1360204, 1389687, 1743612]"
"CBN-Pla-F3-20180906","[1392309, 1395718, 1356942]"
"CBN-Pla-F3-20190723","[1390756, 1564351, 1743294]"
"CBN-Pla-F3-20190814","[1361099, 1564351, 1389687]"
"CBN-Pla-F3-20200630","[1392081, 1743612, 1564351]"
"CBN-Pla-F3-20200723","[1403109, 1361914, 1361080]"
"CBN-Pla-F3-20200814","[1389687, 1743294, 1743612]"
"CBN-Pla-F4-20130808","[1412857, 1361077, 1361050]"
"CBN-Pla-F4-20130904","[1363407, 1361099, 1389687]"
"CBN-Pla-F4-20140722","[1396464, 1389687, 1361761]"
"CBN-Pla-F4-20150723","[1398824, 1564351, 1743294]"
"CBN-Pla-F4-20150811","[1361099, 1392309, 1389945]"
"CBN-Pla-F4-20150901","[1412857, 1564351, 1743294]"
"CBN-Pla-F4-20160707","[1390756, 1564351, 1628807]"
"CBN-Pla-F4-20160728","[1392309, 1389687, 1743612]"
"CBN-Pla-F4-20180724","[1363526, 1362023, 1392081]"
"CBN-Pla-F4-20180816","[1412857, 1392309, 1737693]"
"CBN-Pla-F4-20180906","[1737651, 1389687, 1743294]"
"CBN-Pla-F4-20190723","[1392309, 1564351, 1389687]"
"CBN-Pla-F4-20190814","[1412857, 1564351, 1743294]"
"CBN-Pla-F4-20200630","[1389687, 1564351, 1743294]"
"CBN-Pla-F4-20200723","[1392309, 1389687, 1743294]"
"CBN-Pla-F4-20200814","[1384482, 1392309, 1357608]"
"CBN-Pla-F5-20130808","[1396733, 1743294, 1564351]"
"CBN-Pla-F5-20130904","[1397513, 1363016, 1389687]"
"CBN-Pla-F5-20140722","[1392081, 1359140, 1359609]"
"CBN-Pla-F5-20140902","[1390756, 1361080, 1361099]"
"CBN-Pla-F5-20150702","[1361077, 1363526, 1564351]"
"CBN-Pla-F5-20150723","[1392309, 1392015, 1389687]"
"CBN-Pla-F5-20150811","[1392309, 1395943, 1390756]"
"CBN-Pla-F5-20150901","[1361347, 1395807, 1743294]"
"CBN-Pla-F5-20160707","[1564351, 1742165, 1361444]"
"CBN-Pla-F5-20160728","[1392309, 1395807, 1743294]"
"CBN-Pla-F5-20180724","[1673405, 1359609, 1651061]"
"CBN-Pla-F5-20180816","[1390756, 1392309, 1395807]"
"CBN-Pla-F5-20180906","[1395807, 1394567, 1392309]"
"CBN-Pla-F5-20190723","[1396253, 1392309, 1397942]"
"CBN-Pla-F5-20190814","[1395807, 1392309, 1389687]"
"CBN-Pla-F5-20200723","[1356397, 1396806, 1390756]"
"CBN-Pla-F5-20200814","[1363526, 1392309, 1389687]"
"CBN-Pla-F6-20130808","[1361585, 1363526, 1564351]"
"CBN-Pla-F6-20130904","[1359528, 1396843, 1361080]"
"CBN-Pla-F6-20140722","[1356424, 1743294, 1564351]"
"CBN-Pla-F6-20140902","[1564351, 1389687, 1743294]"
"CBN-Pla-F6-20150702","[1396733, 1392081, 1361444]"
"CBN-Pla-F6-20150723","[1718504, 1361914, 1564351]"
"CBN-Pla-F6-20150811","[1392309, 1389687, 1743294]"
"CBN-Pla-F6-20150901","[1359835, 1392309, 1361050]"
"CBN-Pla-F6-20160707","[1392309, 1389687, 1564351]"
"CBN-Pla-F6-20160728","[1392309, 1389687, 1743294]"
"CBN-Pla-F6-20180724","[1389687, 1564351, 1361444]"
"CBN-Pla-F6-20180816","[1392309, 1360985, 1517561]"
"CBN-Pla-F6-20180906","[1361050, 1392309, 1389687]"
"CBN-Pla-F6-20190723","[1389833, 1389687, 1564351]"
"CBN-Pla-F6-20190814","[1392309, 1564351, 1389687]"
"CBN-Pla-F6-20200723","[1392309, 1389687, 1743294]"
"CBN-Pla-F6-20200814","[1363424, 1392309, 1363496]"
"CBN-Pyr-01-20230706","[1363424, 1363793, 1393317]"
"CBN-Pyr-03-20230706","[1396015, 1395949, 1395973]"
"CBN-can-A1-20230705","[1392608, 1360299, 1393619]"
"CBN-can-A2-20230705","[1360874, 1397942, 1393708]"
"CBN-can-A3-20230705","[1393200, 1392612, 1744003]"
"CBN-can-A5-20230705","[1397475, 1358517, 1564351]"
"CBN-can-A6-20230705","[1397475, 1400101, 1360590]"
"CBN-can-B1-20230705","[1392612, 1360299, 1395807]"
"CBN-can-B2-20230705","[1392608, 1744530, 1738585]"
"CBN-can-B3-20230705","[1361914, 1412857, 1384482]"
"CBN-can-B4-20230705","[1397475, 1399738, 1722416]"
"CBN-can-B5-20230705","[1397475, 1399738, 1396971]"
"CBN-can-B6-20230705","[1393679, 1397475, 1396971]"
"CBN-can-C1-20230705","[1393200, 1395807, 1392637]"
"CBN-can-C2-20230705","[1396806, 1395807, 1393200]"
"CBN-can-C3-20230705","[1364066, 1363424, 1364067]"
"CBN-can-C4-20230705","[1363506, 1395807, 1397043]"
"CBN-can-D1-20230705","[1395807, 1743294, 1396682]"
"CBN-can-D2-20230705","[1412857, 1363526, 1392309]"
"CBN-can-D3-20230705","[1393200, 1363526, 1364066]"
"CBN-can-D4-20230705","[1400101, 1395807, 1723194]"
"CBN-can-E1-20230706","[1392309, 1392608, 1360299]"
"CBN-can-E2-20230706","[1395807, 1363526, 1389833]"
"CBN-can-E3-20230706","[1392309, 1392535, 1397430]"
"CBN-can-E4-20230706","[1397430, 1393681, 1363424]"
"CBN-can-E5-20230706","[1392608, 1361099, 1392081]"
"CBN-can-E6-20230706","[1392535, 1360874, 1724565]"
"CBN-can-F1-20230705","[1395807, 1392535, 1392309]"
"CBN-can-F2-20230706","[1395807, 1363326, 1392309]"
"CBN-can-F3-20230706","[1397430, 1392309, 1393604]"
"CBN-can-F4-20230706","[1397430, 1391077, 1653823]"
"CBN-can-F5-20230706","[1392309, 1724565, 1743294]"
"GUARDEN-AMB-CF04-1-10-20240325","[1359344, 1363302, 1360978]"
"GUARDEN-AMB-CF04-1-5-20240325","[1363302, 1361891, 1363882]"
"GUARDEN-AMB-CF21-1-1-20240326","[1388812, 1356228, 1389687]"
"GUARDEN-AMB-CF21-1-10-20240326","[1722619, 1363302, 1392081]"
"GUARDEN-AMB-CF21-1-2-20240326","[1360719, 1722433, 1722441]"
"GUARDEN-AMB-CF21-1-3-20240326","[1359344, 1360719, 1722441]"
"GUARDEN-AMB-CF21-1-4-20240326","[1359344, 1360978, 1722441]"
"GUARDEN-AMB-CF21-1-5-20240326","[1359344, 1743355, 1578113]"
"GUARDEN-AMB-CF21-1-6-20240326","[1359344, 1722619, 1361703]"
"GUARDEN-AMB-CF21-1-7-20240326","[1722619, 1363302, 1722441]"
"GUARDEN-AMB-CF21-1-8-20240326","[1359344, 1722619, 1564351]"
"GUARDEN-AMB-CF21-1-9-20240326","[1722619, 1359082, 1396759]"
"GUARDEN-AMB-GV04-1-3-20240326","[1359297, 1359344, 1359298]"
"GUARDEN-AMB-GV04-1-4-20240326","[1359297, 1359298, 1359344]"
"GUARDEN-AMB-GV04-1-5-20240326","[1359297, 1359298, 1392081]"
"GUARDEN-AMB-GV04-1-6-20240326","[1359297, 1359298, 1392081]"
"GUARDEN-AMB-GV04-1-7-20240326","[1359297, 1743245, 1395940]"
"GUARDEN-AMB-PR13-1-10-20240417","[1359297, 1359298, 1360701]"
"GUARDEN-AMB-PR13-1-2-20240417","[1721018, 1364037, 1359297]"
"GUARDEN-AMB-PR13-1-3-20240417","[1721018, 1359297, 1360701]"
"GUARDEN-AMB-PR13-1-4-20240417","[1722433, 1721018, 1364037]"
"GUARDEN-AMB-PR13-1-8-20240417","[1359344, 1359297, 1359298]"
"GUARDEN-AMB-PR20-1-1-20240424","[1722441, 1363434, 1737441]"
"GUARDEN-AMB-PR20-1-10-20240424","[1359297, 1743245, 1359161]"
"GUARDEN-AMB-PR20-1-8-20240424","[1359344, 1359297, 1722441]"
"GUARDEN-AMB-SA03-1-1-20240626","[1722441, 1363434, 1722433]"
"GUARDEN-AMB-SA03-1-10-20240626","[1389687, 1356228, 1744526]"
"GUARDEN-AMB-SA03-1-2-20240626","[1655199, 1722441, 1359344]"
"GUARDEN-AMB-SA03-1-3-20240626","[1359344, 1396759, 1359297]"
"GUARDEN-AMB-SA03-1-4-20240626","[1359344, 1359297, 1722441]"
"GUARDEN-AMB-SA03-1-5-20240626","[1359344, 1360719, 1392394]"
"GUARDEN-AMB-SA03-1-9-20240626","[1359297, 1359298, 1529116]"
"GUARDEN-AMB-VC03-1-3-20240417","[1359344, 1694092, 1356905]"
"GUARDEN-AMB-VC03-1-4-20240417","[1359344, 1356905, 1359297]"
"GUARDEN-AMB-VC03-1-5-20240417","[1359297, 1359298, 1412585]"
"GUARDEN-AMB-VC03-1-6-20240417","[1359344, 1359297, 1359298]"
"GUARDEN-CBNMed-10-1-16-34-20240429","[1396904, 1358509, 1743354]"
"GUARDEN-CBNMed-10-10-17-19-20240429","[1358613, 1389687, 1359140]"
"GUARDEN-CBNMed-10-5-16-55-20240429","[1358503, 1356785, 1356784]"
"GUARDEN-CBNMed-10-6-17-02-20240429","[1360272, 1358613, 1356785]"
"GUARDEN-CBNMed-10-7-17-05-20240429","[1358613, 1357111, 1356117]"
"GUARDEN-CBNMed-10-8-17-11-20240429","[1358613, 1358853, 1743299]"
"GUARDEN-CBNMed-10-9-17-16-20240429","[1358613, 1358503, 1360595]"
"GUARDEN-CBNMed-14-3-9-45-20240429","[1364048, 1360578, 1360272]"
"GUARDEN-CBNMed-14-4-9-49-20240429","[1360578, 1359678, 1360272]"
"GUARDEN-CBNMed-14-9-10-09-20240429","[1359678, 1360272, 1358494]"
"GUARDEN-CBNMed-15-10-12-17-20240429","[1364171, 1363526, 1363467]"
"GUARDEN-CBNMed-15-5-11-44-20240429","[1363467, 1363434, 1392081]"
"GUARDEN-CBNMed-15-7-12-02-20240429","[1359182, 1363469, 1363467]"
"GUARDEN-CBNMed-15-9-12-15-20240429","[1363413, 1363526, 1363409]"
"GUARDEN-CBNMed-16-1-13-37-20240429","[1722409, 1744243, 1388990]"
"GUARDEN-CBNMed-16-10-14-33-20240429","[1361002, 1722409, 1744243]"
"GUARDEN-CBNMed-16-2-13-45-20240429","[1363707, 1359216, 1363526]"
"GUARDEN-CBNMed-16-3-13-51-20240429","[1486742, 1722409, 1359548]"
"GUARDEN-CBNMed-16-4-13-57-20240429","[1360267, 1361002, 1361000]"
"GUARDEN-CBNMed-16-6-14-07-20240429","[1361002, 1393365, 1722409]"
"GUARDEN-CBNMed-16-7-14-1-20240429","[1722409, 1744243, 1360267]"
"GUARDEN-CBNMed-16-8-14-14-20240429","[1722409, 1360999, 1361764]"
"GUARDEN-CBNMed-17-3-10-56-20240429","[1397324, 1363292, 1361444]"
"GUARDEN-CBNMed-17-5-11-2-20240429","[1361106, 1743242, 1360816]"
"GUARDEN-CBNMed-19-1-15-24-20240429","[1357293, 1396055, 1363413]"
"GUARDEN-CBNMed-19-10-16-02-20240429","[1396055, 1363413, 1356303]"
"GUARDEN-CBNMed-19-2-15-31-20240429","[1363413, 1394478, 1363933]"
"GUARDEN-CBNMed-19-3-15-35-20240429","[1391786, 1363467, 1363468]"
"GUARDEN-CBNMed-19-4-15-39-20240429","[1362730, 1363424, 1743294]"
"GUARDEN-CBNMed-19-5-15-44-20240429","[1396055, 1363671, 1437978]"
"GUARDEN-CBNMed-19-6-15-48-20240429","[1396055, 1362293, 1363551]"
"GUARDEN-CBNMed-19-7-15-51-20240429","[1357815, 1389687, 1743294]"
"GUARDEN-CBNMed-19-8-15-53-20240429","[1743294, 1392081, 1489808]"
"GUARDEN-CBNMed-19-9-15-58-20240429","[1396055, 1360345, 1363413]"
"GUARDEN-CBNMed-20-1-9-35-20240428","[1360443, 1743245, 1364040]"
"GUARDEN-CBNMed-20-10-10-31-20240428","[1359216, 1397376, 1357114]"
"GUARDEN-CBNMed-20-8-10-19-20240428","[1360999, 1425895, 1392081]"
"GUARDEN-CBNMed-20-9-10-23-20240428","[1359161, 1359216, 1399609]"
"GUARDEN-CBNMed-21-10-11-42-20240428","[1361005, 1392081, 1743612]"
"GUARDEN-CBNMed-21-2-11-07-20240428","[1363434, 1706074, 1357122]"
"GUARDEN-CBNMed-21-3-11-09-20240428","[1393365, 1357122, 1363526]"
"GUARDEN-CBNMed-21-6-11-17-20240428","[1363526, 1357122, 1389687]"
"GUARDEN-CBNMed-21-8-11-23-20240428","[1357122, 1357120, 1363434]"
"GUARDEN-CBNMed-21-9-11-32-20240428","[1363434, 1388990, 1392081]"
"GUARDEN-CBNMed-22-1-13-39-20240428","[1360054, 1360075, 1722522]"
"GUARDEN-CBNMed-22-10-14-48-20240428","[1426005, 1358318, 1426004]"
"GUARDEN-CBNMed-22-2-14-05-20240428","[1722522, 1486726, 1398646]"
"GUARDEN-CBNMed-22-5-14-21-20240428","[1722522, 1398646, 1722625]"
"GUARDEN-CBNMed-22-6-14-23-20240428","[1722522, 1722625, 1363191]"
"GUARDEN-CBNMed-22-7-14-25-20240428","[1722522, 1426005, 1722625]"
"GUARDEN-CBNMed-22-9-14-42-20240428","[1722522, 1426004, 1722625]"
"GUARDEN-CBNMed-23-1-9-56-20240428","[1360999, 1361095, 1392081]"
"GUARDEN-CBNMed-23-10-10-42-20240428","[1392725, 1394640, 1360267]"
"GUARDEN-CBNMed-23-3-10-14-20240428","[1361002, 1399609, 1357630]"
"GUARDEN-CBNMed-23-4-10-17-20240428","[1356108, 1743107, 1392081]"
"GUARDEN-CBNMed-23-5-10-21-20240428","[1361002, 1360711, 1359216]"
"GUARDEN-CBNMed-23-6-10-24-20240428","[1393365, 1361002, 1390972]"
"GUARDEN-CBNMed-23-7-10-28-20240428","[1392725, 1362340, 1393365]"
"GUARDEN-CBNMed-23-8-10-34-20240428","[1396759, 1391122, 1431896]"
"GUARDEN-CBNMed-23-9-10-39-20240428","[1361002, 1743612, 1389687]"
"GUARDEN-CBNMed-24-10-13-06-20240428","[1363434, 1359374, 1392081]"
"GUARDEN-CBNMed-24-2-12-04-20240428","[1360981, 1394383, 1392081]"
"GUARDEN-CBNMed-24-3-12-15-20240428","[1357351, 1394059, 1360437]"
"GUARDEN-CBNMed-24-5-12-36-20240428","[1357351, 1358386, 1357043]"
"GUARDEN-CBNMed-24-6-12-46-20240428","[1357351, 1360715, 1358219]"
"GUARDEN-CBNMed-24-7-12-54-20240428","[1360715, 1356149, 1389687]"
"GUARDEN-CBNMed-24-8-14-58-20240428","[1391494, 1426088, 1357351]"
"GUARDEN-CBNMed-24-9-13-02-20240428","[1398644, 1721729, 1389687]"
"GUARDEN-CBNMed-25-1-13-52-20240428","[1360739, 1394527, 1363555]"
"GUARDEN-CBNMed-25-10-14-49-20240428","[1357743, 1357981, 1357293]"
"GUARDEN-CBNMed-25-2-13-57-20240428","[1357117, 1722416, 1392081]"
"GUARDEN-CBNMed-25-3-14-06-20240428","[1394527, 1362465, 1357815]"
"GUARDEN-CBNMed-25-4-14-15-20240428","[1357743, 1394527, 1357293]"
"GUARDEN-CBNMed-25-7-14-28-20240428","[1362044, 1360443, 1360578]"
"GUARDEN-CBNMed-25-8-14-39-20240428","[1357981, 1357743, 1397330]"
"GUARDEN-CBNMed-25-9-14-43-20240428","[1357981, 1357980, 1356069]"
"GUARDEN-CBNMed-26-10-10-01-20240428","[1363434, 1363424, 1359297]"
"GUARDEN-CBNMed-26-6-9-34-20240428","[1722619, 1481437, 1738652]"
"GUARDEN-CBNMed-26-8-9-45-20240428","[1359344, 1359297, 1668620]"
"GUARDEN-CBNMed-26-9-9-48-20240428","[1359344, 1396759, 1359297]"
"GUARDEN-CBNMed-27-1-11-17-20240428","[1393547, 1360035, 1370637]"
"GUARDEN-CBNMed-27-10-11-55-20240428","[1393547, 1360015, 1360070]"
"GUARDEN-CBNMed-27-2-11-32-20240428","[1360054, 1356158, 1744392]"
"GUARDEN-CBNMed-27-3-11-36-20240428","[1722522, 1722625, 1363191]"
"GUARDEN-CBNMed-27-4-11-39-20240428","[1722522, 1722625, 1363191]"
"GUARDEN-CBNMed-27-5-11-4-20240428","[1722522, 1398646, 1722625]"
"GUARDEN-CBNMed-27-6-11-42-20240428","[1722522, 1425420, 1743612]"
"GUARDEN-CBNMed-27-7-11-43-20240428","[1722522, 1722625, 1363191]"
"GUARDEN-CBNMed-27-8-11-45-20240428","[1722522, 1398646, 1722625]"
"GUARDEN-CBNMed-27-9-11-47-20240428","[1356055, 1744392, 1743612]"
"GUARDEN-CBNMed-28-1-12-46-20240428","[1722522, 1398646, 1360363]"
"GUARDEN-CBNMed-28-10-13-23-20240428","[1359036, 1357705, 1358095]"
"GUARDEN-CBNMed-28-2-12-48-20240428","[1722522, 1426004, 1398646]"
"GUARDEN-CBNMed-28-3-12-51-20240428","[1722522, 1363191, 1398646]"
"GUARDEN-CBNMed-28-4-12-52-20240428","[1722522, 1360054, 1397376]"
"GUARDEN-CBNMed-28-5-13-02-20240428","[1360054, 1356024, 1358564]"
"GUARDEN-CBNMed-28-6-13-06-20240428","[1722522, 1486726, 1357705]"
"GUARDEN-CBNMed-28-7-13-11-20240428","[1357705, 1722522, 1361138]"
"GUARDEN-CBNMed-28-8-13-14-20240428","[1357705, 1399623, 1737429]"
"GUARDEN-CBNMed-28-9-13-17-20240428","[1722522, 1363165, 1357705]"
"GUARDEN-CBNMed-29-6-14-31-20240428","[1360719, 1359344, 1357227]"
"GUARDEN-CBNMed-29-7-14-34-20240428","[1360719, 1360701, 1393770]"
"GUARDEN-CBNMed-30-1-16-07-20240428","[1383109, 1359344, 1361959]"
"GUARDEN-CBNMed-30-10-16-41-20240428","[1359344, 1357227, 1389687]"
"GUARDEN-CBNMed-30-2-16-23-20240428","[1359344, 1357227, 1743355]"
"GUARDEN-CBNMed-30-4-16-3-20240428","[1357227, 1364151, 1393494]"
"GUARDEN-CBNMed-30-6-16-34-20240428","[1359344, 1357227, 1364151]"
"GUARDEN-CBNMed-30-7-16-35-20240428","[1357227, 1359344, 1359297]"
"GUARDEN-CBNMed-30-8-16-37-20240428","[1357227, 1359344, 1743781]"
"GUARDEN-CBNMed-30-9-16-4-20240428","[1357227, 1359344, 1396883]"
"GUARDEN-CBNMed-31-1-9-37-20240428","[1393770, 1359952, 1393777]"
"GUARDEN-CBNMed-31-10-10-06-20240428","[1363434, 1414353, 1422217]"
"GUARDEN-CBNMed-31-2-9-4-20240428","[1355977, 1393770, 1564351]"
"GUARDEN-CBNMed-31-3-9-44-20240428","[1393770, 1743612, 1389687]"
"GUARDEN-CBNMed-31-4-9-48-20240428","[1355977, 1364151, 1364154]"
"GUARDEN-CBNMed-31-5-9-51-20240428","[1393770, 1364037, 1359297]"
"GUARDEN-CBNMed-31-6-9-54-20240428","[1393770, 1737651, 1363434]"
"GUARDEN-CBNMed-31-7-9-56-20240428","[1722578, 1393770, 1356333]"
"GUARDEN-CBNMed-31-8-10-20240428","[1360798, 1361985, 1359009]"
"GUARDEN-CBNMed-31-9-10-02-20240428","[1722578, 1364154, 1359344]"
"GUARDEN-CBNMed-32-1-11-46-20240428","[1399609, 1359009, 1357630]"
"GUARDEN-CBNMed-32-10-13-12-20240428","[1393770, 1359009, 1359965]"
"GUARDEN-CBNMed-32-2-11-58-20240428","[1359009, 1359952, 1396726]"
"GUARDEN-CBNMed-32-3-12-01-20240428","[1359009, 1393770, 1358968]"
"GUARDEN-CBNMed-32-4-12-12-20240428","[1359009, 1358968, 1396726]"
"GUARDEN-CBNMed-32-9-13-07-20240428","[1393770, 1359965, 1359603]"
"GUARDEN-CBNMed-33-1-14-48-20240428","[1399609, 1357025, 1393615]"
"GUARDEN-CBNMed-33-10-15-59-20240428","[1363526, 1363434, 1393615]"
"GUARDEN-CBNMed-33-2-15-01-20240428","[1399609, 1737651, 1655199]"
"GUARDEN-CBNMed-33-3-15-04-20240428","[1399609, 1357630, 1392725]"
"GUARDEN-CBNMed-33-4-15-26-20240428","[1393615, 1737651, 1518245]"
"GUARDEN-CBNMed-33-5-15-29-20240428","[1399609, 1357630, 1397398]"
"GUARDEN-CBNMed-33-6-15-36-20240428","[1399609, 1737651, 1357630]"
"GUARDEN-CBNMed-33-7-15-43-20240428","[1398824, 1399609, 1363671]"
"GUARDEN-CBNMed-33-8-15-5-20240428","[1399609, 1357630, 1737651]"
"GUARDEN-CBNMed-33-9-15-56-20240428","[1399609, 1358349, 1360326]"
"GUARDEN-CBNMed-38-1-12-58-20240428","[1395169, 1356654, 1395168]"
"GUARDEN-CBNMed-38-4-14-39-20240428","[1395168, 1395169, 1395162]"
"GUARDEN-CBNMed-38-6-15-04-20240428","[1395169, 1395168, 1395162]"
"GUARDEN-CBNMed-39-10-12-02-20240531","[1363496, 1419971, 1360711]"
"GUARDEN-CBNMed-39-7-11-3-20240531","[1394627, 1363424, 1395920]"
"GUARDEN-CBNMed-39-8-11-39-20240531","[1358478, 1394478, 1356303]"
"GUARDEN-CBNMed-39-9-11-5-20240531","[1391507, 1744551, 1744368]"
"GUARDEN-CBNMed-44-7-12-03-20240629","[1392059, 1363526, 1392067]"
"GUARDEN-CBNMed-5-1-12-38-20240430","[1414366, 1361444, 1392081]"
"GUARDEN-CBNMed-5-10-13-32-20240430","[1414366, 1361058, 1414353]"
"GUARDEN-CBNMed-5-2-12-45-20240430","[1414366, 1414353, 1720971]"
"GUARDEN-CBNMed-5-3-12-56-20240430","[1363496, 1391823, 1389687]"
"GUARDEN-CBNMed-5-4-13-20240430","[1411890, 1396416, 1389018]"
"GUARDEN-CBNMed-5-5-13-04-20240430","[1363491, 1363544, 1361316]"
"GUARDEN-CBNMed-5-6-13-07-20240430","[1363458, 1414366, 1396252]"
"GUARDEN-CBNMed-5-7-13-17-20240430","[1414366, 1414353, 1361316]"
"GUARDEN-CBNMed-5-8-13-22-20240430","[1411890, 1414366, 1392637]"
"GUARDEN-CBNMed-5-9-13-27-20240430","[1363469, 1411890, 1361316]"
"GUARDEN-CBNMed-6-9-15-28-20240430","[1363671, 1356314, 1360771]"
"GUARDEN-CBNMed-8-10-12-59-20240429","[1358613, 1360260, 1389687]"
"GUARDEN-CBNMed-8-4-12-33-20240429","[1722409, 1359548, 1744243]"
"GUARDEN-CBNMed-8-8-12-51-20240429","[1361002, 1361000, 1363707]"
"GUARDEN-CBNMed-8-9-12-56-20240429","[1358613, 1361000, 1359161]"
"GUARDEN-CBNMed-9-10-16-16-20240429","[1360363, 1359216, 1359161]"
"GUARDEN-CBNMed-9-2-15-46-20240429","[1418701, 1358511, 1359140]"
"GUARDEN-CBNMed-9-6-16-04-20240429","[1358613, 1359140, 1647166]"
"GUARDEN-CBNMed-9-7-16-06-20240429","[1358613, 1389687, 1359140]"
"GUARDEN-CBNMed-9-8-16-08-20240429","[1358613, 1389687, 1520379]"
"GUARDEN-CBNMed-9-9-16-14-20240429","[1358613, 1359548, 1359161]"
"LISAH-BOU-0-10-20230523","[1363835, 1361143, 1394000]"
"LISAH-BOU-0-101-20240425","[1425238, 1363730, 1359140]"
"LISAH-BOU-0-104-20240502","[1356276, 1356464, 1359197]"
"LISAH-BOU-0-105-20240502","[1356276, 1397608, 1356464]"
"LISAH-BOU-0-108-20240502","[1356276, 1359772, 1395035]"
"LISAH-BOU-0-109-20240502","[1359772, 1355990, 1360420]"
"LISAH-BOU-0-110-20240502","[1360420, 1397608, 1356276]"
"LISAH-BOU-0-111-20240502","[1388806, 1360420, 1355908]"
"LISAH-BOU-0-113-20240502","[1396509, 1356276, 1388806]"
"LISAH-BOU-0-114-20240502","[1360420, 1360385, 1355908]"
"LISAH-BOU-0-117-20240502","[1360420, 1360385, 1360416]"
"LISAH-BOU-0-118-20240502","[1356276, 1356013, 1392594]"
"LISAH-BOU-0-14-20230511","[1363467, 1363468, 1363424]"
"LISAH-BOU-0-15-20230511","[1360925, 1356008, 1392594]"
"LISAH-BOU-0-153-20240502","[1411890, 1397368, 1363526]"
"LISAH-BOU-0-154-20240502","[1356083, 1389687, 1392081]"
"LISAH-BOU-0-157-20240502","[1356013, 1358643, 1364006]"
"LISAH-BOU-0-16-20230511","[1363835, 1363358, 1393684]"
"LISAH-BOU-0-160-20240502","[1357351, 1356013, 1390653]"
"LISAH-BOU-0-163-20240502","[1363944, 1392594, 1364171]"
"LISAH-BOU-0-164-20240502","[1363835, 1358643, 1390637]"
"LISAH-BOU-0-165-20240502","[1363835, 1361891, 1356314]"
"LISAH-BOU-0-167-20240502","[1363731, 1363730, 1361444]"
"LISAH-BOU-0-168-20240502","[1363731, 1361306, 1363944]"
"LISAH-BOU-0-170-20240502","[1363731, 1394627, 1356066]"
"LISAH-BOU-0-171-20240502","[1363731, 1362653, 1357351]"
"LISAH-BOU-0-172-20240502","[1363731, 1363944, 1359639]"
"LISAH-BOU-0-173-20240502","[1363731, 1363944, 1357351]"
"LISAH-BOU-0-174-20240502","[1363731, 1363944, 1425238]"
"LISAH-BOU-0-175-20240502","[1363731, 1363944, 1359639]"
"LISAH-BOU-0-183-20240502","[1363944, 1363731, 1359639]"
"LISAH-BOU-0-187-20240502","[1363731, 1363944, 1359639]"
"LISAH-BOU-0-191-20240502","[1414353, 1363526, 1363797]"
"LISAH-BOU-0-2-20240425","[1356276, 1739022, 1396206]"
"LISAH-BOU-0-24-20230512","[1360385, 1360420, 1361000]"
"LISAH-BOU-0-24-20240425","[1356013, 1389311, 1360614]"
"LISAH-BOU-0-25-20230512","[1360420, 1389311, 1360385]"
"LISAH-BOU-0-25-20230711","[1360825, 1418380, 1397420]"
"LISAH-BOU-0-28-20240425","[1361000, 1389311, 1360385]"
"LISAH-BOU-0-29-20230523","[1397356, 1356786, 1394478]"
"LISAH-BOU-0-29-20230621","[1360816, 1397356, 1363212]"
"LISAH-BOU-0-29-20240425","[1389311, 1361000, 1360385]"
"LISAH-BOU-0-3-20230721","[1425420, 1360816, 1363424]"
"LISAH-BOU-0-30-20230512","[1356012, 1356017, 1397356]"
"LISAH-BOU-0-30-20240425","[1389311, 1360614, 1395507]"
"LISAH-BOU-0-31-20230919","[1523071, 1359199, 1389687]"
"LISAH-BOU-0-31-20240425","[1397356, 1389311, 1356012]"
"LISAH-BOU-0-32-20230516","[1355936, 1359575, 1362653]"
"LISAH-BOU-0-32-20240425","[1356017, 1356012, 1360614]"
"LISAH-BOU-0-34-20230516","[1360614, 1389687, 1564351]"
"LISAH-BOU-0-35-20240425","[1397356, 1356012, 1356017]"
"LISAH-BOU-0-36-20240425","[1356017, 1360614, 1356012]"
"LISAH-BOU-0-37-20230512","[1394509, 1397356, 1364032]"
"LISAH-BOU-0-37-20240425","[1356012, 1397356, 1360613]"
"LISAH-BOU-0-38-20230516","[1356013, 1364164, 1394478]"
"LISAH-BOU-0-39-20230512","[1397356, 1356469, 1394509]"
"LISAH-BOU-0-4-20230511","[1414353, 1422217, 1422218]"
"LISAH-BOU-0-4-20230711","[1360434, 1721637, 1356396]"
"LISAH-BOU-0-4-20240425","[1356013, 1361055, 1356885]"
"LISAH-BOU-0-40-20230512","[1397356, 1360614, 1361000]"
"LISAH-BOU-0-40-20240425","[1397356, 1394509, 1389311]"
"LISAH-BOU-0-41-20230512","[1397356, 1394509, 1356469]"
"LISAH-BOU-0-42-20230511","[1363555, 1360385, 1363467]"
"LISAH-BOU-0-43-20230512","[1363835, 1397356, 1356013]"
"LISAH-BOU-0-44-20240425","[1358853, 1355908, 1356013]"
"LISAH-BOU-0-5-20230512","[1356276, 1394548, 1741815]"
"LISAH-BOU-0-5-20230711","[1360354, 1392757, 1743294]"
"LISAH-BOU-0-50-20230512","[1361306, 1422217, 1422218]"
"LISAH-BOU-0-52-20230512","[1422218, 1363944, 1359639]"
"LISAH-BOU-0-54-20230512","[1422218, 1361306, 1422217]"
"LISAH-BOU-0-55-20230512","[1363944, 1359639, 1363947]"
"LISAH-BOU-0-56-20230512","[1363944, 1361306, 1363551]"
"LISAH-BOU-0-58-20230512","[1394627, 1356066, 1361306]"
"LISAH-BOU-0-6-20240425","[1356276, 1363526, 1389687]"
"LISAH-BOU-0-63-20230512","[1358257, 1356333, 1389329]"
"LISAH-BOU-0-65-20230512","[1361306, 1359344, 1743294]"
"LISAH-BOU-0-75-20230516","[1390967, 1422217, 1392081]"
"LISAH-BOU-0-79-20230512","[1425238, 1359502, 1389687]"
"LISAH-BOU-0-8-20240425","[1361055, 1389687, 1548249]"
"LISAH-BOU-0-84-20230512","[1425238, 1361394, 1363731]"
"LISAH-BOU-0-9-20240425","[1743938, 1722441, 1363526]"
"LISAH-BOU-0-98-20240425","[1425238, 1363730, 1393777]"
"LISAH-BVD-0-100-20230510","[1394627, 1363496, 1356066]"
"LISAH-BVD-0-101-20230510","[1394627, 1356066, 1394638]"
"LISAH-BVD-0-152-20230511","[1394627, 1646528, 1356066]"
"LISAH-BVD-0-155-20230511","[1394627, 1356066, 1394638]"
"LISAH-BVD-0-158-20230511","[1394627, 1356066, 1363740]"
"LISAH-BVD-0-191-20230511","[1389018, 1389687, 1361444]"
"LISAH-BVD-0-192-20230511","[1363424, 1649856, 1363555]"
"LISAH-BVD-0-195-20230511","[1363508, 1363555, 1393458]"
"LISAH-BVD-0-196-20230511","[1363555, 1363424, 1363671]"
"LISAH-BVD-0-197-20230511","[1394359, 1364169, 1363424]"
"LISAH-BVD-0-200-20230511","[1363740, 1363424, 1363526]"
"LISAH-BVD-0-203-20230511","[1361133, 1363424, 1356278]"
"LISAH-BVD-0-205-20230511","[1363740, 1361133, 1359528]"
"LISAH-BVD-0-206-20230511","[1398286, 1359562, 1363424]"
"LISAH-BVD-0-208-20230511","[1361133, 1363508, 1363730]"
"LISAH-BVD-0-209-20230511","[1363740, 1394627, 1356066]"
"LISAH-BVD-0-25-20230510","[1359485, 1363526, 1363496]"
"LISAH-BVD-0-275-20230516","[1391666, 1432743, 1361133]"
"LISAH-BVD-0-277-20230516","[1361133, 1363993, 1393458]"
"LISAH-BVD-0-278-20230516","[1363993, 1363526, 1361133]"
"LISAH-BVD-0-281-20230516","[1361133, 1363993, 1432743]"
"LISAH-BVD-0-282-20230516","[1363467, 1361133, 1414353]"
"LISAH-BVD-0-283-20230516","[1363993, 1361133, 1356268]"
"LISAH-BVD-0-285-20230516","[1361133, 1361306, 1361307]"
"LISAH-BVD-0-287-20230516","[1361133, 1363526, 1397314]"
"LISAH-BVD-0-288-20230516","[1363551, 1363555, 1363526]"
"LISAH-BVD-0-292-20230516","[1363555, 1363467, 1363544]"
"LISAH-BVD-0-293-20230516","[1363424, 1393828, 1363526]"
"LISAH-BVD-0-294-20230516","[1363526, 1356268, 1363993]"
"LISAH-BVD-0-295-20230516","[1361133, 1391666, 1363452]"
"LISAH-BVD-0-296-20230516","[1363993, 1361133, 1358003]"
"LISAH-BVD-0-297-20230516","[1363740, 1398286, 1361133]"
"LISAH-BVD-0-298-20230516","[1363993, 1363671, 1361133]"
"LISAH-BVD-0-299-20230516","[1363424, 1363526, 1361133]"
"LISAH-BVD-0-300-20230516","[1363424, 1363993, 1363526]"
"LISAH-BVD-0-301-20230516","[1363993, 1363424, 1564351]"
"LISAH-BVD-0-302-20230516","[1363993, 1363526, 1395920]"
"LISAH-BVD-0-309-20230516","[1363993, 1363424, 1363671]"
"LISAH-BVD-0-310-20230516","[1363993, 1363424, 1362951]"
"LISAH-BVD-0-337-20230516","[1364006, 1358446, 1397942]"
"LISAH-BVD-0-338-20230516","[1356286, 1363460, 1389687]"
"LISAH-BVD-0-339-20230516","[1389687, 1361444, 1743294]"
"LISAH-BVD-0-341-20230516","[1364006, 1722501, 1363740]"
"LISAH-BVD-0-342-20230516","[1364006, 1392248, 1357981]"
"LISAH-BVD-0-343-20230516","[1363740, 1363526, 1391666]"
"LISAH-BVD-0-344-20230516","[1360925, 1397514, 1364006]"
"LISAH-BVD-0-345-20230516","[1364006, 1356286, 1391298]"
"LISAH-BVD-0-346-20230516","[1363526, 1357526, 1389687]"
"LISAH-BVD-0-347-20230516","[1363424, 1356286, 1364006]"
"LISAH-BVD-0-348-20230516","[1356286, 1363802, 1363801]"
"LISAH-BVD-0-349-20230516","[1356286, 1364006, 1394627]"
"LISAH-BVD-0-35-20230510","[1363555, 1363544, 1389687]"
"LISAH-BVD-0-350-20230516","[1363802, 1363801, 1389687]"
"LISAH-BVD-0-351-20230516","[1394627, 1356066, 1357981]"
"LISAH-BVD-0-352-20230516","[1364006, 1394627, 1356066]"
"LISAH-BVD-0-353-20230516","[1394627, 1363458, 1363734]"
"LISAH-BVD-0-354-20230516","[1356294, 1363801, 1363802]"
"LISAH-BVD-0-364-20230516","[1362653, 1361306, 1363944]"
"LISAH-BVD-0-372-20230516","[1363409, 1361306, 1359525]"
"LISAH-BVD-0-379-20230516","[1359528, 1363526, 1361306]"
"LISAH-BVD-0-380-20230516","[1361307, 1363526, 1361306]"
"LISAH-BVD-0-383-20230516","[1407739, 1363526, 1356268]"
"LISAH-BVD-0-392-20230516","[1364006, 1361985, 1361245]"
"LISAH-BVD-0-397-20230517","[1364169, 1414365, 1363526]"
"LISAH-BVD-0-398-20230517","[1363526, 1363424, 1363129]"
"LISAH-BVD-0-412-20230517","[1363424, 1361245, 1363526]"
"LISAH-BVD-0-417-20230517","[1361307, 1363740, 1363526]"
"LISAH-BVD-0-428-20230517","[1394627, 1361306, 1424916]"
"LISAH-BVD-0-430-20230517","[1356286, 1363555, 1363460]"
"LISAH-BVD-0-431-20230517","[1363555, 1364006, 1397366]"
"LISAH-BVD-0-432-20230517","[1356286, 1357635, 1361302]"
"LISAH-BVD-0-463-20230517","[1363740, 1394627, 1356066]"
"LISAH-BVD-0-465-20230517","[1363496, 1397942, 1363740]"
"LISAH-BVD-0-471-20230517","[1394627, 1356066, 1363555]"
"LISAH-BVD-0-54-20230510","[1356314, 1356078, 1363944]"
"LISAH-BVD-0-99-20230510","[1394627, 1393458, 1407739]"
"LISAH-JAS-0-1-20220505","[1364065, 1364171, 1359981]"
"LISAH-JAS-0-11-20220505","[1357875, 1363740, 1393513]"
"LISAH-JAS-0-12-20220505","[1359519, 1393975, 1356278]"
"LISAH-JAS-0-13-20220505","[1359519, 1363740, 1359530]"
"LISAH-JAS-0-15-20220505","[1359519, 1356084, 1422217]"
"LISAH-JAS-0-16-20220505","[1359519, 1363878, 1359530]"
"LISAH-JAS-0-17-20220505","[1356084, 1363740, 1363730]"
"LISAH-JAS-0-2-20220505","[1364065, 1359981, 1356111]"
"LISAH-JAS-0-6-20220505","[1364138, 1356084, 1358701]"
"LISAH-JAS-0-7-20220505","[1364138, 1356084, 1363803]"
"LISAH-JAS-0-9-20220505","[1359519, 1363730, 1397048]"
"LISAH-JAS-1-25-20220505","[1363424, 1361157, 1422217]"
"LISAH-JAS-1-27-20220505","[1363740, 1361306, 1359322]"
"LISAH-JAS-1-28-20220505","[1363740, 1363944, 1359639]"
"LISAH-JAS-1-5-20220505","[1364065, 1364169, 1356709]"
"LISAH-PEC-0-0-20220608","[1396055, 1391763, 1357550]"
"LISAH-PEC-0-1-20230411","[1394478, 1356013, 1741690]"
"LISAH-PEC-0-10-20230405","[1363915, 1356314, 1363491]"
"LISAH-PEC-0-11-20230405","[1363791, 1424916, 1363424]"
"LISAH-PEC-0-11-20230411","[1363878, 1392081, 1389687]"
"LISAH-PEC-0-12-20230411","[1363878, 1356013, 1359981]"
"LISAH-PEC-0-13-20230411","[1649856, 1363878, 1363424]"
"LISAH-PEC-0-13-20230413","[1364006, 1743294, 1389687]"
"LISAH-PEC-0-14-20230407","[1360290, 1357858, 1651061]"
"LISAH-PEC-0-15-20230407","[1361000, 1389687, 1744551]"
"LISAH-PEC-0-17-20230413","[1389687, 1743294, 1647315]"
"LISAH-PEC-0-18-20230411","[1426088, 1363878, 1363638]"
"LISAH-PEC-0-19-20230413","[1649856, 1394414, 1359246]"
"LISAH-PEC-0-20-20230411","[1426088, 1363878, 1363910]"
"LISAH-PEC-0-4-20230407","[1356786, 1389687, 1743294]"
"LISAH-PEC-0-4-20230411","[1356013, 1392081, 1564351]"
"LISAH-PEC-0-6-20220608","[1357401, 1361123, 1362929]"
"LISAH-PEC-0-6-20230411","[1393770, 1356882, 1356013]"
"LISAH-PEC-0-8-20230405","[1363791, 1426088, 1363878]"
"LISAH-PEC-0-9-20230411","[1393770, 1426088, 1356013]"
"LISAH-PEC-0-9-20230413","[1357598, 1374048, 1364158]"
"LISAH-PEC-1-13-20230405","[1356013, 1426088, 1363878]"
"LISAH-PEC-1-18-20230407","[1363899, 1363878, 1363915]"
"LISAH-PEC-2-0-20220609","[1422217, 1356013, 1361306]"
"LISAH-PEC-2-11-20220609","[1357351, 1422218, 1356595]"
"LISAH-PEC-2-17-20230407","[1359588, 1355994, 1362019]"
"LISAH-PEC-2-2-20220609","[1356013, 1388770, 1422218]"
"LISAH-PEC-2-20-20230407","[1356469, 1360035, 1564351]"
"LISAH-PEC-2-4-20220609","[1422217, 1422218, 1361306]"
"LISAH-PEC-2-5-20220609","[1357351, 1355881, 1357598]"
"LISAH-PEC-2-5-20230407","[1362019, 1363878, 1564351]"
"LISAH-PEC-2-6-20220609","[1422217, 1364171, 1422218]"
"LISAH-PEC-3-10-20230407","[1361985, 1363734, 1363424]"
"LISAH-PEC-3-16-20230407","[1363676, 1393591, 1359279]"
"LISAH-PEC-3-20-20230407","[1363676, 1364006, 1363732]"
"OPTMix-0108-P1-312-20231006","[1356404, 1392081, 1668620]"
"OPTMix-0108-P1-422-20231006","[1397942, 1363526, 1564351]"
"OPTMix-0108-P1-427-20231006","[1363413, 1392081, 1743294]"
"OPTMix-0108-P1-533-20231006","[1363526, 1397942, 1362951]"
"OPTMix-0108-P1-95-20231006","[1389687, 1743294, 1564351]"
"OPTMix-012-P1-143-20231201","[1392309, 1419076, 1548153]"
"OPTMix-012-P1-208-20231201","[1359973, 1392309, 1548153]"
"OPTMix-012-P2-192-20231201","[1737422, 1358515, 1419076]"
"OPTMix-012-P2-207-20231201","[1548153, 1394616, 1394617]"
"OPTMix-012-P2-240-20231201","[1359973, 1392309, 1743294]"
"OPTMix-012-P3-190-20231201","[1392309, 1359973, 1737422]"
"OPTMix-012-P3-218-20231201","[1392309, 1548153, 1397383]"
"OPTMix-012-P3-220-20231201","[1392309, 1361585, 1743294]"
"OPTMix-0178-P1-1060-20231006","[1737422, 1401438, 1391810]"
"OPTMix-0178-P1-1061-20231006","[1510341, 1467324, 1668620]"
"OPTMix-0178-P1-552-20231006","[1363770, 1392081, 1744392]"
"OPTMix-0178-P1-661-20231006","[1356404, 1363770, 1356364]"
"OPTMix-0178-P1-663-20231006","[1432743, 1722693, 1548153]"
"OPTMix-0178-P1-669-20231006","[1722693, 1357413, 1419076]"
"OPTMix-0200-11006-20231009","[1548153, 1564351, 1548249]"
"OPTMix-0200-P2-53-20231009","[1358507, 1359199, 1361444]"
"OPTMix-0200-P2-54-20231009","[1389833, 1361444, 1357858]"
"OPTMix-0200-P2-68-20231009","[1358501, 1493352, 1361104]"
"OPTMix-0200-P3-108-20231009","[1363413, 1356404, 1361057]"
"OPTMix-0200-P3-127-20231009","[1363544, 1363413, 1389311]"
"OPTMix-0200-P3-139-20231009","[1356297, 1361057, 1361050]"
"OPTMix-0214-P1-207-20231010","[1392309, 1741608, 1419076]"
"OPTMix-0214-P1-208-20231010","[1392309, 1357413, 1419076]"
"OPTMix-0214-P1-235-20231010","[1548153, 1419076, 1564351]"
"OPTMix-0214-P2-22-20231010","[1358501, 1358511, 1361800]"
"OPTMix-0214-P2-64-20231010","[1358501, 1393486, 1358503]"
"OPTMix-0214-P2-84-20231010","[1419076, 1359973, 1564351]"
"OPTMix-0214-P3-186-20231010","[1361594, 1391148, 1743294]"
"OPTMix-0214-P3-196-20231010","[1392309, 1419076, 1357413]"
"OPTMix-0214-P3-278-20231010","[1743294, 1564351, 1389687]"
"OPTMix-0216-P4-208-20231009","[1358501, 1722693, 1392081]"
"OPTMix-0255-11233-20231009","[1361376, 1744392, 1389687]"
"OPTMix-0255-11372-20231009","[1393828, 1363555, 1389687]"
"OPTMix-0255-11382-20231009","[1363526, 1389687, 1392081]"
"OPTMix-033-P3-107-20231201","[1356404, 1356373, 1743294]"
"OPTMix-0333-P1-107-20231212","[1356404, 1743612, 1392081]"
"OPTMix-0333-P1-112-20231212","[1356404, 1390783, 1743612]"
"OPTMix-0333-P2-108-20231212","[1356404, 1743294, 1743612]"
"OPTMix-0333-P2-112-20231212","[1392081, 1389687, 1722704]"
"OPTMix-0333-P2-115-20231212","[1363413, 1356404, 1389687]"
"OPTMix-0333-P3-100-20231201","[1356404, 1356364, 1737660]"
"OPTMix-0333-P3-76-20231201","[1356404, 1358501, 1356373]"
"OPTMix-057-P1-1699-20231010","[1356404, 1409148, 1394503]"
"OPTMix-057-P1-1901-20231010","[1394616, 1722693, 1356404]"
"OPTMix-057-P1-1902-20231010","[1356404, 1361889, 1722693]"
"OPTMix-057-P1-1913-20231010","[1356404, 1722693, 1356428]"
"OPTMix-057-P1-1917-20231010","[1356404, 1356382, 1391805]"
"OPTMix-0593-P1-129-20231205","[1419076, 1548153, 1564351]"
"OPTMix-0593-P1-134-20231205","[1359973, 1722693, 1564351]"
"OPTMix-0593-P1-86-20231205","[1392309, 1432743, 1393828]"
"OPTMix-0593-P2-180-20231205","[1361703, 1743944, 1737422]"
"OPTMix-0593-P2-84-20231205","[1548153, 1564351, 1744003]"
"OPTMix-0593-P2-92-20231205","[1392309, 1389368, 1356337]"
"OPTMix-0593-P3-130-20231205","[1359973, 1392309, 1548153]"
"OPTMix-0593-P3-146-20231205","[1392309, 1432743, 1743294]"
"OPTMix-0593-P3-87-20231205","[1359973, 1390756, 1721729]"
"OPTMix-0598-P1-118-20231205","[1363434, 1389687, 1361444]"
"OPTMix-0598-P1-132-20231205","[1359973, 1357413, 1419076]"
"OPTMix-0598-P1-133-20231205","[1389687, 1419076, 1359609]"
"OPTMix-0598-P1-149-20231205","[1359973, 1432743, 1564351]"
"OPTMix-0598-P1-197-20231205","[1358501, 1392081, 1743294]"
"OPTMix-0598-P1-198-20231205","[1414356, 1744003, 1392081]"
"OPTMix-0598-P2-102-20231205","[1363544, 1356404, 1722407]"
"OPTMix-0598-P2-139-20231207","[1419076, 1395495, 1722693]"
"OPTMix-0598-P2-86-20231207","[1356404, 1356373, 1743294]"
"OPTMix-0598-P2-99-20231205","[1419076, 1564351, 1743294]"
"OPTMix-0598-P4-104-20231207","[1358501, 1390870, 1432743]"
"OPTMix-0598-P4-108-20231207","[1360413, 1548153, 1722693]"
"OPTMix-0598-P4-128-20231207","[1359973, 1548153, 1531436]"
"OPTMix-083-P3-139-20231110","[1356404, 1392081, 1743612]"
"OPTMix-083-P3-186-20231110","[1356404, 1363544, 1392081]"
"OPTMix-083-P3-96-20231110","[1358501, 1358507, 1392081]"
"OPTMix-108-P1-000-20231006","[1395495, 1737422, 1722693]"
"RNNB-1-1-20230512","[1722522, 1356086, 1363165]"
"RNNB-1-1-20240117","[1722441, 1737441, 1722433]"
"RNNB-1-10-20230512","[1722522, 1722625, 1397505]"
"RNNB-1-10-20240117","[1722433, 1722441, 1737441]"
"RNNB-1-2-20230512","[1722522, 1363191, 1722625]"
"RNNB-1-2-20240117","[1389687, 1356064, 1743612]"
"RNNB-1-3-20230512","[1722522, 1363165, 1363191]"
"RNNB-1-3-20240117","[1356064, 1389687, 1743612]"
"RNNB-1-4-20230512","[1722522, 1722625, 1363191]"
"RNNB-1-4-20240117","[1722433, 1357227, 1722441]"
"RNNB-1-5-20230512","[1722522, 1426005, 1426004]"
"RNNB-1-5-20240117","[1722441, 1737441, 1390761]"
"RNNB-1-6-20230512","[1722522, 1452062, 1397505]"
"RNNB-1-6-20240117","[1722441, 1722433, 1357227]"
"RNNB-1-7-20230512","[1722522, 1722625, 1363165]"
"RNNB-1-7-20240117","[1722441, 1722433, 1737441]"
"RNNB-1-8-20230512","[1722522, 1722625, 1363191]"
"RNNB-1-8-20240117","[1722433, 1722441, 1737441]"
"RNNB-1-9-20230512","[1722522, 1722625, 1363191]"
"RNNB-1-9-20240117","[1722433, 1722441, 1363424]"
"RNNB-2-1-20230512","[1426004, 1722522, 1363165]"
"RNNB-2-1-20240117","[1722433, 1722441, 1357227]"
"RNNB-2-10-20230512","[1426004, 1363134, 1426005]"
"RNNB-2-10-20240117","[1364037, 1722433, 1356228]"
"RNNB-2-2-20230512","[1426004, 1426005, 1722522]"
"RNNB-2-2-20240117","[1357227, 1363892, 1363424]"
"RNNB-2-3-20230512","[1426004, 1392164, 1426005]"
"RNNB-2-3-20240117","[1357227, 1389687, 1361444]"
"RNNB-2-4-20230512","[1426004, 1426005, 1743612]"
"RNNB-2-4-20240117","[1722441, 1357227, 1722433]"
"RNNB-2-5-20230512","[1426005, 1356086, 1426004]"
"RNNB-2-5-20240117","[1359344, 1357227, 1391122]"
"RNNB-2-6-20230512","[1426004, 1392164, 1425420]"
"RNNB-2-6-20240117","[1363892, 1359344, 1357227]"
"RNNB-2-7-20230512","[1426004, 1426005, 1628807]"
"RNNB-2-7-20240117","[1357227, 1722441, 1722433]"
"RNNB-2-8-20230512","[1426004, 1426005, 1392164]"
"RNNB-2-8-20240117","[1360701, 1358537, 1396553]"
"RNNB-2-9-20230512","[1426004, 1426005, 1743612]"
"RNNB-2-9-20240117","[1357227, 1362375, 1363526]"
"RNNB-3-1-20230512","[1363526, 1363424, 1356084]"
"RNNB-3-1-20240117","[1359344, 1722619, 1722433]"
"RNNB-3-10-20230512","[1356297, 1650228, 1393522]"
"RNNB-3-10-20240117","[1364037, 1363424, 1721018]"
"RNNB-3-11-20230512","[1650228, 1722441, 1743938]"
"RNNB-3-12-20230512","[1722441, 1650228, 1393522]"
"RNNB-3-2-20230512","[1426004, 1363526, 1359892]"
"RNNB-3-2-20240117","[1722441, 1722433, 1737441]"
"RNNB-3-3-20240117","[1722441, 1722433, 1361326]"
"RNNB-3-4-20230512","[1360925, 1426004, 1360931]"
"RNNB-3-4-20240117","[1722619, 1722441, 1722433]"
"RNNB-3-5-20230512","[1363526, 1360054, 1722433]"
"RNNB-3-5-20240117","[1722619, 1722441, 1356083]"
"RNNB-3-6-20230512","[1722433, 1650228, 1391743]"
"RNNB-3-6-20240117","[1356055, 1355977, 1721018]"
"RNNB-3-7-20230512","[1722433, 1361721, 1722441]"
"RNNB-3-7-20240117","[1360978, 1359344, 1356228]"
"RNNB-3-8-20230512","[1393522, 1650228, 1722433]"
"RNNB-3-8-20240117","[1359344, 1364037, 1389687]"
"RNNB-3-9-20230512","[1393522, 1650228, 1722433]"
"RNNB-3-9-20240117","[1364037, 1722441, 1360701]"
"RNNB-4-1-20240117","[1361703, 1357769, 1356228]"
"RNNB-4-1-20240118","[1399609, 1395724, 1744003]"
"RNNB-4-10-20240117","[1722433, 1722441, 1389687]"
"RNNB-4-10-20240118","[1391786, 1360326, 1391514]"
"RNNB-4-2-20240117","[1361703, 1356228, 1361723]"
"RNNB-4-2-20240118","[1363424, 1393615, 1389687]"
"RNNB-4-3-20240117","[1361703, 1356228, 1743612]"
"RNNB-4-3-20240118","[1361437, 1389687, 1452360]"
"RNNB-4-4-20240117","[1356228, 1361703, 1363434]"
"RNNB-4-4-20240118","[1361412, 1363555, 1393615]"
"RNNB-4-5-20240117","[1361703, 1722441, 1389687]"
"RNNB-4-5-20240118","[1743294, 1654025, 1564296]"
"RNNB-4-6-20240117","[1722441, 1359344, 1722619]"
"RNNB-4-6-20240118","[1397506, 1673405, 1744833]"
"RNNB-4-7-20240117","[1722619, 1722441, 1737429]"
"RNNB-4-7-20240118","[1359036, 1359973, 1628807]"
"RNNB-4-8-20240117","[1361703, 1389687, 1743612]"
"RNNB-4-8-20240118","[1486726, 1399609, 1392725]"
"RNNB-4-9-20240117","[1359344, 1357848, 1722619]"
"RNNB-4-9-20240118","[1743803, 1392725, 1357060]"
"RNNB-5-1-20240117","[1360542, 1391354, 1360326]"
"RNNB-5-1-20240118","[1722619, 1741601, 1389687]"
"RNNB-5-10-20240117","[1363424, 1363526, 1359952]"
"RNNB-5-10-20240118","[1389687, 1361444, 1392081]"
"RNNB-5-2-20240117","[1399609, 1393615, 1392725]"
"RNNB-5-2-20240118","[1356268, 1392725, 1396553]"
"RNNB-5-3-20240117","[1399609, 1360542, 1392725]"
"RNNB-5-3-20240118","[1361732, 1667948, 1360326]"
"RNNB-5-4-20240117","[1399609, 1392725, 1357630]"
"RNNB-5-4-20240118","[1392725, 1399609, 1357630]"
"RNNB-5-5-20240117","[1399609, 1392725, 1357630]"
"RNNB-5-5-20240118","[1392725, 1399609, 1357630]"
"RNNB-5-6-20240117","[1399609, 1360542, 1357630]"
"RNNB-5-6-20240118","[1392725, 1399609, 1357630]"
"RNNB-5-7-20240117","[1360542, 1393615, 1389687]"
"RNNB-5-7-20240118","[1361326, 1389687, 1478565]"
"RNNB-5-8-20240117","[1356538, 1389687, 1743294]"
"RNNB-5-8-20240118","[1392081, 1743612, 1520379]"
"RNNB-5-9-20240117","[1398824, 1357060, 1393615]"
"RNNB-5-9-20240118","[1391148, 1743938, 1363526]"
"RNNB-6-1-20240117","[1393615, 1743355, 1395724]"
"RNNB-6-1-20240118","[1356065, 1361437, 1743612]"
"RNNB-6-10-20240117","[1392081, 1564351, 1743294]"
"RNNB-6-10-20240118","[1392725, 1518245, 1361732]"
"RNNB-6-2-20240117","[1393615, 1389687, 1744392]"
"RNNB-6-2-20240118","[1361703, 1356228, 1389687]"
"RNNB-6-3-20240117","[1422217, 1393615, 1389687]"
"RNNB-6-3-20240118","[1722619, 1363434, 1389687]"
"RNNB-6-4-20240117","[1389687, 1743781, 1361444]"
"RNNB-6-4-20240118","[1363434, 1363424, 1361703]"
"RNNB-6-5-20240117","[1390966, 1389687, 1564351]"
"RNNB-6-5-20240118","[1425895, 1391148, 1393615]"
"RNNB-6-6-20240117","[1363434, 1389687, 1744003]"
"RNNB-6-6-20240118","[1722619, 1361703, 1399609]"
"RNNB-6-7-20240117","[1360350, 1393615, 1358176]"
"RNNB-6-7-20240118","[1392725, 1399609, 1517773]"
"RNNB-6-8-20240117","[1393615, 1390949, 1389687]"
"RNNB-6-8-20240118","[1361732, 1361703, 1363170]"
"RNNB-6-9-20240117","[1393615, 1389687, 1564351]"
"RNNB-6-9-20240118","[1356228, 1361723, 1399609]"
"RNNB-7-1-20240118","[1389687, 1392081, 1743294]"
"RNNB-7-10-20240118","[1392628, 1389687, 1744392]"
"RNNB-7-2-20240118","[1361437, 1389687, 1398722]"
"RNNB-7-3-20240118","[1361437, 1393615, 1361732]"
"RNNB-7-4-20240118","[1393615, 1743560, 1744526]"
"RNNB-7-5-20240118","[1361437, 1364019, 1361256]"
"RNNB-7-6-20240118","[1361437, 1389687, 1666441]"
"RNNB-7-7-20240118","[1363434, 1363526, 1389687]"
"RNNB-7-8-20240118","[1361437, 1363434, 1389687]"
"RNNB-7-9-20240118","[1389687, 1743612, 1744392]"
"RNNB-8-1-20240118","[1359344, 1722441, 1389687]"
"RNNB-8-10-20240118","[1722441, 1722433, 1389687]"
"RNNB-8-2-20240118","[1357227, 1722441, 1722433]"
"RNNB-8-3-20240118","[1722441, 1722433, 1361326]"
"RNNB-8-4-20240118","[1722433, 1722441, 1744526]"
"RNNB-8-5-20240118","[1359344, 1363424, 1363526]"
"RNNB-8-6-20240118","[1363424, 1722433, 1359344]"
"RNNB-8-7-20240118","[1359344, 1363892, 1357848]"
"RNNB-8-8-20240118","[1359344, 1363892, 1357227]"
"RNNB-8-9-20240118","[1361437, 1359344, 1722433]"
