"quadrat_id","species_ids"
"2024-CEV3-20240602","[1362443, 1397516, 1360187]"
"CBN-PdlC-A1-20130807","[1412857, 1395807, 1392608]"
"CBN-PdlC-A1-20130903","[1395807, 1412857, 1394643]"
"CBN-PdlC-A1-20140721","[1360299, 1393619, 1394911]"
"CBN-PdlC-A1-20140811","[1412857, 1392608, 1390793]"
"CBN-PdlC-A1-20140901","[1392608, 1412857, 1610809]"
"CBN-PdlC-A1-20150701","[1395807, 1392608, 1741758]"
"CBN-PdlC-A1-20150720","[1412857, 1395807, 1394643]"
"CBN-PdlC-A1-20150831","[1412857, 1395807, 1394643]"
"CBN-PdlC-A1-20160705","[1394911, 1360299, 1412857]"
"CBN-PdlC-A1-20160726","[1394643, 1395807, 1392608]"
"CBN-PdlC-A1-20170816","[1412857, 1395194, 1741758]"
"CBN-PdlC-A1-20170906","[1412857, 1392608, 1395807]"
"CBN-PdlC-A1-20180702","[1741758, 1744833, 1610809]"
"CBN-PdlC-A1-20180815","[1412857, 1392608, 1360299]"
"CBN-PdlC-A1-20180905","[1412857, 1360299, 1395807]"
"CBN-PdlC-A1-20190701","[1356424, 1741758, 1610809]"
"CBN-PdlC-A1-20190722","[1395807, 1394643, 1392608]"
"CBN-PdlC-A1-20190812","[1412857, 1364071, 1360299]"
"CBN-PdlC-A1-20190909","[1412857, 1395807, 1362331]"
"CBN-PdlC-A1-20200629","[1743539, 1393657, 1563496]"
"CBN-PdlC-A1-20200722","[1392608, 1393494, 1392534]"
"CBN-PdlC-A1-20200812","[1412857, 1395807, 1364071]"
"CBN-PdlC-A2-20130807","[1395807, 1361113, 1741758]"
"CBN-PdlC-A2-20130903","[1394643, 1393619, 1394600]"
"CBN-PdlC-A2-20140721","[1394542, 1610809, 1360171]"
"CBN-PdlC-A2-20140901","[1412857, 1389945, 1741758]"
"CBN-PdlC-A2-20150720","[1395807, 1610809, 1741758]"
"CBN-PdlC-A2-20150810","[1395807, 1741758, 1610809]"
"CBN-PdlC-A2-20150831","[1412857, 1394542, 1393200]"
"CBN-PdlC-A2-20160705","[1412857, 1610809, 1741758]"
"CBN-PdlC-A2-20160726","[1395807, 1392534, 1610809]"
"CBN-PdlC-A2-20170816","[1395807, 1741758, 1610809]"
"CBN-PdlC-A2-20180702","[1395903, 1610809, 1741758]"
"CBN-PdlC-A2-20180723","[1395807, 1393200, 1394643]"
"CBN-PdlC-A2-20180815","[1361113, 1412857, 1563496]"
"CBN-PdlC-A2-20180905","[1412857, 1395807, 1394643]"
"CBN-PdlC-A2-20190701","[1563496, 1741758, 1744833]"
"CBN-PdlC-A2-20190722","[1395807, 1392534, 1412857]"
"CBN-PdlC-A2-20190812","[1364071, 1395807, 1396898]"
"CBN-PdlC-A2-20190909","[1395807, 1412857, 1394643]"
"CBN-PdlC-A2-20200629","[1744833, 1610809, 1563496]"
"CBN-PdlC-A2-20200722","[1610809, 1563496, 1360171]"
"CBN-PdlC-A2-20200812","[1412857, 1395807, 1563496]"
"CBN-PdlC-A3-20130807","[1395807, 1393231, 1394643]"
"CBN-PdlC-A3-20130903","[1360269, 1392608, 1394643]"
"CBN-PdlC-A3-20140721","[1393619, 1393200, 1360299]"
"CBN-PdlC-A3-20140811","[1412857, 1392608, 1355871]"
"CBN-PdlC-A3-20140901","[1412857, 1392608, 1357608]"
"CBN-PdlC-A3-20150701","[1392608, 1356355, 1741758]"
"CBN-PdlC-A3-20150720","[1412857, 1357608, 1392608]"
"CBN-PdlC-A3-20150810","[1392608, 1395807, 1412857]"
"CBN-PdlC-A3-20150831","[1412857, 1395807, 1392608]"
"CBN-PdlC-A3-20160705","[1412857, 1393200, 1396971]"
"CBN-PdlC-A3-20160726","[1412857, 1395807, 1392608]"
"CBN-PdlC-A3-20170816","[1395807, 1412857, 1394643]"
"CBN-PdlC-A3-20170906","[1412857, 1393200, 1395807]"
"CBN-PdlC-A3-20180702","[1741758, 1560618, 1610809]"
"CBN-PdlC-A3-20180723","[1395807, 1392608, 1393200]"
"CBN-PdlC-A3-20180815","[1392608, 1358257, 1394643]"
"CBN-PdlC-A3-20180905","[1412857, 1395807, 1741758]"
"CBN-PdlC-A3-20190701","[1610809, 1741758, 1356424]"
"CBN-PdlC-A3-20190722","[1412857, 1360874, 1395807]"
"CBN-PdlC-A3-20190812","[1412857, 1392952, 1360874]"
"CBN-PdlC-A3-20190909","[1394643, 1412857, 1395807]"
"CBN-PdlC-A3-20200629","[1610809, 1741758, 1560618]"
"CBN-PdlC-A3-20200722","[1412857, 1393200, 1392608]"
"CBN-PdlC-A3-20200812","[1412857, 1392608, 1393200]"
"CBN-PdlC-A4-20130807","[1395807, 1360299, 1392608]"
"CBN-PdlC-A4-20130903","[1395190, 1392608, 1395807]"
"CBN-PdlC-A4-20140811","[1393200, 1364063, 1397475]"
"CBN-PdlC-A4-20140901","[1505431, 1397475, 1392608]"
"CBN-PdlC-A4-20150701","[1397475, 1392608, 1393200]"
"CBN-PdlC-A4-20150810","[1357608, 1392608, 1390674]"
"CBN-PdlC-A4-20150831","[1397475, 1360299, 1392608]"
"CBN-PdlC-A4-20160705","[1393200, 1397475, 1360299]"
"CBN-PdlC-A4-20160726","[1392608, 1393200, 1360299]"
"CBN-PdlC-A4-20170816","[1397475, 1395158, 1360748]"
"CBN-PdlC-A4-20170906","[1360299, 1397475, 1362481]"
"CBN-PdlC-A4-20180702","[1397475, 1396060, 1357104]"
"CBN-PdlC-A4-20180723","[1393200, 1392608, 1395190]"
"CBN-PdlC-A4-20180815","[1395190, 1397475, 1360903]"
"CBN-PdlC-A4-20180905","[1397475, 1360872, 1395190]"
"CBN-PdlC-A4-20190701","[1357103, 1741758, 1610809]"
"CBN-PdlC-A4-20190722","[1397475, 1360874, 1363459]"
"CBN-PdlC-A4-20190812","[1397475, 1395190, 1394759]"
"CBN-PdlC-A4-20190909","[1397475, 1360261, 1392608]"
"CBN-PdlC-A4-20200629","[1397475, 1563496, 1360171]"
"CBN-PdlC-A4-20200722","[1397475, 1392608, 1393200]"
"CBN-PdlC-A4-20200812","[1397475, 1395190, 1392608]"
"CBN-PdlC-A5-20130807","[1395807, 1397475, 1397129]"
"CBN-PdlC-A5-20130903","[1364071, 1356571, 1359835]"
"CBN-PdlC-A5-20140721","[1395807, 1397475, 1505431]"
"CBN-PdlC-A5-20140811","[1395807, 1741758, 1563496]"
"CBN-PdlC-A5-20150701","[1395807, 1393604, 1397475]"
"CBN-PdlC-A5-20150831","[1397475, 1395807, 1364071]"
"CBN-PdlC-A5-20160705","[1397475, 1482204, 1395807]"
"CBN-PdlC-A5-20160726","[1397475, 1364071, 1392534]"
"CBN-PdlC-A5-20170816","[1397475, 1364071, 1395190]"
"CBN-PdlC-A5-20170906","[1395807, 1397475, 1359835]"
"CBN-PdlC-A5-20180815","[1393225, 1397475, 1397430]"
"CBN-PdlC-A5-20180905","[1395807, 1397475, 1361069]"
"CBN-PdlC-A5-20190909","[1397475, 1360433, 1364071]"
"CBN-PdlC-A5-20200722","[1395807, 1360874, 1393200]"
"CBN-PdlC-A6-20130807","[1395190, 1397475, 1395807]"
"CBN-PdlC-A6-20130903","[1397475, 1395190, 1563496]"
"CBN-PdlC-A6-20140630","[1360171, 1610809, 1741758]"
"CBN-PdlC-A6-20140721","[1397475, 1395807, 1395190]"
"CBN-PdlC-A6-20140901","[1397475, 1395190, 1363993]"
"CBN-PdlC-A6-20150701","[1397475, 1360269, 1395807]"
"CBN-PdlC-A6-20150810","[1397475, 1395190, 1563496]"
"CBN-PdlC-A6-20150831","[1397475, 1395870, 1563496]"
"CBN-PdlC-A6-20160705","[1397475, 1358517, 1395190]"
"CBN-PdlC-A6-20160726","[1397475, 1563496, 1360171]"
"CBN-PdlC-A6-20170816","[1389627, 1397475, 1395158]"
"CBN-PdlC-A6-20170906","[1397475, 1395190, 1563496]"
"CBN-PdlC-A6-20180702","[1397475, 1395870, 1395190]"
"CBN-PdlC-A6-20180723","[1393200, 1397475, 1360269]"
"CBN-PdlC-A6-20180815","[1395870, 1360433, 1397475]"
"CBN-PdlC-A6-20180905","[1397475, 1393874, 1395158]"
"CBN-PdlC-A6-20190701","[1397475, 1393679, 1393200]"
"CBN-PdlC-A6-20190722","[1397475, 1395190, 1360434]"
"CBN-PdlC-A6-20190812","[1397475, 1400101, 1361055]"
"CBN-PdlC-A6-20190909","[1397475, 1393660, 1395190]"
"CBN-PdlC-A6-20200722","[1397475, 1395190, 1563496]"
"CBN-PdlC-A6-20200812","[1397475, 1395190, 1395807]"
"CBN-PdlC-B1-20130807","[1392608, 1360299, 1393200]"
"CBN-PdlC-B1-20130903","[1392608, 1396733, 1741758]"
"CBN-PdlC-B1-20140721","[1360299, 1392608, 1395807]"
"CBN-PdlC-B1-20140811","[1392608, 1360299, 1412857]"
"CBN-PdlC-B1-20140901","[1392608, 1393200, 1395807]"
"CBN-PdlC-B1-20150701","[1392608, 1393200, 1360299]"
"CBN-PdlC-B1-20150720","[1392608, 1363455, 1360299]"
"CBN-PdlC-B1-20150810","[1392608, 1395807, 1360299]"
"CBN-PdlC-B1-20150831","[1392608, 1395807, 1412857]"
"CBN-PdlC-B1-20160705","[1393200, 1360299, 1394643]"
"CBN-PdlC-B1-20160726","[1392608, 1395807, 1360299]"
"CBN-PdlC-B1-20170816","[1392608, 1393200, 1389244]"
"CBN-PdlC-B1-20170906","[1392608, 1394643, 1360299]"
"CBN-PdlC-B1-20180702","[1664563, 1610809, 1360171]"
"CBN-PdlC-B1-20180723","[1392608, 1395807, 1360299]"
"CBN-PdlC-B1-20180815","[1363455, 1355991, 1360299]"
"CBN-PdlC-B1-20180905","[1392608, 1412857, 1741758]"
"CBN-PdlC-B1-20190701","[1360299, 1355991, 1741758]"
"CBN-PdlC-B1-20190722","[1392608, 1395807, 1360299]"
"CBN-PdlC-B1-20190812","[1392608, 1360299, 1356278]"
"CBN-PdlC-B1-20190909","[1392608, 1395807, 1360299]"
"CBN-PdlC-B1-20200629","[1360299, 1610809, 1744833]"
"CBN-PdlC-B1-20200722","[1392608, 1412857, 1395807]"
"CBN-PdlC-B1-20200812","[1392608, 1395807, 1360299]"
"CBN-PdlC-B2-20130807","[1392608, 1360299, 1360874]"
"CBN-PdlC-B2-20130903","[1392608, 1360299, 1741758]"
"CBN-PdlC-B2-20140721","[1392608, 1360299, 1741758]"
"CBN-PdlC-B2-20140811","[1392608, 1360299, 1741758]"
"CBN-PdlC-B2-20140901","[1392608, 1356402, 1361113]"
"CBN-PdlC-B2-20150701","[1392608, 1741758, 1610809]"
"CBN-PdlC-B2-20150720","[1392608, 1360299, 1741758]"
"CBN-PdlC-B2-20150810","[1360299, 1362485, 1409146]"
"CBN-PdlC-B2-20150831","[1392608, 1360299, 1610809]"
"CBN-PdlC-B2-20160705","[1392608, 1360299, 1610809]"
"CBN-PdlC-B2-20160726","[1392608, 1360299, 1361113]"
"CBN-PdlC-B2-20170816","[1392608, 1360299, 1393473]"
"CBN-PdlC-B2-20170906","[1363526, 1392608, 1741758]"
"CBN-PdlC-B2-20180702","[1356402, 1361130, 1610809]"
"CBN-PdlC-B2-20180723","[1392608, 1394540, 1358595]"
"CBN-PdlC-B2-20180815","[1361113, 1356201, 1610809]"
"CBN-PdlC-B2-20180905","[1395807, 1361130, 1392608]"
"CBN-PdlC-B2-20190701","[1741758, 1610809, 1744551]"
"CBN-PdlC-B2-20190722","[1392608, 1400101, 1360299]"
"CBN-PdlC-B2-20190812","[1412857, 1360299, 1392614]"
"CBN-PdlC-B2-20190909","[1392608, 1394643, 1360299]"
"CBN-PdlC-B2-20200629","[1393800, 1563496, 1610809]"
"CBN-PdlC-B2-20200722","[1392608, 1360299, 1493352]"
"CBN-PdlC-B2-20200812","[1392608, 1360299, 1610809]"
"CBN-PdlC-B3-20130807","[1360140, 1741758, 1560618]"
"CBN-PdlC-B3-20130903","[1360171, 1610809, 1563496]"
"CBN-PdlC-B3-20140721","[1393619, 1722516, 1364065]"
"CBN-PdlC-B3-20140811","[1412857, 1361573, 1393200]"
"CBN-PdlC-B3-20140901","[1395807, 1610809, 1563496]"
"CBN-PdlC-B3-20150701","[1363455, 1563496, 1360171]"
"CBN-PdlC-B3-20150810","[1563496, 1610809, 1744526]"
"CBN-PdlC-B3-20150831","[1357608, 1741758, 1610809]"
"CBN-PdlC-B3-20160705","[1394911, 1563496, 1360171]"
"CBN-PdlC-B3-20160726","[1393619, 1741758, 1610809]"
"CBN-PdlC-B3-20170816","[1361148, 1610809, 1741758]"
"CBN-PdlC-B3-20170906","[1412857, 1393473, 1361113]"
"CBN-PdlC-B3-20180702","[1356402, 1610809, 1563496]"
"CBN-PdlC-B3-20180723","[1395807, 1393200, 1610809]"
"CBN-PdlC-B3-20180815","[1412857, 1393657, 1610809]"
"CBN-PdlC-B3-20180905","[1412857, 1393473, 1361585]"
"CBN-PdlC-B3-20190701","[1363526, 1610809, 1741758]"
"CBN-PdlC-B3-20190722","[1395807, 1357608, 1361914]"
"CBN-PdlC-B3-20190812","[1412857, 1393473, 1610809]"
"CBN-PdlC-B3-20190909","[1395807, 1412857, 1741758]"
"CBN-PdlC-B3-20200629","[1356033, 1741758, 1610809]"
"CBN-PdlC-B3-20200722","[1395807, 1412857, 1393200]"
"CBN-PdlC-B3-20200812","[1412857, 1395807, 1741758]"
"CBN-PdlC-B4-20130807","[1397475, 1394643, 1399738]"
"CBN-PdlC-B4-20130903","[1397475, 1395190, 1399738]"
"CBN-PdlC-B4-20140721","[1397475, 1563496, 1360171]"
"CBN-PdlC-B4-20140811","[1397475, 1395190, 1362340]"
"CBN-PdlC-B4-20140901","[1397475, 1395190, 1399738]"
"CBN-PdlC-B4-20150701","[1397475, 1563496, 1360171]"
"CBN-PdlC-B4-20150810","[1397475, 1390674, 1395190]"
"CBN-PdlC-B4-20150831","[1397475, 1392608, 1647128]"
"CBN-PdlC-B4-20160726","[1397475, 1395190, 1412857]"
"CBN-PdlC-B4-20170816","[1397475, 1563496, 1360171]"
"CBN-PdlC-B4-20170906","[1397475, 1395870, 1395190]"
"CBN-PdlC-B4-20180702","[1397475, 1563496, 1360171]"
"CBN-PdlC-B4-20180723","[1397475, 1563496, 1360171]"
"CBN-PdlC-B4-20180815","[1397475, 1395190, 1563496]"
"CBN-PdlC-B4-20180905","[1397475, 1395870, 1395190]"
"CBN-PdlC-B4-20190701","[1397475, 1360269, 1395190]"
"CBN-PdlC-B4-20190722","[1397475, 1395190, 1360171]"
"CBN-PdlC-B4-20190812","[1397475, 1395190, 1360171]"
"CBN-PdlC-B4-20190909","[1397475, 1395190, 1563496]"
"CBN-PdlC-B4-20200629","[1397475, 1395870, 1563496]"
"CBN-PdlC-B4-20200722","[1397475, 1395158, 1741758]"
"CBN-PdlC-B4-20200812","[1397475, 1391144, 1395190]"
"CBN-PdlC-B5-20130807","[1395807, 1397475, 1393604]"
"CBN-PdlC-B5-20130903","[1397475, 1395807, 1409146]"
"CBN-PdlC-B5-20140630","[1361742, 1400037, 1564609]"
"CBN-PdlC-B5-20140721","[1395807, 1397475, 1563496]"
"CBN-PdlC-B5-20140811","[1395190, 1395807, 1400101]"
"CBN-PdlC-B5-20140901","[1395190, 1397475, 1393657]"
"CBN-PdlC-B5-20150701","[1395807, 1397475, 1394911]"
"CBN-PdlC-B5-20150720","[1395807, 1397475, 1393604]"
"CBN-PdlC-B5-20150810","[1395807, 1395190, 1400101]"
"CBN-PdlC-B5-20150831","[1395807, 1397475, 1400101]"
"CBN-PdlC-B5-20160705","[1397475, 1395807, 1395870]"
"CBN-PdlC-B5-20160726","[1361801, 1397475, 1395807]"
"CBN-PdlC-B5-20170816","[1397475, 1395807, 1364071]"
"CBN-PdlC-B5-20170906","[1397475, 1395807, 1362485]"
"CBN-PdlC-B5-20180702","[1397475, 1394603, 1395190]"
"CBN-PdlC-B5-20180723","[1397475, 1395807, 1361113]"
"CBN-PdlC-B5-20180815","[1397475, 1361801, 1395807]"
"CBN-PdlC-B5-20180905","[1397475, 1395870, 1395807]"
"CBN-PdlC-B5-20190701","[1397475, 1610809, 1741758]"
"CBN-PdlC-B5-20190722","[1397475, 1395807, 1360269]"
"CBN-PdlC-B5-20190812","[1397475, 1395807, 1361801]"
"CBN-PdlC-B5-20190909","[1397475, 1395807, 1400101]"
"CBN-PdlC-B5-20200629","[1397475, 1394603, 1394911]"
"CBN-PdlC-B5-20200722","[1395807, 1361801, 1397475]"
"CBN-PdlC-B5-20200812","[1397475, 1361801, 1395807]"
"CBN-PdlC-B6-20130807","[1395807, 1364071, 1395870]"
"CBN-PdlC-B6-20130903","[1563496, 1610809, 1744833]"
"CBN-PdlC-B6-20140630","[1360434, 1741758, 1360171]"
"CBN-PdlC-B6-20140721","[1395807, 1363526, 1360171]"
"CBN-PdlC-B6-20140811","[1395807, 1364071, 1409146]"
"CBN-PdlC-B6-20140901","[1395807, 1364071, 1610809]"
"CBN-PdlC-B6-20150701","[1394911, 1395807, 1364071]"
"CBN-PdlC-B6-20150720","[1395807, 1364071, 1364068]"
"CBN-PdlC-B6-20150810","[1395807, 1563496, 1360171]"
"CBN-PdlC-B6-20150831","[1395807, 1563496, 1738796]"
"CBN-PdlC-B6-20160705","[1395807, 1397475, 1363526]"
"CBN-PdlC-B6-20160726","[1395807, 1364071, 1563496]"
"CBN-PdlC-B6-20170816","[1395807, 1364071, 1361801]"
"CBN-PdlC-B6-20170906","[1395807, 1395870, 1362485]"
"CBN-PdlC-B6-20180702","[1394911, 1392655, 1393200]"
"CBN-PdlC-B6-20180723","[1395807, 1360269, 1364071]"
"CBN-PdlC-B6-20180905","[1395807, 1738627, 1359506]"
"CBN-PdlC-B6-20190701","[1394911, 1563496, 1610809]"
"CBN-PdlC-B6-20190722","[1395807, 1563496, 1610809]"
"CBN-PdlC-B6-20190812","[1395807, 1360874, 1563496]"
"CBN-PdlC-B6-20190909","[1395807, 1361592, 1563496]"
"CBN-PdlC-B6-20200629","[1394603, 1397475, 1358517]"
"CBN-PdlC-B6-20200722","[1395807, 1361801, 1360269]"
"CBN-PdlC-B6-20200812","[1395807, 1361801, 1397475]"
"CBN-PdlC-C1-20130807","[1364067, 1737461, 1397512]"
"CBN-PdlC-C1-20130903","[1395807, 1363526, 1362485]"
"CBN-PdlC-C1-20140721","[1397500, 1402995, 1363543]"
"CBN-PdlC-C1-20140811","[1395807, 1360205, 1364071]"
"CBN-PdlC-C1-20140901","[1395807, 1364071, 1363266]"
"CBN-PdlC-C1-20150701","[1397500, 1361519, 1563496]"
"CBN-PdlC-C1-20150720","[1364071, 1364067, 1394730]"
"CBN-PdlC-C1-20150810","[1361051, 1395807, 1364071]"
"CBN-PdlC-C1-20150831","[1395807, 1362331, 1361592]"
"CBN-PdlC-C1-20160705","[1361347, 1393200, 1610809]"
"CBN-PdlC-C1-20160726","[1364071, 1392767, 1363543]"
"CBN-PdlC-C1-20170816","[1364071, 1362485, 1395807]"
"CBN-PdlC-C1-20170906","[1364071, 1563496, 1744833]"
"CBN-PdlC-C1-20180723","[1563496, 1360171, 1741758]"
"CBN-PdlC-C1-20180815","[1395807, 1362485, 1364071]"
"CBN-PdlC-C1-20180905","[1364071, 1392299, 1363543]"
"CBN-PdlC-C1-20190701","[1393800, 1741758, 1560618]"
"CBN-PdlC-C1-20190722","[1395807, 1364067, 1393604]"
"CBN-PdlC-C1-20190812","[1364071, 1360874, 1392299]"
"CBN-PdlC-C1-20190909","[1395807, 1389945, 1364071]"
"CBN-PdlC-C1-20200722","[1364071, 1395807, 1393200]"
"CBN-PdlC-C1-20200812","[1362482, 1364071, 1392299]"
"CBN-PdlC-C2-20130903","[1395807, 1394643, 1392299]"
"CBN-PdlC-C2-20140721","[1412857, 1364067, 1361347]"
"CBN-PdlC-C2-20140811","[1412857, 1392535, 1392534]"
"CBN-PdlC-C2-20140901","[1412857, 1395807, 1392534]"
"CBN-PdlC-C2-20150701","[1563496, 1360171, 1744833]"
"CBN-PdlC-C2-20150720","[1395807, 1412857, 1357608]"
"CBN-PdlC-C2-20150810","[1412857, 1395807, 1357608]"
"CBN-PdlC-C2-20150831","[1395807, 1412857, 1361051]"
"CBN-PdlC-C2-20160705","[1412857, 1394643, 1722516]"
"CBN-PdlC-C2-20160726","[1395807, 1412857, 1360874]"
"CBN-PdlC-C2-20170816","[1395807, 1394643, 1360140]"
"CBN-PdlC-C2-20170906","[1412857, 1394643, 1395807]"
"CBN-PdlC-C2-20180723","[1395807, 1395870, 1394643]"
"CBN-PdlC-C2-20180815","[1395807, 1360140, 1610809]"
"CBN-PdlC-C2-20180905","[1412857, 1395807, 1359970]"
"CBN-PdlC-C2-20190701","[1363734, 1362963, 1363362]"
"CBN-PdlC-C2-20190722","[1395807, 1393200, 1394643]"
"CBN-PdlC-C2-20190812","[1395807, 1364071, 1392299]"
"CBN-PdlC-C2-20190909","[1395807, 1394643, 1610809]"
"CBN-PdlC-C2-20200722","[1395807, 1610809, 1563496]"
"CBN-PdlC-C2-20200812","[1395807, 1395870, 1360269]"
"CBN-PdlC-C3-20130807","[1395807, 1722516, 1563496]"
"CBN-PdlC-C3-20130903","[1395807, 1394643, 1392608]"
"CBN-PdlC-C3-20140721","[1610809, 1362023, 1741758]"
"CBN-PdlC-C3-20140811","[1395807, 1363543, 1412857]"
"CBN-PdlC-C3-20140901","[1395807, 1517561, 1363543]"
"CBN-PdlC-C3-20150701","[1361347, 1610809, 1741758]"
"CBN-PdlC-C3-20150720","[1395807, 1363455, 1397430]"
"CBN-PdlC-C3-20150831","[1363455, 1362485, 1610809]"
"CBN-PdlC-C3-20160705","[1361347, 1395903, 1610809]"
"CBN-PdlC-C3-20160726","[1360874, 1395870, 1392299]"
"CBN-PdlC-C3-20170816","[1395807, 1361347, 1362331]"
"CBN-PdlC-C3-20170906","[1395807, 1563496, 1360171]"
"CBN-PdlC-C3-20180723","[1395807, 1395870, 1741880]"
"CBN-PdlC-C3-20180815","[1363016, 1610809, 1563496]"
"CBN-PdlC-C3-20180905","[1394366, 1395807, 1364071]"
"CBN-PdlC-C3-20190701","[1361742, 1610809, 1741758]"
"CBN-PdlC-C3-20190722","[1395807, 1393679, 1395870]"
"CBN-PdlC-C3-20190812","[1362485, 1364071, 1360171]"
"CBN-PdlC-C3-20190909","[1395807, 1392299, 1610809]"
"CBN-PdlC-C3-20200722","[1395807, 1393679, 1392299]"
"CBN-PdlC-C3-20200812","[1395807, 1395870, 1356066]"
"CBN-PdlC-C4-20130807","[1395807, 1361113, 1364066]"
"CBN-PdlC-C4-20130903","[1395807, 1360269, 1391619]"
"CBN-PdlC-C4-20140721","[1741758, 1610809, 1563496]"
"CBN-PdlC-C4-20140811","[1395807, 1395870, 1610809]"
"CBN-PdlC-C4-20140901","[1395807, 1363455, 1563496]"
"CBN-PdlC-C4-20150701","[1610809, 1741758, 1560618]"
"CBN-PdlC-C4-20150720","[1395807, 1390659, 1392608]"
"CBN-PdlC-C4-20150831","[1395807, 1395868, 1563496]"
"CBN-PdlC-C4-20160705","[1360299, 1610809, 1741758]"
"CBN-PdlC-C4-20160726","[1395870, 1358654, 1563496]"
"CBN-PdlC-C4-20170816","[1395807, 1362485, 1363336]"
"CBN-PdlC-C4-20170906","[1395807, 1610809, 1741758]"
"CBN-PdlC-C4-20180723","[1395807, 1395870, 1397048]"
"CBN-PdlC-C4-20180815","[1395807, 1505431, 1356571]"
"CBN-PdlC-C4-20180905","[1395807, 1362485, 1610809]"
"CBN-PdlC-C4-20190701","[1364046, 1610809, 1560618]"
"CBN-PdlC-C4-20190722","[1395807, 1363543, 1563496]"
"CBN-PdlC-C4-20190812","[1395807, 1563496, 1360171]"
"CBN-PdlC-C4-20190909","[1395807, 1389627, 1610809]"
"CBN-PdlC-C4-20200722","[1395807, 1393660, 1364067]"
"CBN-PdlC-C4-20200812","[1395807, 1360269, 1563496]"
"CBN-PdlC-C5-20130807","[1395807, 1364068, 1364067]"
"CBN-PdlC-C5-20130903","[1395807, 1563496, 1360171]"
"CBN-PdlC-C5-20140721","[1363526, 1361233, 1563496]"
"CBN-PdlC-C5-20140811","[1395807, 1364071, 1563496]"
"CBN-PdlC-C5-20140901","[1395807, 1563496, 1741758]"
"CBN-PdlC-C5-20150701","[1363526, 1741758, 1610809]"
"CBN-PdlC-C5-20150720","[1395807, 1363993, 1363526]"
"CBN-PdlC-C5-20150810","[1395807, 1392608, 1390793]"
"CBN-PdlC-C5-20150831","[1395807, 1356278, 1395870]"
"CBN-PdlC-C5-20160705","[1361347, 1610809, 1741758]"
"CBN-PdlC-C5-20160726","[1364071, 1395807, 1363526]"
"CBN-PdlC-C5-20170816","[1395807, 1610809, 1741758]"
"CBN-PdlC-C5-20170906","[1392067, 1360299, 1563496]"
"CBN-PdlC-C5-20180723","[1395807, 1563496, 1360171]"
"CBN-PdlC-C5-20180815","[1362485, 1563496, 1360171]"
"CBN-PdlC-C5-20180905","[1362485, 1395807, 1364071]"
"CBN-PdlC-C5-20190701","[1741758, 1610809, 1744833]"
"CBN-PdlC-C5-20190722","[1395807, 1360269, 1392608]"
"CBN-PdlC-C5-20190812","[1362485, 1358733, 1364071]"
"CBN-PdlC-C5-20190909","[1395807, 1362485, 1356303]"
"CBN-PdlC-C5-20200722","[1392608, 1364068, 1610809]"
"CBN-PdlC-C5-20200812","[1395807, 1362331, 1393657]"
"CBN-PdlC-C6-20130807","[1395807, 1563496, 1360171]"
"CBN-PdlC-C6-20130903","[1395807, 1563496, 1360171]"
"CBN-PdlC-C6-20140721","[1610809, 1741758, 1563496]"
"CBN-PdlC-C6-20140811","[1395807, 1400181, 1563496]"
"CBN-PdlC-C6-20140901","[1393657, 1396253, 1610809]"
"CBN-PdlC-C6-20150701","[1356424, 1741758, 1610809]"
"CBN-PdlC-C6-20150720","[1395807, 1412585, 1741758]"
"CBN-PdlC-C6-20150810","[1395807, 1364071, 1390793]"
"CBN-PdlC-C6-20150831","[1395807, 1390793, 1363526]"
"CBN-PdlC-C6-20160705","[1360194, 1360154, 1363526]"
"CBN-PdlC-C6-20160726","[1360874, 1364071, 1393657]"
"CBN-PdlC-C6-20170816","[1363526, 1393657, 1362485]"
"CBN-PdlC-C6-20170906","[1389329, 1741758, 1610809]"
"CBN-PdlC-C6-20180723","[1395870, 1563496, 1360171]"
"CBN-PdlC-C6-20180815","[1738627, 1360171, 1563496]"
"CBN-PdlC-C6-20180905","[1563496, 1610809, 1744833]"
"CBN-PdlC-C6-20190701","[1744551, 1360171, 1391077]"
"CBN-PdlC-C6-20190722","[1393200, 1360874, 1395807]"
"CBN-PdlC-C6-20190812","[1392608, 1395807, 1360874]"
"CBN-PdlC-C6-20190909","[1363993, 1610809, 1563496]"
"CBN-PdlC-C6-20200722","[1392608, 1395807, 1359528]"
"CBN-PdlC-C6-20200812","[1392608, 1363336, 1610809]"
"CBN-PdlC-D1-20130807","[1395807, 1391161, 1396042]"
"CBN-PdlC-D1-20130903","[1395807, 1396253, 1364071]"
"CBN-PdlC-D1-20140721","[1402995, 1396253, 1610809]"
"CBN-PdlC-D1-20140811","[1395807, 1396253, 1610809]"
"CBN-PdlC-D1-20140901","[1395807, 1364071, 1396253]"
"CBN-PdlC-D1-20150701","[1396253, 1610809, 1741758]"
"CBN-PdlC-D1-20150720","[1396253, 1395807, 1364071]"
"CBN-PdlC-D1-20150810","[1395807, 1396253, 1395870]"
"CBN-PdlC-D1-20150831","[1395807, 1396253, 1563496]"
"CBN-PdlC-D1-20160705","[1395807, 1396253, 1361347]"
"CBN-PdlC-D1-20160726","[1396253, 1364071, 1395807]"
"CBN-PdlC-D1-20170816","[1395807, 1362485, 1356397]"
"CBN-PdlC-D1-20170906","[1395807, 1356397, 1362485]"
"CBN-PdlC-D1-20180723","[1395807, 1396060, 1395870]"
"CBN-PdlC-D1-20180815","[1395807, 1395868, 1738627]"
"CBN-PdlC-D1-20180905","[1395807, 1362485, 1394366]"
"CBN-PdlC-D1-20190701","[1363442, 1741758, 1610809]"
"CBN-PdlC-D1-20190722","[1395807, 1396253, 1563496]"
"CBN-PdlC-D1-20190812","[1396253, 1395807, 1364071]"
"CBN-PdlC-D1-20190909","[1395807, 1396253, 1563496]"
"CBN-PdlC-D1-20200722","[1395807, 1392608, 1392534]"
"CBN-PdlC-D1-20200812","[1395807, 1361347, 1395870]"
"CBN-PdlC-D2-20130807","[1393619, 1393473, 1364067]"
"CBN-PdlC-D2-20130903","[1394643, 1412857, 1363421]"
"CBN-PdlC-D2-20140721","[1393619, 1361233, 1394643]"
"CBN-PdlC-D2-20140811","[1412857, 1396253, 1610809]"
"CBN-PdlC-D2-20140901","[1394643, 1390793, 1744526]"
"CBN-PdlC-D2-20150720","[1396253, 1394643, 1412857]"
"CBN-PdlC-D2-20150810","[1412857, 1360171, 1563496]"
"CBN-PdlC-D2-20150831","[1394643, 1396253, 1412857]"
"CBN-PdlC-D2-20160705","[1412857, 1394643, 1395982]"
"CBN-PdlC-D2-20160726","[1392556, 1396253, 1394643]"
"CBN-PdlC-D2-20170816","[1395807, 1394643, 1390793]"
"CBN-PdlC-D2-20170906","[1394643, 1396253, 1412857]"
"CBN-PdlC-D2-20180723","[1396253, 1394643, 1395807]"
"CBN-PdlC-D2-20180815","[1394643, 1396253, 1356397]"
"CBN-PdlC-D2-20180905","[1394643, 1396253, 1412857]"
"CBN-PdlC-D2-20190701","[1389945, 1741758, 1610809]"
"CBN-PdlC-D2-20190722","[1394643, 1361347, 1741758]"
"CBN-PdlC-D2-20190812","[1363553, 1364071, 1394643]"
"CBN-PdlC-D2-20190909","[1394643, 1395807, 1741758]"
"CBN-PdlC-D2-20200722","[1394643, 1395807, 1364071]"
"CBN-PdlC-D2-20200812","[1394643, 1395807, 1412857]"
"CBN-PdlC-D3-20130807","[1413349, 1393619, 1364067]"
"CBN-PdlC-D3-20130903","[1647128, 1413349, 1362485]"
"CBN-PdlC-D3-20140721","[1363526, 1359952, 1610809]"
"CBN-PdlC-D3-20140811","[1363526, 1412857, 1737693]"
"CBN-PdlC-D3-20140901","[1394643, 1357608, 1390793]"
"CBN-PdlC-D3-20150701","[1363016, 1363526, 1610809]"
"CBN-PdlC-D3-20150720","[1413349, 1647128, 1394643]"
"CBN-PdlC-D3-20150831","[1413349, 1394643, 1362697]"
"CBN-PdlC-D3-20160705","[1413349, 1361347, 1741758]"
"CBN-PdlC-D3-20160726","[1413349, 1392556, 1390793]"
"CBN-PdlC-D3-20170816","[1413349, 1363526, 1390793]"
"CBN-PdlC-D3-20170906","[1413349, 1390793, 1741758]"
"CBN-PdlC-D3-20180723","[1647128, 1413349, 1563496]"
"CBN-PdlC-D3-20180815","[1396416, 1425420, 1610809]"
"CBN-PdlC-D3-20180905","[1412857, 1394643, 1363526]"
"CBN-PdlC-D3-20190701","[1359937, 1393473, 1741758]"
"CBN-PdlC-D3-20190722","[1361347, 1394643, 1413349]"
"CBN-PdlC-D3-20190812","[1413349, 1357608, 1360874]"
"CBN-PdlC-D3-20190909","[1413349, 1395807, 1390793]"
"CBN-PdlC-D3-20200722","[1647128, 1395807, 1610809]"
"CBN-PdlC-D3-20200812","[1358463, 1413349, 1647128]"
"CBN-PdlC-D4-20130807","[1395807, 1358654, 1563496]"
"CBN-PdlC-D4-20130903","[1395807, 1397208, 1395870]"
"CBN-PdlC-D4-20140721","[1396253, 1394911, 1610809]"
"CBN-PdlC-D4-20140811","[1395807, 1364071, 1361944]"
"CBN-PdlC-D4-20140901","[1395807, 1357608, 1363458]"
"CBN-PdlC-D4-20150701","[1610809, 1741758, 1563496]"
"CBN-PdlC-D4-20150720","[1392534, 1395807, 1392535]"
"CBN-PdlC-D4-20150831","[1395807, 1392608, 1360299]"
"CBN-PdlC-D4-20160705","[1394643, 1563496, 1360171]"
"CBN-PdlC-D4-20160726","[1360299, 1738627, 1395807]"
"CBN-PdlC-D4-20170816","[1396253, 1395807, 1395868]"
"CBN-PdlC-D4-20170906","[1394643, 1396253, 1395807]"
"CBN-PdlC-D4-20180723","[1395807, 1395870, 1563496]"
"CBN-PdlC-D4-20180815","[1395807, 1610809, 1563496]"
"CBN-PdlC-D4-20180905","[1362485, 1395807, 1412857]"
"CBN-PdlC-D4-20190701","[1359937, 1610809, 1741758]"
"CBN-PdlC-D4-20190722","[1395807, 1395870, 1563496]"
"CBN-PdlC-D4-20190812","[1395807, 1364071, 1394643]"
"CBN-PdlC-D4-20190909","[1395807, 1394593, 1361708]"
"CBN-PdlC-D4-20200722","[1395807, 1364071, 1563496]"
"CBN-PdlC-D4-20200812","[1395807, 1360269, 1388913]"
"CBN-PdlC-D5-20130807","[1395807, 1392299, 1356075]"
"CBN-PdlC-D5-20130903","[1395807, 1361074, 1361847]"
"CBN-PdlC-D5-20140721","[1360299, 1392299, 1610809]"
"CBN-PdlC-D5-20140811","[1395807, 1393657, 1392747]"
"CBN-PdlC-D5-20140901","[1393657, 1395807, 1400084]"
"CBN-PdlC-D5-20150701","[1610809, 1741758, 1360171]"
"CBN-PdlC-D5-20150720","[1395807, 1364067, 1361376]"
"CBN-PdlC-D5-20150810","[1395807, 1363543, 1563496]"
"CBN-PdlC-D5-20150831","[1395807, 1563496, 1360171]"
"CBN-PdlC-D5-20160705","[1392608, 1361347, 1363543]"
"CBN-PdlC-D5-20160726","[1392608, 1395807, 1395870]"
"CBN-PdlC-D5-20170816","[1395807, 1392299, 1358379]"
"CBN-PdlC-D5-20170906","[1395807, 1361347, 1610809]"
"CBN-PdlC-D5-20180723","[1395807, 1392608, 1360269]"
"CBN-PdlC-D5-20180815","[1395807, 1392608, 1362485]"
"CBN-PdlC-D5-20180905","[1395807, 1361347, 1392299]"
"CBN-PdlC-D5-20190701","[1361598, 1610809, 1741758]"
"CBN-PdlC-D5-20190722","[1395807, 1392608, 1392534]"
"CBN-PdlC-D5-20190812","[1395807, 1400101, 1563496]"
"CBN-PdlC-D5-20190909","[1395807, 1392614, 1361347]"
"CBN-PdlC-D5-20200722","[1395807, 1392608, 1360269]"
"CBN-PdlC-D5-20200812","[1395807, 1392608, 1362482]"
"CBN-PdlC-D6-20130807","[1395807, 1563496, 1610809]"
"CBN-PdlC-D6-20130903","[1395807, 1363421, 1363526]"
"CBN-PdlC-D6-20140721","[1610809, 1741758, 1743355]"
"CBN-PdlC-D6-20140811","[1395807, 1363543, 1364071]"
"CBN-PdlC-D6-20140901","[1393657, 1741758, 1610809]"
"CBN-PdlC-D6-20150701","[1356402, 1610809, 1741758]"
"CBN-PdlC-D6-20150720","[1395807, 1360874, 1360269]"
"CBN-PdlC-D6-20150810","[1412857, 1395807, 1393660]"
"CBN-PdlC-D6-20150831","[1395807, 1505431, 1394643]"
"CBN-PdlC-D6-20160705","[1363543, 1610809, 1741758]"
"CBN-PdlC-D6-20160726","[1395807, 1363526, 1363543]"
"CBN-PdlC-D6-20170816","[1395807, 1362485, 1610809]"
"CBN-PdlC-D6-20170906","[1395807, 1610809, 1563496]"
"CBN-PdlC-D6-20180723","[1395807, 1610809, 1563496]"
"CBN-PdlC-D6-20180815","[1359450, 1610809, 1563496]"
"CBN-PdlC-D6-20180905","[1364071, 1361708, 1563496]"
"CBN-PdlC-D6-20190701","[1610809, 1741758, 1564310]"
"CBN-PdlC-D6-20190722","[1395807, 1397043, 1363543]"
"CBN-PdlC-D6-20190812","[1395807, 1358113, 1563496]"
"CBN-PdlC-D6-20190909","[1395807, 1359835, 1361708]"
"CBN-PdlC-D6-20200722","[1396186, 1395807, 1360269]"
"CBN-PdlC-D6-20200812","[1363016, 1360312, 1563496]"
"CBN-PdlC-E1-20130723","[1397046, 1394603, 1610809]"
"CBN-PdlC-E1-20130807","[1395807, 1361113, 1392608]"
"CBN-PdlC-E1-20130903","[1392608, 1395807, 1360269]"
"CBN-PdlC-E1-20140630","[1610809, 1741758, 1560618]"
"CBN-PdlC-E1-20140721","[1395807, 1357608, 1392608]"
"CBN-PdlC-E1-20140811","[1395807, 1392608, 1396253]"
"CBN-PdlC-E1-20140901","[1392608, 1395807, 1395868]"
"CBN-PdlC-E1-20150701","[1395807, 1392608, 1610809]"
"CBN-PdlC-E1-20150720","[1392608, 1395807, 1395868]"
"CBN-PdlC-E1-20150810","[1393200, 1505431, 1392608]"
"CBN-PdlC-E1-20150831","[1395807, 1392608, 1397046]"
"CBN-PdlC-E1-20160705","[1392608, 1360299, 1563496]"
"CBN-PdlC-E1-20160726","[1392608, 1360874, 1360171]"
"CBN-PdlC-E1-20170816","[1392608, 1361347, 1395807]"
"CBN-PdlC-E1-20170906","[1412857, 1397046, 1610809]"
"CBN-PdlC-E1-20180702","[1398589, 1394598, 1394603]"
"CBN-PdlC-E1-20180723","[1395807, 1392608, 1389945]"
"CBN-PdlC-E1-20180815","[1396253, 1392608, 1361347]"
"CBN-PdlC-E1-20180905","[1361347, 1392608, 1360299]"
"CBN-PdlC-E1-20190701","[1395807, 1563496, 1741758]"
"CBN-PdlC-E1-20190812","[1392608, 1360299, 1610809]"
"CBN-PdlC-E1-20190909","[1360299, 1392608, 1361347]"
"CBN-PdlC-E1-20200629","[1392608, 1741758, 1563496]"
"CBN-PdlC-E1-20200722","[1392608, 1361347, 1362422]"
"CBN-PdlC-E1-20200812","[1392608, 1395807, 1361347]"
"CBN-PdlC-E2-20130723","[1356427, 1356402, 1397046]"
"CBN-PdlC-E2-20130807","[1395807, 1395868, 1360874]"
"CBN-PdlC-E2-20130903","[1395807, 1392067, 1563496]"
"CBN-PdlC-E2-20140630","[1394910, 1356359, 1610809]"
"CBN-PdlC-E2-20140721","[1395807, 1360874, 1393619]"
"CBN-PdlC-E2-20140811","[1395807, 1392608, 1737693]"
"CBN-PdlC-E2-20140901","[1395807, 1360171, 1563496]"
"CBN-PdlC-E2-20150720","[1395807, 1361347, 1610809]"
"CBN-PdlC-E2-20150810","[1395807, 1362485, 1356397]"
"CBN-PdlC-E2-20150831","[1395807, 1361347, 1398721]"
"CBN-PdlC-E2-20160705","[1395807, 1361347, 1364071]"
"CBN-PdlC-E2-20160726","[1394643, 1395807, 1361347]"
"CBN-PdlC-E2-20170816","[1394643, 1395807, 1610809]"
"CBN-PdlC-E2-20170906","[1394643, 1395807, 1412857]"
"CBN-PdlC-E2-20180702","[1394911, 1741758, 1610809]"
"CBN-PdlC-E2-20180723","[1395807, 1412857, 1563496]"
"CBN-PdlC-E2-20180815","[1395807, 1412857, 1398721]"
"CBN-PdlC-E2-20180905","[1412857, 1394643, 1395807]"
"CBN-PdlC-E2-20190701","[1395807, 1394911, 1741758]"
"CBN-PdlC-E2-20190812","[1741758, 1610809, 1563496]"
"CBN-PdlC-E2-20190909","[1395807, 1362951, 1359835]"
"CBN-PdlC-E2-20200629","[1610809, 1360171, 1563496]"
"CBN-PdlC-E2-20200722","[1395807, 1397450, 1392299]"
"CBN-PdlC-E2-20200812","[1395807, 1362485, 1392299]"
"CBN-PdlC-E3-20130723","[1392299, 1360171, 1610809]"
"CBN-PdlC-E3-20130807","[1361376, 1396253, 1400084]"
"CBN-PdlC-E3-20130903","[1392299, 1356297, 1400084]"
"CBN-PdlC-E3-20140630","[1395903, 1390837, 1610809]"
"CBN-PdlC-E3-20140721","[1360874, 1395807, 1392299]"
"CBN-PdlC-E3-20140811","[1395807, 1400084, 1395868]"
"CBN-PdlC-E3-20140901","[1364071, 1400084, 1392299]"
"CBN-PdlC-E3-20150701","[1360874, 1364071, 1392299]"
"CBN-PdlC-E3-20150720","[1364071, 1360874, 1400084]"
"CBN-PdlC-E3-20150810","[1563496, 1360171, 1564609]"
"CBN-PdlC-E3-20150831","[1361347, 1395807, 1364071]"
"CBN-PdlC-E3-20160705","[1360874, 1395807, 1364071]"
"CBN-PdlC-E3-20160726","[1364071, 1360955, 1400084]"
"CBN-PdlC-E3-20170816","[1361708, 1362951, 1741758]"
"CBN-PdlC-E3-20170906","[1400084, 1651113, 1610809]"
"CBN-PdlC-E3-20180702","[1363944, 1359029, 1610809]"
"CBN-PdlC-E3-20180723","[1395807, 1356397, 1361592]"
"CBN-PdlC-E3-20180815","[1363526, 1400084, 1393684]"
"CBN-PdlC-E3-20180905","[1389945, 1363526, 1392299]"
"CBN-PdlC-E3-20190701","[1395807, 1361347, 1563496]"
"CBN-PdlC-E3-20190812","[1396253, 1563496, 1360171]"
"CBN-PdlC-E3-20190909","[1361092, 1392059, 1389329]"
"CBN-PdlC-E3-20200629","[1389945, 1563496, 1360171]"
"CBN-PdlC-E3-20200722","[1361592, 1393681, 1400084]"
"CBN-PdlC-E3-20200812","[1389945, 1364071, 1360171]"
"CBN-PdlC-E4-20130807","[1395807, 1356304, 1563496]"
"CBN-PdlC-E4-20130903","[1394838, 1364071, 1563496]"
"CBN-PdlC-E4-20140630","[1392608, 1361077, 1610809]"
"CBN-PdlC-E4-20140721","[1395807, 1392608, 1741758]"
"CBN-PdlC-E4-20140811","[1395807, 1392608, 1741758]"
"CBN-PdlC-E4-20140901","[1392608, 1361347, 1396253]"
"CBN-PdlC-E4-20150701","[1395807, 1360299, 1392608]"
"CBN-PdlC-E4-20150720","[1395807, 1392608, 1391680]"
"CBN-PdlC-E4-20150810","[1395807, 1741758, 1744551]"
"CBN-PdlC-E4-20160705","[1395807, 1397123, 1361592]"
"CBN-PdlC-E4-20160726","[1392608, 1563496, 1360171]"
"CBN-PdlC-E4-20170816","[1362951, 1360945, 1563496]"
"CBN-PdlC-E4-20170906","[1363409, 1360998, 1741758]"
"CBN-PdlC-E4-20180702","[1393684, 1610809, 1741758]"
"CBN-PdlC-E4-20180723","[1361592, 1360171, 1563496]"
"CBN-PdlC-E4-20180815","[1395807, 1563496, 1744526]"
"CBN-PdlC-E4-20180905","[1501064, 1391797, 1400084]"
"CBN-PdlC-E4-20190701","[1393681, 1395807, 1393684]"
"CBN-PdlC-E4-20190812","[1390898, 1392059, 1563496]"
"CBN-PdlC-E4-20190909","[1737693, 1563496, 1744833]"
"CBN-PdlC-E4-20200629","[1361592, 1531436, 1360171]"
"CBN-PdlC-E4-20200722","[1361050, 1390795, 1393681]"
"CBN-PdlC-E4-20200812","[1395807, 1737693, 1393684]"
"CBN-PdlC-E5-20130723","[1356424, 1392608, 1391495]"
"CBN-PdlC-E5-20130807","[1392608, 1396253, 1395807]"
"CBN-PdlC-E5-20130903","[1392608, 1360874, 1360872]"
"CBN-PdlC-E5-20140630","[1393200, 1360299, 1390793]"
"CBN-PdlC-E5-20140721","[1392608, 1364071, 1393200]"
"CBN-PdlC-E5-20140811","[1395807, 1360299, 1392608]"
"CBN-PdlC-E5-20150720","[1392608, 1364071, 1360874]"
"CBN-PdlC-E5-20150810","[1395807, 1363944, 1363946]"
"CBN-PdlC-E5-20150831","[1392608, 1395807, 1361329]"
"CBN-PdlC-E5-20160705","[1392608, 1393200, 1364066]"
"CBN-PdlC-E5-20160726","[1364071, 1360874, 1392608]"
"CBN-PdlC-E5-20170816","[1395807, 1741758, 1610809]"
"CBN-PdlC-E5-20170906","[1363994, 1563496, 1360171]"
"CBN-PdlC-E5-20180702","[1360299, 1737521, 1358674]"
"CBN-PdlC-E5-20180723","[1392608, 1363734, 1563496]"
"CBN-PdlC-E5-20180815","[1392608, 1396253, 1395807]"
"CBN-PdlC-E5-20180905","[1393200, 1563496, 1360171]"
"CBN-PdlC-E5-20190722","[1395807, 1392608, 1358654]"
"CBN-PdlC-E5-20190812","[1395807, 1392608, 1394877]"
"CBN-PdlC-E5-20190909","[1392608, 1361708, 1395807]"
"CBN-PdlC-E5-20200629","[1360299, 1395807, 1394911]"
"CBN-PdlC-E5-20200722","[1392608, 1364071, 1360299]"
"CBN-PdlC-E5-20200812","[1392608, 1395807, 1396253]"
"CBN-PdlC-E6-20130723","[1394598, 1395807, 1664563]"
"CBN-PdlC-E6-20130807","[1395807, 1563496, 1360171]"
"CBN-PdlC-E6-20130903","[1563496, 1360171, 1744833]"
"CBN-PdlC-E6-20140630","[1355991, 1391796, 1394911]"
"CBN-PdlC-E6-20140721","[1364071, 1563496, 1360171]"
"CBN-PdlC-E6-20140811","[1395807, 1364071, 1359835]"
"CBN-PdlC-E6-20150701","[1395807, 1392534, 1364071]"
"CBN-PdlC-E6-20150720","[1396843, 1364071, 1610809]"
"CBN-PdlC-E6-20150810","[1395807, 1563496, 1391077]"
"CBN-PdlC-E6-20150831","[1395807, 1390793, 1364071]"
"CBN-PdlC-E6-20160705","[1360578, 1395807, 1390793]"
"CBN-PdlC-E6-20160726","[1364071, 1395807, 1361050]"
"CBN-PdlC-E6-20170816","[1741758, 1610809, 1560618]"
"CBN-PdlC-E6-20170906","[1396843, 1390793, 1391797]"
"CBN-PdlC-E6-20180702","[1360154, 1737521, 1563496]"
"CBN-PdlC-E6-20180723","[1360578, 1395807, 1392534]"
"CBN-PdlC-E6-20180815","[1395807, 1363016, 1396253]"
"CBN-PdlC-E6-20180905","[1395807, 1363993, 1563496]"
"CBN-PdlC-E6-20190722","[1395807, 1360860, 1357317]"
"CBN-PdlC-E6-20190812","[1359284, 1563496, 1360171]"
"CBN-PdlC-E6-20190909","[1360299, 1390793, 1392608]"
"CBN-PdlC-E6-20200629","[1393200, 1741758, 1563496]"
"CBN-PdlC-E6-20200722","[1395807, 1396843, 1393200]"
"CBN-PdlC-E6-20200812","[1395807, 1364071, 1361347]"
"CBN-PdlC-F1-20130723","[1394603, 1412857, 1364063]"
"CBN-PdlC-F1-20130807","[1395807, 1397512, 1563496]"
"CBN-PdlC-F1-20130903","[1395807, 1395870, 1394911]"
"CBN-PdlC-F1-20140630","[1394598, 1357060, 1610809]"
"CBN-PdlC-F1-20140721","[1395807, 1610809, 1563496]"
"CBN-PdlC-F1-20140811","[1395807, 1563496, 1610809]"
"CBN-PdlC-F1-20140901","[1395807, 1394643, 1563496]"
"CBN-PdlC-F1-20150701","[1395807, 1392534, 1392535]"
"CBN-PdlC-F1-20150720","[1395807, 1741758, 1610809]"
"CBN-PdlC-F1-20150810","[1395807, 1610809, 1563496]"
"CBN-PdlC-F1-20150831","[1395807, 1395868, 1610809]"
"CBN-PdlC-F1-20160705","[1361347, 1395807, 1396253]"
"CBN-PdlC-F1-20160726","[1395807, 1396253, 1395868]"
"CBN-PdlC-F1-20170816","[1395807, 1395868, 1610809]"
"CBN-PdlC-F1-20170906","[1394603, 1610809, 1741758]"
"CBN-PdlC-F1-20180702","[1394911, 1741758, 1610809]"
"CBN-PdlC-F1-20180723","[1395807, 1395870, 1563496]"
"CBN-PdlC-F1-20180815","[1395807, 1610809, 1563496]"
"CBN-PdlC-F1-20180905","[1397046, 1395807, 1741758]"
"CBN-PdlC-F1-20190701","[1395807, 1395870, 1563496]"
"CBN-PdlC-F1-20190812","[1395807, 1400084, 1741758]"
"CBN-PdlC-F1-20190909","[1395807, 1610809, 1741758]"
"CBN-PdlC-F1-20200629","[1395807, 1361347, 1363526]"
"CBN-PdlC-F1-20200722","[1395807, 1363329, 1563496]"
"CBN-PdlC-F1-20200812","[1395807, 1359545, 1610809]"
"CBN-PdlC-F2-20130723","[1394603, 1360171, 1744551]"
"CBN-PdlC-F2-20130807","[1395807, 1360874, 1400084]"
"CBN-PdlC-F2-20130903","[1395807, 1412857, 1392299]"
"CBN-PdlC-F2-20140630","[1610809, 1741758, 1560618]"
"CBN-PdlC-F2-20140721","[1395807, 1412857, 1397528]"
"CBN-PdlC-F2-20140811","[1395807, 1412857, 1392608]"
"CBN-PdlC-F2-20140901","[1395807, 1361347, 1724565]"
"CBN-PdlC-F2-20150701","[1395807, 1396898, 1563496]"
"CBN-PdlC-F2-20150720","[1395807, 1364071, 1741758]"
"CBN-PdlC-F2-20150810","[1395807, 1412857, 1361347]"
"CBN-PdlC-F2-20150831","[1395807, 1412857, 1610809]"
"CBN-PdlC-F2-20160705","[1395807, 1412857, 1397432]"
"CBN-PdlC-F2-20160726","[1412857, 1364071, 1395807]"
"CBN-PdlC-F2-20170906","[1412857, 1362485, 1741758]"
"CBN-PdlC-F2-20180702","[1394603, 1741758, 1610809]"
"CBN-PdlC-F2-20180723","[1395807, 1412857, 1360269]"
"CBN-PdlC-F2-20180815","[1395807, 1412857, 1610809]"
"CBN-PdlC-F2-20180905","[1395807, 1394643, 1395868]"
"CBN-PdlC-F2-20190701","[1395807, 1610809, 1741758]"
"CBN-PdlC-F2-20190812","[1412857, 1395807, 1362485]"
"CBN-PdlC-F2-20190909","[1395807, 1390793, 1361338]"
"CBN-PdlC-F2-20200629","[1361347, 1394603, 1610809]"
"CBN-PdlC-F2-20200722","[1395807, 1397129, 1395868]"
"CBN-PdlC-F2-20200812","[1395807, 1398569, 1395870]"
"CBN-PdlC-F3-20130723","[1400084, 1392309, 1741758]"
"CBN-PdlC-F3-20130807","[1395807, 1400084, 1392608]"
"CBN-PdlC-F3-20130903","[1395807, 1361338, 1563496]"
"CBN-PdlC-F3-20140630","[1361077, 1610809, 1741758]"
"CBN-PdlC-F3-20140721","[1360874, 1395807, 1390780]"
"CBN-PdlC-F3-20140811","[1395807, 1361080, 1361376]"
"CBN-PdlC-F3-20140901","[1389018, 1362485, 1395807]"
"CBN-PdlC-F3-20150701","[1392608, 1395807, 1361592]"
"CBN-PdlC-F3-20150720","[1392608, 1364071, 1361376]"
"CBN-PdlC-F3-20150810","[1395807, 1361585, 1563496]"
"CBN-PdlC-F3-20150831","[1741758, 1610809, 1560618]"
"CBN-PdlC-F3-20160705","[1361592, 1395807, 1361347]"
"CBN-PdlC-F3-20160726","[1361574, 1392608, 1400084]"
"CBN-PdlC-F3-20170816","[1361573, 1395807, 1361347]"
"CBN-PdlC-F3-20170906","[1391797, 1395807, 1412857]"
"CBN-PdlC-F3-20180702","[1610809, 1744551, 1744833]"
"CBN-PdlC-F3-20180723","[1362485, 1395807, 1400084]"
"CBN-PdlC-F3-20180815","[1395870, 1364071, 1563496]"
"CBN-PdlC-F3-20180905","[1361347, 1400084, 1362023]"
"CBN-PdlC-F3-20190701","[1395807, 1359981, 1563496]"
"CBN-PdlC-F3-20190722","[1395807, 1393681, 1392608]"
"CBN-PdlC-F3-20190812","[1400084, 1360872, 1360299]"
"CBN-PdlC-F3-20190909","[1361347, 1395807, 1563496]"
"CBN-PdlC-F3-20200629","[1610809, 1741758, 1563496]"
"CBN-PdlC-F3-20200722","[1362485, 1361347, 1563496]"
"CBN-PdlC-F3-20200812","[1395807, 1364071, 1563496]"
"CBN-PdlC-F4-20130723","[1360299, 1397500, 1363526]"
"CBN-PdlC-F4-20130807","[1364071, 1360299, 1392608]"
"CBN-PdlC-F4-20130903","[1392608, 1360299, 1610809]"
"CBN-PdlC-F4-20140630","[1393200, 1360299, 1741758]"
"CBN-PdlC-F4-20140811","[1392608, 1360299, 1389329]"
"CBN-PdlC-F4-20140901","[1392608, 1364071, 1360299]"
"CBN-PdlC-F4-20150701","[1392608, 1361592, 1360299]"
"CBN-PdlC-F4-20150720","[1392608, 1364071, 1360299]"
"CBN-PdlC-F4-20150810","[1392608, 1364157, 1563496]"
"CBN-PdlC-F4-20150831","[1395807, 1361347, 1358654]"
"CBN-PdlC-F4-20160705","[1392608, 1361592, 1360874]"
"CBN-PdlC-F4-20160726","[1392608, 1363526, 1360299]"
"CBN-PdlC-F4-20170816","[1396253, 1414366, 1395807]"
"CBN-PdlC-F4-20170906","[1392608, 1396253, 1744833]"
"CBN-PdlC-F4-20180702","[1393200, 1392608, 1393681]"
"CBN-PdlC-F4-20180723","[1392608, 1395807, 1360299]"
"CBN-PdlC-F4-20180815","[1392059, 1361592, 1392299]"
"CBN-PdlC-F4-20180905","[1392608, 1400084, 1359592]"
"CBN-PdlC-F4-20190701","[1392608, 1361592, 1360299]"
"CBN-PdlC-F4-20190722","[1392608, 1361347, 1396843]"
"CBN-PdlC-F4-20190812","[1360299, 1400084, 1392608]"
"CBN-PdlC-F4-20190909","[1392608, 1393681, 1360299]"
"CBN-PdlC-F4-20200629","[1393200, 1363526, 1393681]"
"CBN-PdlC-F4-20200722","[1392608, 1395807, 1361592]"
"CBN-PdlC-F4-20200812","[1392059, 1392608, 1563496]"
"CBN-PdlC-F5-20130723","[1392608, 1361053, 1393828]"
"CBN-PdlC-F5-20130903","[1359450, 1563496, 1360171]"
"CBN-PdlC-F5-20140630","[1360299, 1392608, 1361057]"
"CBN-PdlC-F5-20140721","[1392608, 1361050, 1364071]"
"CBN-PdlC-F5-20140811","[1392608, 1361050, 1395807]"
"CBN-PdlC-F5-20150701","[1392608, 1395807, 1364071]"
"CBN-PdlC-F5-20150720","[1392608, 1392614, 1390674]"
"CBN-PdlC-F5-20150810","[1363543, 1563496, 1744551]"
"CBN-PdlC-F5-20150831","[1395807, 1392608, 1361347]"
"CBN-PdlC-F5-20160705","[1563496, 1360171, 1744413]"
"CBN-PdlC-F5-20160726","[1361367, 1563496, 1744413]"
"CBN-PdlC-F5-20170816","[1396253, 1390793, 1363526]"
"CBN-PdlC-F5-20170906","[1361347, 1563496, 1360171]"
"CBN-PdlC-F5-20180702","[1360299, 1363992, 1563496]"
"CBN-PdlC-F5-20180723","[1392608, 1359519, 1741758]"
"CBN-PdlC-F5-20180815","[1737693, 1360171, 1563496]"
"CBN-PdlC-F5-20180905","[1363526, 1391797, 1396253]"
"CBN-PdlC-F5-20190722","[1396843, 1392608, 1563496]"
"CBN-PdlC-F5-20190812","[1360874, 1741758, 1610809]"
"CBN-PdlC-F5-20190909","[1395807, 1420364, 1390793]"
"CBN-PdlC-F5-20200629","[1360299, 1395807, 1363526]"
"CBN-PdlC-F5-20200722","[1395807, 1392608, 1563496]"
"CBN-PdlC-F5-20200812","[1390793, 1360171, 1563496]"
"CBN-PdlC-F6-20130723","[1363526, 1363016, 1563496]"
"CBN-PdlC-F6-20130807","[1363526, 1363424, 1363421]"
"CBN-PdlC-F6-20130903","[1390793, 1563496, 1360171]"
"CBN-PdlC-F6-20140630","[1361585, 1610809, 1741758]"
"CBN-PdlC-F6-20140721","[1563496, 1744833, 1360171]"
"CBN-PdlC-F6-20140811","[1395807, 1361053, 1400037]"
"CBN-PdlC-F6-20150701","[1393200, 1395807, 1356278]"
"CBN-PdlC-F6-20150720","[1563496, 1360171, 1391077]"
"CBN-PdlC-F6-20150810","[1392608, 1741758, 1563496]"
"CBN-PdlC-F6-20150831","[1390793, 1392608, 1395807]"
"CBN-PdlC-F6-20160705","[1390793, 1360171, 1391077]"
"CBN-PdlC-F6-20160726","[1361050, 1395920, 1363526]"
"CBN-PdlC-F6-20170816","[1390793, 1363526, 1517561]"
"CBN-PdlC-F6-20170906","[1390793, 1610809, 1673405]"
"CBN-PdlC-F6-20180702","[1363526, 1390793, 1744526]"
"CBN-PdlC-F6-20180723","[1363526, 1563496, 1360171]"
"CBN-PdlC-F6-20180815","[1390793, 1673405, 1741758]"
"CBN-PdlC-F6-20180905","[1363526, 1390793, 1400037]"
"CBN-PdlC-F6-20190722","[1392608, 1363455, 1363526]"
"CBN-PdlC-F6-20190812","[1390793, 1563496, 1741758]"
"CBN-PdlC-F6-20190909","[1390793, 1361347, 1395807]"
"CBN-PdlC-F6-20200629","[1363526, 1610809, 1744833]"
"CBN-PdlC-F6-20200722","[1363526, 1360874, 1392608]"
"CBN-PdlC-F6-20200812","[1359835, 1390793, 1610809]"
"CBN-Pla-A1-20130808","[1395807, 1394366, 1741758]"
"CBN-Pla-A1-20130904","[1395807, 1360171, 1610809]"
"CBN-Pla-A1-20140722","[1397475, 1357103, 1610809]"
"CBN-Pla-A1-20140812","[1395807, 1412857, 1397475]"
"CBN-Pla-A1-20140902","[1395807, 1395868, 1563496]"
"CBN-Pla-A1-20150702","[1394643, 1361585, 1390793]"
"CBN-Pla-A1-20150723","[1395807, 1393850, 1397475]"
"CBN-Pla-A1-20150811","[1395807, 1397475, 1394643]"
"CBN-Pla-A1-20150901","[1395807, 1397475, 1412857]"
"CBN-Pla-A1-20160707","[1397475, 1741758, 1610809]"
"CBN-Pla-A1-20160728","[1395807, 1397046, 1390756]"
"CBN-Pla-A1-20180724","[1390943, 1397475, 1610809]"
"CBN-Pla-A1-20180816","[1395807, 1363526, 1390756]"
"CBN-Pla-A1-20180906","[1395807, 1395870, 1390837]"
"CBN-Pla-A1-20190723","[1395807, 1364071, 1397475]"
"CBN-Pla-A1-20190814","[1362481, 1395807, 1393317]"
"CBN-Pla-A1-20200630","[1610809, 1400037, 1399148]"
"CBN-Pla-A1-20200723","[1395807, 1360874, 1361376]"
"CBN-Pla-A1-20200814","[1392552, 1362481, 1395807]"
"CBN-Pla-A2-20130724","[1743539, 1741758, 1610809]"
"CBN-Pla-A2-20130808","[1395807, 1394643, 1364071]"
"CBN-Pla-A2-20130904","[1395807, 1360269, 1394643]"
"CBN-Pla-A2-20140722","[1397513, 1396272, 1610809]"
"CBN-Pla-A2-20140812","[1395807, 1392407, 1610809]"
"CBN-Pla-A2-20140902","[1395807, 1610809, 1741758]"
"CBN-Pla-A2-20150702","[1394598, 1393619, 1610809]"
"CBN-Pla-A2-20150723","[1395807, 1610809, 1563496]"
"CBN-Pla-A2-20150811","[1395807, 1392552, 1362485]"
"CBN-Pla-A2-20150901","[1395807, 1361347, 1364071]"
"CBN-Pla-A2-20160707","[1394911, 1390793, 1610809]"
"CBN-Pla-A2-20160728","[1395807, 1395870, 1610809]"
"CBN-Pla-A2-20180724","[1395949, 1741758, 1610809]"
"CBN-Pla-A2-20180816","[1395807, 1356397, 1610809]"
"CBN-Pla-A2-20180906","[1395807, 1395870, 1610809]"
"CBN-Pla-A2-20190723","[1395807, 1563496, 1610809]"
"CBN-Pla-A2-20190814","[1395807, 1390793, 1395868]"
"CBN-Pla-A2-20200723","[1395807, 1394911, 1563496]"
"CBN-Pla-A2-20200814","[1395807, 1356397, 1360171]"
"CBN-Pla-A3-20130724","[1743539, 1741758, 1610809]"
"CBN-Pla-A3-20130808","[1395807, 1563496, 1360171]"
"CBN-Pla-A3-20130904","[1395807, 1395870, 1563496]"
"CBN-Pla-A3-20140722","[1610809, 1741758, 1560618]"
"CBN-Pla-A3-20140812","[1395807, 1391120, 1610809]"
"CBN-Pla-A3-20140902","[1395807, 1360269, 1363266]"
"CBN-Pla-A3-20150702","[1359973, 1357060, 1610809]"
"CBN-Pla-A3-20150723","[1395807, 1395870, 1390657]"
"CBN-Pla-A3-20150811","[1395807, 1360269, 1395870]"
"CBN-Pla-A3-20150901","[1395807, 1362485, 1394366]"
"CBN-Pla-A3-20160707","[1741758, 1744526, 1744833]"
"CBN-Pla-A3-20160728","[1395807, 1397043, 1563496]"
"CBN-Pla-A3-20180724","[1741758, 1610809, 1560618]"
"CBN-Pla-A3-20180816","[1395807, 1360269, 1563496]"
"CBN-Pla-A3-20180906","[1395807, 1362485, 1364071]"
"CBN-Pla-A3-20190723","[1395807, 1395870, 1563496]"
"CBN-Pla-A3-20190814","[1395807, 1395870, 1397528]"
"CBN-Pla-A3-20200723","[1395807, 1360874, 1363526]"
"CBN-Pla-A3-20200814","[1395807, 1563496, 1610809]"
"CBN-Pla-A4-20130724","[1361347, 1359587, 1610809]"
"CBN-Pla-A4-20130808","[1395807, 1395870, 1397043]"
"CBN-Pla-A4-20130904","[1395807, 1395870, 1741880]"
"CBN-Pla-A4-20140722","[1741758, 1610809, 1560618]"
"CBN-Pla-A4-20140812","[1395807, 1395870, 1741758]"
"CBN-Pla-A4-20140902","[1395807, 1361099, 1360269]"
"CBN-Pla-A4-20150702","[1741758, 1610809, 1744833]"
"CBN-Pla-A4-20150723","[1395807, 1395870, 1563496]"
"CBN-Pla-A4-20150811","[1395807, 1395870, 1412857]"
"CBN-Pla-A4-20150901","[1395807, 1364071, 1610809]"
"CBN-Pla-A4-20160707","[1394911, 1359973, 1356359]"
"CBN-Pla-A4-20160728","[1395807, 1360269, 1364071]"
"CBN-Pla-A4-20180724","[1361347, 1394911, 1610809]"
"CBN-Pla-A4-20180816","[1395807, 1390793, 1610809]"
"CBN-Pla-A4-20180906","[1395807, 1364071, 1362485]"
"CBN-Pla-A4-20190723","[1395807, 1395870, 1563496]"
"CBN-Pla-A4-20190814","[1395807, 1360269, 1563496]"
"CBN-Pla-A4-20200723","[1395807, 1395870, 1361347]"
"CBN-Pla-A4-20200814","[1395807, 1396253, 1563496]"
"CBN-Pla-A5-20130724","[1361573, 1610809, 1741758]"
"CBN-Pla-A5-20130808","[1395870, 1395807, 1741880]"
"CBN-Pla-A5-20130904","[1395870, 1395807, 1741880]"
"CBN-Pla-A5-20140722","[1741758, 1610809, 1560618]"
"CBN-Pla-A5-20140812","[1395807, 1395870, 1397528]"
"CBN-Pla-A5-20140902","[1360269, 1395807, 1395870]"
"CBN-Pla-A5-20150702","[1356424, 1390793, 1610809]"
"CBN-Pla-A5-20150723","[1395870, 1395807, 1741880]"
"CBN-Pla-A5-20150811","[1395870, 1360269, 1395807]"
"CBN-Pla-A5-20160707","[1741758, 1610809, 1560618]"
"CBN-Pla-A5-20160728","[1395807, 1396843, 1395870]"
"CBN-Pla-A5-20180724","[1610809, 1392394, 1688110]"
"CBN-Pla-A5-20180816","[1395807, 1360269, 1395870]"
"CBN-Pla-A5-20180906","[1395807, 1395870, 1741880]"
"CBN-Pla-A5-20190723","[1395807, 1395870, 1360269]"
"CBN-Pla-A5-20190814","[1395807, 1395870, 1395868]"
"CBN-Pla-A5-20200723","[1395807, 1360269, 1395870]"
"CBN-Pla-A5-20200814","[1395807, 1360269, 1395870]"
"CBN-Pla-A6-20130724","[1397515, 1391796, 1741758]"
"CBN-Pla-A6-20130808","[1395807, 1364071, 1563496]"
"CBN-Pla-A6-20130904","[1395807, 1395870, 1610809]"
"CBN-Pla-A6-20140722","[1741758, 1610809, 1560618]"
"CBN-Pla-A6-20140812","[1395807, 1364071, 1360874]"
"CBN-Pla-A6-20140902","[1395807, 1360269, 1395870]"
"CBN-Pla-A6-20150702","[1394911, 1356424, 1395870]"
"CBN-Pla-A6-20150723","[1395807, 1393200, 1395870]"
"CBN-Pla-A6-20150811","[1395807, 1395870, 1360269]"
"CBN-Pla-A6-20150901","[1395807, 1395870, 1610809]"
"CBN-Pla-A6-20160707","[1358097, 1741758, 1610809]"
"CBN-Pla-A6-20160728","[1395807, 1360269, 1610809]"
"CBN-Pla-A6-20180724","[1741758, 1610809, 1560618]"
"CBN-Pla-A6-20180816","[1395807, 1360269, 1361050]"
"CBN-Pla-A6-20180906","[1395807, 1395868, 1563496]"
"CBN-Pla-A6-20190723","[1395807, 1394598, 1563496]"
"CBN-Pla-A6-20190814","[1395807, 1364071, 1360874]"
"CBN-Pla-A6-20200723","[1395807, 1360269, 1395870]"
"CBN-Pla-A6-20200814","[1395807, 1362485, 1360171]"
"CBN-Pla-B1-20130724","[1362963, 1610809, 1741758]"
"CBN-Pla-B1-20130808","[1395807, 1361113, 1563496]"
"CBN-Pla-B1-20130904","[1395807, 1610809, 1741758]"
"CBN-Pla-B1-20140722","[1610809, 1741758, 1560618]"
"CBN-Pla-B1-20140812","[1395807, 1361367, 1610809]"
"CBN-Pla-B1-20140902","[1610809, 1741758, 1744526]"
"CBN-Pla-B1-20150702","[1356947, 1610809, 1741758]"
"CBN-Pla-B1-20150723","[1395807, 1390659, 1362485]"
"CBN-Pla-B1-20150811","[1395807, 1360269, 1392299]"
"CBN-Pla-B1-20150901","[1361113, 1362485, 1392299]"
"CBN-Pla-B1-20160707","[1741758, 1744526, 1610809]"
"CBN-Pla-B1-20160728","[1395807, 1610809, 1741758]"
"CBN-Pla-B1-20180724","[1610809, 1741758, 1560618]"
"CBN-Pla-B1-20180816","[1395807, 1360874, 1360171]"
"CBN-Pla-B1-20180906","[1412857, 1395807, 1720968]"
"CBN-Pla-B1-20190723","[1395807, 1363526, 1610809]"
"CBN-Pla-B1-20190814","[1361113, 1610809, 1741758]"
"CBN-Pla-B1-20200630","[1400037, 1610809, 1359358]"
"CBN-Pla-B1-20200723","[1395807, 1362481, 1360171]"
"CBN-Pla-B1-20200814","[1360171, 1744833, 1563496]"
"CBN-Pla-B2-20130724","[1610809, 1560618, 1360171]"
"CBN-Pla-B2-20130808","[1395807, 1741758, 1610809]"
"CBN-Pla-B2-20130904","[1395807, 1363526, 1356397]"
"CBN-Pla-B2-20140722","[1743944, 1610809, 1741758]"
"CBN-Pla-B2-20140812","[1395807, 1360874, 1362422]"
"CBN-Pla-B2-20140902","[1395807, 1398644, 1356397]"
"CBN-Pla-B2-20150702","[1393702, 1360171, 1610809]"
"CBN-Pla-B2-20150723","[1395807, 1361376, 1363526]"
"CBN-Pla-B2-20150811","[1395807, 1392552, 1363526]"
"CBN-Pla-B2-20150901","[1395807, 1392299, 1741758]"
"CBN-Pla-B2-20160707","[1394911, 1390837, 1610809]"
"CBN-Pla-B2-20160728","[1395807, 1363526, 1563496]"
"CBN-Pla-B2-20180724","[1610809, 1741758, 1743355]"
"CBN-Pla-B2-20180816","[1395807, 1356397, 1362485]"
"CBN-Pla-B2-20180906","[1395807, 1392299, 1610809]"
"CBN-Pla-B2-20190723","[1395807, 1398644, 1391878]"
"CBN-Pla-B2-20190814","[1395807, 1361347, 1391881]"
"CBN-Pla-B2-20200723","[1395807, 1360874, 1360171]"
"CBN-Pla-B2-20200814","[1395807, 1501064, 1610809]"
"CBN-Pla-B3-20130724","[1610809, 1741758, 1744551]"
"CBN-Pla-B3-20130808","[1395807, 1361347, 1360874]"
"CBN-Pla-B3-20130904","[1364071, 1610809, 1744526]"
"CBN-Pla-B3-20140722","[1610809, 1741758, 1560618]"
"CBN-Pla-B3-20140812","[1395807, 1361347, 1400084]"
"CBN-Pla-B3-20140902","[1395807, 1610809, 1563496]"
"CBN-Pla-B3-20150811","[1395807, 1360269, 1392299]"
"CBN-Pla-B3-20150901","[1394366, 1361347, 1392299]"
"CBN-Pla-B3-20160707","[1394911, 1362023, 1741758]"
"CBN-Pla-B3-20160728","[1395807, 1361347, 1392299]"
"CBN-Pla-B3-20180724","[1744526, 1360171, 1563496]"
"CBN-Pla-B3-20180816","[1395807, 1362485, 1397129]"
"CBN-Pla-B3-20180906","[1361347, 1392299, 1395807]"
"CBN-Pla-B3-20190723","[1395807, 1396079, 1610809]"
"CBN-Pla-B3-20190814","[1395807, 1362485, 1398644]"
"CBN-Pla-B3-20200723","[1395807, 1392299, 1741758]"
"CBN-Pla-B3-20200814","[1395807, 1392299, 1610809]"
"CBN-Pla-B4-20130724","[1362620, 1744833, 1743355]"
"CBN-Pla-B4-20130808","[1395807, 1563496, 1610809]"
"CBN-Pla-B4-20130904","[1610809, 1741758, 1744833]"
"CBN-Pla-B4-20140722","[1741758, 1610809, 1360171]"
"CBN-Pla-B4-20140812","[1395807, 1610809, 1741758]"
"CBN-Pla-B4-20140902","[1395807, 1398644, 1563496]"
"CBN-Pla-B4-20150702","[1360171, 1743355, 1673405]"
"CBN-Pla-B4-20150723","[1395807, 1361347, 1610809]"
"CBN-Pla-B4-20150811","[1395807, 1361347, 1392299]"
"CBN-Pla-B4-20150901","[1395807, 1392299, 1400084]"
"CBN-Pla-B4-20160707","[1610809, 1560618, 1744526]"
"CBN-Pla-B4-20160728","[1395807, 1397158, 1360874]"
"CBN-Pla-B4-20180724","[1610809, 1563496, 1391077]"
"CBN-Pla-B4-20180816","[1395807, 1360269, 1610809]"
"CBN-Pla-B4-20180906","[1395807, 1741758, 1610809]"
"CBN-Pla-B4-20190723","[1395807, 1394598, 1563496]"
"CBN-Pla-B4-20190814","[1393850, 1395807, 1395870]"
"CBN-Pla-B4-20200723","[1395807, 1361347, 1395868]"
"CBN-Pla-B4-20200814","[1395807, 1361347, 1398644]"
"CBN-Pla-B5-20130724","[1361437, 1741758, 1610809]"
"CBN-Pla-B5-20130808","[1395807, 1360269, 1610809]"
"CBN-Pla-B5-20130904","[1395807, 1610809, 1741758]"
"CBN-Pla-B5-20140722","[1610809, 1741758, 1744833]"
"CBN-Pla-B5-20140812","[1395807, 1364071, 1610809]"
"CBN-Pla-B5-20140902","[1395807, 1395870, 1563496]"
"CBN-Pla-B5-20150702","[1610809, 1741758, 1563496]"
"CBN-Pla-B5-20150723","[1395807, 1394605, 1362485]"
"CBN-Pla-B5-20150811","[1395807, 1362485, 1395870]"
"CBN-Pla-B5-20150901","[1395807, 1395870, 1741758]"
"CBN-Pla-B5-20160707","[1394911, 1741758, 1610809]"
"CBN-Pla-B5-20160728","[1395807, 1610809, 1741758]"
"CBN-Pla-B5-20180724","[1357120, 1610809, 1741758]"
"CBN-Pla-B5-20180816","[1360269, 1610809, 1741758]"
"CBN-Pla-B5-20180906","[1358147, 1363622, 1361080]"
"CBN-Pla-B5-20190723","[1360874, 1395807, 1360171]"
"CBN-Pla-B5-20190814","[1395807, 1563496, 1741758]"
"CBN-Pla-B5-20200723","[1395807, 1390657, 1363526]"
"CBN-Pla-B5-20200814","[1395807, 1361347, 1395870]"
"CBN-Pla-B6-20130724","[1741758, 1610809, 1360171]"
"CBN-Pla-B6-20130808","[1395807, 1364071, 1361376]"
"CBN-Pla-B6-20130904","[1395807, 1356942, 1363705]"
"CBN-Pla-B6-20140722","[1610809, 1741758, 1560618]"
"CBN-Pla-B6-20140812","[1395807, 1363455, 1741758]"
"CBN-Pla-B6-20140902","[1395973, 1395807, 1396015]"
"CBN-Pla-B6-20150702","[1361347, 1610809, 1356424]"
"CBN-Pla-B6-20150723","[1395807, 1396869, 1392299]"
"CBN-Pla-B6-20150811","[1395807, 1392299, 1396015]"
"CBN-Pla-B6-20150901","[1395807, 1395945, 1412857]"
"CBN-Pla-B6-20160707","[1361347, 1395903, 1394911]"
"CBN-Pla-B6-20160728","[1395807, 1395973, 1396015]"
"CBN-Pla-B6-20180816","[1395807, 1392299, 1356942]"
"CBN-Pla-B6-20180906","[1395807, 1392299, 1396015]"
"CBN-Pla-B6-20190723","[1395807, 1741758, 1563496]"
"CBN-Pla-B6-20190814","[1395807, 1395973, 1392299]"
"CBN-Pla-B6-20200723","[1356397, 1395807, 1363526]"
"CBN-Pla-B6-20200814","[1395807, 1396015, 1360874]"
"CBN-Pla-C1-20130808","[1361347, 1392534, 1394598]"
"CBN-Pla-C1-20130904","[1395807, 1360194, 1361883]"
"CBN-Pla-C1-20150702","[1741758, 1360171, 1359358]"
"CBN-Pla-C1-20150723","[1392299, 1610809, 1651113]"
"CBN-Pla-C1-20150811","[1395870, 1395807, 1741758]"
"CBN-Pla-C1-20150901","[1392299, 1395807, 1741758]"
"CBN-Pla-C1-20160707","[1390837, 1394595, 1390793]"
"CBN-Pla-C1-20160728","[1395807, 1392299, 1610809]"
"CBN-Pla-C1-20180816","[1395807, 1360171, 1563496]"
"CBN-Pla-C1-20180906","[1392299, 1395807, 1397542]"
"CBN-Pla-C1-20190723","[1395807, 1392534, 1396754]"
"CBN-Pla-C1-20190814","[1395807, 1362481, 1397046]"
"CBN-Pla-C1-20200723","[1360874, 1363526, 1361914]"
"CBN-Pla-C1-20200814","[1395807, 1395870, 1392299]"
"CBN-Pla-C2-20130808","[1361347, 1741758, 1610809]"
"CBN-Pla-C2-20130904","[1361091, 1392299, 1394877]"
"CBN-Pla-C2-20140722","[1610809, 1741758, 1360171]"
"CBN-Pla-C2-20140902","[1360269, 1392299, 1563496]"
"CBN-Pla-C2-20150702","[1610809, 1741758, 1744833]"
"CBN-Pla-C2-20150723","[1395807, 1400084, 1392299]"
"CBN-Pla-C2-20150811","[1393619, 1395807, 1392299]"
"CBN-Pla-C2-20150901","[1412857, 1394542, 1395870]"
"CBN-Pla-C2-20160707","[1610809, 1560618, 1563496]"
"CBN-Pla-C2-20160728","[1412857, 1400084, 1392299]"
"CBN-Pla-C2-20180724","[1744833, 1531436, 1744392]"
"CBN-Pla-C2-20180816","[1361376, 1392299, 1563496]"
"CBN-Pla-C2-20180906","[1392299, 1400084, 1360171]"
"CBN-Pla-C2-20190723","[1395807, 1395870, 1610809]"
"CBN-Pla-C2-20190814","[1362481, 1392299, 1392608]"
"CBN-Pla-C2-20200723","[1356397, 1564609, 1360171]"
"CBN-Pla-C2-20200814","[1395807, 1392299, 1390756]"
"CBN-Pla-C3-20130808","[1395807, 1361347, 1741758]"
"CBN-Pla-C3-20130904","[1395807, 1359835, 1563496]"
"CBN-Pla-C3-20140722","[1359937, 1610809, 1741758]"
"CBN-Pla-C3-20140902","[1395807, 1398644, 1392299]"
"CBN-Pla-C3-20150702","[1610809, 1741758, 1560618]"
"CBN-Pla-C3-20150723","[1395807, 1426088, 1394366]"
"CBN-Pla-C3-20150811","[1392299, 1394366, 1741758]"
"CBN-Pla-C3-20150901","[1392299, 1390837, 1741758]"
"CBN-Pla-C3-20160707","[1741758, 1610809, 1390793]"
"CBN-Pla-C3-20160728","[1395807, 1360874, 1395870]"
"CBN-Pla-C3-20180724","[1390837, 1741758, 1610809]"
"CBN-Pla-C3-20180816","[1395807, 1741758, 1610809]"
"CBN-Pla-C3-20180906","[1395807, 1394366, 1610809]"
"CBN-Pla-C3-20190723","[1395807, 1610809, 1563496]"
"CBN-Pla-C3-20190814","[1395807, 1395870, 1356359]"
"CBN-Pla-C3-20200723","[1395807, 1360874, 1610809]"
"CBN-Pla-C3-20200814","[1360269, 1392299, 1360171]"
"CBN-Pla-C4-20130808","[1395807, 1360874, 1563496]"
"CBN-Pla-C4-20130904","[1395807, 1356397, 1361050]"
"CBN-Pla-C4-20140902","[1359835, 1395868, 1395807]"
"CBN-Pla-C4-20150702","[1395132, 1394911, 1361585]"
"CBN-Pla-C4-20150723","[1395807, 1563496, 1360171]"
"CBN-Pla-C4-20150811","[1395807, 1610809, 1741758]"
"CBN-Pla-C4-20150901","[1395807, 1392299, 1395868]"
"CBN-Pla-C4-20160707","[1397500, 1394911, 1610809]"
"CBN-Pla-C4-20160728","[1395807, 1563496, 1564609]"
"CBN-Pla-C4-20180724","[1360171, 1744526, 1610809]"
"CBN-Pla-C4-20180816","[1395807, 1360874, 1361050]"
"CBN-Pla-C4-20180906","[1395807, 1392299, 1395868]"
"CBN-Pla-C4-20190723","[1395807, 1363526, 1563496]"
"CBN-Pla-C4-20190814","[1395807, 1412857, 1396869]"
"CBN-Pla-C4-20200723","[1395807, 1362485, 1392299]"
"CBN-Pla-C4-20200814","[1395807, 1392299, 1563496]"
"CBN-Pla-C5-20130808","[1395807, 1610809, 1741758]"
"CBN-Pla-C5-20130904","[1395807, 1610809, 1360171]"
"CBN-Pla-C5-20140722","[1610809, 1741758, 1560618]"
"CBN-Pla-C5-20140902","[1395807, 1394366, 1563496]"
"CBN-Pla-C5-20150702","[1361585, 1741758, 1610809]"
"CBN-Pla-C5-20150723","[1395807, 1737693, 1563496]"
"CBN-Pla-C5-20150811","[1395807, 1396754, 1563496]"
"CBN-Pla-C5-20150901","[1395807, 1394366, 1361347]"
"CBN-Pla-C5-20160707","[1610809, 1744833, 1360171]"
"CBN-Pla-C5-20160728","[1395807, 1363526, 1363016]"
"CBN-Pla-C5-20180724","[1361347, 1390837, 1610809]"
"CBN-Pla-C5-20180816","[1362485, 1392299, 1610809]"
"CBN-Pla-C5-20180906","[1395807, 1392299, 1563496]"
"CBN-Pla-C5-20190723","[1395807, 1363526, 1360874]"
"CBN-Pla-C5-20190814","[1395807, 1392299, 1610809]"
"CBN-Pla-C5-20200723","[1395807, 1361347, 1363526]"
"CBN-Pla-C5-20200814","[1395807, 1392299, 1563496]"
"CBN-Pla-C6-20130808","[1395807, 1361585, 1362023]"
"CBN-Pla-C6-20130904","[1395807, 1395870, 1395868]"
"CBN-Pla-C6-20140902","[1395807, 1610809, 1741758]"
"CBN-Pla-C6-20150702","[1610809, 1360171, 1564609]"
"CBN-Pla-C6-20150723","[1395807, 1360269, 1392299]"
"CBN-Pla-C6-20150811","[1395807, 1395868, 1610809]"
"CBN-Pla-C6-20150901","[1395807, 1392299, 1395868]"
"CBN-Pla-C6-20160707","[1394911, 1741758, 1610809]"
"CBN-Pla-C6-20160728","[1395807, 1610809, 1741758]"
"CBN-Pla-C6-20180724","[1390837, 1610809, 1741758]"
"CBN-Pla-C6-20180816","[1395807, 1563496, 1610809]"
"CBN-Pla-C6-20180906","[1395807, 1392299, 1610809]"
"CBN-Pla-C6-20190723","[1395807, 1360269, 1610809]"
"CBN-Pla-C6-20190814","[1395807, 1360269, 1392299]"
"CBN-Pla-C6-20200723","[1395807, 1361347, 1362485]"
"CBN-Pla-C6-20200814","[1395807, 1360269, 1563496]"
"CBN-Pla-D1-20130808","[1395807, 1361347, 1610809]"
"CBN-Pla-D1-20130904","[1395807, 1563496, 1610809]"
"CBN-Pla-D1-20140722","[1356228, 1610809, 1741758]"
"CBN-Pla-D1-20140902","[1395807, 1392299, 1610809]"
"CBN-Pla-D1-20150702","[1394643, 1361347, 1610809]"
"CBN-Pla-D1-20150723","[1395807, 1392299, 1741758]"
"CBN-Pla-D1-20150811","[1395807, 1395868, 1610809]"
"CBN-Pla-D1-20150901","[1395807, 1392299, 1610809]"
"CBN-Pla-D1-20160707","[1359973, 1610809, 1741758]"
"CBN-Pla-D1-20160728","[1361347, 1395807, 1360874]"
"CBN-Pla-D1-20180724","[1610809, 1741758, 1360171]"
"CBN-Pla-D1-20180816","[1505431, 1360874, 1395870]"
"CBN-Pla-D1-20180906","[1392299, 1400084, 1610809]"
"CBN-Pla-D1-20190723","[1395807, 1395132, 1563496]"
"CBN-Pla-D1-20190814","[1395807, 1395870, 1392299]"
"CBN-Pla-D1-20200723","[1395807, 1360874, 1563496]"
"CBN-Pla-D1-20200814","[1359296, 1394366, 1395807]"
"CBN-Pla-D2-20130808","[1361347, 1395807, 1563496]"
"CBN-Pla-D2-20130904","[1395807, 1361585, 1392299]"
"CBN-Pla-D2-20140722","[1359358, 1505488, 1738785]"
"CBN-Pla-D2-20140902","[1392299, 1395807, 1361091]"
"CBN-Pla-D2-20150702","[1361585, 1610809, 1563496]"
"CBN-Pla-D2-20150723","[1395807, 1392299, 1360874]"
"CBN-Pla-D2-20150811","[1395807, 1394643, 1563496]"
"CBN-Pla-D2-20150901","[1395807, 1412857, 1395868]"
"CBN-Pla-D2-20160707","[1412857, 1394603, 1394598]"
"CBN-Pla-D2-20160728","[1395807, 1400175, 1392299]"
"CBN-Pla-D2-20180724","[1390793, 1360171, 1610809]"
"CBN-Pla-D2-20180816","[1412857, 1360874, 1395807]"
"CBN-Pla-D2-20180906","[1392299, 1359835, 1412857]"
"CBN-Pla-D2-20190723","[1395807, 1412857, 1396253]"
"CBN-Pla-D2-20190814","[1412857, 1394366, 1392299]"
"CBN-Pla-D2-20200723","[1412857, 1359511, 1395807]"
"CBN-Pla-D2-20200814","[1392299, 1357608, 1397317]"
"CBN-Pla-D3-20130808","[1393710, 1563496, 1360171]"
"CBN-Pla-D3-20130904","[1395870, 1360269, 1741758]"
"CBN-Pla-D3-20140722","[1359937, 1673405, 1563496]"
"CBN-Pla-D3-20140902","[1395807, 1392299, 1741758]"
"CBN-Pla-D3-20150702","[1397500, 1610809, 1741758]"
"CBN-Pla-D3-20150723","[1360269, 1364066, 1357148]"
"CBN-Pla-D3-20150811","[1395807, 1395870, 1392299]"
"CBN-Pla-D3-20150901","[1395807, 1392299, 1364071]"
"CBN-Pla-D3-20160707","[1394911, 1356424, 1610809]"
"CBN-Pla-D3-20160728","[1505431, 1395870, 1396117]"
"CBN-Pla-D3-20180724","[1610809, 1360171, 1651113]"
"CBN-Pla-D3-20180816","[1360269, 1391994, 1395870]"
"CBN-Pla-D3-20180906","[1364071, 1392299, 1610809]"
"CBN-Pla-D3-20190723","[1395807, 1360171, 1563496]"
"CBN-Pla-D3-20190814","[1395870, 1505431, 1395807]"
"CBN-Pla-D3-20200723","[1395870, 1563496, 1741758]"
"CBN-Pla-D3-20200814","[1395870, 1395807, 1392299]"
"CBN-Pla-D4-20130808","[1395807, 1363526, 1395870]"
"CBN-Pla-D4-20130904","[1395807, 1363526, 1563496]"
"CBN-Pla-D4-20140722","[1610809, 1741758, 1360171]"
"CBN-Pla-D4-20140902","[1361367, 1361091, 1563496]"
"CBN-Pla-D4-20150702","[1741758, 1610809, 1360171]"
"CBN-Pla-D4-20150723","[1395807, 1364071, 1362485]"
"CBN-Pla-D4-20150811","[1395807, 1563496, 1360171]"
"CBN-Pla-D4-20150901","[1395807, 1395870, 1392299]"
"CBN-Pla-D4-20160707","[1610809, 1741758, 1744526]"
"CBN-Pla-D4-20160728","[1395807, 1361347, 1395868]"
"CBN-Pla-D4-20180724","[1610809, 1563496, 1360171]"
"CBN-Pla-D4-20180816","[1395807, 1364071, 1610809]"
"CBN-Pla-D4-20180906","[1395807, 1392299, 1395868]"
"CBN-Pla-D4-20190723","[1395807, 1396253, 1563496]"
"CBN-Pla-D4-20190814","[1356397, 1610809, 1741758]"
"CBN-Pla-D4-20200723","[1395807, 1360874, 1744077]"
"CBN-Pla-D4-20200814","[1395807, 1392299, 1395870]"
"CBN-Pla-D5-20130808","[1395807, 1610809, 1563496]"
"CBN-Pla-D5-20130904","[1395807, 1563496, 1360171]"
"CBN-Pla-D5-20140722","[1394598, 1610809, 1741758]"
"CBN-Pla-D5-20140902","[1395807, 1610809, 1741758]"
"CBN-Pla-D5-20150702","[1741758, 1394911, 1610809]"
"CBN-Pla-D5-20150723","[1395807, 1364071, 1360874]"
"CBN-Pla-D5-20150811","[1395807, 1363016, 1563496]"
"CBN-Pla-D5-20150901","[1395807, 1517561, 1395868]"
"CBN-Pla-D5-20160707","[1394911, 1610809, 1741758]"
"CBN-Pla-D5-20160728","[1395807, 1390674, 1360874]"
"CBN-Pla-D5-20180724","[1563496, 1360171, 1610809]"
"CBN-Pla-D5-20180816","[1395807, 1364071, 1563496]"
"CBN-Pla-D5-20180906","[1395807, 1397528, 1395868]"
"CBN-Pla-D5-20190723","[1395807, 1360874, 1364071]"
"CBN-Pla-D5-20190814","[1395807, 1393657, 1390674]"
"CBN-Pla-D5-20200723","[1395807, 1360874, 1364071]"
"CBN-Pla-D6-20130808","[1395807, 1360874, 1395868]"
"CBN-Pla-D6-20130904","[1395807, 1394366, 1395870]"
"CBN-Pla-D6-20140722","[1741758, 1610809, 1744526]"
"CBN-Pla-D6-20140902","[1395807, 1395870, 1563496]"
"CBN-Pla-D6-20150702","[1394911, 1395807, 1610809]"
"CBN-Pla-D6-20150723","[1395807, 1364071, 1395870]"
"CBN-Pla-D6-20150811","[1395807, 1395870, 1395868]"
"CBN-Pla-D6-20150901","[1395807, 1395870, 1364071]"
"CBN-Pla-D6-20160707","[1394911, 1610809, 1741758]"
"CBN-Pla-D6-20160728","[1395807, 1360825, 1610809]"
"CBN-Pla-D6-20180724","[1394598, 1359973, 1610809]"
"CBN-Pla-D6-20180816","[1395807, 1610809, 1741758]"
"CBN-Pla-D6-20180906","[1395807, 1610809, 1563496]"
"CBN-Pla-D6-20190723","[1395807, 1360874, 1364071]"
"CBN-Pla-D6-20190814","[1395807, 1610809, 1563496]"
"CBN-Pla-D6-20200723","[1395807, 1360874, 1364071]"
"CBN-Pla-D6-20200814","[1395807, 1395868, 1563496]"
"CBN-Pla-E1-20130808","[1741758, 1610809, 1560618]"
"CBN-Pla-E1-20130904","[1395174, 1393228, 1610809]"
"CBN-Pla-E1-20140722","[1610809, 1741758, 1359358]"
"CBN-Pla-E1-20140902","[1362481, 1741758, 1563496]"
"CBN-Pla-E1-20150702","[1362023, 1610809, 1741758]"
"CBN-Pla-E1-20150723","[1610809, 1741758, 1360171]"
"CBN-Pla-E1-20150901","[1412857, 1392299, 1610809]"
"CBN-Pla-E1-20160707","[1397513, 1356538, 1610809]"
"CBN-Pla-E1-20160728","[1728573, 1392535, 1392534]"
"CBN-Pla-E1-20180816","[1359296, 1610809, 1741758]"
"CBN-Pla-E1-20180906","[1392299, 1400084, 1610809]"
"CBN-Pla-E1-20190723","[1392535, 1390837, 1392534]"
"CBN-Pla-E1-20190814","[1647128, 1394643, 1610809]"
"CBN-Pla-E1-20200630","[1610809, 1741758, 1360171]"
"CBN-Pla-E1-20200723","[1359296, 1741624, 1412857]"
"CBN-Pla-E1-20200814","[1397512, 1647128, 1356947]"
"CBN-Pla-E2-20130808","[1392407, 1610809, 1741758]"
"CBN-Pla-E2-20130904","[1396272, 1356359, 1610809]"
"CBN-Pla-E2-20140722","[1610809, 1360171, 1741758]"
"CBN-Pla-E2-20140902","[1361091, 1396253, 1356857]"
"CBN-Pla-E2-20150702","[1396253, 1738749, 1361347]"
"CBN-Pla-E2-20150723","[1400176, 1563496, 1610809]"
"CBN-Pla-E2-20150901","[1396253, 1394605, 1412857]"
"CBN-Pla-E2-20160707","[1396253, 1610809, 1651113]"
"CBN-Pla-E2-20160728","[1396253, 1647128, 1392299]"
"CBN-Pla-E2-20180724","[1396253, 1610809, 1741758]"
"CBN-Pla-E2-20180816","[1396253, 1359296, 1396416]"
"CBN-Pla-E2-20180906","[1396253, 1392299, 1737651]"
"CBN-Pla-E2-20190723","[1396253, 1394759, 1361376]"
"CBN-Pla-E2-20190814","[1396253, 1412857, 1394598]"
"CBN-Pla-E2-20200630","[1610809, 1360171, 1563496]"
"CBN-Pla-E2-20200723","[1396253, 1400084, 1412857]"
"CBN-Pla-E2-20200814","[1396253, 1396869, 1396858]"
"CBN-Pla-E3-20130808","[1396253, 1610809, 1741758]"
"CBN-Pla-E3-20130904","[1396253, 1741758, 1610809]"
"CBN-Pla-E3-20140722","[1396253, 1361585, 1396144]"
"CBN-Pla-E3-20140902","[1361091, 1362481, 1610809]"
"CBN-Pla-E3-20150702","[1396253, 1390837, 1741758]"
"CBN-Pla-E3-20150723","[1396253, 1400084, 1392535]"
"CBN-Pla-E3-20150811","[1396253, 1610809, 1741758]"
"CBN-Pla-E3-20150901","[1396253, 1394311, 1392299]"
"CBN-Pla-E3-20160707","[1361347, 1390793, 1610809]"
"CBN-Pla-E3-20160728","[1396253, 1361347, 1741758]"
"CBN-Pla-E3-20180724","[1390837, 1741758, 1610809]"
"CBN-Pla-E3-20180816","[1396253, 1397046, 1610809]"
"CBN-Pla-E3-20180906","[1396253, 1392299, 1610809]"
"CBN-Pla-E3-20190723","[1396253, 1400084, 1392534]"
"CBN-Pla-E3-20190814","[1396253, 1394542, 1741758]"
"CBN-Pla-E3-20200630","[1393703, 1610809, 1560618]"
"CBN-Pla-E3-20200723","[1396253, 1363526, 1394542]"
"CBN-Pla-E3-20200814","[1363526, 1361603, 1610809]"
"CBN-Pla-E4-20130808","[1610809, 1741758, 1563496]"
"CBN-Pla-E4-20130904","[1610809, 1741758, 1560618]"
"CBN-Pla-E4-20140722","[1394598, 1395120, 1394603]"
"CBN-Pla-E4-20140902","[1398644, 1396843, 1563496]"
"CBN-Pla-E4-20150702","[1610809, 1741758, 1651113]"
"CBN-Pla-E4-20150811","[1392299, 1361347, 1610809]"
"CBN-Pla-E4-20150901","[1392299, 1610809, 1741758]"
"CBN-Pla-E4-20160707","[1610809, 1563496, 1744526]"
"CBN-Pla-E4-20160728","[1610809, 1744526, 1563496]"
"CBN-Pla-E4-20180724","[1361057, 1390837, 1382844]"
"CBN-Pla-E4-20180816","[1360171, 1563496, 1610809]"
"CBN-Pla-E4-20180906","[1382844, 1610809, 1741758]"
"CBN-Pla-E4-20190723","[1395807, 1390837, 1610809]"
"CBN-Pla-E4-20190814","[1360171, 1563496, 1744833]"
"CBN-Pla-E4-20200630","[1363734, 1722435, 1610809]"
"CBN-Pla-E4-20200723","[1395807, 1563496, 1610809]"
"CBN-Pla-E4-20200814","[1396416, 1610809, 1741758]"
"CBN-Pla-E5-20130808","[1361347, 1392299, 1610809]"
"CBN-Pla-E5-20130904","[1395807, 1412857, 1392299]"
"CBN-Pla-E5-20140722","[1610809, 1563496, 1744833]"
"CBN-Pla-E5-20140902","[1392299, 1395807, 1400084]"
"CBN-Pla-E5-20150702","[1360171, 1564609, 1563496]"
"CBN-Pla-E5-20150723","[1360874, 1392299, 1393619]"
"CBN-Pla-E5-20150811","[1392299, 1400084, 1360171]"
"CBN-Pla-E5-20150901","[1412857, 1392299, 1400084]"
"CBN-Pla-E5-20160707","[1361347, 1397542, 1610809]"
"CBN-Pla-E5-20160728","[1392299, 1400084, 1651113]"
"CBN-Pla-E5-20180724","[1363266, 1563496, 1744833]"
"CBN-Pla-E5-20180816","[1392534, 1391092, 1392299]"
"CBN-Pla-E5-20180906","[1392299, 1610809, 1563496]"
"CBN-Pla-E5-20190723","[1393619, 1361347, 1392299]"
"CBN-Pla-E5-20190814","[1395807, 1362481, 1392299]"
"CBN-Pla-E5-20200630","[1364046, 1744833, 1360171]"
"CBN-Pla-E5-20200723","[1394643, 1412857, 1392299]"
"CBN-Pla-E5-20200814","[1392299, 1391092, 1359511]"
"CBN-Pla-E6-20130808","[1395807, 1392299, 1741758]"
"CBN-Pla-E6-20130904","[1395807, 1392299, 1400084]"
"CBN-Pla-E6-20140722","[1610809, 1564310, 1743355]"
"CBN-Pla-E6-20140902","[1395807, 1356427, 1392299]"
"CBN-Pla-E6-20150702","[1356424, 1356402, 1610809]"
"CBN-Pla-E6-20150723","[1395807, 1363526, 1361347]"
"CBN-Pla-E6-20150811","[1395807, 1392299, 1395868]"
"CBN-Pla-E6-20150901","[1395807, 1392299, 1362023]"
"CBN-Pla-E6-20160707","[1356424, 1390837, 1610809]"
"CBN-Pla-E6-20160728","[1395807, 1392299, 1651113]"
"CBN-Pla-E6-20180724","[1394643, 1563496, 1360171]"
"CBN-Pla-E6-20180816","[1362422, 1400084, 1392299]"
"CBN-Pla-E6-20180906","[1395807, 1392299, 1397528]"
"CBN-Pla-E6-20190723","[1396289, 1395807, 1362023]"
"CBN-Pla-E6-20190814","[1396809, 1395807, 1362485]"
"CBN-Pla-E6-20200723","[1392299, 1400084, 1651113]"
"CBN-Pla-E6-20200814","[1359296, 1392299, 1651113]"
"CBN-Pla-F1-20130808","[1610809, 1651113, 1744833]"
"CBN-Pla-F1-20130904","[1610809, 1741758, 1654025]"
"CBN-Pla-F1-20140722","[1395120, 1363526, 1741758]"
"CBN-Pla-F1-20140902","[1363526, 1392299, 1563496]"
"CBN-Pla-F1-20150702","[1357060, 1361347, 1610809]"
"CBN-Pla-F1-20150723","[1360171, 1744526, 1563496]"
"CBN-Pla-F1-20150901","[1741758, 1610809, 1560618]"
"CBN-Pla-F1-20160707","[1393679, 1395120, 1360171]"
"CBN-Pla-F1-20160728","[1505431, 1393370, 1400084]"
"CBN-Pla-F1-20180724","[1651113, 1610809, 1560618]"
"CBN-Pla-F1-20180816","[1359296, 1363526, 1392299]"
"CBN-Pla-F1-20180906","[1728573, 1394479, 1392299]"
"CBN-Pla-F1-20190723","[1363526, 1744526, 1651113]"
"CBN-Pla-F1-20190814","[1563496, 1651113, 1744833]"
"CBN-Pla-F1-20200630","[1395120, 1610809, 1741758]"
"CBN-Pla-F1-20200723","[1363805, 1359296, 1360955]"
"CBN-Pla-F1-20200814","[1728573, 1356857, 1392299]"
"CBN-Pla-F2-20130808","[1361573, 1529289, 1412857]"
"CBN-Pla-F2-20130904","[1647128, 1396809, 1356857]"
"CBN-Pla-F2-20140722","[1391786, 1610809, 1741758]"
"CBN-Pla-F2-20140902","[1412857, 1361091, 1363625]"
"CBN-Pla-F2-20150702","[1396898, 1741758, 1610809]"
"CBN-Pla-F2-20150723","[1394643, 1400084, 1610809]"
"CBN-Pla-F2-20150901","[1412857, 1392299, 1741758]"
"CBN-Pla-F2-20160707","[1741758, 1610809, 1651113]"
"CBN-Pla-F2-20160728","[1392299, 1360171, 1610809]"
"CBN-Pla-F2-20180724","[1390837, 1610809, 1741758]"
"CBN-Pla-F2-20180816","[1392299, 1357227, 1610809]"
"CBN-Pla-F2-20180906","[1412857, 1393317, 1392299]"
"CBN-Pla-F2-20190723","[1397512, 1610809, 1741758]"
"CBN-Pla-F2-20190814","[1362385, 1361091, 1610809]"
"CBN-Pla-F2-20200630","[1391476, 1610809, 1741758]"
"CBN-Pla-F2-20200723","[1360171, 1563496, 1651113]"
"CBN-Pla-F2-20200814","[1361091, 1362385, 1360171]"
"CBN-Pla-F3-20130808","[1610809, 1741758, 1400084]"
"CBN-Pla-F3-20130904","[1396898, 1392299, 1610809]"
"CBN-Pla-F3-20140722","[1412857, 1360127, 1610809]"
"CBN-Pla-F3-20140902","[1413349, 1396117, 1392299]"
"CBN-Pla-F3-20150702","[1361914, 1610809, 1741758]"
"CBN-Pla-F3-20150723","[1392299, 1651113, 1741758]"
"CBN-Pla-F3-20150811","[1394643, 1400084, 1741758]"
"CBN-Pla-F3-20150901","[1394643, 1392299, 1741758]"
"CBN-Pla-F3-20160707","[1394643, 1741758, 1610809]"
"CBN-Pla-F3-20160728","[1361099, 1359296, 1400084]"
"CBN-Pla-F3-20180724","[1394643, 1359973, 1610809]"
"CBN-Pla-F3-20180816","[1722516, 1360204, 1392299]"
"CBN-Pla-F3-20180906","[1394643, 1400084, 1392299]"
"CBN-Pla-F3-20190723","[1361914, 1356359, 1741758]"
"CBN-Pla-F3-20190814","[1392299, 1400084, 1360171]"
"CBN-Pla-F3-20200630","[1364059, 1744526, 1360171]"
"CBN-Pla-F3-20200723","[1400084, 1392299, 1651113]"
"CBN-Pla-F3-20200814","[1647128, 1392299, 1394443]"
"CBN-Pla-F4-20130808","[1412857, 1392299, 1651113]"
"CBN-Pla-F4-20130904","[1361091, 1392299, 1610809]"
"CBN-Pla-F4-20140722","[1610809, 1741758, 1563496]"
"CBN-Pla-F4-20150723","[1395807, 1392299, 1400084]"
"CBN-Pla-F4-20150811","[1392299, 1400084, 1651113]"
"CBN-Pla-F4-20150901","[1412857, 1392299, 1610809]"
"CBN-Pla-F4-20160707","[1361585, 1392299, 1610809]"
"CBN-Pla-F4-20160728","[1400084, 1392299, 1741758]"
"CBN-Pla-F4-20180724","[1390837, 1610809, 1563496]"
"CBN-Pla-F4-20180816","[1412857, 1737693, 1392299]"
"CBN-Pla-F4-20180906","[1412857, 1392299, 1400084]"
"CBN-Pla-F4-20190723","[1400084, 1361376, 1392299]"
"CBN-Pla-F4-20190814","[1412857, 1741758, 1610809]"
"CBN-Pla-F4-20200630","[1359587, 1610809, 1560618]"
"CBN-Pla-F4-20200723","[1394643, 1400084, 1361376]"
"CBN-Pla-F4-20200814","[1357608, 1400084, 1392299]"
"CBN-Pla-F5-20130808","[1361347, 1610809, 1741758]"
"CBN-Pla-F5-20130904","[1392299, 1392407, 1360171]"
"CBN-Pla-F5-20140722","[1610809, 1360171, 1741758]"
"CBN-Pla-F5-20140902","[1362481, 1392299, 1563496]"
"CBN-Pla-F5-20150702","[1363526, 1361585, 1610809]"
"CBN-Pla-F5-20150723","[1400084, 1392299, 1651113]"
"CBN-Pla-F5-20150811","[1392299, 1400084, 1741758]"
"CBN-Pla-F5-20150901","[1361347, 1392299, 1395807]"
"CBN-Pla-F5-20160707","[1395807, 1390837, 1741758]"
"CBN-Pla-F5-20160728","[1400084, 1392299, 1395807]"
"CBN-Pla-F5-20180724","[1394600, 1390837, 1610809]"
"CBN-Pla-F5-20180816","[1400084, 1392299, 1361376]"
"CBN-Pla-F5-20180906","[1392299, 1400084, 1396253]"
"CBN-Pla-F5-20190723","[1396253, 1395807, 1400084]"
"CBN-Pla-F5-20190814","[1395807, 1392299, 1400084]"
"CBN-Pla-F5-20200723","[1400084, 1395807, 1392299]"
"CBN-Pla-F5-20200814","[1392299, 1400084, 1396253]"
"CBN-Pla-F6-20130808","[1741758, 1394329, 1563755]"
"CBN-Pla-F6-20130904","[1396843, 1359528, 1362485]"
"CBN-Pla-F6-20140722","[1356228, 1610809, 1741758]"
"CBN-Pla-F6-20140902","[1392299, 1360171, 1610809]"
"CBN-Pla-F6-20150702","[1396733, 1610809, 1744526]"
"CBN-Pla-F6-20150723","[1392299, 1400084, 1360874]"
"CBN-Pla-F6-20150811","[1392299, 1400084, 1651113]"
"CBN-Pla-F6-20150901","[1396253, 1361347, 1392299]"
"CBN-Pla-F6-20160707","[1610809, 1744833, 1563496]"
"CBN-Pla-F6-20160728","[1400084, 1392299, 1360171]"
"CBN-Pla-F6-20180724","[1394598, 1360171, 1563496]"
"CBN-Pla-F6-20180816","[1412857, 1400084, 1392299]"
"CBN-Pla-F6-20180906","[1400084, 1392299, 1361376]"
"CBN-Pla-F6-20190723","[1517561, 1400084, 1741758]"
"CBN-Pla-F6-20190814","[1651113, 1392299, 1563496]"
"CBN-Pla-F6-20200723","[1361376, 1563496, 1651113]"
"CBN-Pla-F6-20200814","[1361347, 1400084, 1363526]"
"CBN-Pyr-01-20230706","[1391350, 1363803, 1363424]"
"CBN-Pyr-03-20230706","[1395973, 1397512, 1395949]"
"CBN-can-A1-20230705","[1360299, 1412857, 1392608]"
"CBN-can-A2-20230705","[1397123, 1395807, 1364071]"
"CBN-can-A3-20230705","[1364071, 1392608, 1363944]"
"CBN-can-A5-20230705","[1397475, 1364071, 1425884]"
"CBN-can-A6-20230705","[1397475, 1400101, 1360590]"
"CBN-can-B1-20230705","[1392608, 1360299, 1395807]"
"CBN-can-B2-20230705","[1400101, 1392608, 1397528]"
"CBN-can-B3-20230705","[1361914, 1363526, 1395807]"
"CBN-can-B4-20230705","[1397475, 1393200, 1360171]"
"CBN-can-B5-20230705","[1397475, 1400101, 1395807]"
"CBN-can-B6-20230705","[1393679, 1397475, 1395807]"
"CBN-can-C1-20230705","[1393200, 1360874, 1563496]"
"CBN-can-C2-20230705","[1393200, 1395807, 1364071]"
"CBN-can-C3-20230705","[1364071, 1364067, 1363424]"
"CBN-can-C4-20230705","[1395807, 1364071, 1563496]"
"CBN-can-D1-20230705","[1395807, 1364071, 1563496]"
"CBN-can-D2-20230705","[1412857, 1392679, 1364071]"
"CBN-can-D3-20230705","[1363526, 1412857, 1364071]"
"CBN-can-D4-20230705","[1400101, 1364071, 1395807]"
"CBN-can-E1-20230706","[1392608, 1362424, 1361347]"
"CBN-can-E2-20230706","[1395807, 1392299, 1563496]"
"CBN-can-E3-20230706","[1392534, 1397430, 1392535]"
"CBN-can-E4-20230706","[1360874, 1393681, 1397430]"
"CBN-can-E5-20230706","[1392608, 1364071, 1358654]"
"CBN-can-E6-20230706","[1364071, 1392535, 1390793]"
"CBN-can-F1-20230705","[1395807, 1392535, 1610809]"
"CBN-can-F2-20230706","[1395807, 1482204, 1390674]"
"CBN-can-F3-20230706","[1364071, 1397430, 1395807]"
"CBN-can-F4-20230706","[1397430, 1517561, 1364071]"
"CBN-can-F5-20230706","[1390793, 1392608, 1564609]"
"GUARDEN-AMB-CF04-1-10-20240325","[1359344, 1363302, 1392440]"
"GUARDEN-AMB-CF04-1-5-20240325","[1363302, 1363882, 1356839]"
"GUARDEN-AMB-CF21-1-1-20240326","[1388812, 1741758, 1560618]"
"GUARDEN-AMB-CF21-1-10-20240326","[1363302, 1722619, 1610809]"
"GUARDEN-AMB-CF21-1-2-20240326","[1360719, 1722433, 1361703]"
"GUARDEN-AMB-CF21-1-3-20240326","[1359344, 1363302, 1360719]"
"GUARDEN-AMB-CF21-1-4-20240326","[1363302, 1359344, 1360978]"
"GUARDEN-AMB-CF21-1-5-20240326","[1359344, 1363302, 1741758]"
"GUARDEN-AMB-CF21-1-6-20240326","[1359344, 1359297, 1722619]"
"GUARDEN-AMB-CF21-1-7-20240326","[1363302, 1722619, 1610809]"
"GUARDEN-AMB-CF21-1-8-20240326","[1359344, 1363302, 1722619]"
"GUARDEN-AMB-CF21-1-9-20240326","[1722619, 1396898, 1743403]"
"GUARDEN-AMB-GV04-1-3-20240326","[1359297, 1359344, 1359298]"
"GUARDEN-AMB-GV04-1-4-20240326","[1359297, 1359298, 1741758]"
"GUARDEN-AMB-GV04-1-5-20240326","[1359297, 1359298, 1741758]"
"GUARDEN-AMB-GV04-1-6-20240326","[1359297, 1359298, 1741758]"
"GUARDEN-AMB-GV04-1-7-20240326","[1359297, 1743245, 1359298]"
"GUARDEN-AMB-PR13-1-10-20240417","[1359297, 1359298, 1360701]"
"GUARDEN-AMB-PR13-1-2-20240417","[1721018, 1361703, 1741758]"
"GUARDEN-AMB-PR13-1-3-20240417","[1721018, 1359297, 1360701]"
"GUARDEN-AMB-PR13-1-4-20240417","[1721018, 1364037, 1722433]"
"GUARDEN-AMB-PR13-1-8-20240417","[1359344, 1359297, 1359298]"
"GUARDEN-AMB-PR20-1-1-20240424","[1722441, 1722433, 1363302]"
"GUARDEN-AMB-PR20-1-10-20240424","[1359297, 1360407, 1361002]"
"GUARDEN-AMB-PR20-1-8-20240424","[1359297, 1359344, 1359161]"
"GUARDEN-AMB-SA03-1-1-20240626","[1359297, 1425895, 1722441]"
"GUARDEN-AMB-SA03-1-10-20240626","[1361703, 1741758, 1610809]"
"GUARDEN-AMB-SA03-1-2-20240626","[1722441, 1359297, 1359344]"
"GUARDEN-AMB-SA03-1-3-20240626","[1741758, 1396759, 1610809]"
"GUARDEN-AMB-SA03-1-4-20240626","[1359344, 1359297, 1356502]"
"GUARDEN-AMB-SA03-1-5-20240626","[1359344, 1360719, 1741758]"
"GUARDEN-AMB-SA03-1-9-20240626","[1359297, 1359298, 1361703]"
"GUARDEN-AMB-VC03-1-3-20240417","[1359344, 1356905, 1397398]"
"GUARDEN-AMB-VC03-1-4-20240417","[1359344, 1356905, 1359297]"
"GUARDEN-AMB-VC03-1-5-20240417","[1359297, 1359298, 1412585]"
"GUARDEN-AMB-VC03-1-6-20240417","[1359344, 1359297, 1359298]"
"GUARDEN-CBNMed-10-1-16-34-20240429","[1358503, 1358509, 1743354]"
"GUARDEN-CBNMed-10-10-17-19-20240429","[1358613, 1360449, 1360272]"
"GUARDEN-CBNMed-10-5-16-55-20240429","[1358503, 1356785, 1357111]"
"GUARDEN-CBNMed-10-6-17-02-20240429","[1358613, 1356785, 1360272]"
"GUARDEN-CBNMed-10-7-17-05-20240429","[1358613, 1357111, 1356117]"
"GUARDEN-CBNMed-10-8-17-11-20240429","[1358613, 1610809, 1563496]"
"GUARDEN-CBNMed-10-9-17-16-20240429","[1358613, 1360595, 1358503]"
"GUARDEN-CBNMed-14-3-9-45-20240429","[1364048, 1356145, 1360578]"
"GUARDEN-CBNMed-14-4-9-49-20240429","[1360272, 1360578, 1422538]"
"GUARDEN-CBNMed-14-9-10-09-20240429","[1356147, 1356145, 1359676]"
"GUARDEN-CBNMed-15-10-12-17-20240429","[1364171, 1363468, 1362928]"
"GUARDEN-CBNMed-15-5-11-44-20240429","[1394479, 1363468, 1361190]"
"GUARDEN-CBNMed-15-7-12-02-20240429","[1363468, 1359662, 1362044]"
"GUARDEN-CBNMed-15-9-12-15-20240429","[1363413, 1394523, 1744833]"
"GUARDEN-CBNMed-16-1-13-37-20240429","[1722409, 1388990, 1744243]"
"GUARDEN-CBNMed-16-10-14-33-20240429","[1722409, 1744243, 1393366]"
"GUARDEN-CBNMed-16-2-13-45-20240429","[1363707, 1359548, 1388990]"
"GUARDEN-CBNMed-16-3-13-51-20240429","[1722409, 1393366, 1359548]"
"GUARDEN-CBNMed-16-4-13-57-20240429","[1722409, 1360267, 1386159]"
"GUARDEN-CBNMed-16-6-14-07-20240429","[1722409, 1393365, 1361002]"
"GUARDEN-CBNMed-16-7-14-1-20240429","[1722409, 1744243, 1360267]"
"GUARDEN-CBNMed-16-8-14-14-20240429","[1722409, 1360999, 1744243]"
"GUARDEN-CBNMed-17-3-10-56-20240429","[1360407, 1363292, 1563496]"
"GUARDEN-CBNMed-17-5-11-2-20240429","[1361106, 1397337, 1363212]"
"GUARDEN-CBNMed-19-1-15-24-20240429","[1396055, 1357293, 1361926]"
"GUARDEN-CBNMed-19-10-16-02-20240429","[1361926, 1363413, 1396055]"
"GUARDEN-CBNMed-19-2-15-31-20240429","[1361394, 1363413, 1394478]"
"GUARDEN-CBNMed-19-3-15-35-20240429","[1363468, 1744833, 1610809]"
"GUARDEN-CBNMed-19-4-15-39-20240429","[1358760, 1356214, 1360869]"
"GUARDEN-CBNMed-19-5-15-44-20240429","[1396055, 1361926, 1356303]"
"GUARDEN-CBNMed-19-6-15-48-20240429","[1744833, 1563496, 1360171]"
"GUARDEN-CBNMed-19-7-15-51-20240429","[1357947, 1563496, 1744833]"
"GUARDEN-CBNMed-19-8-15-53-20240429","[1359506, 1363737, 1358654]"
"GUARDEN-CBNMed-19-9-15-58-20240429","[1400151, 1396055, 1363595]"
"GUARDEN-CBNMed-20-1-9-35-20240428","[1360443, 1361005, 1364040]"
"GUARDEN-CBNMed-20-10-10-31-20240428","[1357114, 1397376, 1361005]"
"GUARDEN-CBNMed-20-8-10-19-20240428","[1360999, 1356397, 1741758]"
"GUARDEN-CBNMed-20-9-10-23-20240428","[1357117, 1356397, 1363170]"
"GUARDEN-CBNMed-21-10-11-42-20240428","[1398721, 1356397, 1610809]"
"GUARDEN-CBNMed-21-2-11-07-20240428","[1357114, 1706074, 1741758]"
"GUARDEN-CBNMed-21-3-11-09-20240428","[1393365, 1357114, 1357122]"
"GUARDEN-CBNMed-21-6-11-17-20240428","[1357114, 1363413, 1363526]"
"GUARDEN-CBNMed-21-8-11-23-20240428","[1357114, 1357120, 1357117]"
"GUARDEN-CBNMed-21-9-11-32-20240428","[1388990, 1361376, 1363526]"
"GUARDEN-CBNMed-22-1-13-39-20240428","[1360054, 1363200, 1610809]"
"GUARDEN-CBNMed-22-10-14-48-20240428","[1360006, 1426004, 1356084]"
"GUARDEN-CBNMed-22-2-14-05-20240428","[1722522, 1722521, 1486726]"
"GUARDEN-CBNMed-22-5-14-21-20240428","[1722522, 1398646, 1722521]"
"GUARDEN-CBNMed-22-6-14-23-20240428","[1722522, 1722625, 1722521]"
"GUARDEN-CBNMed-22-7-14-25-20240428","[1722522, 1426005, 1722625]"
"GUARDEN-CBNMed-22-9-14-42-20240428","[1722522, 1426004, 1722625]"
"GUARDEN-CBNMed-23-1-9-56-20240428","[1360999, 1361092, 1356397]"
"GUARDEN-CBNMed-23-10-10-42-20240428","[1357630, 1392725, 1360595]"
"GUARDEN-CBNMed-23-3-10-14-20240428","[1357114, 1357911, 1357630]"
"GUARDEN-CBNMed-23-4-10-17-20240428","[1356108, 1356397, 1362429]"
"GUARDEN-CBNMed-23-5-10-21-20240428","[1360711, 1357630, 1392725]"
"GUARDEN-CBNMed-23-6-10-24-20240428","[1393365, 1356397, 1741758]"
"GUARDEN-CBNMed-23-7-10-28-20240428","[1393365, 1357630, 1392725]"
"GUARDEN-CBNMed-23-8-10-34-20240428","[1361002, 1357911, 1356108]"
"GUARDEN-CBNMed-23-9-10-39-20240428","[1486726, 1361005, 1360595]"
"GUARDEN-CBNMed-24-10-13-06-20240428","[1388990, 1363526, 1610809]"
"GUARDEN-CBNMed-24-2-12-04-20240428","[1362462, 1360978, 1610809]"
"GUARDEN-CBNMed-24-3-12-15-20240428","[1357351, 1360437, 1357142]"
"GUARDEN-CBNMed-24-5-12-36-20240428","[1358386, 1357351, 1355885]"
"GUARDEN-CBNMed-24-6-12-46-20240428","[1357351, 1355870, 1360715]"
"GUARDEN-CBNMed-24-7-12-54-20240428","[1360715, 1355989, 1610809]"
"GUARDEN-CBNMed-24-8-14-58-20240428","[1357351, 1391494, 1357875]"
"GUARDEN-CBNMed-24-9-13-02-20240428","[1356397, 1398644, 1363236]"
"GUARDEN-CBNMed-25-1-13-52-20240428","[1394527, 1360739, 1361002]"
"GUARDEN-CBNMed-25-10-14-49-20240428","[1357743, 1357981, 1357968]"
"GUARDEN-CBNMed-25-2-13-57-20240428","[1398644, 1610809, 1741758]"
"GUARDEN-CBNMed-25-3-14-06-20240428","[1394527, 1363526, 1363898]"
"GUARDEN-CBNMed-25-4-14-15-20240428","[1357743, 1394527, 1426088]"
"GUARDEN-CBNMed-25-7-14-28-20240428","[1360443, 1360578, 1360272]"
"GUARDEN-CBNMed-25-8-14-39-20240428","[1357743, 1357981, 1356069]"
"GUARDEN-CBNMed-25-9-14-43-20240428","[1357981, 1357968, 1356069]"
"GUARDEN-CBNMed-26-10-10-01-20240428","[1359344, 1560618, 1741758]"
"GUARDEN-CBNMed-26-6-9-34-20240428","[1481437, 1738652, 1357492]"
"GUARDEN-CBNMed-26-8-9-45-20240428","[1359344, 1741758, 1610809]"
"GUARDEN-CBNMed-26-9-9-48-20240428","[1359344, 1359297, 1741758]"
"GUARDEN-CBNMed-27-1-11-17-20240428","[1370637, 1360054, 1741758]"
"GUARDEN-CBNMed-27-10-11-55-20240428","[1722522, 1393547, 1741758]"
"GUARDEN-CBNMed-27-2-11-32-20240428","[1358352, 1360054, 1356598]"
"GUARDEN-CBNMed-27-3-11-36-20240428","[1722522, 1722521, 1360054]"
"GUARDEN-CBNMed-27-4-11-39-20240428","[1722522, 1722521, 1722625]"
"GUARDEN-CBNMed-27-5-11-4-20240428","[1722522, 1722521, 1722625]"
"GUARDEN-CBNMed-27-6-11-42-20240428","[1722522, 1722521, 1722625]"
"GUARDEN-CBNMed-27-7-11-43-20240428","[1722522, 1722521, 1722625]"
"GUARDEN-CBNMed-27-8-11-45-20240428","[1722522, 1722521, 1610809]"
"GUARDEN-CBNMed-27-9-11-47-20240428","[1563496, 1502800, 1360171]"
"GUARDEN-CBNMed-28-1-12-46-20240428","[1722522, 1398646, 1722521]"
"GUARDEN-CBNMed-28-10-13-23-20240428","[1357705, 1741758, 1610809]"
"GUARDEN-CBNMed-28-2-12-48-20240428","[1722522, 1426004, 1722625]"
"GUARDEN-CBNMed-28-3-12-51-20240428","[1722522, 1363191, 1722625]"
"GUARDEN-CBNMed-28-4-12-52-20240428","[1722522, 1360054, 1722625]"
"GUARDEN-CBNMed-28-5-13-02-20240428","[1360054, 1741758, 1610809]"
"GUARDEN-CBNMed-28-6-13-06-20240428","[1357705, 1486726, 1722522]"
"GUARDEN-CBNMed-28-7-13-11-20240428","[1357705, 1722522, 1741758]"
"GUARDEN-CBNMed-28-8-13-14-20240428","[1357705, 1357227, 1610809]"
"GUARDEN-CBNMed-28-9-13-17-20240428","[1722522, 1357705, 1361005]"
"GUARDEN-CBNMed-29-6-14-31-20240428","[1360719, 1359344, 1357227]"
"GUARDEN-CBNMed-29-7-14-34-20240428","[1360719, 1360701, 1361412]"
"GUARDEN-CBNMed-30-1-16-07-20240428","[1383109, 1393770, 1394019]"
"GUARDEN-CBNMed-30-10-16-41-20240428","[1357227, 1359344, 1393800]"
"GUARDEN-CBNMed-30-2-16-23-20240428","[1359344, 1357227, 1741758]"
"GUARDEN-CBNMed-30-4-16-3-20240428","[1357227, 1393494, 1531436]"
"GUARDEN-CBNMed-30-6-16-34-20240428","[1357227, 1359344, 1363302]"
"GUARDEN-CBNMed-30-7-16-35-20240428","[1357227, 1359344, 1741758]"
"GUARDEN-CBNMed-30-8-16-37-20240428","[1357227, 1359344, 1359297]"
"GUARDEN-CBNMed-30-9-16-4-20240428","[1357227, 1359344, 1363136]"
"GUARDEN-CBNMed-31-1-9-37-20240428","[1393770, 1359952, 1610809]"
"GUARDEN-CBNMed-31-10-10-06-20240428","[1722444, 1414353, 1422217]"
"GUARDEN-CBNMed-31-2-9-4-20240428","[1358581, 1355977, 1486726]"
"GUARDEN-CBNMed-31-3-9-44-20240428","[1393770, 1425420, 1610809]"
"GUARDEN-CBNMed-31-4-9-48-20240428","[1358581, 1357227, 1393770]"
"GUARDEN-CBNMed-31-5-9-51-20240428","[1393770, 1396726, 1359297]"
"GUARDEN-CBNMed-31-6-9-54-20240428","[1393770, 1396726, 1363882]"
"GUARDEN-CBNMed-31-7-9-56-20240428","[1722578, 1393770, 1414353]"
"GUARDEN-CBNMed-31-8-10-20240428","[1396726, 1360798, 1358349]"
"GUARDEN-CBNMed-31-9-10-02-20240428","[1722578, 1393770, 1357227]"
"GUARDEN-CBNMed-32-1-11-46-20240428","[1396726, 1357630, 1399609]"
"GUARDEN-CBNMed-32-10-13-12-20240428","[1393770, 1359952, 1359009]"
"GUARDEN-CBNMed-32-2-11-58-20240428","[1396726, 1359009, 1359952]"
"GUARDEN-CBNMed-32-3-12-01-20240428","[1359009, 1396726, 1393770]"
"GUARDEN-CBNMed-32-4-12-12-20240428","[1359009, 1396726, 1358968]"
"GUARDEN-CBNMed-32-9-13-07-20240428","[1356065, 1393770, 1359952]"
"GUARDEN-CBNMed-33-1-14-48-20240428","[1397398, 1399609, 1357630]"
"GUARDEN-CBNMed-33-10-15-59-20240428","[1363526, 1361002, 1393615]"
"GUARDEN-CBNMed-33-2-15-01-20240428","[1397398, 1399609, 1357630]"
"GUARDEN-CBNMed-33-3-15-04-20240428","[1399609, 1357630, 1397398]"
"GUARDEN-CBNMed-33-4-15-26-20240428","[1742400, 1397398, 1737460]"
"GUARDEN-CBNMed-33-5-15-29-20240428","[1397398, 1357630, 1399609]"
"GUARDEN-CBNMed-33-6-15-36-20240428","[1397398, 1357630, 1399609]"
"GUARDEN-CBNMed-33-7-15-43-20240428","[1397398, 1358349, 1357004]"
"GUARDEN-CBNMed-33-8-15-5-20240428","[1397398, 1357630, 1399609]"
"GUARDEN-CBNMed-33-9-15-56-20240428","[1397398, 1358349, 1357630]"
"GUARDEN-CBNMed-38-1-12-58-20240428","[1395169, 1356654, 1395158]"
"GUARDEN-CBNMed-38-4-14-39-20240428","[1395169, 1437245, 1395162]"
"GUARDEN-CBNMed-38-6-15-04-20240428","[1395169, 1437245, 1395162]"
"GUARDEN-CBNMed-39-10-12-02-20240531","[1363213, 1395158, 1360709]"
"GUARDEN-CBNMed-39-7-11-3-20240531","[1394627, 1393684, 1363526]"
"GUARDEN-CBNMed-39-8-11-39-20240531","[1358478, 1356303, 1396055]"
"GUARDEN-CBNMed-39-9-11-5-20240531","[1360297, 1393610, 1742055]"
"GUARDEN-CBNMed-44-7-12-03-20240629","[1392059, 1362951, 1356294]"
"GUARDEN-CBNMed-5-1-12-38-20240430","[1414366, 1414353, 1363501]"
"GUARDEN-CBNMed-5-10-13-32-20240430","[1414366, 1396252, 1414353]"
"GUARDEN-CBNMed-5-2-12-45-20240430","[1414366, 1414353, 1363434]"
"GUARDEN-CBNMed-5-3-12-56-20240430","[1363403, 1363459, 1563496]"
"GUARDEN-CBNMed-5-4-13-20240430","[1361316, 1363459, 1563496]"
"GUARDEN-CBNMed-5-5-13-04-20240430","[1361316, 1363491, 1361376]"
"GUARDEN-CBNMed-5-6-13-07-20240430","[1363455, 1363458, 1414353]"
"GUARDEN-CBNMed-5-7-13-17-20240430","[1361316, 1363800, 1492610]"
"GUARDEN-CBNMed-5-8-13-22-20240430","[1361316, 1361376, 1363459]"
"GUARDEN-CBNMed-5-9-13-27-20240430","[1361316, 1363469, 1563496]"
"GUARDEN-CBNMed-6-9-15-28-20240430","[1673274, 1392487, 1360399]"
"GUARDEN-CBNMed-8-10-12-59-20240429","[1358613, 1360260, 1563496]"
"GUARDEN-CBNMed-8-4-12-33-20240429","[1722409, 1744243, 1359548]"
"GUARDEN-CBNMed-8-8-12-51-20240429","[1361000, 1363707, 1397517]"
"GUARDEN-CBNMed-8-9-12-56-20240429","[1358613, 1361000, 1360260]"
"GUARDEN-CBNMed-9-10-16-16-20240429","[1358613, 1363707, 1359216]"
"GUARDEN-CBNMed-9-2-15-46-20240429","[1418701, 1357098, 1358511]"
"GUARDEN-CBNMed-9-6-16-04-20240429","[1358613, 1356576, 1610809]"
"GUARDEN-CBNMed-9-7-16-06-20240429","[1358613, 1610809, 1563496]"
"GUARDEN-CBNMed-9-8-16-08-20240429","[1358613, 1363142, 1610809]"
"GUARDEN-CBNMed-9-9-16-14-20240429","[1358613, 1363707, 1359548]"
"LISAH-BOU-0-10-20230523","[1363835, 1394060, 1400186]"
"LISAH-BOU-0-101-20240425","[1425238, 1363731, 1563496]"
"LISAH-BOU-0-104-20240502","[1356276, 1359197, 1610809]"
"LISAH-BOU-0-105-20240502","[1356276, 1360158, 1357809]"
"LISAH-BOU-0-108-20240502","[1356276, 1359772, 1356780]"
"LISAH-BOU-0-109-20240502","[1364173, 1355990, 1359772]"
"LISAH-BOU-0-110-20240502","[1360417, 1360385, 1394969]"
"LISAH-BOU-0-111-20240502","[1388806, 1356276, 1360417]"
"LISAH-BOU-0-113-20240502","[1356276, 1388806, 1392598]"
"LISAH-BOU-0-114-20240502","[1360417, 1360385, 1360416]"
"LISAH-BOU-0-117-20240502","[1360417, 1360385, 1356013]"
"LISAH-BOU-0-118-20240502","[1356276, 1392598, 1392594]"
"LISAH-BOU-0-14-20230511","[1363468, 1361190, 1363467]"
"LISAH-BOU-0-15-20230511","[1563496, 1360171, 1359609]"
"LISAH-BOU-0-153-20240502","[1364063, 1744551, 1360171]"
"LISAH-BOU-0-154-20240502","[1364006, 1361055, 1356013]"
"LISAH-BOU-0-157-20240502","[1358643, 1356013, 1361307]"
"LISAH-BOU-0-16-20230511","[1363835, 1356646, 1357351]"
"LISAH-BOU-0-160-20240502","[1357351, 1356013, 1358643]"
"LISAH-BOU-0-163-20240502","[1363944, 1392594, 1363946]"
"LISAH-BOU-0-164-20240502","[1358643, 1363835, 1356013]"
"LISAH-BOU-0-165-20240502","[1363835, 1392594, 1356078]"
"LISAH-BOU-0-167-20240502","[1363731, 1363944, 1363730]"
"LISAH-BOU-0-168-20240502","[1363731, 1361306, 1363944]"
"LISAH-BOU-0-170-20240502","[1363731, 1363730, 1356066]"
"LISAH-BOU-0-171-20240502","[1363731, 1357351, 1355881]"
"LISAH-BOU-0-172-20240502","[1363731, 1357351, 1363944]"
"LISAH-BOU-0-173-20240502","[1363731, 1358654, 1357351]"
"LISAH-BOU-0-174-20240502","[1363731, 1363944, 1425238]"
"LISAH-BOU-0-175-20240502","[1363731, 1363944, 1359639]"
"LISAH-BOU-0-183-20240502","[1363731, 1363946, 1359639]"
"LISAH-BOU-0-187-20240502","[1363731, 1363944, 1363946]"
"LISAH-BOU-0-191-20240502","[1414353, 1359268, 1363526]"
"LISAH-BOU-0-2-20240425","[1356276, 1739022, 1394580]"
"LISAH-BOU-0-24-20230512","[1361000, 1360417, 1360385]"
"LISAH-BOU-0-24-20240425","[1389311, 1360161, 1392598]"
"LISAH-BOU-0-25-20230512","[1389311, 1360417, 1360385]"
"LISAH-BOU-0-25-20230711","[1360825, 1362353, 1362417]"
"LISAH-BOU-0-28-20240425","[1361000, 1389311, 1360417]"
"LISAH-BOU-0-29-20230523","[1397356, 1356297, 1563496]"
"LISAH-BOU-0-29-20230621","[1363212, 1360816, 1391680]"
"LISAH-BOU-0-29-20240425","[1389311, 1361000, 1360417]"
"LISAH-BOU-0-3-20230721","[1363212, 1361914, 1360808]"
"LISAH-BOU-0-30-20230512","[1356012, 1356017, 1389311]"
"LISAH-BOU-0-30-20240425","[1389311, 1395507, 1356013]"
"LISAH-BOU-0-31-20230919","[1363526, 1359804, 1741758]"
"LISAH-BOU-0-31-20240425","[1397356, 1389311, 1360385]"
"LISAH-BOU-0-32-20230516","[1397508, 1737591, 1391250]"
"LISAH-BOU-0-32-20240425","[1356017, 1356012, 1389311]"
"LISAH-BOU-0-34-20230516","[1361055, 1563496, 1360816]"
"LISAH-BOU-0-35-20240425","[1356017, 1356012, 1397356]"
"LISAH-BOU-0-36-20240425","[1356017, 1356012, 1360614]"
"LISAH-BOU-0-37-20230512","[1394509, 1397356, 1360358]"
"LISAH-BOU-0-37-20240425","[1361000, 1356012, 1360613]"
"LISAH-BOU-0-38-20230516","[1356013, 1360407, 1357542]"
"LISAH-BOU-0-39-20230512","[1397356, 1356469, 1394509]"
"LISAH-BOU-0-4-20230511","[1414353, 1356396, 1392594]"
"LISAH-BOU-0-4-20230711","[1356757, 1356396, 1364006]"
"LISAH-BOU-0-4-20240425","[1356013, 1392598, 1356007]"
"LISAH-BOU-0-40-20230512","[1361000, 1356469, 1360614]"
"LISAH-BOU-0-40-20240425","[1397356, 1363212, 1391301]"
"LISAH-BOU-0-41-20230512","[1397356, 1360816, 1363212]"
"LISAH-BOU-0-42-20230511","[1360385, 1397347, 1360358]"
"LISAH-BOU-0-43-20230512","[1363835, 1397356, 1356013]"
"LISAH-BOU-0-44-20240425","[1358853, 1356013, 1563496]"
"LISAH-BOU-0-5-20230512","[1356276, 1357351, 1394548]"
"LISAH-BOU-0-5-20230711","[1364146, 1360354, 1357697]"
"LISAH-BOU-0-50-20230512","[1361306, 1363944, 1355991]"
"LISAH-BOU-0-52-20230512","[1363944, 1422218, 1363946]"
"LISAH-BOU-0-54-20230512","[1361306, 1743539, 1422218]"
"LISAH-BOU-0-55-20230512","[1363944, 1363946, 1359639]"
"LISAH-BOU-0-56-20230512","[1363944, 1355991, 1361306]"
"LISAH-BOU-0-58-20230512","[1361306, 1356066, 1394627]"
"LISAH-BOU-0-6-20240425","[1356276, 1651113, 1744833]"
"LISAH-BOU-0-63-20230512","[1358257, 1358038, 1390637]"
"LISAH-BOU-0-65-20230512","[1361306, 1391357, 1610809]"
"LISAH-BOU-0-75-20230516","[1361190, 1363468, 1425895]"
"LISAH-BOU-0-79-20230512","[1425238, 1610809, 1741758]"
"LISAH-BOU-0-8-20240425","[1363329, 1361055, 1651113]"
"LISAH-BOU-0-84-20230512","[1361394, 1363731, 1425238]"
"LISAH-BOU-0-9-20240425","[1361104, 1356396, 1722433]"
"LISAH-BOU-0-98-20240425","[1393770, 1363730, 1425238]"
"LISAH-BVD-0-100-20230510","[1363475, 1361058, 1356066]"
"LISAH-BVD-0-101-20230510","[1356066, 1394627, 1563496]"
"LISAH-BVD-0-152-20230511","[1394360, 1356066, 1394627]"
"LISAH-BVD-0-155-20230511","[1356066, 1394627, 1360354]"
"LISAH-BVD-0-158-20230511","[1356066, 1394627, 1363740]"
"LISAH-BVD-0-191-20230511","[1359497, 1361985, 1563496]"
"LISAH-BVD-0-192-20230511","[1363455, 1400084, 1393317]"
"LISAH-BVD-0-195-20230511","[1363508, 1741758, 1744833]"
"LISAH-BVD-0-196-20230511","[1360407, 1361133, 1397942]"
"LISAH-BVD-0-197-20230511","[1359497, 1356278, 1563496]"
"LISAH-BVD-0-200-20230511","[1363740, 1363739, 1356066]"
"LISAH-BVD-0-203-20230511","[1361133, 1363730, 1363739]"
"LISAH-BVD-0-205-20230511","[1363740, 1361133, 1363526]"
"LISAH-BVD-0-206-20230511","[1356278, 1359497, 1360171]"
"LISAH-BVD-0-208-20230511","[1361133, 1393770, 1363740]"
"LISAH-BVD-0-209-20230511","[1363740, 1363739, 1363731]"
"LISAH-BVD-0-25-20230510","[1363526, 1356278, 1363731]"
"LISAH-BVD-0-275-20230516","[1361307, 1356321, 1363460]"
"LISAH-BVD-0-277-20230516","[1361307, 1363993, 1361133]"
"LISAH-BVD-0-278-20230516","[1361133, 1363993, 1363403]"
"LISAH-BVD-0-281-20230516","[1363993, 1361133, 1361307]"
"LISAH-BVD-0-282-20230516","[1361133, 1363468, 1414353]"
"LISAH-BVD-0-283-20230516","[1363993, 1356268, 1361133]"
"LISAH-BVD-0-285-20230516","[1361307, 1361133, 1361306]"
"LISAH-BVD-0-287-20230516","[1363526, 1361133, 1363403]"
"LISAH-BVD-0-288-20230516","[1363526, 1363551, 1363460]"
"LISAH-BVD-0-292-20230516","[1363468, 1361133, 1363993]"
"LISAH-BVD-0-293-20230516","[1363403, 1363410, 1363526]"
"LISAH-BVD-0-294-20230516","[1363526, 1363993, 1563496]"
"LISAH-BVD-0-295-20230516","[1361133, 1363452, 1358004]"
"LISAH-BVD-0-296-20230516","[1358003, 1363993, 1392598]"
"LISAH-BVD-0-297-20230516","[1363740, 1356469, 1398286]"
"LISAH-BVD-0-298-20230516","[1363993, 1358003, 1744551]"
"LISAH-BVD-0-299-20230516","[1361133, 1363993, 1744833]"
"LISAH-BVD-0-300-20230516","[1363993, 1358003, 1358004]"
"LISAH-BVD-0-301-20230516","[1363993, 1563496, 1744551]"
"LISAH-BVD-0-302-20230516","[1363993, 1361133, 1363452]"
"LISAH-BVD-0-309-20230516","[1363993, 1358003, 1363994]"
"LISAH-BVD-0-310-20230516","[1363993, 1358003, 1358004]"
"LISAH-BVD-0-337-20230516","[1364006, 1356286, 1358446]"
"LISAH-BVD-0-338-20230516","[1356286, 1361050, 1744833]"
"LISAH-BVD-0-339-20230516","[1359517, 1744833, 1563496]"
"LISAH-BVD-0-341-20230516","[1364006, 1426068, 1363739]"
"LISAH-BVD-0-342-20230516","[1364006, 1356286, 1563496]"
"LISAH-BVD-0-343-20230516","[1356286, 1363526, 1363740]"
"LISAH-BVD-0-344-20230516","[1364006, 1397514, 1359517]"
"LISAH-BVD-0-345-20230516","[1356286, 1363522, 1563496]"
"LISAH-BVD-0-346-20230516","[1356286, 1391697, 1563496]"
"LISAH-BVD-0-347-20230516","[1356286, 1364006, 1563496]"
"LISAH-BVD-0-348-20230516","[1356286, 1357875, 1362380]"
"LISAH-BVD-0-349-20230516","[1356286, 1364006, 1563496]"
"LISAH-BVD-0-35-20230510","[1363526, 1363421, 1360171]"
"LISAH-BVD-0-350-20230516","[1505431, 1363801, 1414353]"
"LISAH-BVD-0-351-20230516","[1364006, 1356066, 1394627]"
"LISAH-BVD-0-352-20230516","[1356286, 1363469, 1364006]"
"LISAH-BVD-0-353-20230516","[1356286, 1359959, 1356066]"
"LISAH-BVD-0-354-20230516","[1395920, 1356294, 1389596]"
"LISAH-BVD-0-364-20230516","[1361437, 1362417, 1361306]"
"LISAH-BVD-0-372-20230516","[1361306, 1361307, 1744833]"
"LISAH-BVD-0-379-20230516","[1361307, 1361306, 1363526]"
"LISAH-BVD-0-380-20230516","[1361307, 1363475, 1361306]"
"LISAH-BVD-0-383-20230516","[1356278, 1407739, 1363526]"
"LISAH-BVD-0-392-20230516","[1359497, 1356278, 1363740]"
"LISAH-BVD-0-397-20230517","[1363526, 1414353, 1744833]"
"LISAH-BVD-0-398-20230517","[1356201, 1363526, 1414353]"
"LISAH-BVD-0-412-20230517","[1363526, 1361245, 1392973]"
"LISAH-BVD-0-417-20230517","[1363740, 1356278, 1363739]"
"LISAH-BVD-0-428-20230517","[1363403, 1361306, 1391680]"
"LISAH-BVD-0-430-20230517","[1356286, 1361302, 1363460]"
"LISAH-BVD-0-431-20230517","[1364006, 1363740, 1397368]"
"LISAH-BVD-0-432-20230517","[1356286, 1360566, 1363803]"
"LISAH-BVD-0-463-20230517","[1356066, 1363740, 1356278]"
"LISAH-BVD-0-465-20230517","[1364063, 1363740, 1363526]"
"LISAH-BVD-0-471-20230517","[1356066, 1394627, 1359959]"
"LISAH-BVD-0-54-20230510","[1356314, 1363526, 1356078]"
"LISAH-BVD-0-99-20230510","[1389596, 1363501, 1394627]"
"LISAH-JAS-0-1-20220505","[1359442, 1359981, 1364065]"
"LISAH-JAS-0-11-20220505","[1357875, 1391763, 1363739]"
"LISAH-JAS-0-12-20220505","[1359519, 1363730, 1356278]"
"LISAH-JAS-0-13-20220505","[1363739, 1359519, 1393771]"
"LISAH-JAS-0-15-20220505","[1359519, 1422217, 1414353]"
"LISAH-JAS-0-16-20220505","[1359519, 1359530, 1363878]"
"LISAH-JAS-0-17-20220505","[1359497, 1363730, 1363739]"
"LISAH-JAS-0-2-20220505","[1356111, 1364065, 1359981]"
"LISAH-JAS-0-6-20220505","[1364138, 1357868, 1356084]"
"LISAH-JAS-0-7-20220505","[1364138, 1356084, 1357868]"
"LISAH-JAS-0-9-20220505","[1359519, 1357546, 1397521]"
"LISAH-JAS-1-25-20220505","[1363424, 1414353, 1356066]"
"LISAH-JAS-1-27-20220505","[1361306, 1363740, 1359296]"
"LISAH-JAS-1-28-20220505","[1363740, 1363944, 1363739]"
"LISAH-JAS-1-5-20220505","[1364063, 1356942, 1359981]"
"LISAH-PEC-0-0-20220608","[1396055, 1361926, 1357550]"
"LISAH-PEC-0-1-20230411","[1355991, 1356013, 1394478]"
"LISAH-PEC-0-10-20230405","[1363526, 1400186, 1363915]"
"LISAH-PEC-0-11-20230405","[1741758, 1610809, 1560618]"
"LISAH-PEC-0-11-20230411","[1363878, 1363944, 1363896]"
"LISAH-PEC-0-12-20230411","[1363878, 1392699, 1356013]"
"LISAH-PEC-0-13-20230411","[1363878, 1649856, 1363424]"
"LISAH-PEC-0-13-20230413","[1364006, 1357142, 1393770]"
"LISAH-PEC-0-14-20230407","[1393636, 1360290, 1741758]"
"LISAH-PEC-0-15-20230407","[1361000, 1356790, 1563496]"
"LISAH-PEC-0-17-20230413","[1363909, 1477188, 1363674]"
"LISAH-PEC-0-18-20230411","[1363878, 1426088, 1356013]"
"LISAH-PEC-0-19-20230413","[1391680, 1363946, 1363944]"
"LISAH-PEC-0-20-20230411","[1426088, 1363911, 1357862]"
"LISAH-PEC-0-4-20230407","[1563496, 1744833, 1360171]"
"LISAH-PEC-0-4-20230411","[1356013, 1392598, 1563496]"
"LISAH-PEC-0-6-20220608","[1357401, 1610809, 1741758]"
"LISAH-PEC-0-6-20230411","[1363911, 1610809, 1741758]"
"LISAH-PEC-0-8-20230405","[1741690, 1363791, 1363878]"
"LISAH-PEC-0-9-20230411","[1363638, 1356013, 1363878]"
"LISAH-PEC-0-9-20230413","[1357598, 1391643, 1743327]"
"LISAH-PEC-1-13-20230405","[1356013, 1363875, 1363915]"
"LISAH-PEC-1-18-20230407","[1397515, 1363878, 1359813]"
"LISAH-PEC-2-0-20220609","[1422217, 1364151, 1356013]"
"LISAH-PEC-2-11-20220609","[1357351, 1502064, 1422217]"
"LISAH-PEC-2-17-20230407","[1359588, 1363875, 1357862]"
"LISAH-PEC-2-2-20220609","[1356013, 1361307, 1361306]"
"LISAH-PEC-2-20-20230407","[1360035, 1359978, 1744526]"
"LISAH-PEC-2-4-20220609","[1422217, 1422218, 1357351]"
"LISAH-PEC-2-5-20220609","[1357351, 1364151, 1355881]"
"LISAH-PEC-2-5-20230407","[1362019, 1360400, 1359322]"
"LISAH-PEC-2-6-20220609","[1422217, 1364171, 1422218]"
"LISAH-PEC-3-10-20230407","[1356167, 1363920, 1563496]"
"LISAH-PEC-3-16-20230407","[1363676, 1362892, 1531436]"
"LISAH-PEC-3-20-20230407","[1363676, 1363732, 1610809]"
"OPTMix-0108-P1-312-20231006","[1356404, 1610809, 1744526]"
"OPTMix-0108-P1-422-20231006","[1361376, 1397942, 1363526]"
"OPTMix-0108-P1-427-20231006","[1356404, 1744833, 1560618]"
"OPTMix-0108-P1-533-20231006","[1363526, 1563496, 1360171]"
"OPTMix-0108-P1-95-20231006","[1361376, 1363268, 1651113]"
"OPTMix-012-P1-143-20231201","[1419076, 1400084, 1357413]"
"OPTMix-012-P1-208-20231201","[1359973, 1419076, 1395035]"
"OPTMix-012-P2-192-20231201","[1358515, 1363575, 1419076]"
"OPTMix-012-P2-207-20231201","[1397383, 1419076, 1394616]"
"OPTMix-012-P2-240-20231201","[1359973, 1361703, 1392309]"
"OPTMix-012-P3-190-20231201","[1359973, 1400084, 1737422]"
"OPTMix-012-P3-218-20231201","[1419076, 1397383, 1357413]"
"OPTMix-012-P3-220-20231201","[1400084, 1361585, 1382784]"
"OPTMix-0178-P1-1060-20231006","[1356404, 1737422, 1722693]"
"OPTMix-0178-P1-1061-20231006","[1610809, 1741758, 1560618]"
"OPTMix-0178-P1-552-20231006","[1356404, 1391810, 1363770]"
"OPTMix-0178-P1-661-20231006","[1356404, 1391810, 1356364]"
"OPTMix-0178-P1-663-20231006","[1744526, 1610809, 1563496]"
"OPTMix-0178-P1-669-20231006","[1356201, 1394613, 1610809]"
"OPTMix-0200-11006-20231009","[1358515, 1744833, 1361376]"
"OPTMix-0200-P2-53-20231009","[1358507, 1357114, 1359588]"
"OPTMix-0200-P2-54-20231009","[1393790, 1394074, 1563496]"
"OPTMix-0200-P2-68-20231009","[1358501, 1356297, 1357277]"
"OPTMix-0200-P3-108-20231009","[1363413, 1361055, 1361077]"
"OPTMix-0200-P3-127-20231009","[1363544, 1389311, 1396416]"
"OPTMix-0200-P3-139-20231009","[1361050, 1563496, 1744833]"
"OPTMix-0214-P1-207-20231010","[1400084, 1361376, 1392309]"
"OPTMix-0214-P1-208-20231010","[1361376, 1398644, 1400084]"
"OPTMix-0214-P1-235-20231010","[1356399, 1610809, 1744833]"
"OPTMix-0214-P2-22-20231010","[1358501, 1358503, 1358511]"
"OPTMix-0214-P2-64-20231010","[1358501, 1358503, 1363267]"
"OPTMix-0214-P2-84-20231010","[1359973, 1419076, 1389580]"
"OPTMix-0214-P3-186-20231010","[1361376, 1361594, 1563496]"
"OPTMix-0214-P3-196-20231010","[1357413, 1392309, 1419076]"
"OPTMix-0214-P3-278-20231010","[1651113, 1393914, 1563496]"
"OPTMix-0216-P4-208-20231009","[1358501, 1361000, 1356404]"
"OPTMix-0255-11233-20231009","[1361376, 1361914, 1389833]"
"OPTMix-0255-11372-20231009","[1361376, 1361335, 1361055]"
"OPTMix-0255-11382-20231009","[1361376, 1651113, 1360171]"
"OPTMix-033-P3-107-20231201","[1356404, 1610809, 1744526]"
"OPTMix-0333-P1-107-20231212","[1356404, 1356428, 1610809]"
"OPTMix-0333-P1-112-20231212","[1356404, 1356364, 1737660]"
"OPTMix-0333-P2-108-20231212","[1356404, 1610809, 1744833]"
"OPTMix-0333-P2-112-20231212","[1414353, 1563496, 1360171]"
"OPTMix-0333-P2-115-20231212","[1356404, 1363434, 1744833]"
"OPTMix-0333-P3-100-20231201","[1356404, 1356364, 1610809]"
"OPTMix-0333-P3-76-20231201","[1356404, 1358501, 1356375]"
"OPTMix-057-P1-1699-20231010","[1356404, 1356364, 1610809]"
"OPTMix-057-P1-1901-20231010","[1356404, 1610809, 1744526]"
"OPTMix-057-P1-1902-20231010","[1356404, 1722693, 1610809]"
"OPTMix-057-P1-1913-20231010","[1356404, 1457846, 1356428]"
"OPTMix-057-P1-1917-20231010","[1356404, 1391809, 1722693]"
"OPTMix-0593-P1-129-20231205","[1419076, 1395026, 1357413]"
"OPTMix-0593-P1-134-20231205","[1359973, 1610809, 1741758]"
"OPTMix-0593-P1-86-20231205","[1361376, 1392309, 1400084]"
"OPTMix-0593-P2-180-20231205","[1361703, 1610809, 1744833]"
"OPTMix-0593-P2-84-20231205","[1356396, 1395035, 1744833]"
"OPTMix-0593-P2-92-20231205","[1400084, 1398644, 1361376]"
"OPTMix-0593-P3-130-20231205","[1359973, 1356217, 1610809]"
"OPTMix-0593-P3-146-20231205","[1400084, 1392309, 1610809]"
"OPTMix-0593-P3-87-20231205","[1359973, 1361256, 1610809]"
"OPTMix-0598-P1-118-20231205","[1744833, 1563496, 1744526]"
"OPTMix-0598-P1-132-20231205","[1359973, 1397383, 1419076]"
"OPTMix-0598-P1-133-20231205","[1360993, 1360171, 1744526]"
"OPTMix-0598-P1-149-20231205","[1359973, 1610809, 1741758]"
"OPTMix-0598-P1-197-20231205","[1358501, 1363593, 1610809]"
"OPTMix-0598-P1-198-20231205","[1563496, 1720968, 1564609]"
"OPTMix-0598-P2-102-20231205","[1356404, 1363544, 1610809]"
"OPTMix-0598-P2-139-20231207","[1356404, 1741758, 1610809]"
"OPTMix-0598-P2-86-20231207","[1356404, 1356364, 1356790]"
"OPTMix-0598-P2-99-20231205","[1356404, 1610809, 1744833]"
"OPTMix-0598-P4-104-20231207","[1358501, 1390870, 1744833]"
"OPTMix-0598-P4-108-20231207","[1666972, 1610809, 1741758]"
"OPTMix-0598-P4-128-20231207","[1359973, 1610809, 1741758]"
"OPTMix-083-P3-139-20231110","[1356404, 1356364, 1610809]"
"OPTMix-083-P3-186-20231110","[1356404, 1356364, 1610809]"
"OPTMix-083-P3-96-20231110","[1358501, 1361000, 1391550]"
"OPTMix-108-P1-000-20231006","[1397489, 1741758, 1361376]"
"RNNB-1-1-20230512","[1722522, 1722521, 1722625]"
"RNNB-1-1-20240117","[1720968, 1722433, 1722441]"
"RNNB-1-10-20230512","[1722522, 1722625, 1397505]"
"RNNB-1-10-20240117","[1722433, 1722441, 1737441]"
"RNNB-1-2-20230512","[1722522, 1722521, 1722625]"
"RNNB-1-2-20240117","[1356064, 1741758, 1610809]"
"RNNB-1-3-20230512","[1722522, 1426004, 1722521]"
"RNNB-1-3-20240117","[1356064, 1741758, 1560618]"
"RNNB-1-4-20230512","[1722522, 1363200, 1722625]"
"RNNB-1-4-20240117","[1722433, 1722441, 1392440]"
"RNNB-1-5-20230512","[1722522, 1426004, 1722625]"
"RNNB-1-5-20240117","[1722441, 1737441, 1390761]"
"RNNB-1-6-20230512","[1722522, 1397505, 1452062]"
"RNNB-1-6-20240117","[1722433, 1357227, 1722441]"
"RNNB-1-7-20230512","[1722522, 1722625, 1722521]"
"RNNB-1-7-20240117","[1722433, 1722441, 1360171]"
"RNNB-1-8-20230512","[1722522, 1722625, 1363191]"
"RNNB-1-8-20240117","[1722433, 1722441, 1741758]"
"RNNB-1-9-20230512","[1722522, 1722625, 1722521]"
"RNNB-1-9-20240117","[1722433, 1722441, 1744833]"
"RNNB-2-1-20230512","[1426004, 1722522, 1722625]"
"RNNB-2-1-20240117","[1357227, 1722433, 1722441]"
"RNNB-2-10-20230512","[1426004, 1426005, 1356086]"
"RNNB-2-10-20240117","[1722433, 1364037, 1361703]"
"RNNB-2-2-20230512","[1426004, 1722522, 1722625]"
"RNNB-2-2-20240117","[1357227, 1363424, 1741758]"
"RNNB-2-3-20230512","[1426004, 1426005, 1741758]"
"RNNB-2-3-20240117","[1357227, 1741758, 1610809]"
"RNNB-2-4-20230512","[1426004, 1356284, 1610809]"
"RNNB-2-4-20240117","[1357227, 1722433, 1363302]"
"RNNB-2-5-20230512","[1426004, 1356086, 1360006]"
"RNNB-2-5-20240117","[1357227, 1359344, 1357060]"
"RNNB-2-6-20230512","[1426004, 1356086, 1741758]"
"RNNB-2-6-20240117","[1357227, 1359344, 1722671]"
"RNNB-2-7-20230512","[1426004, 1426005, 1741758]"
"RNNB-2-7-20240117","[1357227, 1722433, 1722441]"
"RNNB-2-8-20230512","[1426004, 1426005, 1741758]"
"RNNB-2-8-20240117","[1360978, 1360381, 1390966]"
"RNNB-2-9-20230512","[1426004, 1360006, 1426005]"
"RNNB-2-9-20240117","[1357227, 1722433, 1610809]"
"RNNB-3-1-20230512","[1363526, 1563496, 1360171]"
"RNNB-3-1-20240117","[1359344, 1722433, 1722619]"
"RNNB-3-10-20230512","[1356297, 1393522, 1744833]"
"RNNB-3-10-20240117","[1722441, 1364037, 1741758]"
"RNNB-3-11-20230512","[1722433, 1361104, 1722441]"
"RNNB-3-12-20230512","[1722433, 1722441, 1356297]"
"RNNB-3-2-20230512","[1426004, 1393770, 1363526]"
"RNNB-3-2-20240117","[1722433, 1722441, 1737441]"
"RNNB-3-3-20240117","[1361326, 1399739, 1722433]"
"RNNB-3-4-20230512","[1426004, 1393975, 1360171]"
"RNNB-3-4-20240117","[1722433, 1741758, 1610809]"
"RNNB-3-5-20230512","[1363526, 1722433, 1563496]"
"RNNB-3-5-20240117","[1356083, 1722619, 1722433]"
"RNNB-3-6-20230512","[1722433, 1744833, 1360171]"
"RNNB-3-6-20240117","[1355977, 1361703, 1364037]"
"RNNB-3-7-20230512","[1722433, 1356297, 1396077]"
"RNNB-3-7-20240117","[1360978, 1361703, 1355977]"
"RNNB-3-8-20230512","[1356297, 1393522, 1722433]"
"RNNB-3-8-20240117","[1393800, 1361703, 1359344]"
"RNNB-3-9-20230512","[1356297, 1722433, 1393522]"
"RNNB-3-9-20240117","[1364037, 1360701, 1722441]"
"RNNB-4-1-20240117","[1361703, 1359124, 1357911]"
"RNNB-4-1-20240118","[1357630, 1399609, 1741758]"
"RNNB-4-10-20240117","[1361326, 1425895, 1356083]"
"RNNB-4-10-20240118","[1610809, 1391077, 1360171]"
"RNNB-4-2-20240117","[1361703, 1741758, 1610809]"
"RNNB-4-2-20240118","[1361437, 1426088, 1610809]"
"RNNB-4-3-20240117","[1361703, 1741758, 1610809]"
"RNNB-4-3-20240118","[1361437, 1357004, 1610809]"
"RNNB-4-4-20240117","[1361703, 1363434, 1741758]"
"RNNB-4-4-20240118","[1392725, 1361437, 1741758]"
"RNNB-4-5-20240117","[1361703, 1741758, 1610809]"
"RNNB-4-5-20240118","[1357004, 1359601, 1357630]"
"RNNB-4-6-20240117","[1722441, 1359344, 1741758]"
"RNNB-4-6-20240118","[1357630, 1397398, 1361703]"
"RNNB-4-7-20240117","[1361703, 1722441, 1722619]"
"RNNB-4-7-20240118","[1357705, 1357630, 1610809]"
"RNNB-4-8-20240117","[1361703, 1741758, 1610809]"
"RNNB-4-8-20240118","[1357630, 1486726, 1392725]"
"RNNB-4-9-20240117","[1359344, 1357848, 1722433]"
"RNNB-4-9-20240118","[1392440, 1357630, 1392725]"
"RNNB-5-1-20240117","[1360542, 1391354, 1360326]"
"RNNB-5-1-20240118","[1493749, 1741758, 1610809]"
"RNNB-5-10-20240117","[1363526, 1359124, 1741758]"
"RNNB-5-10-20240118","[1361326, 1392725, 1357630]"
"RNNB-5-2-20240117","[1357630, 1392725, 1393615]"
"RNNB-5-2-20240118","[1361106, 1741758, 1610809]"
"RNNB-5-3-20240117","[1357630, 1360542, 1399609]"
"RNNB-5-3-20240118","[1356709, 1361723, 1610809]"
"RNNB-5-4-20240117","[1357630, 1399609, 1392725]"
"RNNB-5-4-20240118","[1357630, 1392725, 1743159]"
"RNNB-5-5-20240117","[1357630, 1399609, 1737460]"
"RNNB-5-5-20240118","[1357630, 1392725, 1363149]"
"RNNB-5-6-20240117","[1360542, 1357630, 1399609]"
"RNNB-5-6-20240118","[1357630, 1392725, 1399609]"
"RNNB-5-7-20240117","[1360542, 1360385, 1390966]"
"RNNB-5-7-20240118","[1391507, 1360171, 1741758]"
"RNNB-5-8-20240117","[1495504, 1360385, 1394640]"
"RNNB-5-8-20240118","[1398721, 1741758, 1563496]"
"RNNB-5-9-20240117","[1357060, 1400037, 1687898]"
"RNNB-5-9-20240118","[1357004, 1363526, 1358333]"
"RNNB-6-1-20240117","[1364127, 1393615, 1741758]"
"RNNB-6-1-20240118","[1361703, 1356065, 1361437]"
"RNNB-6-10-20240117","[1394479, 1363302, 1360171]"
"RNNB-6-10-20240118","[1357630, 1361703, 1392725]"
"RNNB-6-2-20240117","[1360171, 1563496, 1560618]"
"RNNB-6-2-20240118","[1361703, 1741758, 1610809]"
"RNNB-6-3-20240117","[1414353, 1361437, 1360171]"
"RNNB-6-3-20240118","[1361703, 1361326, 1741758]"
"RNNB-6-4-20240117","[1741758, 1610809, 1489808]"
"RNNB-6-4-20240118","[1361703, 1425895, 1361326]"
"RNNB-6-5-20240117","[1361437, 1741758, 1610809]"
"RNNB-6-5-20240118","[1361326, 1425895, 1363302]"
"RNNB-6-6-20240117","[1360951, 1741758, 1610809]"
"RNNB-6-6-20240118","[1361703, 1722619, 1357630]"
"RNNB-6-7-20240117","[1393615, 1610809, 1744526]"
"RNNB-6-7-20240118","[1357630, 1392725, 1399609]"
"RNNB-6-8-20240117","[1357358, 1393615, 1397344]"
"RNNB-6-8-20240118","[1361703, 1361723, 1486726]"
"RNNB-6-9-20240117","[1360161, 1563496, 1360171]"
"RNNB-6-9-20240118","[1361703, 1357630, 1361723]"
"RNNB-7-1-20240118","[1393331, 1360171, 1563496]"
"RNNB-7-10-20240118","[1361437, 1392628, 1741758]"
"RNNB-7-2-20240118","[1361437, 1741758, 1610809]"
"RNNB-7-3-20240118","[1361437, 1393615, 1360171]"
"RNNB-7-4-20240118","[1397506, 1360171, 1563496]"
"RNNB-7-5-20240118","[1361437, 1364019, 1357630]"
"RNNB-7-6-20240118","[1361437, 1357630, 1361127]"
"RNNB-7-7-20240118","[1361437, 1364019, 1394416]"
"RNNB-7-8-20240118","[1361437, 1361412, 1563496]"
"RNNB-7-9-20240118","[1361437, 1741758, 1610809]"
"RNNB-8-1-20240118","[1359344, 1359169, 1390761]"
"RNNB-8-10-20240118","[1363302, 1722433, 1722441]"
"RNNB-8-2-20240118","[1357227, 1722433, 1722441]"
"RNNB-8-3-20240118","[1722433, 1363302, 1361326]"
"RNNB-8-4-20240118","[1722433, 1722441, 1390761]"
"RNNB-8-5-20240118","[1359344, 1393473, 1361113]"
"RNNB-8-6-20240118","[1359344, 1722433, 1359297]"
"RNNB-8-7-20240118","[1359344, 1357848, 1393800]"
"RNNB-8-8-20240118","[1359344, 1357227, 1361703]"
"RNNB-8-9-20240118","[1361437, 1359344, 1722433]"
