"quadrat_id","species_ids"
"2024-CEV3-20240602","[1395045, 1362363, 1360187]"
"CBN-PdlC-A1-20130807","[1395807, 1412857, 1392608]"
"CBN-PdlC-A1-20130903","[1394643, 1395807, 1392608]"
"CBN-PdlC-A1-20140721","[1412857, 1395807, 1394542]"
"CBN-PdlC-A1-20140811","[1412857, 1395807, 1392608]"
"CBN-PdlC-A1-20140901","[1392608, 1412857, 1394643]"
"CBN-PdlC-A1-20150701","[1394641, 1392608, 1397470]"
"CBN-PdlC-A1-20150720","[1392608, 1395807, 1412857]"
"CBN-PdlC-A1-20150831","[1412857, 1392608, 1395807]"
"CBN-PdlC-A1-20160705","[1394911, 1412857, 1392608]"
"CBN-PdlC-A1-20160726","[1392608, 1392534, 1395807]"
"CBN-PdlC-A1-20170816","[1412857, 1392608, 1394643]"
"CBN-PdlC-A1-20170906","[1412857, 1392608, 1395807]"
"CBN-PdlC-A1-20180702","[1412857, 1396843, 1392534]"
"CBN-PdlC-A1-20180815","[1412857, 1392608, 1360299]"
"CBN-PdlC-A1-20180905","[1412857, 1392608, 1395807]"
"CBN-PdlC-A1-20190701","[1394636, 1397461, 1395807]"
"CBN-PdlC-A1-20190722","[1395807, 1412857, 1392608]"
"CBN-PdlC-A1-20190812","[1412857, 1395807, 1392608]"
"CBN-PdlC-A1-20190909","[1395807, 1412857, 1392608]"
"CBN-PdlC-A1-20200629","[1363455, 1400148, 1361088]"
"CBN-PdlC-A1-20200722","[1395807, 1392608, 1412857]"
"CBN-PdlC-A1-20200812","[1395807, 1392608, 1412857]"
"CBN-PdlC-A2-20130807","[1395807, 1394366, 1359649]"
"CBN-PdlC-A2-20130903","[1412857, 1394643, 1364071]"
"CBN-PdlC-A2-20140721","[1412857, 1395949, 1392535]"
"CBN-PdlC-A2-20140901","[1412857, 1395807, 1394643]"
"CBN-PdlC-A2-20150720","[1395807, 1392535, 1395870]"
"CBN-PdlC-A2-20150810","[1395807, 1394643, 1395870]"
"CBN-PdlC-A2-20150831","[1393200, 1395807, 1412857]"
"CBN-PdlC-A2-20160705","[1412857, 1394911, 1392535]"
"CBN-PdlC-A2-20160726","[1395807, 1392535, 1412857]"
"CBN-PdlC-A2-20170816","[1395807, 1412857, 1394643]"
"CBN-PdlC-A2-20180702","[1393200, 1394643, 1395949]"
"CBN-PdlC-A2-20180723","[1395807, 1393200, 1364071]"
"CBN-PdlC-A2-20180815","[1412857, 1395807, 1394641]"
"CBN-PdlC-A2-20180905","[1412857, 1395807, 1394641]"
"CBN-PdlC-A2-20190701","[1394636, 1394641, 1392535]"
"CBN-PdlC-A2-20190722","[1395807, 1392535, 1394643]"
"CBN-PdlC-A2-20190812","[1394643, 1412857, 1395807]"
"CBN-PdlC-A2-20190909","[1395807, 1412857, 1394643]"
"CBN-PdlC-A2-20200629","[1361701, 1395949, 1397383]"
"CBN-PdlC-A2-20200722","[1395807, 1392535, 1392539]"
"CBN-PdlC-A2-20200812","[1395807, 1412857, 1394643]"
"CBN-PdlC-A3-20130807","[1395807, 1392608, 1394643]"
"CBN-PdlC-A3-20130903","[1392608, 1395807, 1394643]"
"CBN-PdlC-A3-20140721","[1393200, 1392608, 1412857]"
"CBN-PdlC-A3-20140811","[1392608, 1412857, 1393200]"
"CBN-PdlC-A3-20140901","[1412857, 1392608, 1394643]"
"CBN-PdlC-A3-20150701","[1392608, 1394643, 1412857]"
"CBN-PdlC-A3-20150720","[1392608, 1395807, 1412857]"
"CBN-PdlC-A3-20150810","[1394643, 1392608, 1395807]"
"CBN-PdlC-A3-20150831","[1392608, 1412857, 1395807]"
"CBN-PdlC-A3-20160705","[1412857, 1393200, 1394603]"
"CBN-PdlC-A3-20160726","[1395807, 1392608, 1393200]"
"CBN-PdlC-A3-20170816","[1412857, 1395807, 1394643]"
"CBN-PdlC-A3-20170906","[1412857, 1393200, 1394643]"
"CBN-PdlC-A3-20180702","[1412857, 1394643, 1391775]"
"CBN-PdlC-A3-20180723","[1393200, 1394643, 1395807]"
"CBN-PdlC-A3-20180815","[1394643, 1412857, 1395807]"
"CBN-PdlC-A3-20180905","[1412857, 1395807, 1394643]"
"CBN-PdlC-A3-20190701","[1394643, 1392534, 1363526]"
"CBN-PdlC-A3-20190722","[1412857, 1395807, 1393200]"
"CBN-PdlC-A3-20190812","[1412857, 1392608, 1395807]"
"CBN-PdlC-A3-20190909","[1394643, 1395807, 1392608]"
"CBN-PdlC-A3-20200629","[1363452, 1392655, 1517561]"
"CBN-PdlC-A3-20200722","[1412857, 1395807, 1392608]"
"CBN-PdlC-A3-20200812","[1393200, 1412857, 1392608]"
"CBN-PdlC-A4-20130807","[1395807, 1392608, 1397475]"
"CBN-PdlC-A4-20130903","[1392608, 1395807, 1397475]"
"CBN-PdlC-A4-20140811","[1393200, 1397475, 1395190]"
"CBN-PdlC-A4-20140901","[1397475, 1393200, 1392608]"
"CBN-PdlC-A4-20150701","[1392608, 1397475, 1393200]"
"CBN-PdlC-A4-20150810","[1397475, 1393200, 1392608]"
"CBN-PdlC-A4-20150831","[1397475, 1392608, 1393200]"
"CBN-PdlC-A4-20160705","[1393200, 1392608, 1397475]"
"CBN-PdlC-A4-20160726","[1392608, 1393200, 1395807]"
"CBN-PdlC-A4-20170816","[1397475, 1393200, 1395190]"
"CBN-PdlC-A4-20170906","[1397475, 1393200, 1395190]"
"CBN-PdlC-A4-20180702","[1397475, 1393200, 1360299]"
"CBN-PdlC-A4-20180723","[1393200, 1392608, 1397475]"
"CBN-PdlC-A4-20180815","[1397475, 1393200, 1356538]"
"CBN-PdlC-A4-20180905","[1397475, 1393200, 1395190]"
"CBN-PdlC-A4-20190701","[1397475, 1392608, 1394598]"
"CBN-PdlC-A4-20190722","[1397475, 1392608, 1360590]"
"CBN-PdlC-A4-20190812","[1397475, 1392608, 1395190]"
"CBN-PdlC-A4-20190909","[1397475, 1395807, 1392608]"
"CBN-PdlC-A4-20200629","[1397475, 1393200, 1395190]"
"CBN-PdlC-A4-20200722","[1397475, 1392608, 1393200]"
"CBN-PdlC-A4-20200812","[1397475, 1393200, 1395807]"
"CBN-PdlC-A5-20130807","[1395807, 1397475, 1393200]"
"CBN-PdlC-A5-20130903","[1395807, 1397475, 1395870]"
"CBN-PdlC-A5-20140721","[1395807, 1397475, 1393660]"
"CBN-PdlC-A5-20140811","[1395807, 1393660, 1397043]"
"CBN-PdlC-A5-20150701","[1395807, 1397475, 1393725]"
"CBN-PdlC-A5-20150831","[1395807, 1397475, 1395870]"
"CBN-PdlC-A5-20160705","[1397475, 1395807, 1394603]"
"CBN-PdlC-A5-20160726","[1395807, 1397475, 1392535]"
"CBN-PdlC-A5-20170816","[1397475, 1395807, 1395870]"
"CBN-PdlC-A5-20170906","[1395807, 1395870, 1397475]"
"CBN-PdlC-A5-20180815","[1397475, 1395807, 1393200]"
"CBN-PdlC-A5-20180905","[1395807, 1361367, 1397475]"
"CBN-PdlC-A5-20190909","[1397475, 1395807, 1395190]"
"CBN-PdlC-A5-20200722","[1395807, 1359835, 1397475]"
"CBN-PdlC-A6-20130807","[1397475, 1395190, 1395807]"
"CBN-PdlC-A6-20130903","[1397475, 1395190, 1395807]"
"CBN-PdlC-A6-20140630","[1397475, 1395758, 1361703]"
"CBN-PdlC-A6-20140721","[1397475, 1395807, 1395190]"
"CBN-PdlC-A6-20140901","[1397475, 1395190, 1360590]"
"CBN-PdlC-A6-20150701","[1397475, 1395190, 1358517]"
"CBN-PdlC-A6-20150810","[1397475, 1360590, 1395190]"
"CBN-PdlC-A6-20150831","[1397475, 1395190, 1395807]"
"CBN-PdlC-A6-20160705","[1397475, 1395190, 1360590]"
"CBN-PdlC-A6-20160726","[1397475, 1395807, 1395190]"
"CBN-PdlC-A6-20170816","[1397475, 1395807, 1395870]"
"CBN-PdlC-A6-20170906","[1397475, 1395190, 1391648]"
"CBN-PdlC-A6-20180702","[1397475, 1395190, 1393200]"
"CBN-PdlC-A6-20180723","[1397475, 1393200, 1395190]"
"CBN-PdlC-A6-20180815","[1397475, 1395190, 1391648]"
"CBN-PdlC-A6-20180905","[1397475, 1395190, 1395870]"
"CBN-PdlC-A6-20190701","[1397475, 1395807, 1393200]"
"CBN-PdlC-A6-20190722","[1397475, 1395807, 1360590]"
"CBN-PdlC-A6-20190812","[1397475, 1395190, 1395807]"
"CBN-PdlC-A6-20190909","[1397475, 1395190, 1395870]"
"CBN-PdlC-A6-20200722","[1397475, 1395807, 1360590]"
"CBN-PdlC-A6-20200812","[1397475, 1395807, 1395190]"
"CBN-PdlC-B1-20130807","[1392608, 1395807, 1393200]"
"CBN-PdlC-B1-20130903","[1392608, 1392612, 1393200]"
"CBN-PdlC-B1-20140721","[1392608, 1393200, 1395807]"
"CBN-PdlC-B1-20140811","[1392608, 1393200, 1395807]"
"CBN-PdlC-B1-20140901","[1392608, 1393200, 1412857]"
"CBN-PdlC-B1-20150701","[1392608, 1394643, 1360299]"
"CBN-PdlC-B1-20150720","[1392608, 1395807, 1412857]"
"CBN-PdlC-B1-20150810","[1392608, 1395807, 1394643]"
"CBN-PdlC-B1-20150831","[1392608, 1395807, 1394643]"
"CBN-PdlC-B1-20160705","[1392608, 1393200, 1360299]"
"CBN-PdlC-B1-20160726","[1392608, 1395807, 1392612]"
"CBN-PdlC-B1-20170816","[1392608, 1393200, 1395807]"
"CBN-PdlC-B1-20170906","[1392608, 1412857, 1394643]"
"CBN-PdlC-B1-20180702","[1360300, 1360299, 1392608]"
"CBN-PdlC-B1-20180723","[1392608, 1393679, 1395807]"
"CBN-PdlC-B1-20180815","[1392608, 1412857, 1394643]"
"CBN-PdlC-B1-20180905","[1392608, 1412857, 1360299]"
"CBN-PdlC-B1-20190701","[1393200, 1392608, 1412857]"
"CBN-PdlC-B1-20190722","[1392608, 1395807, 1360299]"
"CBN-PdlC-B1-20190812","[1392608, 1360299, 1395807]"
"CBN-PdlC-B1-20190909","[1392608, 1395807, 1394311]"
"CBN-PdlC-B1-20200629","[1360299, 1392608, 1361373]"
"CBN-PdlC-B1-20200722","[1392608, 1395807, 1412857]"
"CBN-PdlC-B1-20200812","[1392608, 1394643, 1360299]"
"CBN-PdlC-B2-20130807","[1392608, 1395807, 1360299]"
"CBN-PdlC-B2-20130903","[1392608, 1392614, 1360299]"
"CBN-PdlC-B2-20140721","[1392608, 1360299, 1392535]"
"CBN-PdlC-B2-20140811","[1392608, 1392614, 1360299]"
"CBN-PdlC-B2-20140901","[1392608, 1360299, 1392612]"
"CBN-PdlC-B2-20150701","[1392608, 1392612, 1395807]"
"CBN-PdlC-B2-20150720","[1392608, 1397043, 1392535]"
"CBN-PdlC-B2-20150810","[1392608, 1397043, 1395807]"
"CBN-PdlC-B2-20150831","[1392608, 1395807, 1392535]"
"CBN-PdlC-B2-20160705","[1392608, 1394911, 1360299]"
"CBN-PdlC-B2-20160726","[1392608, 1392535, 1360299]"
"CBN-PdlC-B2-20170816","[1392608, 1362482, 1392535]"
"CBN-PdlC-B2-20170906","[1392608, 1741880, 1647128]"
"CBN-PdlC-B2-20180702","[1392534, 1392608, 1392535]"
"CBN-PdlC-B2-20180723","[1392608, 1400101, 1392535]"
"CBN-PdlC-B2-20180815","[1412857, 1360299, 1392608]"
"CBN-PdlC-B2-20180905","[1392608, 1395807, 1395870]"
"CBN-PdlC-B2-20190701","[1397043, 1392608, 1395870]"
"CBN-PdlC-B2-20190722","[1392608, 1400101, 1392535]"
"CBN-PdlC-B2-20190812","[1392608, 1395807, 1412857]"
"CBN-PdlC-B2-20190909","[1392608, 1362482, 1412857]"
"CBN-PdlC-B2-20200629","[1361113, 1363452, 1363647]"
"CBN-PdlC-B2-20200722","[1392608, 1392612, 1360299]"
"CBN-PdlC-B2-20200812","[1392608, 1392614, 1360299]"
"CBN-PdlC-B3-20130807","[1392535, 1394911, 1395807]"
"CBN-PdlC-B3-20130903","[1393200, 1395807, 1394643]"
"CBN-PdlC-B3-20140721","[1395807, 1364066, 1392535]"
"CBN-PdlC-B3-20140811","[1393200, 1395807, 1392535]"
"CBN-PdlC-B3-20140901","[1412857, 1392535, 1394643]"
"CBN-PdlC-B3-20150701","[1395807, 1394911, 1392535]"
"CBN-PdlC-B3-20150810","[1395807, 1412857, 1397043]"
"CBN-PdlC-B3-20150831","[1392535, 1412857, 1392534]"
"CBN-PdlC-B3-20160705","[1394911, 1393200, 1394598]"
"CBN-PdlC-B3-20160726","[1412857, 1394911, 1392535]"
"CBN-PdlC-B3-20170816","[1412857, 1395807, 1392535]"
"CBN-PdlC-B3-20170906","[1412857, 1394643, 1394641]"
"CBN-PdlC-B3-20180702","[1394643, 1394911, 1392534]"
"CBN-PdlC-B3-20180723","[1395807, 1393200, 1364066]"
"CBN-PdlC-B3-20180815","[1393200, 1392535, 1395807]"
"CBN-PdlC-B3-20180905","[1412857, 1394641, 1394643]"
"CBN-PdlC-B3-20190701","[1394598, 1396843, 1392535]"
"CBN-PdlC-B3-20190722","[1395807, 1412857, 1394643]"
"CBN-PdlC-B3-20190812","[1395807, 1412857, 1393200]"
"CBN-PdlC-B3-20190909","[1394643, 1395807, 1412857]"
"CBN-PdlC-B3-20200629","[1363593, 1395949, 1360203]"
"CBN-PdlC-B3-20200722","[1395807, 1393200, 1397432]"
"CBN-PdlC-B3-20200812","[1412857, 1395807, 1393200]"
"CBN-PdlC-B4-20130807","[1397475, 1395190, 1394643]"
"CBN-PdlC-B4-20130903","[1397475, 1395190, 1394643]"
"CBN-PdlC-B4-20140721","[1397475, 1395190, 1412857]"
"CBN-PdlC-B4-20140811","[1397475, 1395190, 1358788]"
"CBN-PdlC-B4-20140901","[1397475, 1395190, 1412857]"
"CBN-PdlC-B4-20150701","[1397475, 1395190, 1391648]"
"CBN-PdlC-B4-20150810","[1397475, 1390674, 1395190]"
"CBN-PdlC-B4-20150831","[1397475, 1395190, 1391648]"
"CBN-PdlC-B4-20160726","[1397475, 1395190, 1391648]"
"CBN-PdlC-B4-20170816","[1397475, 1391648, 1395190]"
"CBN-PdlC-B4-20170906","[1397475, 1395190, 1391648]"
"CBN-PdlC-B4-20180702","[1397475, 1395190, 1357103]"
"CBN-PdlC-B4-20180723","[1397475, 1395190, 1395805]"
"CBN-PdlC-B4-20180815","[1397475, 1395190, 1393200]"
"CBN-PdlC-B4-20180905","[1397475, 1395190, 1391648]"
"CBN-PdlC-B4-20190701","[1397475, 1395190, 1395805]"
"CBN-PdlC-B4-20190722","[1397475, 1395190, 1395870]"
"CBN-PdlC-B4-20190812","[1397475, 1395190, 1391648]"
"CBN-PdlC-B4-20190909","[1397475, 1395190, 1395870]"
"CBN-PdlC-B4-20200629","[1397475, 1395190, 1395870]"
"CBN-PdlC-B4-20200722","[1397475, 1395190, 1392534]"
"CBN-PdlC-B4-20200812","[1397475, 1395190, 1360590]"
"CBN-PdlC-B5-20130807","[1397475, 1395807, 1395870]"
"CBN-PdlC-B5-20130903","[1397475, 1395807, 1395870]"
"CBN-PdlC-B5-20140630","[1361703, 1361723, 1356228]"
"CBN-PdlC-B5-20140721","[1395807, 1397475, 1395870]"
"CBN-PdlC-B5-20140811","[1395807, 1395870, 1395190]"
"CBN-PdlC-B5-20140901","[1395807, 1397475, 1359835]"
"CBN-PdlC-B5-20150701","[1395807, 1397475, 1394911]"
"CBN-PdlC-B5-20150720","[1395807, 1397475, 1400101]"
"CBN-PdlC-B5-20150810","[1395807, 1395870, 1397475]"
"CBN-PdlC-B5-20150831","[1395807, 1397475, 1395870]"
"CBN-PdlC-B5-20160705","[1397475, 1395807, 1741880]"
"CBN-PdlC-B5-20160726","[1395807, 1397475, 1361801]"
"CBN-PdlC-B5-20170816","[1397475, 1395807, 1394366]"
"CBN-PdlC-B5-20170906","[1395807, 1397475, 1418688]"
"CBN-PdlC-B5-20180702","[1397475, 1394603, 1393679]"
"CBN-PdlC-B5-20180723","[1397475, 1395807, 1395190]"
"CBN-PdlC-B5-20180815","[1397475, 1395807, 1391881]"
"CBN-PdlC-B5-20180905","[1397475, 1395807, 1395870]"
"CBN-PdlC-B5-20190701","[1397475, 1395870, 1395807]"
"CBN-PdlC-B5-20190722","[1397475, 1395807, 1395870]"
"CBN-PdlC-B5-20190812","[1395807, 1397475, 1395870]"
"CBN-PdlC-B5-20190909","[1395807, 1397475, 1395870]"
"CBN-PdlC-B5-20200629","[1397475, 1394911, 1392535]"
"CBN-PdlC-B5-20200722","[1395807, 1397475, 1400101]"
"CBN-PdlC-B5-20200812","[1395807, 1397475, 1400101]"
"CBN-PdlC-B6-20130807","[1395807, 1395870, 1397475]"
"CBN-PdlC-B6-20130903","[1395807, 1397475, 1364067]"
"CBN-PdlC-B6-20140630","[1363455, 1393200, 1395001]"
"CBN-PdlC-B6-20140721","[1395807, 1395870, 1741880]"
"CBN-PdlC-B6-20140811","[1395807, 1395870, 1392631]"
"CBN-PdlC-B6-20140901","[1395807, 1394542, 1394540]"
"CBN-PdlC-B6-20150701","[1395807, 1394911, 1395870]"
"CBN-PdlC-B6-20150720","[1395807, 1361801, 1395870]"
"CBN-PdlC-B6-20150810","[1395807, 1397475, 1395870]"
"CBN-PdlC-B6-20150831","[1395807, 1395870, 1359835]"
"CBN-PdlC-B6-20160705","[1395807, 1397475, 1395870]"
"CBN-PdlC-B6-20160726","[1395807, 1395870, 1361801]"
"CBN-PdlC-B6-20170816","[1395807, 1395870, 1741880]"
"CBN-PdlC-B6-20170906","[1395807, 1395870, 1394366]"
"CBN-PdlC-B6-20180702","[1394911, 1397475, 1393200]"
"CBN-PdlC-B6-20180723","[1395807, 1395870, 1361801]"
"CBN-PdlC-B6-20180905","[1395807, 1396970, 1361801]"
"CBN-PdlC-B6-20190701","[1394911, 1395807, 1393679]"
"CBN-PdlC-B6-20190722","[1395807, 1361801, 1395870]"
"CBN-PdlC-B6-20190812","[1395807, 1361801, 1395001]"
"CBN-PdlC-B6-20190909","[1395807, 1361801, 1364066]"
"CBN-PdlC-B6-20200629","[1397475, 1394603, 1393200]"
"CBN-PdlC-B6-20200722","[1395807, 1395870, 1393679]"
"CBN-PdlC-B6-20200812","[1395807, 1359835, 1395870]"
"CBN-PdlC-C1-20130807","[1395807, 1364067, 1362729]"
"CBN-PdlC-C1-20130903","[1395807, 1395870, 1741624]"
"CBN-PdlC-C1-20140721","[1397500, 1402995, 1393200]"
"CBN-PdlC-C1-20140811","[1395807, 1414270, 1393200]"
"CBN-PdlC-C1-20140901","[1395807, 1393200, 1364067]"
"CBN-PdlC-C1-20150701","[1397500, 1393200, 1394603]"
"CBN-PdlC-C1-20150720","[1395807, 1397043, 1364071]"
"CBN-PdlC-C1-20150810","[1395807, 1364066, 1393708]"
"CBN-PdlC-C1-20150831","[1395807, 1395870, 1361367]"
"CBN-PdlC-C1-20160705","[1393200, 1361347, 1394603]"
"CBN-PdlC-C1-20160726","[1395807, 1364071, 1361367]"
"CBN-PdlC-C1-20170816","[1395807, 1397500, 1391309]"
"CBN-PdlC-C1-20170906","[1395807, 1361347, 1393200]"
"CBN-PdlC-C1-20180723","[1364066, 1393708, 1395807]"
"CBN-PdlC-C1-20180815","[1395807, 1361284, 1395870]"
"CBN-PdlC-C1-20180905","[1395807, 1364071, 1397500]"
"CBN-PdlC-C1-20190701","[1356424, 1392534, 1363526]"
"CBN-PdlC-C1-20190722","[1395807, 1393708, 1364066]"
"CBN-PdlC-C1-20190812","[1395807, 1364071, 1360874]"
"CBN-PdlC-C1-20190909","[1395807, 1361347, 1391309]"
"CBN-PdlC-C1-20200722","[1395807, 1393200, 1364071]"
"CBN-PdlC-C1-20200812","[1395807, 1392299, 1361284]"
"CBN-PdlC-C2-20130903","[1395807, 1395870, 1412857]"
"CBN-PdlC-C2-20140721","[1412857, 1392535, 1394643]"
"CBN-PdlC-C2-20140811","[1412857, 1392535, 1395807]"
"CBN-PdlC-C2-20140901","[1395807, 1412857, 1394643]"
"CBN-PdlC-C2-20150701","[1392535, 1361347, 1394598]"
"CBN-PdlC-C2-20150720","[1395807, 1412857, 1394643]"
"CBN-PdlC-C2-20150810","[1412857, 1395807, 1742053]"
"CBN-PdlC-C2-20150831","[1395807, 1412857, 1394643]"
"CBN-PdlC-C2-20160705","[1412857, 1392535, 1394911]"
"CBN-PdlC-C2-20160726","[1395807, 1412857, 1394643]"
"CBN-PdlC-C2-20170816","[1395807, 1392535, 1395870]"
"CBN-PdlC-C2-20170906","[1395807, 1412857, 1394643]"
"CBN-PdlC-C2-20180723","[1395807, 1395870, 1397043]"
"CBN-PdlC-C2-20180815","[1395807, 1397043, 1392541]"
"CBN-PdlC-C2-20180905","[1395807, 1412857, 1394643]"
"CBN-PdlC-C2-20190701","[1361703, 1361123, 1361113]"
"CBN-PdlC-C2-20190722","[1395807, 1397043, 1361347]"
"CBN-PdlC-C2-20190812","[1395807, 1412857, 1394643]"
"CBN-PdlC-C2-20190909","[1395807, 1394643, 1412857]"
"CBN-PdlC-C2-20200722","[1395807, 1397043, 1393679]"
"CBN-PdlC-C2-20200812","[1395807, 1395870, 1741880]"
"CBN-PdlC-C3-20130807","[1395807, 1361347, 1396253]"
"CBN-PdlC-C3-20130903","[1395807, 1394643, 1361347]"
"CBN-PdlC-C3-20140721","[1361347, 1647128, 1394643]"
"CBN-PdlC-C3-20140811","[1395807, 1364066, 1412857]"
"CBN-PdlC-C3-20140901","[1395807, 1361347, 1392299]"
"CBN-PdlC-C3-20150701","[1394598, 1361367, 1394636]"
"CBN-PdlC-C3-20150720","[1395807, 1393660, 1361347]"
"CBN-PdlC-C3-20150831","[1395807, 1393660, 1395870]"
"CBN-PdlC-C3-20160705","[1361347, 1390793, 1393660]"
"CBN-PdlC-C3-20160726","[1395807, 1361592, 1393660]"
"CBN-PdlC-C3-20170816","[1395807, 1395870, 1361347]"
"CBN-PdlC-C3-20170906","[1395807, 1361347, 1396253]"
"CBN-PdlC-C3-20180723","[1395807, 1395870, 1741880]"
"CBN-PdlC-C3-20180815","[1395807, 1395870, 1396253]"
"CBN-PdlC-C3-20180905","[1395807, 1361347, 1395870]"
"CBN-PdlC-C3-20190701","[1394598, 1394800, 1392534]"
"CBN-PdlC-C3-20190722","[1395807, 1393660, 1741880]"
"CBN-PdlC-C3-20190812","[1395807, 1741880, 1392299]"
"CBN-PdlC-C3-20190909","[1395807, 1392299, 1393660]"
"CBN-PdlC-C3-20200722","[1395807, 1395870, 1393660]"
"CBN-PdlC-C3-20200812","[1395807, 1395870, 1393660]"
"CBN-PdlC-C4-20130807","[1395807, 1395868, 1393200]"
"CBN-PdlC-C4-20130903","[1395807, 1395870, 1364066]"
"CBN-PdlC-C4-20140721","[1390793, 1361367, 1396843]"
"CBN-PdlC-C4-20140811","[1395807, 1397043, 1395870]"
"CBN-PdlC-C4-20140901","[1395807, 1361367, 1392608]"
"CBN-PdlC-C4-20150701","[1361367, 1395807, 1396843]"
"CBN-PdlC-C4-20150720","[1395807, 1392608, 1395870]"
"CBN-PdlC-C4-20150831","[1395807, 1395870, 1395868]"
"CBN-PdlC-C4-20160705","[1390793, 1393200, 1392608]"
"CBN-PdlC-C4-20160726","[1395807, 1397043, 1395870]"
"CBN-PdlC-C4-20170816","[1395807, 1395870, 1391881]"
"CBN-PdlC-C4-20170906","[1395807, 1391881, 1395870]"
"CBN-PdlC-C4-20180723","[1395807, 1395870, 1393708]"
"CBN-PdlC-C4-20180815","[1395807, 1395870, 1364067]"
"CBN-PdlC-C4-20180905","[1395807, 1391881, 1363526]"
"CBN-PdlC-C4-20190701","[1359937, 1363526, 1361367]"
"CBN-PdlC-C4-20190722","[1395807, 1395870, 1364066]"
"CBN-PdlC-C4-20190812","[1397043, 1395807, 1361233]"
"CBN-PdlC-C4-20190909","[1395807, 1393660, 1395870]"
"CBN-PdlC-C4-20200722","[1395807, 1395870, 1397043]"
"CBN-PdlC-C4-20200812","[1395807, 1395870, 1397043]"
"CBN-PdlC-C5-20130807","[1395807, 1395870, 1397043]"
"CBN-PdlC-C5-20130903","[1395807, 1395870, 1359835]"
"CBN-PdlC-C5-20140721","[1395807, 1390793, 1390782]"
"CBN-PdlC-C5-20140811","[1395807, 1397043, 1360864]"
"CBN-PdlC-C5-20140901","[1395807, 1361367, 1356321]"
"CBN-PdlC-C5-20150701","[1390761, 1363526, 1396843]"
"CBN-PdlC-C5-20150720","[1395807, 1392608, 1395870]"
"CBN-PdlC-C5-20150810","[1395807, 1395870, 1390793]"
"CBN-PdlC-C5-20150831","[1395807, 1395870, 1394311]"
"CBN-PdlC-C5-20160705","[1390793, 1395807, 1737701]"
"CBN-PdlC-C5-20160726","[1395807, 1395870, 1397043]"
"CBN-PdlC-C5-20170816","[1395807, 1395870, 1395758]"
"CBN-PdlC-C5-20170906","[1395807, 1396253, 1392059]"
"CBN-PdlC-C5-20180723","[1395807, 1395870, 1392608]"
"CBN-PdlC-C5-20180815","[1395807, 1395870, 1356278]"
"CBN-PdlC-C5-20180905","[1395807, 1396253, 1360312]"
"CBN-PdlC-C5-20190701","[1363526, 1392608, 1393200]"
"CBN-PdlC-C5-20190722","[1395807, 1392608, 1397043]"
"CBN-PdlC-C5-20190812","[1395807, 1397043, 1395868]"
"CBN-PdlC-C5-20190909","[1395807, 1390793, 1392608]"
"CBN-PdlC-C5-20200722","[1395807, 1395870, 1392608]"
"CBN-PdlC-C5-20200812","[1395807, 1395870, 1392608]"
"CBN-PdlC-C6-20130807","[1395807, 1395870, 1393200]"
"CBN-PdlC-C6-20130903","[1395807, 1393200, 1364066]"
"CBN-PdlC-C6-20140721","[1396253, 1393200, 1390782]"
"CBN-PdlC-C6-20140811","[1395807, 1396253, 1361367]"
"CBN-PdlC-C6-20140901","[1396253, 1395807, 1360312]"
"CBN-PdlC-C6-20150701","[1396843, 1356424, 1363456]"
"CBN-PdlC-C6-20150720","[1395807, 1395870, 1360864]"
"CBN-PdlC-C6-20150810","[1395807, 1395870, 1390782]"
"CBN-PdlC-C6-20150831","[1395807, 1395870, 1390793]"
"CBN-PdlC-C6-20160705","[1393200, 1395807, 1363526]"
"CBN-PdlC-C6-20160726","[1395807, 1396253, 1360874]"
"CBN-PdlC-C6-20170816","[1395807, 1396253, 1395870]"
"CBN-PdlC-C6-20170906","[1395807, 1395870, 1395758]"
"CBN-PdlC-C6-20180723","[1395807, 1393708, 1364066]"
"CBN-PdlC-C6-20180815","[1395807, 1396253, 1363526]"
"CBN-PdlC-C6-20180905","[1396253, 1395807, 1396843]"
"CBN-PdlC-C6-20190701","[1393200, 1363526, 1394643]"
"CBN-PdlC-C6-20190722","[1395807, 1393200, 1360874]"
"CBN-PdlC-C6-20190812","[1395807, 1392608, 1396253]"
"CBN-PdlC-C6-20190909","[1395807, 1396253, 1359835]"
"CBN-PdlC-C6-20200722","[1395807, 1392608, 1359835]"
"CBN-PdlC-C6-20200812","[1395807, 1392608, 1395870]"
"CBN-PdlC-D1-20130807","[1395807, 1393708, 1364066]"
"CBN-PdlC-D1-20130903","[1395807, 1395870, 1418688]"
"CBN-PdlC-D1-20140721","[1395807, 1396253, 1396843]"
"CBN-PdlC-D1-20140811","[1395807, 1396253, 1397043]"
"CBN-PdlC-D1-20140901","[1395807, 1396253, 1361284]"
"CBN-PdlC-D1-20150701","[1396253, 1394911, 1396843]"
"CBN-PdlC-D1-20150720","[1395807, 1392535, 1395870]"
"CBN-PdlC-D1-20150810","[1395807, 1395870, 1396253]"
"CBN-PdlC-D1-20150831","[1395807, 1396253, 1361347]"
"CBN-PdlC-D1-20160705","[1395807, 1396253, 1741880]"
"CBN-PdlC-D1-20160726","[1395807, 1392535, 1396253]"
"CBN-PdlC-D1-20170816","[1395807, 1394311, 1395870]"
"CBN-PdlC-D1-20170906","[1395807, 1396253, 1418688]"
"CBN-PdlC-D1-20180723","[1395807, 1395870, 1393708]"
"CBN-PdlC-D1-20180815","[1395807, 1395868, 1395870]"
"CBN-PdlC-D1-20180905","[1395807, 1396253, 1362485]"
"CBN-PdlC-D1-20190701","[1396253, 1394636, 1394911]"
"CBN-PdlC-D1-20190722","[1395807, 1395870, 1396253]"
"CBN-PdlC-D1-20190812","[1395807, 1396253, 1364071]"
"CBN-PdlC-D1-20190909","[1395807, 1396253, 1395870]"
"CBN-PdlC-D1-20200722","[1395807, 1395870, 1392535]"
"CBN-PdlC-D1-20200812","[1395807, 1395870, 1396253]"
"CBN-PdlC-D2-20130807","[1395807, 1412857, 1393619]"
"CBN-PdlC-D2-20130903","[1395807, 1394643, 1412857]"
"CBN-PdlC-D2-20140721","[1412857, 1393619, 1361057]"
"CBN-PdlC-D2-20140811","[1396253, 1395807, 1412857]"
"CBN-PdlC-D2-20140901","[1394643, 1412857, 1390793]"
"CBN-PdlC-D2-20150720","[1394643, 1412857, 1395807]"
"CBN-PdlC-D2-20150810","[1394643, 1396253, 1412857]"
"CBN-PdlC-D2-20150831","[1394643, 1412857, 1396253]"
"CBN-PdlC-D2-20160705","[1394643, 1412857, 1390793]"
"CBN-PdlC-D2-20160726","[1394643, 1396253, 1392535]"
"CBN-PdlC-D2-20170816","[1394643, 1395807, 1412857]"
"CBN-PdlC-D2-20170906","[1394643, 1412857, 1396253]"
"CBN-PdlC-D2-20180723","[1395807, 1394643, 1396253]"
"CBN-PdlC-D2-20180815","[1394643, 1396253, 1412857]"
"CBN-PdlC-D2-20180905","[1394643, 1412857, 1396253]"
"CBN-PdlC-D2-20190701","[1361123, 1396253, 1361347]"
"CBN-PdlC-D2-20190722","[1394643, 1395807, 1396253]"
"CBN-PdlC-D2-20190812","[1394643, 1412857, 1395807]"
"CBN-PdlC-D2-20190909","[1395807, 1394643, 1412857]"
"CBN-PdlC-D2-20200722","[1394643, 1395807, 1394641]"
"CBN-PdlC-D2-20200812","[1395807, 1394643, 1412857]"
"CBN-PdlC-D3-20130807","[1413349, 1395807, 1647128]"
"CBN-PdlC-D3-20130903","[1647128, 1413349, 1397043]"
"CBN-PdlC-D3-20140721","[1647128, 1413349, 1390782]"
"CBN-PdlC-D3-20140811","[1364066, 1647128, 1390793]"
"CBN-PdlC-D3-20140901","[1413349, 1412857, 1390793]"
"CBN-PdlC-D3-20150701","[1361077, 1413349, 1394636]"
"CBN-PdlC-D3-20150720","[1647128, 1413349, 1392535]"
"CBN-PdlC-D3-20150831","[1390793, 1413349, 1412857]"
"CBN-PdlC-D3-20160705","[1390793, 1413349, 1361347]"
"CBN-PdlC-D3-20160726","[1390793, 1413349, 1392535]"
"CBN-PdlC-D3-20170816","[1413349, 1390793, 1395807]"
"CBN-PdlC-D3-20170906","[1413349, 1390793, 1647128]"
"CBN-PdlC-D3-20180723","[1395807, 1394643, 1395870]"
"CBN-PdlC-D3-20180815","[1412857, 1395807, 1394643]"
"CBN-PdlC-D3-20180905","[1412857, 1647128, 1390793]"
"CBN-PdlC-D3-20190701","[1359937, 1363526, 1397461]"
"CBN-PdlC-D3-20190722","[1395807, 1647128, 1394643]"
"CBN-PdlC-D3-20190812","[1395807, 1413349, 1647128]"
"CBN-PdlC-D3-20190909","[1413349, 1647128, 1395807]"
"CBN-PdlC-D3-20200722","[1647128, 1395807, 1413349]"
"CBN-PdlC-D3-20200812","[1647128, 1395807, 1413349]"
"CBN-PdlC-D4-20130807","[1395807, 1395870, 1392608]"
"CBN-PdlC-D4-20130903","[1395807, 1395870, 1647128]"
"CBN-PdlC-D4-20140721","[1395807, 1396253, 1392535]"
"CBN-PdlC-D4-20140811","[1395807, 1412857, 1361367]"
"CBN-PdlC-D4-20140901","[1395807, 1396253, 1363551]"
"CBN-PdlC-D4-20150701","[1356424, 1394643, 1392535]"
"CBN-PdlC-D4-20150720","[1395807, 1392535, 1392534]"
"CBN-PdlC-D4-20150831","[1395807, 1392608, 1396253]"
"CBN-PdlC-D4-20160705","[1395807, 1395870, 1394911]"
"CBN-PdlC-D4-20160726","[1395807, 1397043, 1392535]"
"CBN-PdlC-D4-20170816","[1395807, 1395870, 1396253]"
"CBN-PdlC-D4-20170906","[1395807, 1391881, 1396253]"
"CBN-PdlC-D4-20180723","[1395807, 1395870, 1396253]"
"CBN-PdlC-D4-20180815","[1395807, 1395870, 1396253]"
"CBN-PdlC-D4-20180905","[1395807, 1396253, 1392608]"
"CBN-PdlC-D4-20190701","[1363526, 1392535, 1394911]"
"CBN-PdlC-D4-20190722","[1395807, 1395870, 1392608]"
"CBN-PdlC-D4-20190812","[1395807, 1395870, 1412857]"
"CBN-PdlC-D4-20190909","[1395807, 1395870, 1392608]"
"CBN-PdlC-D4-20200722","[1395807, 1395870, 1397043]"
"CBN-PdlC-D4-20200812","[1395807, 1395870, 1394643]"
"CBN-PdlC-D5-20130807","[1395807, 1395870, 1364066]"
"CBN-PdlC-D5-20130903","[1395807, 1392608, 1392299]"
"CBN-PdlC-D5-20140721","[1395807, 1392608, 1360299]"
"CBN-PdlC-D5-20140811","[1395807, 1392608, 1361284]"
"CBN-PdlC-D5-20140901","[1395807, 1392608, 1361050]"
"CBN-PdlC-D5-20150701","[1396843, 1737507, 1395807]"
"CBN-PdlC-D5-20150720","[1395807, 1392608, 1395870]"
"CBN-PdlC-D5-20150810","[1395807, 1395870, 1361347]"
"CBN-PdlC-D5-20150831","[1395807, 1361284, 1395870]"
"CBN-PdlC-D5-20160705","[1392608, 1361347, 1390793]"
"CBN-PdlC-D5-20160726","[1395807, 1392608, 1395870]"
"CBN-PdlC-D5-20170816","[1395807, 1392299, 1395870]"
"CBN-PdlC-D5-20170906","[1395807, 1361347, 1361284]"
"CBN-PdlC-D5-20180723","[1395807, 1392608, 1395870]"
"CBN-PdlC-D5-20180815","[1395807, 1395870, 1361050]"
"CBN-PdlC-D5-20180905","[1395807, 1361347, 1392299]"
"CBN-PdlC-D5-20190701","[1392608, 1392535, 1394911]"
"CBN-PdlC-D5-20190722","[1395807, 1392608, 1395870]"
"CBN-PdlC-D5-20190812","[1395807, 1392608, 1395870]"
"CBN-PdlC-D5-20190909","[1395807, 1400101, 1392608]"
"CBN-PdlC-D5-20200722","[1395807, 1392608, 1395870]"
"CBN-PdlC-D5-20200812","[1392608, 1395807, 1362482]"
"CBN-PdlC-D6-20130807","[1395807, 1395870, 1741880]"
"CBN-PdlC-D6-20130903","[1395807, 1395870, 1360874]"
"CBN-PdlC-D6-20140721","[1390782, 1363526, 1390761]"
"CBN-PdlC-D6-20140811","[1395807, 1397043, 1395870]"
"CBN-PdlC-D6-20140901","[1395807, 1396253, 1359835]"
"CBN-PdlC-D6-20150701","[1356424, 1396843, 1707089]"
"CBN-PdlC-D6-20150720","[1395807, 1395870, 1393660]"
"CBN-PdlC-D6-20150810","[1395807, 1359835, 1395870]"
"CBN-PdlC-D6-20150831","[1395807, 1359835, 1412857]"
"CBN-PdlC-D6-20160705","[1396974, 1390793, 1393679]"
"CBN-PdlC-D6-20160726","[1395807, 1397043, 1395870]"
"CBN-PdlC-D6-20170816","[1395807, 1395870, 1359835]"
"CBN-PdlC-D6-20170906","[1395807, 1395870, 1363526]"
"CBN-PdlC-D6-20180723","[1395807, 1395870, 1741880]"
"CBN-PdlC-D6-20180815","[1395807, 1395870, 1363526]"
"CBN-PdlC-D6-20180905","[1395807, 1363526, 1395870]"
"CBN-PdlC-D6-20190701","[1707089, 1363526, 1396843]"
"CBN-PdlC-D6-20190722","[1395807, 1393660, 1397043]"
"CBN-PdlC-D6-20190812","[1395807, 1393660, 1361592]"
"CBN-PdlC-D6-20190909","[1395807, 1393660, 1393679]"
"CBN-PdlC-D6-20200722","[1395807, 1395870, 1397043]"
"CBN-PdlC-D6-20200812","[1395807, 1395870, 1359835]"
"CBN-PdlC-E1-20130723","[1394603, 1394598, 1392535]"
"CBN-PdlC-E1-20130807","[1392608, 1395807, 1390793]"
"CBN-PdlC-E1-20130903","[1395807, 1395870, 1392608]"
"CBN-PdlC-E1-20140630","[1390793, 1394598, 1395807]"
"CBN-PdlC-E1-20140721","[1395807, 1392608, 1397043]"
"CBN-PdlC-E1-20140811","[1395807, 1392608, 1396253]"
"CBN-PdlC-E1-20140901","[1395807, 1392608, 1396253]"
"CBN-PdlC-E1-20150701","[1395807, 1392608, 1396253]"
"CBN-PdlC-E1-20150720","[1395807, 1392608, 1395870]"
"CBN-PdlC-E1-20150810","[1393200, 1397475, 1392608]"
"CBN-PdlC-E1-20150831","[1395807, 1392608, 1392535]"
"CBN-PdlC-E1-20160705","[1395807, 1392608, 1391666]"
"CBN-PdlC-E1-20160726","[1392608, 1395807, 1395870]"
"CBN-PdlC-E1-20170816","[1395807, 1741880, 1392608]"
"CBN-PdlC-E1-20170906","[1390793, 1412857, 1392608]"
"CBN-PdlC-E1-20180702","[1392535, 1394911, 1394603]"
"CBN-PdlC-E1-20180723","[1395807, 1392608, 1392535]"
"CBN-PdlC-E1-20180815","[1392608, 1395807, 1361347]"
"CBN-PdlC-E1-20180905","[1392608, 1412857, 1390793]"
"CBN-PdlC-E1-20190701","[1395807, 1741880, 1397043]"
"CBN-PdlC-E1-20190812","[1392608, 1361347, 1360299]"
"CBN-PdlC-E1-20190909","[1392608, 1395807, 1390793]"
"CBN-PdlC-E1-20200629","[1395807, 1392608, 1394598]"
"CBN-PdlC-E1-20200722","[1392608, 1395807, 1397046]"
"CBN-PdlC-E1-20200812","[1392608, 1395807, 1361347]"
"CBN-PdlC-E2-20130723","[1395807, 1394911, 1361284]"
"CBN-PdlC-E2-20130807","[1395807, 1395868, 1395870]"
"CBN-PdlC-E2-20130903","[1395807, 1395870, 1361284]"
"CBN-PdlC-E2-20140630","[1412857, 1394311, 1392535]"
"CBN-PdlC-E2-20140721","[1395807, 1741810, 1360874]"
"CBN-PdlC-E2-20140811","[1395807, 1395870, 1392299]"
"CBN-PdlC-E2-20140901","[1395807, 1412857, 1392299]"
"CBN-PdlC-E2-20150720","[1395807, 1395870, 1397043]"
"CBN-PdlC-E2-20150810","[1395807, 1395870, 1360269]"
"CBN-PdlC-E2-20150831","[1395807, 1395870, 1361347]"
"CBN-PdlC-E2-20160705","[1395807, 1397043, 1395870]"
"CBN-PdlC-E2-20160726","[1395807, 1361347, 1395870]"
"CBN-PdlC-E2-20170816","[1395807, 1412857, 1361347]"
"CBN-PdlC-E2-20170906","[1395807, 1412857, 1361347]"
"CBN-PdlC-E2-20180702","[1394911, 1412857, 1394910]"
"CBN-PdlC-E2-20180723","[1395807, 1412857, 1395870]"
"CBN-PdlC-E2-20180815","[1395807, 1412857, 1361284]"
"CBN-PdlC-E2-20180905","[1412857, 1395807, 1361347]"
"CBN-PdlC-E2-20190701","[1395807, 1394911, 1395870]"
"CBN-PdlC-E2-20190812","[1395807, 1395868, 1395870]"
"CBN-PdlC-E2-20190909","[1395807, 1361347, 1390793]"
"CBN-PdlC-E2-20200629","[1395807, 1395870, 1741880]"
"CBN-PdlC-E2-20200722","[1395807, 1395870, 1412857]"
"CBN-PdlC-E2-20200812","[1395807, 1395870, 1361347]"
"CBN-PdlC-E3-20130723","[1395807, 1361050, 1391666]"
"CBN-PdlC-E3-20130807","[1395807, 1361284, 1359835]"
"CBN-PdlC-E3-20130903","[1361284, 1392299, 1395807]"
"CBN-PdlC-E3-20140630","[1390837, 1390870, 1361057]"
"CBN-PdlC-E3-20140721","[1395807, 1391666, 1361284]"
"CBN-PdlC-E3-20140811","[1395807, 1361347, 1395870]"
"CBN-PdlC-E3-20140901","[1395807, 1361284, 1361347]"
"CBN-PdlC-E3-20150701","[1395807, 1361284, 1360874]"
"CBN-PdlC-E3-20150720","[1395807, 1361284, 1392299]"
"CBN-PdlC-E3-20150810","[1395807, 1361284, 1361347]"
"CBN-PdlC-E3-20150831","[1395807, 1361284, 1361347]"
"CBN-PdlC-E3-20160705","[1395807, 1361592, 1361284]"
"CBN-PdlC-E3-20160726","[1395807, 1361284, 1392299]"
"CBN-PdlC-E3-20170816","[1395807, 1395868, 1361284]"
"CBN-PdlC-E3-20170906","[1361347, 1361284, 1392299]"
"CBN-PdlC-E3-20180702","[1361281, 1361284, 1363526]"
"CBN-PdlC-E3-20180723","[1395807, 1361284, 1392299]"
"CBN-PdlC-E3-20180815","[1361284, 1392299, 1395807]"
"CBN-PdlC-E3-20180905","[1361284, 1392299, 1361347]"
"CBN-PdlC-E3-20190701","[1395807, 1360874, 1361592]"
"CBN-PdlC-E3-20190812","[1396253, 1395807, 1393660]"
"CBN-PdlC-E3-20190909","[1395807, 1361284, 1392059]"
"CBN-PdlC-E3-20200629","[1396253, 1361592, 1395807]"
"CBN-PdlC-E3-20200722","[1395807, 1361592, 1361596]"
"CBN-PdlC-E3-20200812","[1395807, 1392059, 1361284]"
"CBN-PdlC-E4-20130807","[1395807, 1360312, 1396253]"
"CBN-PdlC-E4-20130903","[1395807, 1392608, 1361347]"
"CBN-PdlC-E4-20140630","[1392608, 1363526, 1363593]"
"CBN-PdlC-E4-20140721","[1395807, 1392608, 1395870]"
"CBN-PdlC-E4-20140811","[1395807, 1392608, 1395870]"
"CBN-PdlC-E4-20140901","[1395807, 1392608, 1396253]"
"CBN-PdlC-E4-20150701","[1395807, 1392608, 1395870]"
"CBN-PdlC-E4-20150720","[1395807, 1396843, 1361281]"
"CBN-PdlC-E4-20150810","[1395807, 1392608, 1396253]"
"CBN-PdlC-E4-20160705","[1395807, 1361592, 1395870]"
"CBN-PdlC-E4-20160726","[1395870, 1395807, 1741880]"
"CBN-PdlC-E4-20170816","[1395807, 1396253, 1392059]"
"CBN-PdlC-E4-20170906","[1396843, 1392059, 1361284]"
"CBN-PdlC-E4-20180702","[1361592, 1396843, 1393200]"
"CBN-PdlC-E4-20180723","[1395807, 1395870, 1361592]"
"CBN-PdlC-E4-20180815","[1395807, 1361284, 1396099]"
"CBN-PdlC-E4-20180905","[1397430, 1361284, 1361592]"
"CBN-PdlC-E4-20190701","[1395807, 1395870, 1361592]"
"CBN-PdlC-E4-20190812","[1393660, 1392059, 1361284]"
"CBN-PdlC-E4-20190909","[1392608, 1395807, 1361592]"
"CBN-PdlC-E4-20200629","[1361592, 1392608, 1363526]"
"CBN-PdlC-E4-20200722","[1395807, 1393684, 1393681]"
"CBN-PdlC-E4-20200812","[1395807, 1390782, 1392059]"
"CBN-PdlC-E5-20130723","[1361057, 1361077, 1390837]"
"CBN-PdlC-E5-20130807","[1395807, 1396843, 1392608]"
"CBN-PdlC-E5-20130903","[1392608, 1395807, 1396843]"
"CBN-PdlC-E5-20140630","[1393200, 1390793, 1360299]"
"CBN-PdlC-E5-20140721","[1395807, 1392608, 1393200]"
"CBN-PdlC-E5-20140811","[1392608, 1395807, 1393200]"
"CBN-PdlC-E5-20150720","[1392608, 1395807, 1396843]"
"CBN-PdlC-E5-20150810","[1392608, 1395807, 1393200]"
"CBN-PdlC-E5-20150831","[1392608, 1395807, 1393200]"
"CBN-PdlC-E5-20160705","[1395807, 1392608, 1393708]"
"CBN-PdlC-E5-20160726","[1392608, 1395807, 1361367]"
"CBN-PdlC-E5-20170816","[1395807, 1396253, 1392608]"
"CBN-PdlC-E5-20170906","[1361233, 1395807, 1392608]"
"CBN-PdlC-E5-20180702","[1393200, 1360299, 1392608]"
"CBN-PdlC-E5-20180723","[1392608, 1395807, 1393200]"
"CBN-PdlC-E5-20180815","[1392608, 1395807, 1396253]"
"CBN-PdlC-E5-20180905","[1395807, 1393200, 1392608]"
"CBN-PdlC-E5-20190722","[1392608, 1395807, 1393200]"
"CBN-PdlC-E5-20190812","[1392608, 1395807, 1396253]"
"CBN-PdlC-E5-20190909","[1392608, 1395807, 1390793]"
"CBN-PdlC-E5-20200629","[1392608, 1395807, 1393200]"
"CBN-PdlC-E5-20200722","[1392608, 1395807, 1396843]"
"CBN-PdlC-E5-20200812","[1392608, 1395807, 1396253]"
"CBN-PdlC-E6-20130723","[1395807, 1392535, 1393200]"
"CBN-PdlC-E6-20130807","[1395807, 1396843, 1360874]"
"CBN-PdlC-E6-20130903","[1395807, 1390793, 1395870]"
"CBN-PdlC-E6-20140630","[1393200, 1390904, 1394598]"
"CBN-PdlC-E6-20140721","[1395807, 1364071, 1390793]"
"CBN-PdlC-E6-20140811","[1395807, 1396843, 1390793]"
"CBN-PdlC-E6-20150701","[1395807, 1392535, 1360874]"
"CBN-PdlC-E6-20150720","[1395807, 1396843, 1395870]"
"CBN-PdlC-E6-20150810","[1395807, 1396843, 1359835]"
"CBN-PdlC-E6-20150831","[1395807, 1396843, 1392608]"
"CBN-PdlC-E6-20160705","[1395807, 1392608, 1390793]"
"CBN-PdlC-E6-20160726","[1395807, 1396843, 1392535]"
"CBN-PdlC-E6-20170816","[1395807, 1396843, 1396253]"
"CBN-PdlC-E6-20170906","[1396843, 1395807, 1363543]"
"CBN-PdlC-E6-20180702","[1394598, 1395807, 1392608]"
"CBN-PdlC-E6-20180723","[1395807, 1392535, 1392534]"
"CBN-PdlC-E6-20180815","[1395807, 1395870, 1396843]"
"CBN-PdlC-E6-20180905","[1390793, 1396843, 1363543]"
"CBN-PdlC-E6-20190722","[1395807, 1396843, 1390793]"
"CBN-PdlC-E6-20190812","[1395807, 1396843, 1364071]"
"CBN-PdlC-E6-20190909","[1395807, 1396843, 1390793]"
"CBN-PdlC-E6-20200629","[1395807, 1394598, 1394911]"
"CBN-PdlC-E6-20200722","[1395807, 1396843, 1390793]"
"CBN-PdlC-E6-20200812","[1395807, 1396843, 1364071]"
"CBN-PdlC-F1-20130723","[1394603, 1395807, 1394598]"
"CBN-PdlC-F1-20130807","[1395807, 1397043, 1394603]"
"CBN-PdlC-F1-20130903","[1395807, 1741880, 1395870]"
"CBN-PdlC-F1-20140630","[1392535, 1394598, 1394603]"
"CBN-PdlC-F1-20140721","[1395807, 1397528, 1395870]"
"CBN-PdlC-F1-20140811","[1395807, 1397043, 1395870]"
"CBN-PdlC-F1-20140901","[1395807, 1397043, 1741880]"
"CBN-PdlC-F1-20150701","[1395807, 1392535, 1395870]"
"CBN-PdlC-F1-20150720","[1395807, 1741880, 1395868]"
"CBN-PdlC-F1-20150810","[1395807, 1395870, 1359835]"
"CBN-PdlC-F1-20150831","[1395807, 1395870, 1741880]"
"CBN-PdlC-F1-20160705","[1395807, 1395870, 1397043]"
"CBN-PdlC-F1-20160726","[1395807, 1395870, 1397043]"
"CBN-PdlC-F1-20170816","[1395807, 1741880, 1395868]"
"CBN-PdlC-F1-20170906","[1395807, 1394603, 1397046]"
"CBN-PdlC-F1-20180702","[1395807, 1394911, 1392535]"
"CBN-PdlC-F1-20180723","[1395807, 1395870, 1741880]"
"CBN-PdlC-F1-20180815","[1395807, 1395868, 1741880]"
"CBN-PdlC-F1-20180905","[1395807, 1392535, 1390793]"
"CBN-PdlC-F1-20190701","[1395807, 1395870, 1741880]"
"CBN-PdlC-F1-20190812","[1395807, 1412857, 1395868]"
"CBN-PdlC-F1-20190909","[1395807, 1361281, 1361284]"
"CBN-PdlC-F1-20200629","[1395807, 1741880, 1395870]"
"CBN-PdlC-F1-20200722","[1395807, 1395868, 1395870]"
"CBN-PdlC-F1-20200812","[1395807, 1390793, 1395870]"
"CBN-PdlC-F2-20130723","[1395807, 1394598, 1394603]"
"CBN-PdlC-F2-20130807","[1395807, 1391881, 1395868]"
"CBN-PdlC-F2-20130903","[1395807, 1397043, 1395868]"
"CBN-PdlC-F2-20140630","[1392535, 1392608, 1395807]"
"CBN-PdlC-F2-20140721","[1395807, 1397528, 1362273]"
"CBN-PdlC-F2-20140811","[1395807, 1412857, 1395868]"
"CBN-PdlC-F2-20140901","[1395807, 1361347, 1395868]"
"CBN-PdlC-F2-20150701","[1395807, 1412857, 1359835]"
"CBN-PdlC-F2-20150720","[1395807, 1412857, 1392535]"
"CBN-PdlC-F2-20150810","[1395807, 1412857, 1393708]"
"CBN-PdlC-F2-20150831","[1395807, 1412857, 1394641]"
"CBN-PdlC-F2-20160705","[1395807, 1395870, 1396253]"
"CBN-PdlC-F2-20160726","[1395807, 1412857, 1395870]"
"CBN-PdlC-F2-20170906","[1395807, 1412857, 1361347]"
"CBN-PdlC-F2-20180702","[1394598, 1395807, 1394603]"
"CBN-PdlC-F2-20180723","[1395807, 1395870, 1393584]"
"CBN-PdlC-F2-20180815","[1395807, 1394643, 1412857]"
"CBN-PdlC-F2-20180905","[1395807, 1412857, 1395868]"
"CBN-PdlC-F2-20190701","[1395807, 1395870, 1741880]"
"CBN-PdlC-F2-20190812","[1395807, 1412857, 1390793]"
"CBN-PdlC-F2-20190909","[1395807, 1394311, 1390793]"
"CBN-PdlC-F2-20200629","[1647128, 1394598, 1394603]"
"CBN-PdlC-F2-20200722","[1395807, 1392535, 1396843]"
"CBN-PdlC-F2-20200812","[1395807, 1390793, 1395868]"
"CBN-PdlC-F3-20130723","[1395807, 1361050, 1394636]"
"CBN-PdlC-F3-20130807","[1392608, 1393200, 1395807]"
"CBN-PdlC-F3-20130903","[1392608, 1392299, 1361284]"
"CBN-PdlC-F3-20140630","[1393200, 1392608, 1395949]"
"CBN-PdlC-F3-20140721","[1395807, 1392608, 1391666]"
"CBN-PdlC-F3-20140811","[1395807, 1392608, 1361284]"
"CBN-PdlC-F3-20140901","[1395807, 1392608, 1361347]"
"CBN-PdlC-F3-20150701","[1395807, 1360874, 1392608]"
"CBN-PdlC-F3-20150720","[1392608, 1395807, 1721018]"
"CBN-PdlC-F3-20150810","[1395807, 1392299, 1361347]"
"CBN-PdlC-F3-20150831","[1395807, 1361347, 1396838]"
"CBN-PdlC-F3-20160705","[1395807, 1361347, 1361592]"
"CBN-PdlC-F3-20160726","[1395807, 1392608, 1361347]"
"CBN-PdlC-F3-20170816","[1395807, 1361347, 1392608]"
"CBN-PdlC-F3-20170906","[1361347, 1395807, 1392608]"
"CBN-PdlC-F3-20180702","[1391666, 1395807, 1393200]"
"CBN-PdlC-F3-20180723","[1395807, 1392535, 1361284]"
"CBN-PdlC-F3-20180815","[1397430, 1361284, 1361233]"
"CBN-PdlC-F3-20180905","[1361347, 1395807, 1392608]"
"CBN-PdlC-F3-20190701","[1395807, 1361284, 1395870]"
"CBN-PdlC-F3-20190722","[1395807, 1361284, 1397430]"
"CBN-PdlC-F3-20190812","[1395807, 1361284, 1361281]"
"CBN-PdlC-F3-20190909","[1395807, 1361347, 1390793]"
"CBN-PdlC-F3-20200629","[1361592, 1395807, 1395870]"
"CBN-PdlC-F3-20200722","[1395807, 1361592, 1395870]"
"CBN-PdlC-F3-20200812","[1395807, 1393681, 1391309]"
"CBN-PdlC-F4-20130723","[1393200, 1397500, 1396253]"
"CBN-PdlC-F4-20130807","[1392608, 1360874, 1397500]"
"CBN-PdlC-F4-20130903","[1392608, 1393200, 1395807]"
"CBN-PdlC-F4-20140630","[1393200, 1392608, 1360299]"
"CBN-PdlC-F4-20140811","[1393200, 1392608, 1395807]"
"CBN-PdlC-F4-20140901","[1392608, 1395807, 1393200]"
"CBN-PdlC-F4-20150701","[1392608, 1395807, 1397430]"
"CBN-PdlC-F4-20150720","[1392608, 1395807, 1396843]"
"CBN-PdlC-F4-20150810","[1392608, 1361592, 1361284]"
"CBN-PdlC-F4-20150831","[1392608, 1395807, 1360299]"
"CBN-PdlC-F4-20160705","[1392608, 1395807, 1361592]"
"CBN-PdlC-F4-20160726","[1392608, 1361592, 1393660]"
"CBN-PdlC-F4-20170816","[1395807, 1396253, 1418688]"
"CBN-PdlC-F4-20170906","[1392608, 1396843, 1361592]"
"CBN-PdlC-F4-20180702","[1393200, 1392608, 1395807]"
"CBN-PdlC-F4-20180723","[1392608, 1395807, 1361592]"
"CBN-PdlC-F4-20180815","[1392299, 1392608, 1361284]"
"CBN-PdlC-F4-20180905","[1396843, 1392608, 1393200]"
"CBN-PdlC-F4-20190701","[1392608, 1393200, 1395807]"
"CBN-PdlC-F4-20190722","[1392608, 1396843, 1362331]"
"CBN-PdlC-F4-20190812","[1392608, 1360299, 1361281]"
"CBN-PdlC-F4-20190909","[1392608, 1395807, 1393660]"
"CBN-PdlC-F4-20200629","[1392608, 1393200, 1361592]"
"CBN-PdlC-F4-20200722","[1392608, 1395807, 1361592]"
"CBN-PdlC-F4-20200812","[1392608, 1392059, 1361284]"
"CBN-PdlC-F5-20130723","[1390793, 1396253, 1392608]"
"CBN-PdlC-F5-20130903","[1390793, 1395807, 1392608]"
"CBN-PdlC-F5-20140630","[1392608, 1361077, 1360299]"
"CBN-PdlC-F5-20140721","[1395807, 1396253, 1392608]"
"CBN-PdlC-F5-20140811","[1392608, 1395807, 1390793]"
"CBN-PdlC-F5-20150701","[1395807, 1392608, 1396843]"
"CBN-PdlC-F5-20150720","[1392608, 1361367, 1394542]"
"CBN-PdlC-F5-20150810","[1395807, 1392608, 1390793]"
"CBN-PdlC-F5-20150831","[1395807, 1392608, 1390793]"
"CBN-PdlC-F5-20160705","[1395807, 1392608, 1390793]"
"CBN-PdlC-F5-20160726","[1361347, 1361367, 1392608]"
"CBN-PdlC-F5-20170816","[1396843, 1396253, 1390793]"
"CBN-PdlC-F5-20170906","[1396253, 1390793, 1390837]"
"CBN-PdlC-F5-20180702","[1392608, 1396253, 1361057]"
"CBN-PdlC-F5-20180723","[1392608, 1395807, 1361347]"
"CBN-PdlC-F5-20180815","[1390793, 1395807, 1362363]"
"CBN-PdlC-F5-20180905","[1396253, 1390793, 1396843]"
"CBN-PdlC-F5-20190722","[1396843, 1392608, 1395807]"
"CBN-PdlC-F5-20190812","[1396843, 1395807, 1392608]"
"CBN-PdlC-F5-20190909","[1390793, 1395807, 1396253]"
"CBN-PdlC-F5-20200629","[1392608, 1395807, 1390782]"
"CBN-PdlC-F5-20200722","[1392608, 1395807, 1396843]"
"CBN-PdlC-F5-20200812","[1390793, 1395807, 1361347]"
"CBN-PdlC-F6-20130723","[1390782, 1361057, 1390761]"
"CBN-PdlC-F6-20130807","[1396843, 1396253, 1363526]"
"CBN-PdlC-F6-20130903","[1390793, 1390837, 1361057]"
"CBN-PdlC-F6-20140630","[1361077, 1390793, 1390761]"
"CBN-PdlC-F6-20140721","[1390793, 1395807, 1390782]"
"CBN-PdlC-F6-20140811","[1395807, 1390793, 1394542]"
"CBN-PdlC-F6-20150701","[1396843, 1395807, 1393200]"
"CBN-PdlC-F6-20150720","[1396843, 1394540, 1394542]"
"CBN-PdlC-F6-20150810","[1390793, 1390761, 1396843]"
"CBN-PdlC-F6-20150831","[1396843, 1390793, 1395807]"
"CBN-PdlC-F6-20160705","[1390793, 1395807, 1390837]"
"CBN-PdlC-F6-20160726","[1396843, 1392608, 1390761]"
"CBN-PdlC-F6-20170816","[1390793, 1396843, 1390837]"
"CBN-PdlC-F6-20170906","[1390793, 1390837, 1396843]"
"CBN-PdlC-F6-20180702","[1390793, 1361077, 1394598]"
"CBN-PdlC-F6-20180723","[1395807, 1390793, 1397043]"
"CBN-PdlC-F6-20180815","[1390793, 1390837, 1396843]"
"CBN-PdlC-F6-20180905","[1390793, 1361057, 1390837]"
"CBN-PdlC-F6-20190722","[1396843, 1392608, 1390793]"
"CBN-PdlC-F6-20190812","[1396843, 1390793, 1395807]"
"CBN-PdlC-F6-20190909","[1390793, 1394311, 1392608]"
"CBN-PdlC-F6-20200629","[1390793, 1395807, 1390782]"
"CBN-PdlC-F6-20200722","[1390793, 1392608, 1396843]"
"CBN-PdlC-F6-20200812","[1390793, 1395807, 1395870]"
"CBN-Pla-A1-20130808","[1395807, 1360590, 1397475]"
"CBN-Pla-A1-20130904","[1395807, 1397475, 1397500]"
"CBN-Pla-A1-20140722","[1397475, 1390793, 1396843]"
"CBN-Pla-A1-20140812","[1395807, 1397475, 1394311]"
"CBN-Pla-A1-20140902","[1395807, 1397475, 1394542]"
"CBN-Pla-A1-20150702","[1390793, 1397475, 1412857]"
"CBN-Pla-A1-20150723","[1395807, 1397475, 1395870]"
"CBN-Pla-A1-20150811","[1395807, 1397475, 1394643]"
"CBN-Pla-A1-20150901","[1395807, 1412857, 1397475]"
"CBN-Pla-A1-20160707","[1390793, 1394311, 1397475]"
"CBN-Pla-A1-20160728","[1395807, 1397475, 1394311]"
"CBN-Pla-A1-20180724","[1397475, 1390793, 1390904]"
"CBN-Pla-A1-20180816","[1395807, 1397475, 1395870]"
"CBN-Pla-A1-20180906","[1395807, 1361284, 1397475]"
"CBN-Pla-A1-20190723","[1395807, 1394542, 1397475]"
"CBN-Pla-A1-20190814","[1395807, 1392299, 1397475]"
"CBN-Pla-A1-20200630","[1363625, 1361703, 1555067]"
"CBN-Pla-A1-20200723","[1395807, 1397475, 1394542]"
"CBN-Pla-A1-20200814","[1397475, 1392552, 1392299]"
"CBN-Pla-A2-20130724","[1390793, 1390904, 1395949]"
"CBN-Pla-A2-20130808","[1395807, 1395870, 1397500]"
"CBN-Pla-A2-20130904","[1395807, 1395870, 1395973]"
"CBN-Pla-A2-20140722","[1395949, 1390793, 1395120]"
"CBN-Pla-A2-20140812","[1395807, 1395868, 1360874]"
"CBN-Pla-A2-20140902","[1395807, 1394311, 1361284]"
"CBN-Pla-A2-20150702","[1395807, 1390793, 1412857]"
"CBN-Pla-A2-20150723","[1395807, 1397043, 1394643]"
"CBN-Pla-A2-20150811","[1395807, 1395870, 1392552]"
"CBN-Pla-A2-20150901","[1395807, 1394311, 1395868]"
"CBN-Pla-A2-20160707","[1395807, 1390793, 1394311]"
"CBN-Pla-A2-20160728","[1395807, 1395870, 1390793]"
"CBN-Pla-A2-20180724","[1396015, 1390793, 1395949]"
"CBN-Pla-A2-20180816","[1395807, 1395870, 1390793]"
"CBN-Pla-A2-20180906","[1395807, 1361284, 1392299]"
"CBN-Pla-A2-20190723","[1395807, 1395870, 1741880]"
"CBN-Pla-A2-20190814","[1395807, 1395870, 1361284]"
"CBN-Pla-A2-20200723","[1395807, 1359835, 1397043]"
"CBN-Pla-A2-20200814","[1395807, 1395870, 1392552]"
"CBN-Pla-A3-20130724","[1390793, 1412857, 1395807]"
"CBN-Pla-A3-20130808","[1395807, 1395870, 1397043]"
"CBN-Pla-A3-20130904","[1395807, 1395870, 1741880]"
"CBN-Pla-A3-20140722","[1390793, 1396843, 1395807]"
"CBN-Pla-A3-20140812","[1395807, 1395870, 1741880]"
"CBN-Pla-A3-20140902","[1395807, 1361367, 1395870]"
"CBN-Pla-A3-20150702","[1391881, 1396094, 1741880]"
"CBN-Pla-A3-20150723","[1395807, 1395870, 1395868]"
"CBN-Pla-A3-20150811","[1395807, 1395870, 1741880]"
"CBN-Pla-A3-20150901","[1395807, 1395870, 1741880]"
"CBN-Pla-A3-20160707","[1390793, 1395870, 1741880]"
"CBN-Pla-A3-20160728","[1395807, 1397043, 1395870]"
"CBN-Pla-A3-20180724","[1396843, 1647128, 1741880]"
"CBN-Pla-A3-20180816","[1395807, 1395870, 1741880]"
"CBN-Pla-A3-20180906","[1395807, 1361367, 1395870]"
"CBN-Pla-A3-20190723","[1395807, 1395870, 1741880]"
"CBN-Pla-A3-20190814","[1395807, 1395870, 1397043]"
"CBN-Pla-A3-20200723","[1395807, 1395870, 1397043]"
"CBN-Pla-A3-20200814","[1395807, 1395870, 1741880]"
"CBN-Pla-A4-20130724","[1395807, 1361347, 1390793]"
"CBN-Pla-A4-20130808","[1395807, 1395870, 1741880]"
"CBN-Pla-A4-20130904","[1395807, 1395870, 1741880]"
"CBN-Pla-A4-20140722","[1390793, 1395949, 1395807]"
"CBN-Pla-A4-20140812","[1395807, 1395870, 1741880]"
"CBN-Pla-A4-20140902","[1395807, 1395870, 1741880]"
"CBN-Pla-A4-20150702","[1390793, 1741880, 1395870]"
"CBN-Pla-A4-20150723","[1395807, 1395870, 1741880]"
"CBN-Pla-A4-20150811","[1395807, 1395870, 1741880]"
"CBN-Pla-A4-20150901","[1395807, 1395870, 1741880]"
"CBN-Pla-A4-20160707","[1395870, 1741880, 1395949]"
"CBN-Pla-A4-20160728","[1395807, 1395870, 1396843]"
"CBN-Pla-A4-20180724","[1361347, 1390793, 1363526]"
"CBN-Pla-A4-20180816","[1395807, 1395870, 1741880]"
"CBN-Pla-A4-20180906","[1395807, 1395870, 1361347]"
"CBN-Pla-A4-20190723","[1395807, 1395870, 1741880]"
"CBN-Pla-A4-20190814","[1395807, 1395870, 1741880]"
"CBN-Pla-A4-20200723","[1395807, 1395870, 1741880]"
"CBN-Pla-A4-20200814","[1395807, 1395870, 1361347]"
"CBN-Pla-A5-20130724","[1395870, 1390793, 1390904]"
"CBN-Pla-A5-20130808","[1395807, 1395870, 1741880]"
"CBN-Pla-A5-20130904","[1395870, 1395807, 1741880]"
"CBN-Pla-A5-20140722","[1741880, 1363526, 1390793]"
"CBN-Pla-A5-20140812","[1395807, 1395870, 1741880]"
"CBN-Pla-A5-20140902","[1395807, 1395870, 1741880]"
"CBN-Pla-A5-20150702","[1390793, 1741880, 1395870]"
"CBN-Pla-A5-20150723","[1395807, 1395870, 1741880]"
"CBN-Pla-A5-20150811","[1395870, 1395807, 1741880]"
"CBN-Pla-A5-20160707","[1390793, 1741880, 1395949]"
"CBN-Pla-A5-20160728","[1395807, 1395870, 1396843]"
"CBN-Pla-A5-20180724","[1390793, 1395870, 1741880]"
"CBN-Pla-A5-20180816","[1395807, 1395870, 1741880]"
"CBN-Pla-A5-20180906","[1395807, 1395870, 1741880]"
"CBN-Pla-A5-20190723","[1395807, 1395870, 1741880]"
"CBN-Pla-A5-20190814","[1395807, 1395870, 1741880]"
"CBN-Pla-A5-20200723","[1395807, 1395870, 1741880]"
"CBN-Pla-A5-20200814","[1395807, 1395870, 1741880]"
"CBN-Pla-A6-20130724","[1390793, 1395807, 1390782]"
"CBN-Pla-A6-20130808","[1395807, 1395870, 1741880]"
"CBN-Pla-A6-20130904","[1395807, 1395870, 1741880]"
"CBN-Pla-A6-20140722","[1390793, 1395807, 1412857]"
"CBN-Pla-A6-20140812","[1395807, 1395870, 1741880]"
"CBN-Pla-A6-20140902","[1395807, 1395870, 1741880]"
"CBN-Pla-A6-20150702","[1395949, 1741880, 1390793]"
"CBN-Pla-A6-20150723","[1395807, 1395870, 1741880]"
"CBN-Pla-A6-20150811","[1395807, 1395870, 1741880]"
"CBN-Pla-A6-20150901","[1395807, 1395870, 1741880]"
"CBN-Pla-A6-20160707","[1395807, 1395870, 1390793]"
"CBN-Pla-A6-20160728","[1395807, 1395870, 1741880]"
"CBN-Pla-A6-20180724","[1390793, 1395120, 1395085]"
"CBN-Pla-A6-20180816","[1395807, 1395870, 1741880]"
"CBN-Pla-A6-20180906","[1395807, 1395868, 1397500]"
"CBN-Pla-A6-20190723","[1395807, 1395870, 1741880]"
"CBN-Pla-A6-20190814","[1395807, 1395870, 1741880]"
"CBN-Pla-A6-20200723","[1395807, 1395870, 1741880]"
"CBN-Pla-A6-20200814","[1395807, 1395870, 1741880]"
"CBN-Pla-B1-20130724","[1390837, 1390870, 1390793]"
"CBN-Pla-B1-20130808","[1395807, 1395870, 1395000]"
"CBN-Pla-B1-20130904","[1395807, 1395868, 1391881]"
"CBN-Pla-B1-20140722","[1390793, 1390883, 1390837]"
"CBN-Pla-B1-20140812","[1395807, 1361367, 1395870]"
"CBN-Pla-B1-20140902","[1361367, 1395807, 1361347]"
"CBN-Pla-B1-20150702","[1390793, 1396416, 1395120]"
"CBN-Pla-B1-20150723","[1395807, 1394542, 1395870]"
"CBN-Pla-B1-20150811","[1395807, 1395868, 1360269]"
"CBN-Pla-B1-20150901","[1390793, 1395807, 1394311]"
"CBN-Pla-B1-20160707","[1390793, 1395807, 1361284]"
"CBN-Pla-B1-20160728","[1395807, 1395870, 1721018]"
"CBN-Pla-B1-20180724","[1390793, 1395120, 1363526]"
"CBN-Pla-B1-20180816","[1395807, 1361113, 1361284]"
"CBN-Pla-B1-20180906","[1361347, 1395807, 1392299]"
"CBN-Pla-B1-20190723","[1395807, 1361284, 1390674]"
"CBN-Pla-B1-20190814","[1412857, 1361284, 1395807]"
"CBN-Pla-B1-20200630","[1361703, 1356307, 1361123]"
"CBN-Pla-B1-20200723","[1395807, 1363526, 1397043]"
"CBN-Pla-B1-20200814","[1395807, 1361113, 1361284]"
"CBN-Pla-B2-20130724","[1390870, 1361284, 1393584]"
"CBN-Pla-B2-20130808","[1395807, 1395868, 1395870]"
"CBN-Pla-B2-20130904","[1395807, 1395870, 1741880]"
"CBN-Pla-B2-20140722","[1390793, 1395807, 1390837]"
"CBN-Pla-B2-20140812","[1395807, 1390793, 1394311]"
"CBN-Pla-B2-20140902","[1395807, 1361284, 1392299]"
"CBN-Pla-B2-20150702","[1390793, 1363526, 1395807]"
"CBN-Pla-B2-20150723","[1395807, 1395870, 1361284]"
"CBN-Pla-B2-20150811","[1395807, 1392552, 1361284]"
"CBN-Pla-B2-20150901","[1395807, 1390793, 1361347]"
"CBN-Pla-B2-20160707","[1390793, 1395870, 1394311]"
"CBN-Pla-B2-20160728","[1395807, 1395870, 1396843]"
"CBN-Pla-B2-20180724","[1390793, 1363526, 1390870]"
"CBN-Pla-B2-20180816","[1395807, 1395870, 1741880]"
"CBN-Pla-B2-20180906","[1395807, 1395870, 1741880]"
"CBN-Pla-B2-20190723","[1395807, 1395870, 1741880]"
"CBN-Pla-B2-20190814","[1395807, 1395870, 1394542]"
"CBN-Pla-B2-20200723","[1395807, 1395870, 1741880]"
"CBN-Pla-B2-20200814","[1395807, 1395870, 1392299]"
"CBN-Pla-B3-20130724","[1361347, 1394311, 1363526]"
"CBN-Pla-B3-20130808","[1395807, 1395870, 1394911]"
"CBN-Pla-B3-20130904","[1395807, 1396060, 1360269]"
"CBN-Pla-B3-20140722","[1390793, 1361347, 1363526]"
"CBN-Pla-B3-20140812","[1395807, 1395870, 1360874]"
"CBN-Pla-B3-20140902","[1395807, 1361367, 1392299]"
"CBN-Pla-B3-20150811","[1395807, 1395870, 1361347]"
"CBN-Pla-B3-20150901","[1395807, 1361347, 1394311]"
"CBN-Pla-B3-20160707","[1390793, 1394311, 1361281]"
"CBN-Pla-B3-20160728","[1395807, 1361347, 1395870]"
"CBN-Pla-B3-20180724","[1390793, 1361347, 1361281]"
"CBN-Pla-B3-20180816","[1395807, 1394311, 1361284]"
"CBN-Pla-B3-20180906","[1395807, 1390793, 1361284]"
"CBN-Pla-B3-20190723","[1395807, 1360874, 1359835]"
"CBN-Pla-B3-20190814","[1395807, 1361284, 1392299]"
"CBN-Pla-B3-20200723","[1395807, 1361347, 1395870]"
"CBN-Pla-B3-20200814","[1395807, 1394311, 1392299]"
"CBN-Pla-B4-20130724","[1361347, 1390793, 1361284]"
"CBN-Pla-B4-20130808","[1395807, 1361284, 1392299]"
"CBN-Pla-B4-20130904","[1395807, 1395870, 1392299]"
"CBN-Pla-B4-20140722","[1390793, 1361347, 1363526]"
"CBN-Pla-B4-20140812","[1395807, 1397500, 1395870]"
"CBN-Pla-B4-20140902","[1395807, 1392299, 1361284]"
"CBN-Pla-B4-20150702","[1390793, 1361347, 1363526]"
"CBN-Pla-B4-20150723","[1395807, 1392299, 1395870]"
"CBN-Pla-B4-20150811","[1395807, 1361284, 1361347]"
"CBN-Pla-B4-20150901","[1395807, 1361347, 1390793]"
"CBN-Pla-B4-20160707","[1390793, 1395807, 1361347]"
"CBN-Pla-B4-20160728","[1395807, 1360864, 1395870]"
"CBN-Pla-B4-20180724","[1390793, 1361347, 1363526]"
"CBN-Pla-B4-20180816","[1395807, 1397043, 1395870]"
"CBN-Pla-B4-20180906","[1395807, 1396974, 1395870]"
"CBN-Pla-B4-20190723","[1395807, 1395870, 1741880]"
"CBN-Pla-B4-20190814","[1395807, 1392299, 1361284]"
"CBN-Pla-B4-20200723","[1395807, 1361347, 1395870]"
"CBN-Pla-B4-20200814","[1395807, 1361347, 1392299]"
"CBN-Pla-B5-20130724","[1390837, 1363526, 1393584]"
"CBN-Pla-B5-20130808","[1395807, 1395870, 1360874]"
"CBN-Pla-B5-20130904","[1395807, 1395870, 1359835]"
"CBN-Pla-B5-20140722","[1390793, 1395120, 1390883]"
"CBN-Pla-B5-20140812","[1395807, 1395870, 1741880]"
"CBN-Pla-B5-20140902","[1395807, 1361367, 1395870]"
"CBN-Pla-B5-20150702","[1390793, 1396974, 1741880]"
"CBN-Pla-B5-20150723","[1395807, 1395870, 1395758]"
"CBN-Pla-B5-20150811","[1395807, 1395870, 1360269]"
"CBN-Pla-B5-20150901","[1395807, 1395870, 1360269]"
"CBN-Pla-B5-20160707","[1395807, 1395870, 1741880]"
"CBN-Pla-B5-20160728","[1395807, 1397043, 1395870]"
"CBN-Pla-B5-20180724","[1361284, 1363526, 1396843]"
"CBN-Pla-B5-20180816","[1395807, 1395870, 1741880]"
"CBN-Pla-B5-20180906","[1395807, 1395870, 1397500]"
"CBN-Pla-B5-20190723","[1395807, 1395870, 1397043]"
"CBN-Pla-B5-20190814","[1395807, 1361367, 1395870]"
"CBN-Pla-B5-20200723","[1395807, 1397043, 1395870]"
"CBN-Pla-B5-20200814","[1395807, 1395870, 1390793]"
"CBN-Pla-B6-20130724","[1390793, 1390904, 1363526]"
"CBN-Pla-B6-20130808","[1395807, 1397500, 1360874]"
"CBN-Pla-B6-20130904","[1395807, 1392299, 1396144]"
"CBN-Pla-B6-20140722","[1396144, 1395949, 1390793]"
"CBN-Pla-B6-20140812","[1395807, 1395940, 1361367]"
"CBN-Pla-B6-20140902","[1392299, 1395807, 1361347]"
"CBN-Pla-B6-20150702","[1390793, 1361077, 1396015]"
"CBN-Pla-B6-20150723","[1395807, 1361347, 1396869]"
"CBN-Pla-B6-20150811","[1395807, 1361347, 1396015]"
"CBN-Pla-B6-20150901","[1395807, 1390793, 1392299]"
"CBN-Pla-B6-20160707","[1396144, 1363526, 1395949]"
"CBN-Pla-B6-20160728","[1395807, 1361347, 1397500]"
"CBN-Pla-B6-20180816","[1395807, 1361284, 1392299]"
"CBN-Pla-B6-20180906","[1395807, 1392299, 1361284]"
"CBN-Pla-B6-20190723","[1395807, 1741880, 1394311]"
"CBN-Pla-B6-20190814","[1395807, 1361284, 1392299]"
"CBN-Pla-B6-20200723","[1395807, 1390793, 1361347]"
"CBN-Pla-B6-20200814","[1395807, 1361347, 1394311]"
"CBN-Pla-C1-20130808","[1395807, 1395870, 1392535]"
"CBN-Pla-C1-20130904","[1395807, 1392535, 1361284]"
"CBN-Pla-C1-20150702","[1395807, 1392535, 1394911]"
"CBN-Pla-C1-20150723","[1395870, 1361284, 1395807]"
"CBN-Pla-C1-20150811","[1395807, 1361284, 1390837]"
"CBN-Pla-C1-20150901","[1392535, 1395807, 1394911]"
"CBN-Pla-C1-20160707","[1395807, 1394911, 1392535]"
"CBN-Pla-C1-20160728","[1361284, 1395807, 1362485]"
"CBN-Pla-C1-20180816","[1395807, 1394911, 1392535]"
"CBN-Pla-C1-20180906","[1392535, 1395807, 1397500]"
"CBN-Pla-C1-20190723","[1392535, 1395807, 1395870]"
"CBN-Pla-C1-20190814","[1395807, 1395870, 1392535]"
"CBN-Pla-C1-20200723","[1395807, 1361284, 1397500]"
"CBN-Pla-C1-20200814","[1395807, 1361284, 1394911]"
"CBN-Pla-C2-20130808","[1395807, 1395870, 1390793]"
"CBN-Pla-C2-20130904","[1361284, 1394643, 1396971]"
"CBN-Pla-C2-20140722","[1390870, 1361347, 1363593]"
"CBN-Pla-C2-20140902","[1361284, 1395870, 1395807]"
"CBN-Pla-C2-20150702","[1390837, 1363526, 1390793]"
"CBN-Pla-C2-20150723","[1395870, 1395807, 1361284]"
"CBN-Pla-C2-20150811","[1395807, 1395870, 1394643]"
"CBN-Pla-C2-20150901","[1395870, 1361347, 1394542]"
"CBN-Pla-C2-20160707","[1390793, 1390837, 1394641]"
"CBN-Pla-C2-20160728","[1361284, 1395807, 1392299]"
"CBN-Pla-C2-20180724","[1390837, 1361347, 1390793]"
"CBN-Pla-C2-20180816","[1395807, 1390837, 1361284]"
"CBN-Pla-C2-20180906","[1361284, 1392299, 1412857]"
"CBN-Pla-C2-20190723","[1395807, 1412857, 1361284]"
"CBN-Pla-C2-20190814","[1392299, 1361284, 1361080]"
"CBN-Pla-C2-20200723","[1395807, 1361284, 1392299]"
"CBN-Pla-C2-20200814","[1361284, 1395807, 1392299]"
"CBN-Pla-C3-20130808","[1395807, 1361284, 1361347]"
"CBN-Pla-C3-20130904","[1395807, 1361284, 1400176]"
"CBN-Pla-C3-20140722","[1390793, 1361077, 1390837]"
"CBN-Pla-C3-20140902","[1395807, 1361284, 1392299]"
"CBN-Pla-C3-20150702","[1390793, 1390837, 1361284]"
"CBN-Pla-C3-20150723","[1395807, 1395870, 1392299]"
"CBN-Pla-C3-20150811","[1395807, 1361284, 1395870]"
"CBN-Pla-C3-20150901","[1395807, 1390793, 1394311]"
"CBN-Pla-C3-20160707","[1390793, 1395807, 1394311]"
"CBN-Pla-C3-20160728","[1395807, 1395870, 1392299]"
"CBN-Pla-C3-20180724","[1390837, 1390793, 1361347]"
"CBN-Pla-C3-20180816","[1395807, 1395870, 1360874]"
"CBN-Pla-C3-20180906","[1395807, 1390793, 1361284]"
"CBN-Pla-C3-20190723","[1395807, 1395870, 1360874]"
"CBN-Pla-C3-20190814","[1395807, 1395870, 1394542]"
"CBN-Pla-C3-20200723","[1395807, 1741880, 1395870]"
"CBN-Pla-C3-20200814","[1395807, 1361284, 1395870]"
"CBN-Pla-C4-20130808","[1395807, 1361284, 1360874]"
"CBN-Pla-C4-20130904","[1395807, 1395868, 1361284]"
"CBN-Pla-C4-20140902","[1395807, 1392299, 1361367]"
"CBN-Pla-C4-20150702","[1390837, 1361057, 1361077]"
"CBN-Pla-C4-20150723","[1395807, 1395870, 1396843]"
"CBN-Pla-C4-20150811","[1395807, 1394311, 1361284]"
"CBN-Pla-C4-20150901","[1395807, 1390793, 1397500]"
"CBN-Pla-C4-20160707","[1395807, 1390793, 1394542]"
"CBN-Pla-C4-20160728","[1395807, 1395870, 1397500]"
"CBN-Pla-C4-20180724","[1390837, 1390793, 1390904]"
"CBN-Pla-C4-20180816","[1395807, 1395868, 1395870]"
"CBN-Pla-C4-20180906","[1395807, 1397500, 1361284]"
"CBN-Pla-C4-20190723","[1395807, 1360874, 1395870]"
"CBN-Pla-C4-20190814","[1395807, 1395870, 1361284]"
"CBN-Pla-C4-20200723","[1395807, 1361077, 1395870]"
"CBN-Pla-C4-20200814","[1395807, 1361284, 1394311]"
"CBN-Pla-C5-20130808","[1395807, 1361284, 1395870]"
"CBN-Pla-C5-20130904","[1395807, 1395870, 1361284]"
"CBN-Pla-C5-20140722","[1390793, 1361347, 1390837]"
"CBN-Pla-C5-20140902","[1395807, 1361284, 1394366]"
"CBN-Pla-C5-20150702","[1390793, 1395807, 1395949]"
"CBN-Pla-C5-20150723","[1395807, 1361284, 1395870]"
"CBN-Pla-C5-20150811","[1395807, 1395870, 1361284]"
"CBN-Pla-C5-20150901","[1395807, 1361347, 1390793]"
"CBN-Pla-C5-20160707","[1395807, 1390793, 1741880]"
"CBN-Pla-C5-20160728","[1395807, 1395870, 1361284]"
"CBN-Pla-C5-20180724","[1390793, 1361281, 1394311]"
"CBN-Pla-C5-20180816","[1395807, 1396974, 1361284]"
"CBN-Pla-C5-20180906","[1395807, 1390793, 1361347]"
"CBN-Pla-C5-20190723","[1395807, 1359835, 1397500]"
"CBN-Pla-C5-20190814","[1395807, 1394311, 1395870]"
"CBN-Pla-C5-20200723","[1395807, 1390793, 1394311]"
"CBN-Pla-C5-20200814","[1395807, 1361284, 1361347]"
"CBN-Pla-C6-20130808","[1395807, 1361347, 1397500]"
"CBN-Pla-C6-20130904","[1395807, 1395870, 1395868]"
"CBN-Pla-C6-20140902","[1395807, 1395870, 1397043]"
"CBN-Pla-C6-20150702","[1390793, 1412857, 1395120]"
"CBN-Pla-C6-20150723","[1395807, 1395870, 1364071]"
"CBN-Pla-C6-20150811","[1395807, 1390793, 1394311]"
"CBN-Pla-C6-20150901","[1395807, 1390793, 1361347]"
"CBN-Pla-C6-20160707","[1395807, 1390793, 1390837]"
"CBN-Pla-C6-20160728","[1395807, 1395870, 1361284]"
"CBN-Pla-C6-20180724","[1390793, 1361347, 1390837]"
"CBN-Pla-C6-20180816","[1395807, 1396974, 1390793]"
"CBN-Pla-C6-20180906","[1395807, 1741880, 1390793]"
"CBN-Pla-C6-20190723","[1395807, 1395870, 1360269]"
"CBN-Pla-C6-20190814","[1395807, 1395870, 1741880]"
"CBN-Pla-C6-20200723","[1395807, 1390793, 1361347]"
"CBN-Pla-C6-20200814","[1395807, 1395870, 1741880]"
"CBN-Pla-D1-20130808","[1395807, 1361347, 1396974]"
"CBN-Pla-D1-20130904","[1395807, 1361284, 1390837]"
"CBN-Pla-D1-20140722","[1390793, 1361347, 1395807]"
"CBN-Pla-D1-20140902","[1395807, 1361284, 1394542]"
"CBN-Pla-D1-20150702","[1361347, 1390793, 1390837]"
"CBN-Pla-D1-20150723","[1395807, 1361284, 1395120]"
"CBN-Pla-D1-20150811","[1395807, 1397500, 1361284]"
"CBN-Pla-D1-20150901","[1395807, 1392299, 1394311]"
"CBN-Pla-D1-20160707","[1390793, 1395807, 1394311]"
"CBN-Pla-D1-20160728","[1395807, 1361284, 1392299]"
"CBN-Pla-D1-20180724","[1361347, 1390904, 1390793]"
"CBN-Pla-D1-20180816","[1395807, 1397043, 1395870]"
"CBN-Pla-D1-20180906","[1395807, 1397500, 1395868]"
"CBN-Pla-D1-20190723","[1395807, 1397500, 1360874]"
"CBN-Pla-D1-20190814","[1395807, 1361284, 1392299]"
"CBN-Pla-D1-20200723","[1395807, 1394542, 1395120]"
"CBN-Pla-D1-20200814","[1395807, 1394643, 1361284]"
"CBN-Pla-D2-20130808","[1395807, 1361347, 1737507]"
"CBN-Pla-D2-20130904","[1395807, 1397500, 1392299]"
"CBN-Pla-D2-20140722","[1361347, 1390793, 1390837]"
"CBN-Pla-D2-20140902","[1361284, 1395807, 1361347]"
"CBN-Pla-D2-20150702","[1390793, 1390837, 1361347]"
"CBN-Pla-D2-20150723","[1395807, 1396843, 1361284]"
"CBN-Pla-D2-20150811","[1395807, 1394641, 1361284]"
"CBN-Pla-D2-20150901","[1395807, 1361347, 1394643]"
"CBN-Pla-D2-20160707","[1412857, 1390837, 1390793]"
"CBN-Pla-D2-20160728","[1395807, 1361347, 1396843]"
"CBN-Pla-D2-20180724","[1394643, 1361347, 1390837]"
"CBN-Pla-D2-20180816","[1395807, 1397500, 1412857]"
"CBN-Pla-D2-20180906","[1395807, 1392299, 1361347]"
"CBN-Pla-D2-20190723","[1395807, 1396843, 1412857]"
"CBN-Pla-D2-20190814","[1361284, 1395807, 1394643]"
"CBN-Pla-D2-20200723","[1395807, 1361284, 1394643]"
"CBN-Pla-D2-20200814","[1395807, 1394643, 1412857]"
"CBN-Pla-D3-20130808","[1395870, 1741880, 1395807]"
"CBN-Pla-D3-20130904","[1395870, 1395807, 1741880]"
"CBN-Pla-D3-20140722","[1390837, 1390870, 1361077]"
"CBN-Pla-D3-20140902","[1395870, 1395807, 1741880]"
"CBN-Pla-D3-20150702","[1395807, 1397500, 1390837]"
"CBN-Pla-D3-20150723","[1397042, 1395870, 1364066]"
"CBN-Pla-D3-20150811","[1395870, 1395807, 1741880]"
"CBN-Pla-D3-20150901","[1395870, 1395807, 1390793]"
"CBN-Pla-D3-20160707","[1395807, 1741880, 1395870]"
"CBN-Pla-D3-20160728","[1395807, 1741880, 1395870]"
"CBN-Pla-D3-20180724","[1361347, 1390793, 1390837]"
"CBN-Pla-D3-20180816","[1395870, 1741880, 1395807]"
"CBN-Pla-D3-20180906","[1395807, 1395870, 1741880]"
"CBN-Pla-D3-20190723","[1395807, 1395870, 1356422]"
"CBN-Pla-D3-20190814","[1395870, 1395807, 1741880]"
"CBN-Pla-D3-20200723","[1395870, 1395807, 1741880]"
"CBN-Pla-D3-20200814","[1395870, 1741880, 1392552]"
"CBN-Pla-D4-20130808","[1395807, 1395870, 1741880]"
"CBN-Pla-D4-20130904","[1395807, 1395870, 1741880]"
"CBN-Pla-D4-20140722","[1390793, 1394311, 1396843]"
"CBN-Pla-D4-20140902","[1395870, 1361347, 1394542]"
"CBN-Pla-D4-20150702","[1390782, 1361367, 1390793]"
"CBN-Pla-D4-20150723","[1395807, 1395870, 1361284]"
"CBN-Pla-D4-20150811","[1395807, 1395870, 1361284]"
"CBN-Pla-D4-20150901","[1395807, 1395870, 1394311]"
"CBN-Pla-D4-20160707","[1395120, 1361367, 1396843]"
"CBN-Pla-D4-20160728","[1395807, 1397043, 1395870]"
"CBN-Pla-D4-20180724","[1390793, 1361281, 1390837]"
"CBN-Pla-D4-20180816","[1395807, 1395870, 1741880]"
"CBN-Pla-D4-20180906","[1395807, 1392299, 1395870]"
"CBN-Pla-D4-20190723","[1395807, 1395870, 1364066]"
"CBN-Pla-D4-20190814","[1395807, 1395870, 1361284]"
"CBN-Pla-D4-20200723","[1395807, 1395870, 1741880]"
"CBN-Pla-D4-20200814","[1395807, 1395870, 1392552]"
"CBN-Pla-D5-20130808","[1395807, 1395870, 1397500]"
"CBN-Pla-D5-20130904","[1395807, 1395870, 1396843]"
"CBN-Pla-D5-20140722","[1390793, 1390904, 1412857]"
"CBN-Pla-D5-20140902","[1395807, 1394311, 1361367]"
"CBN-Pla-D5-20150702","[1395807, 1397500, 1356424]"
"CBN-Pla-D5-20150723","[1395807, 1395870, 1390674]"
"CBN-Pla-D5-20150811","[1395807, 1397500, 1396843]"
"CBN-Pla-D5-20150901","[1395807, 1390793, 1395868]"
"CBN-Pla-D5-20160707","[1395807, 1395870, 1741880]"
"CBN-Pla-D5-20160728","[1395807, 1397500, 1396974]"
"CBN-Pla-D5-20180724","[1390793, 1363526, 1363543]"
"CBN-Pla-D5-20180816","[1395807, 1395868, 1395870]"
"CBN-Pla-D5-20180906","[1395807, 1396974, 1395870]"
"CBN-Pla-D5-20190723","[1395807, 1397500, 1396289]"
"CBN-Pla-D5-20190814","[1395807, 1395870, 1397500]"
"CBN-Pla-D5-20200723","[1395807, 1395870, 1397500]"
"CBN-Pla-D6-20130808","[1395807, 1395868, 1397500]"
"CBN-Pla-D6-20130904","[1395807, 1395870, 1395868]"
"CBN-Pla-D6-20140722","[1395949, 1390793, 1396974]"
"CBN-Pla-D6-20140902","[1395807, 1395870, 1397500]"
"CBN-Pla-D6-20150702","[1395807, 1397500, 1741880]"
"CBN-Pla-D6-20150723","[1395807, 1395870, 1397500]"
"CBN-Pla-D6-20150811","[1395807, 1395870, 1395868]"
"CBN-Pla-D6-20150901","[1395807, 1395868, 1397500]"
"CBN-Pla-D6-20160707","[1395807, 1395870, 1741880]"
"CBN-Pla-D6-20160728","[1395807, 1395870, 1741880]"
"CBN-Pla-D6-20180724","[1390793, 1412857, 1396974]"
"CBN-Pla-D6-20180816","[1395807, 1395870, 1395868]"
"CBN-Pla-D6-20180906","[1395807, 1395870, 1741880]"
"CBN-Pla-D6-20190723","[1395807, 1395870, 1397500]"
"CBN-Pla-D6-20190814","[1395807, 1395868, 1395870]"
"CBN-Pla-D6-20200723","[1395807, 1741880, 1395870]"
"CBN-Pla-D6-20200814","[1395807, 1395868, 1741880]"
"CBN-Pla-E1-20130808","[1392535, 1396843, 1390793]"
"CBN-Pla-E1-20130904","[1361284, 1392535, 1394542]"
"CBN-Pla-E1-20140722","[1392535, 1361367, 1395120]"
"CBN-Pla-E1-20140902","[1361367, 1392535, 1361284]"
"CBN-Pla-E1-20150702","[1390793, 1361281, 1392535]"
"CBN-Pla-E1-20150723","[1361281, 1394643, 1412857]"
"CBN-Pla-E1-20150901","[1394311, 1361347, 1390793]"
"CBN-Pla-E1-20160707","[1394311, 1361347, 1738699]"
"CBN-Pla-E1-20160728","[1728573, 1396144, 1392535]"
"CBN-Pla-E1-20180816","[1741624, 1361347, 1361284]"
"CBN-Pla-E1-20180906","[1647128, 1361284, 1394542]"
"CBN-Pla-E1-20190723","[1392535, 1647128, 1397461]"
"CBN-Pla-E1-20190814","[1647128, 1413349, 1392535]"
"CBN-Pla-E1-20200630","[1395120, 1392535, 1361347]"
"CBN-Pla-E1-20200723","[1394643, 1396843, 1359296]"
"CBN-Pla-E1-20200814","[1647128, 1397046, 1361284]"
"CBN-Pla-E2-20130808","[1390793, 1396253, 1647128]"
"CBN-Pla-E2-20130904","[1396272, 1412857, 1647128]"
"CBN-Pla-E2-20140722","[1741880, 1361077, 1361367]"
"CBN-Pla-E2-20140902","[1361284, 1396253, 1397461]"
"CBN-Pla-E2-20150702","[1396253, 1396144, 1396272]"
"CBN-Pla-E2-20150723","[1396253, 1400176, 1361284]"
"CBN-Pla-E2-20150901","[1396253, 1394311, 1361284]"
"CBN-Pla-E2-20160707","[1396253, 1390837, 1390793]"
"CBN-Pla-E2-20160728","[1396253, 1647128, 1361284]"
"CBN-Pla-E2-20180724","[1390793, 1390837, 1361347]"
"CBN-Pla-E2-20180816","[1396253, 1359296, 1741624]"
"CBN-Pla-E2-20180906","[1396253, 1412857, 1361284]"
"CBN-Pla-E2-20190723","[1396253, 1397461, 1390837]"
"CBN-Pla-E2-20190814","[1647128, 1396253, 1361284]"
"CBN-Pla-E2-20200630","[1396253, 1395120, 1363593]"
"CBN-Pla-E2-20200723","[1396253, 1361284, 1394542]"
"CBN-Pla-E2-20200814","[1396253, 1647128, 1390793]"
"CBN-Pla-E3-20130808","[1396253, 1361284, 1392535]"
"CBN-Pla-E3-20130904","[1396144, 1396253, 1392299]"
"CBN-Pla-E3-20140722","[1361077, 1396144, 1396253]"
"CBN-Pla-E3-20140902","[1392299, 1361284, 1394542]"
"CBN-Pla-E3-20150702","[1396253, 1361347, 1390793]"
"CBN-Pla-E3-20150723","[1396253, 1412857, 1394542]"
"CBN-Pla-E3-20150811","[1396253, 1361284, 1396843]"
"CBN-Pla-E3-20150901","[1394311, 1396843, 1396253]"
"CBN-Pla-E3-20160707","[1394311, 1390793, 1361347]"
"CBN-Pla-E3-20160728","[1396253, 1361284, 1392299]"
"CBN-Pla-E3-20180724","[1390837, 1361281, 1390793]"
"CBN-Pla-E3-20180816","[1396253, 1397043, 1361284]"
"CBN-Pla-E3-20180906","[1412857, 1361284, 1361347]"
"CBN-Pla-E3-20190723","[1396253, 1392535, 1394542]"
"CBN-Pla-E3-20190814","[1396253, 1361284, 1394542]"
"CBN-Pla-E3-20200630","[1393703, 1390793, 1390837]"
"CBN-Pla-E3-20200723","[1396253, 1392535, 1396843]"
"CBN-Pla-E3-20200814","[1361347, 1412857, 1361284]"
"CBN-Pla-E4-20130808","[1396843, 1394643, 1390793]"
"CBN-Pla-E4-20130904","[1396843, 1395120, 1361284]"
"CBN-Pla-E4-20140722","[1390870, 1361077, 1392535]"
"CBN-Pla-E4-20140902","[1361347, 1396843, 1361284]"
"CBN-Pla-E4-20150702","[1361347, 1390793, 1361284]"
"CBN-Pla-E4-20150811","[1396843, 1361284, 1361367]"
"CBN-Pla-E4-20150901","[1394311, 1361347, 1361284]"
"CBN-Pla-E4-20160707","[1395120, 1396253, 1390837]"
"CBN-Pla-E4-20160728","[1361347, 1396843, 1361284]"
"CBN-Pla-E4-20180724","[1361347, 1390793, 1361284]"
"CBN-Pla-E4-20180816","[1396253, 1395807, 1396843]"
"CBN-Pla-E4-20180906","[1396843, 1390837, 1361284]"
"CBN-Pla-E4-20190723","[1395807, 1396843, 1361284]"
"CBN-Pla-E4-20190814","[1396843, 1394311, 1361284]"
"CBN-Pla-E4-20200630","[1390782, 1363526, 1396416]"
"CBN-Pla-E4-20200723","[1395807, 1395870, 1361284]"
"CBN-Pla-E4-20200814","[1395807, 1361347, 1361284]"
"CBN-Pla-E5-20130808","[1395807, 1392535, 1361347]"
"CBN-Pla-E5-20130904","[1361284, 1392299, 1395807]"
"CBN-Pla-E5-20140722","[1390870, 1361347, 1392535]"
"CBN-Pla-E5-20140902","[1361284, 1361347, 1395807]"
"CBN-Pla-E5-20150702","[1392535, 1361347, 1394911]"
"CBN-Pla-E5-20150723","[1361284, 1396843, 1392299]"
"CBN-Pla-E5-20150811","[1361347, 1395807, 1361284]"
"CBN-Pla-E5-20150901","[1361347, 1395807, 1394643]"
"CBN-Pla-E5-20160707","[1361347, 1390793, 1392535]"
"CBN-Pla-E5-20160728","[1361347, 1412857, 1392535]"
"CBN-Pla-E5-20180724","[1361347, 1394603, 1394598]"
"CBN-Pla-E5-20180816","[1392535, 1395807, 1361347]"
"CBN-Pla-E5-20180906","[1392535, 1395807, 1361284]"
"CBN-Pla-E5-20190723","[1395807, 1394911, 1392535]"
"CBN-Pla-E5-20190814","[1361284, 1395807, 1392299]"
"CBN-Pla-E5-20200630","[1363274, 1395807, 1361113]"
"CBN-Pla-E5-20200723","[1395807, 1412857, 1392535]"
"CBN-Pla-E5-20200814","[1395807, 1412857, 1362482]"
"CBN-Pla-E6-20130808","[1395807, 1361284, 1361347]"
"CBN-Pla-E6-20130904","[1395807, 1397500, 1361284]"
"CBN-Pla-E6-20140722","[1412857, 1390793, 1390870]"
"CBN-Pla-E6-20140902","[1395807, 1361284, 1361347]"
"CBN-Pla-E6-20150702","[1390793, 1390837, 1412857]"
"CBN-Pla-E6-20150723","[1395807, 1361284, 1392299]"
"CBN-Pla-E6-20150811","[1395807, 1395870, 1361347]"
"CBN-Pla-E6-20150901","[1395807, 1361347, 1392299]"
"CBN-Pla-E6-20160707","[1741880, 1390793, 1395807]"
"CBN-Pla-E6-20160728","[1395807, 1364071, 1361284]"
"CBN-Pla-E6-20180724","[1394643, 1361347, 1363593]"
"CBN-Pla-E6-20180816","[1395807, 1412857, 1361347]"
"CBN-Pla-E6-20180906","[1361284, 1395807, 1394643]"
"CBN-Pla-E6-20190723","[1395807, 1361284, 1361347]"
"CBN-Pla-E6-20190814","[1395807, 1392299, 1395870]"
"CBN-Pla-E6-20200723","[1395807, 1395870, 1394641]"
"CBN-Pla-E6-20200814","[1395807, 1361284, 1359296]"
"CBN-Pla-F1-20130808","[1391488, 1647128, 1395120]"
"CBN-Pla-F1-20130904","[1361284, 1391488, 1395120]"
"CBN-Pla-F1-20140722","[1395120, 1395807, 1390837]"
"CBN-Pla-F1-20140902","[1361284, 1392299, 1397461]"
"CBN-Pla-F1-20150702","[1413349, 1361284, 1647128]"
"CBN-Pla-F1-20150723","[1647128, 1361284, 1363526]"
"CBN-Pla-F1-20150901","[1394311, 1361347, 1361284]"
"CBN-Pla-F1-20160707","[1393679, 1361284, 1395120]"
"CBN-Pla-F1-20160728","[1741624, 1647128, 1359296]"
"CBN-Pla-F1-20180724","[1361284, 1390793, 1396416]"
"CBN-Pla-F1-20180816","[1359296, 1741624, 1412585]"
"CBN-Pla-F1-20180906","[1728573, 1394479, 1361347]"
"CBN-Pla-F1-20190723","[1363526, 1395120, 1361284]"
"CBN-Pla-F1-20190814","[1361284, 1396416, 1363526]"
"CBN-Pla-F1-20200630","[1390870, 1396416, 1396843]"
"CBN-Pla-F1-20200723","[1359296, 1393646, 1357148]"
"CBN-Pla-F1-20200814","[1728573, 1361284, 1396843]"
"CBN-Pla-F2-20130808","[1412857, 1397461, 1394542]"
"CBN-Pla-F2-20130904","[1647128, 1397461, 1361284]"
"CBN-Pla-F2-20140722","[1361367, 1395120, 1412857]"
"CBN-Pla-F2-20140902","[1361284, 1361367, 1737651]"
"CBN-Pla-F2-20150702","[1390793, 1361347, 1361284]"
"CBN-Pla-F2-20150723","[1412857, 1741624, 1361347]"
"CBN-Pla-F2-20150901","[1394311, 1390793, 1412857]"
"CBN-Pla-F2-20160707","[1361347, 1361284, 1412857]"
"CBN-Pla-F2-20160728","[1390793, 1394643, 1361347]"
"CBN-Pla-F2-20180724","[1361057, 1390837, 1390793]"
"CBN-Pla-F2-20180816","[1359296, 1361284, 1361057]"
"CBN-Pla-F2-20180906","[1412857, 1390793, 1361057]"
"CBN-Pla-F2-20190723","[1412857, 1395120, 1361284]"
"CBN-Pla-F2-20190814","[1361284, 1390782, 1363526]"
"CBN-Pla-F2-20200630","[1395120, 1363593, 1396843]"
"CBN-Pla-F2-20200723","[1390782, 1363526, 1394643]"
"CBN-Pla-F2-20200814","[1390793, 1361284, 1390837]"
"CBN-Pla-F3-20130808","[1361284, 1392535, 1396416]"
"CBN-Pla-F3-20130904","[1361284, 1394643, 1394542]"
"CBN-Pla-F3-20140722","[1390870, 1412857, 1361367]"
"CBN-Pla-F3-20140902","[1647128, 1361367, 1361284]"
"CBN-Pla-F3-20150702","[1361281, 1361347, 1390793]"
"CBN-Pla-F3-20150723","[1361284, 1392299, 1741624]"
"CBN-Pla-F3-20150811","[1647128, 1394643, 1361284]"
"CBN-Pla-F3-20150901","[1394311, 1412857, 1392299]"
"CBN-Pla-F3-20160707","[1390793, 1361347, 1394311]"
"CBN-Pla-F3-20160728","[1361284, 1392299, 1400176]"
"CBN-Pla-F3-20180724","[1390837, 1361347, 1390793]"
"CBN-Pla-F3-20180816","[1741624, 1361284, 1392535]"
"CBN-Pla-F3-20180906","[1392299, 1361281, 1361284]"
"CBN-Pla-F3-20190723","[1394641, 1412857, 1361284]"
"CBN-Pla-F3-20190814","[1361284, 1392299, 1394444]"
"CBN-Pla-F3-20200630","[1412857, 1363526, 1390837]"
"CBN-Pla-F3-20200723","[1361284, 1392535, 1412857]"
"CBN-Pla-F3-20200814","[1647128, 1412857, 1390793]"
"CBN-Pla-F4-20130808","[1395807, 1394641, 1394643]"
"CBN-Pla-F4-20130904","[1361284, 1362363, 1391786]"
"CBN-Pla-F4-20140722","[1390837, 1361077, 1396144]"
"CBN-Pla-F4-20150723","[1395807, 1647128, 1412857]"
"CBN-Pla-F4-20150811","[1647128, 1361284, 1361347]"
"CBN-Pla-F4-20150901","[1361347, 1394311, 1412857]"
"CBN-Pla-F4-20160707","[1412857, 1390793, 1361284]"
"CBN-Pla-F4-20160728","[1412857, 1394311, 1361284]"
"CBN-Pla-F4-20180724","[1390837, 1361057, 1390793]"
"CBN-Pla-F4-20180816","[1412857, 1390837, 1361284]"
"CBN-Pla-F4-20180906","[1412857, 1361284, 1392299]"
"CBN-Pla-F4-20190723","[1394641, 1361284, 1394643]"
"CBN-Pla-F4-20190814","[1361284, 1412857, 1392299]"
"CBN-Pla-F4-20200630","[1363526, 1363452, 1412857]"
"CBN-Pla-F4-20200723","[1395807, 1361284, 1394643]"
"CBN-Pla-F4-20200814","[1412857, 1361284, 1361347]"
"CBN-Pla-F5-20130808","[1361347, 1396253, 1361284]"
"CBN-Pla-F5-20130904","[1396253, 1361284, 1396843]"
"CBN-Pla-F5-20140722","[1390870, 1390793, 1361347]"
"CBN-Pla-F5-20140902","[1392299, 1361284, 1390837]"
"CBN-Pla-F5-20150702","[1390793, 1361284, 1390837]"
"CBN-Pla-F5-20150723","[1361284, 1395807, 1396253]"
"CBN-Pla-F5-20150811","[1361284, 1395807, 1392299]"
"CBN-Pla-F5-20150901","[1392299, 1395807, 1361347]"
"CBN-Pla-F5-20160707","[1395807, 1390793, 1390837]"
"CBN-Pla-F5-20160728","[1395807, 1361284, 1400176]"
"CBN-Pla-F5-20180724","[1390837, 1363526, 1361284]"
"CBN-Pla-F5-20180816","[1395807, 1390837, 1361284]"
"CBN-Pla-F5-20180906","[1392299, 1395807, 1361284]"
"CBN-Pla-F5-20190723","[1361284, 1396253, 1395807]"
"CBN-Pla-F5-20190814","[1400176, 1395807, 1392299]"
"CBN-Pla-F5-20200723","[1395807, 1390837, 1361284]"
"CBN-Pla-F5-20200814","[1396253, 1395807, 1361284]"
"CBN-Pla-F6-20130808","[1395807, 1396253, 1395870]"
"CBN-Pla-F6-20130904","[1396843, 1395807, 1356278]"
"CBN-Pla-F6-20140722","[1363526, 1361347, 1390782]"
"CBN-Pla-F6-20140902","[1361284, 1361347, 1392299]"
"CBN-Pla-F6-20150702","[1390837, 1363526, 1361284]"
"CBN-Pla-F6-20150723","[1396253, 1395807, 1361284]"
"CBN-Pla-F6-20150811","[1396843, 1361347, 1361284]"
"CBN-Pla-F6-20150901","[1361347, 1395807, 1361284]"
"CBN-Pla-F6-20160707","[1390837, 1396253, 1363526]"
"CBN-Pla-F6-20160728","[1395807, 1361284, 1361347]"
"CBN-Pla-F6-20180724","[1390837, 1361347, 1390870]"
"CBN-Pla-F6-20180816","[1517561, 1395807, 1361284]"
"CBN-Pla-F6-20180906","[1396253, 1361347, 1360312]"
"CBN-Pla-F6-20190723","[1396843, 1396253, 1361284]"
"CBN-Pla-F6-20190814","[1361284, 1396843, 1363526]"
"CBN-Pla-F6-20200723","[1395807, 1396843, 1361284]"
"CBN-Pla-F6-20200814","[1395807, 1396253, 1361284]"
"CBN-Pyr-01-20230706","[1396843, 1361284, 1392299]"
"CBN-Pyr-03-20230706","[1395949, 1359296, 1741624]"
"CBN-can-A1-20230705","[1392608, 1412857, 1395807]"
"CBN-can-A2-20230705","[1395807, 1412857, 1397123]"
"CBN-can-A3-20230705","[1392608, 1393200, 1412857]"
"CBN-can-A5-20230705","[1397475, 1395807, 1392535]"
"CBN-can-A6-20230705","[1397475, 1360590, 1400101]"
"CBN-can-B1-20230705","[1392608, 1395807, 1360299]"
"CBN-can-B2-20230705","[1392608, 1400101, 1361801]"
"CBN-can-B3-20230705","[1412857, 1393200, 1394643]"
"CBN-can-B4-20230705","[1397475, 1393200, 1395190]"
"CBN-can-B5-20230705","[1397475, 1395807, 1400101]"
"CBN-can-B6-20230705","[1397475, 1395807, 1393679]"
"CBN-can-C1-20230705","[1395807, 1364066, 1360874]"
"CBN-can-C2-20230705","[1395807, 1361347, 1393200]"
"CBN-can-C3-20230705","[1364066, 1395807, 1364071]"
"CBN-can-C4-20230705","[1395807, 1364066, 1393708]"
"CBN-can-D1-20230705","[1395807, 1364071, 1393708]"
"CBN-can-D2-20230705","[1395807, 1412857, 1364071]"
"CBN-can-D3-20230705","[1395807, 1393200, 1364066]"
"CBN-can-D4-20230705","[1395807, 1400101, 1397043]"
"CBN-can-E1-20230706","[1392608, 1395807, 1361284]"
"CBN-can-E2-20230706","[1395807, 1361284, 1395870]"
"CBN-can-E3-20230706","[1361284, 1397430, 1395807]"
"CBN-can-E4-20230706","[1395807, 1361284, 1393681]"
"CBN-can-E5-20230706","[1392608, 1364071, 1392552]"
"CBN-can-E6-20230706","[1395807, 1392535, 1392534]"
"CBN-can-F1-20230705","[1395807, 1392535, 1392552]"
"CBN-can-F2-20230706","[1395807, 1361284, 1392299]"
"CBN-can-F3-20230706","[1395807, 1361284, 1361050]"
"CBN-can-F4-20230706","[1361284, 1393708, 1397430]"
"CBN-can-F5-20230706","[1392608, 1361284, 1392299]"
"GUARDEN-AMB-CF04-1-10-20240325","[1359344, 1363302, 1359297]"
"GUARDEN-AMB-CF04-1-5-20240325","[1363882, 1363302, 1360978]"
"GUARDEN-AMB-CF21-1-1-20240326","[1388812, 1363302, 1361824]"
"GUARDEN-AMB-CF21-1-10-20240326","[1363302, 1722619, 1361824]"
"GUARDEN-AMB-CF21-1-2-20240326","[1722441, 1360719, 1363302]"
"GUARDEN-AMB-CF21-1-3-20240326","[1359344, 1363302, 1722441]"
"GUARDEN-AMB-CF21-1-4-20240326","[1359344, 1363302, 1359297]"
"GUARDEN-AMB-CF21-1-5-20240326","[1359344, 1359297, 1363733]"
"GUARDEN-AMB-CF21-1-6-20240326","[1359344, 1722619, 1359297]"
"GUARDEN-AMB-CF21-1-7-20240326","[1722619, 1363302, 1390761]"
"GUARDEN-AMB-CF21-1-8-20240326","[1359344, 1363302, 1722619]"
"GUARDEN-AMB-CF21-1-9-20240326","[1722619, 1362251, 1359082]"
"GUARDEN-AMB-GV04-1-3-20240326","[1359297, 1359344, 1359298]"
"GUARDEN-AMB-GV04-1-4-20240326","[1359297, 1359298, 1359344]"
"GUARDEN-AMB-GV04-1-5-20240326","[1359297, 1359298, 1359169]"
"GUARDEN-AMB-GV04-1-6-20240326","[1359297, 1359298, 1359169]"
"GUARDEN-AMB-GV04-1-7-20240326","[1359297, 1743245, 1359298]"
"GUARDEN-AMB-PR13-1-10-20240417","[1359297, 1359298, 1359344]"
"GUARDEN-AMB-PR13-1-2-20240417","[1721018, 1360701, 1722578]"
"GUARDEN-AMB-PR13-1-3-20240417","[1721018, 1360701, 1359297]"
"GUARDEN-AMB-PR13-1-4-20240417","[1721018, 1722433, 1364037]"
"GUARDEN-AMB-PR13-1-8-20240417","[1359297, 1359344, 1359298]"
"GUARDEN-AMB-PR20-1-1-20240424","[1722433, 1722441, 1393522]"
"GUARDEN-AMB-PR20-1-10-20240424","[1359297, 1359298, 1743245]"
"GUARDEN-AMB-PR20-1-8-20240424","[1359297, 1359344, 1391491]"
"GUARDEN-AMB-SA03-1-1-20240626","[1359344, 1722433, 1722441]"
"GUARDEN-AMB-SA03-1-10-20240626","[1742852, 1359658, 1391488]"
"GUARDEN-AMB-SA03-1-2-20240626","[1359344, 1722441, 1359297]"
"GUARDEN-AMB-SA03-1-3-20240626","[1359344, 1359297, 1722619]"
"GUARDEN-AMB-SA03-1-4-20240626","[1359344, 1359297, 1722441]"
"GUARDEN-AMB-SA03-1-5-20240626","[1359344, 1359297, 1359413]"
"GUARDEN-AMB-SA03-1-9-20240626","[1359297, 1359298, 1359344]"
"GUARDEN-AMB-VC03-1-3-20240417","[1359344, 1356905, 1359297]"
"GUARDEN-AMB-VC03-1-4-20240417","[1359344, 1356905, 1359297]"
"GUARDEN-AMB-VC03-1-5-20240417","[1359297, 1359298, 1359169]"
"GUARDEN-AMB-VC03-1-6-20240417","[1359297, 1359344, 1359298]"
"GUARDEN-CBNMed-10-1-16-34-20240429","[1358503, 1392024, 1722409]"
"GUARDEN-CBNMed-10-10-17-19-20240429","[1358613, 1360260, 1359678]"
"GUARDEN-CBNMed-10-5-16-55-20240429","[1358503, 1356785, 1357111]"
"GUARDEN-CBNMed-10-6-17-02-20240429","[1358613, 1356785, 1360260]"
"GUARDEN-CBNMed-10-7-17-05-20240429","[1358613, 1357111, 1357099]"
"GUARDEN-CBNMed-10-8-17-11-20240429","[1358613, 1360260, 1358821]"
"GUARDEN-CBNMed-10-9-17-16-20240429","[1358613, 1358503, 1359435]"
"GUARDEN-CBNMed-14-3-9-45-20240429","[1364048, 1359678, 1356728]"
"GUARDEN-CBNMed-14-4-9-49-20240429","[1359676, 1359161, 1359677]"
"GUARDEN-CBNMed-14-9-10-09-20240429","[1359676, 1359677, 1359678]"
"GUARDEN-CBNMed-15-10-12-17-20240429","[1361129, 1363501, 1361394]"
"GUARDEN-CBNMed-15-5-11-44-20240429","[1364171, 1363468, 1363467]"
"GUARDEN-CBNMed-15-7-12-02-20240429","[1363467, 1363468, 1361190]"
"GUARDEN-CBNMed-15-9-12-15-20240429","[1361394, 1361315, 1363501]"
"GUARDEN-CBNMed-16-1-13-37-20240429","[1722409, 1744243, 1388990]"
"GUARDEN-CBNMed-16-10-14-33-20240429","[1722409, 1359548, 1744243]"
"GUARDEN-CBNMed-16-2-13-45-20240429","[1359548, 1363707, 1388990]"
"GUARDEN-CBNMed-16-3-13-51-20240429","[1359548, 1363707, 1722409]"
"GUARDEN-CBNMed-16-4-13-57-20240429","[1722409, 1744243, 1363707]"
"GUARDEN-CBNMed-16-6-14-07-20240429","[1722409, 1744243, 1357098]"
"GUARDEN-CBNMed-16-7-14-1-20240429","[1722409, 1744243, 1744279]"
"GUARDEN-CBNMed-16-8-14-14-20240429","[1722409, 1744243, 1360999]"
"GUARDEN-CBNMed-17-3-10-56-20240429","[1361106, 1360385, 1363275]"
"GUARDEN-CBNMed-17-5-11-2-20240429","[1363212, 1361106, 1360816]"
"GUARDEN-CBNMed-19-1-15-24-20240429","[1361926, 1396055, 1357743]"
"GUARDEN-CBNMed-19-10-16-02-20240429","[1361926, 1396055, 1396063]"
"GUARDEN-CBNMed-19-2-15-31-20240429","[1361315, 1363413, 1361394]"
"GUARDEN-CBNMed-19-3-15-35-20240429","[1363468, 1363501, 1363467]"
"GUARDEN-CBNMed-19-4-15-39-20240429","[1361926, 1396055, 1396063]"
"GUARDEN-CBNMed-19-5-15-44-20240429","[1361926, 1396055, 1396063]"
"GUARDEN-CBNMed-19-6-15-48-20240429","[1361926, 1363413, 1396055]"
"GUARDEN-CBNMed-19-7-15-51-20240429","[1361926, 1358478, 1396055]"
"GUARDEN-CBNMed-19-8-15-53-20240429","[1357815, 1364168, 1359521]"
"GUARDEN-CBNMed-19-9-15-58-20240429","[1361926, 1396055, 1396063]"
"GUARDEN-CBNMed-20-1-9-35-20240428","[1360443, 1360445, 1364040]"
"GUARDEN-CBNMed-20-10-10-31-20240428","[1357114, 1359216, 1360999]"
"GUARDEN-CBNMed-20-8-10-19-20240428","[1360999, 1363275, 1356397]"
"GUARDEN-CBNMed-20-9-10-23-20240428","[1357114, 1360999, 1398721]"
"GUARDEN-CBNMed-21-10-11-42-20240428","[1388990, 1356108, 1360945]"
"GUARDEN-CBNMed-21-2-11-07-20240428","[1357114, 1397376, 1360999]"
"GUARDEN-CBNMed-21-3-11-09-20240428","[1393365, 1357114, 1357122]"
"GUARDEN-CBNMed-21-6-11-17-20240428","[1388990, 1743245, 1357114]"
"GUARDEN-CBNMed-21-8-11-23-20240428","[1357114, 1356108, 1357122]"
"GUARDEN-CBNMed-21-9-11-32-20240428","[1388990, 1356108, 1743245]"
"GUARDEN-CBNMed-22-1-13-39-20240428","[1370637, 1360054, 1363191]"
"GUARDEN-CBNMed-22-10-14-48-20240428","[1426004, 1356086, 1360006]"
"GUARDEN-CBNMed-22-2-14-05-20240428","[1722522, 1363191, 1722521]"
"GUARDEN-CBNMed-22-5-14-21-20240428","[1722522, 1363191, 1722521]"
"GUARDEN-CBNMed-22-6-14-23-20240428","[1722522, 1363191, 1722521]"
"GUARDEN-CBNMed-22-7-14-25-20240428","[1722522, 1363191, 1363165]"
"GUARDEN-CBNMed-22-9-14-42-20240428","[1722522, 1360006, 1722625]"
"GUARDEN-CBNMed-23-1-9-56-20240428","[1360999, 1363275, 1363287]"
"GUARDEN-CBNMed-23-10-10-42-20240428","[1357630, 1357911, 1359216]"
"GUARDEN-CBNMed-23-3-10-14-20240428","[1357911, 1357114, 1357277]"
"GUARDEN-CBNMed-23-4-10-17-20240428","[1356108, 1357911, 1743245]"
"GUARDEN-CBNMed-23-5-10-21-20240428","[1360999, 1363275, 1360711]"
"GUARDEN-CBNMed-23-6-10-24-20240428","[1393365, 1361824, 1360999]"
"GUARDEN-CBNMed-23-7-10-28-20240428","[1393365, 1360999, 1357630]"
"GUARDEN-CBNMed-23-8-10-34-20240428","[1356108, 1743245, 1357277]"
"GUARDEN-CBNMed-23-9-10-39-20240428","[1356108, 1357911, 1743245]"
"GUARDEN-CBNMed-24-10-13-06-20240428","[1388990, 1361315, 1361284]"
"GUARDEN-CBNMed-24-2-12-04-20240428","[1362462, 1556750, 1393584]"
"GUARDEN-CBNMed-24-3-12-15-20240428","[1357351, 1360437, 1357951]"
"GUARDEN-CBNMed-24-5-12-36-20240428","[1357351, 1362429, 1437978]"
"GUARDEN-CBNMed-24-6-12-46-20240428","[1357351, 1360711, 1360437]"
"GUARDEN-CBNMed-24-7-12-54-20240428","[1360715, 1360709, 1393921]"
"GUARDEN-CBNMed-24-8-14-58-20240428","[1360711, 1357351, 1360715]"
"GUARDEN-CBNMed-24-9-13-02-20240428","[1388990, 1360711, 1392931]"
"GUARDEN-CBNMed-25-1-13-52-20240428","[1394527, 1360739, 1363232]"
"GUARDEN-CBNMed-25-10-14-49-20240428","[1357743, 1357981, 1394527]"
"GUARDEN-CBNMed-25-2-13-57-20240428","[1388990, 1394527, 1363526]"
"GUARDEN-CBNMed-25-3-14-06-20240428","[1394527, 1357815, 1397420]"
"GUARDEN-CBNMed-25-4-14-15-20240428","[1357743, 1394527, 1357815]"
"GUARDEN-CBNMed-25-7-14-28-20240428","[1357981, 1357968, 1360443]"
"GUARDEN-CBNMed-25-8-14-39-20240428","[1357981, 1357743, 1357968]"
"GUARDEN-CBNMed-25-9-14-43-20240428","[1357981, 1357968, 1356069]"
"GUARDEN-CBNMed-26-10-10-01-20240428","[1359344, 1363526, 1397225]"
"GUARDEN-CBNMed-26-6-9-34-20240428","[1738652, 1722619, 1743249]"
"GUARDEN-CBNMed-26-8-9-45-20240428","[1359344, 1359297, 1722441]"
"GUARDEN-CBNMed-26-9-9-48-20240428","[1359344, 1359297, 1722441]"
"GUARDEN-CBNMed-27-1-11-17-20240428","[1393547, 1360054, 1370637]"
"GUARDEN-CBNMed-27-10-11-55-20240428","[1393547, 1722522, 1360059]"
"GUARDEN-CBNMed-27-2-11-32-20240428","[1360054, 1370637, 1357705]"
"GUARDEN-CBNMed-27-3-11-36-20240428","[1722522, 1363191, 1722521]"
"GUARDEN-CBNMed-27-4-11-39-20240428","[1722522, 1363191, 1722521]"
"GUARDEN-CBNMed-27-5-11-4-20240428","[1722522, 1363191, 1722521]"
"GUARDEN-CBNMed-27-6-11-42-20240428","[1722522, 1722521, 1722625]"
"GUARDEN-CBNMed-27-7-11-43-20240428","[1722522, 1363191, 1722625]"
"GUARDEN-CBNMed-27-8-11-45-20240428","[1722522, 1363191, 1722521]"
"GUARDEN-CBNMed-27-9-11-47-20240428","[1363191, 1391427, 1529116]"
"GUARDEN-CBNMed-28-1-12-46-20240428","[1722522, 1363191, 1722521]"
"GUARDEN-CBNMed-28-10-13-23-20240428","[1357705, 1395940, 1397505]"
"GUARDEN-CBNMed-28-2-12-48-20240428","[1722522, 1363191, 1360006]"
"GUARDEN-CBNMed-28-3-12-51-20240428","[1722522, 1363191, 1722521]"
"GUARDEN-CBNMed-28-4-12-52-20240428","[1357705, 1722522, 1360054]"
"GUARDEN-CBNMed-28-5-13-02-20240428","[1360054, 1357705, 1363165]"
"GUARDEN-CBNMed-28-6-13-06-20240428","[1357705, 1722522, 1722521]"
"GUARDEN-CBNMed-28-7-13-11-20240428","[1357705, 1722522, 1363191]"
"GUARDEN-CBNMed-28-8-13-14-20240428","[1357705, 1737429, 1397505]"
"GUARDEN-CBNMed-28-9-13-17-20240428","[1357705, 1722522, 1363191]"
"GUARDEN-CBNMed-29-6-14-31-20240428","[1360719, 1359344, 1357227]"
"GUARDEN-CBNMed-29-7-14-34-20240428","[1360719, 1360701, 1361412]"
"GUARDEN-CBNMed-30-1-16-07-20240428","[1361953, 1357401, 1361959]"
"GUARDEN-CBNMed-30-10-16-41-20240428","[1359344, 1357227, 1361412]"
"GUARDEN-CBNMed-30-2-16-23-20240428","[1359344, 1357227, 1359297]"
"GUARDEN-CBNMed-30-4-16-3-20240428","[1357227, 1394664, 1396883]"
"GUARDEN-CBNMed-30-6-16-34-20240428","[1357227, 1359344, 1394664]"
"GUARDEN-CBNMed-30-7-16-35-20240428","[1359344, 1357227, 1359297]"
"GUARDEN-CBNMed-30-8-16-37-20240428","[1357227, 1359344, 1396883]"
"GUARDEN-CBNMed-30-9-16-4-20240428","[1357227, 1359344, 1394664]"
"GUARDEN-CBNMed-31-1-9-37-20240428","[1393770, 1359952, 1359965]"
"GUARDEN-CBNMed-31-10-10-06-20240428","[1414353, 1422217, 1722578]"
"GUARDEN-CBNMed-31-2-9-4-20240428","[1355977, 1393770, 1363433]"
"GUARDEN-CBNMed-31-3-9-44-20240428","[1393770, 1738610, 1737651]"
"GUARDEN-CBNMed-31-4-9-48-20240428","[1357227, 1355977, 1393770]"
"GUARDEN-CBNMed-31-5-9-51-20240428","[1393770, 1396726, 1359009]"
"GUARDEN-CBNMed-31-6-9-54-20240428","[1393770, 1396726, 1359009]"
"GUARDEN-CBNMed-31-7-9-56-20240428","[1393770, 1722578, 1738610]"
"GUARDEN-CBNMed-31-8-10-20240428","[1359009, 1393770, 1722578]"
"GUARDEN-CBNMed-31-9-10-02-20240428","[1393770, 1357227, 1722578]"
"GUARDEN-CBNMed-32-1-11-46-20240428","[1359009, 1357630, 1399609]"
"GUARDEN-CBNMed-32-10-13-12-20240428","[1393770, 1359009, 1359965]"
"GUARDEN-CBNMed-32-2-11-58-20240428","[1359009, 1359952, 1396726]"
"GUARDEN-CBNMed-32-3-12-01-20240428","[1359009, 1393770, 1396726]"
"GUARDEN-CBNMed-32-4-12-12-20240428","[1359009, 1396726, 1358968]"
"GUARDEN-CBNMed-32-9-13-07-20240428","[1359965, 1393770, 1359952]"
"GUARDEN-CBNMed-33-1-14-48-20240428","[1357630, 1399609, 1397398]"
"GUARDEN-CBNMed-33-10-15-59-20240428","[1357004, 1363526, 1363882]"
"GUARDEN-CBNMed-33-2-15-01-20240428","[1357630, 1399609, 1397398]"
"GUARDEN-CBNMed-33-3-15-04-20240428","[1357630, 1399609, 1397398]"
"GUARDEN-CBNMed-33-4-15-26-20240428","[1742400, 1742109, 1361412]"
"GUARDEN-CBNMed-33-5-15-29-20240428","[1357630, 1399609, 1397398]"
"GUARDEN-CBNMed-33-6-15-36-20240428","[1357630, 1397398, 1399609]"
"GUARDEN-CBNMed-33-7-15-43-20240428","[1357004, 1397398, 1357025]"
"GUARDEN-CBNMed-33-8-15-5-20240428","[1357630, 1397398, 1399609]"
"GUARDEN-CBNMed-33-9-15-56-20240428","[1358349, 1357630, 1397398]"
"GUARDEN-CBNMed-38-1-12-58-20240428","[1395162, 1395158, 1395168]"
"GUARDEN-CBNMed-38-4-14-39-20240428","[1395168, 1395162, 1395169]"
"GUARDEN-CBNMed-38-6-15-04-20240428","[1395168, 1395169, 1395162]"
"GUARDEN-CBNMed-39-10-12-02-20240531","[1360711, 1361284, 1395158]"
"GUARDEN-CBNMed-39-7-11-3-20240531","[1414354, 1356066, 1394627]"
"GUARDEN-CBNMed-39-8-11-39-20240531","[1363461, 1722436, 1361284]"
"GUARDEN-CBNMed-39-9-11-5-20240531","[1363475, 1361284, 1360188]"
"GUARDEN-CBNMed-44-7-12-03-20240629","[1392059, 1361077, 1392067]"
"GUARDEN-CBNMed-5-1-12-38-20240430","[1414366, 1363501, 1356268]"
"GUARDEN-CBNMed-5-10-13-32-20240430","[1414366, 1414353, 1362406]"
"GUARDEN-CBNMed-5-2-12-45-20240430","[1414366, 1720971, 1414354]"
"GUARDEN-CBNMed-5-3-12-56-20240430","[1720971, 1392637, 1363459]"
"GUARDEN-CBNMed-5-4-13-20240430","[1414366, 1361316, 1363475]"
"GUARDEN-CBNMed-5-5-13-04-20240430","[1361316, 1363475, 1363501]"
"GUARDEN-CBNMed-5-6-13-07-20240430","[1414366, 1363458, 1414353]"
"GUARDEN-CBNMed-5-7-13-17-20240430","[1414366, 1361316, 1362406]"
"GUARDEN-CBNMed-5-8-13-22-20240430","[1414366, 1361316, 1361157]"
"GUARDEN-CBNMed-5-9-13-27-20240430","[1361316, 1363501, 1363490]"
"GUARDEN-CBNMed-6-9-15-28-20240430","[1360399, 1392438, 1359562]"
"GUARDEN-CBNMed-8-10-12-59-20240429","[1358613, 1360260, 1359678]"
"GUARDEN-CBNMed-8-4-12-33-20240429","[1722409, 1744243, 1359548]"
"GUARDEN-CBNMed-8-8-12-51-20240429","[1361000, 1363707, 1359548]"
"GUARDEN-CBNMed-8-9-12-56-20240429","[1358613, 1361000, 1360260]"
"GUARDEN-CBNMed-9-10-16-16-20240429","[1359548, 1363707, 1358613]"
"GUARDEN-CBNMed-9-2-15-46-20240429","[1358511, 1358509, 1361800]"
"GUARDEN-CBNMed-9-6-16-04-20240429","[1358613, 1356576, 1364100]"
"GUARDEN-CBNMed-9-7-16-06-20240429","[1358613, 1356576, 1364100]"
"GUARDEN-CBNMed-9-8-16-08-20240429","[1358613, 1361005, 1396186]"
"GUARDEN-CBNMed-9-9-16-14-20240429","[1358613, 1359548, 1363707]"
"LISAH-BOU-0-10-20230523","[1363835, 1363850, 1357351]"
"LISAH-BOU-0-101-20240425","[1425238, 1363731, 1363730]"
"LISAH-BOU-0-104-20240502","[1356276, 1356464, 1397608]"
"LISAH-BOU-0-105-20240502","[1356276, 1397313, 1356464]"
"LISAH-BOU-0-108-20240502","[1356276, 1359772, 1359767]"
"LISAH-BOU-0-109-20240502","[1364173, 1355990, 1360385]"
"LISAH-BOU-0-110-20240502","[1360385, 1356276, 1360417]"
"LISAH-BOU-0-111-20240502","[1356276, 1355908, 1360385]"
"LISAH-BOU-0-113-20240502","[1356276, 1388806, 1355908]"
"LISAH-BOU-0-114-20240502","[1360385, 1360417, 1360420]"
"LISAH-BOU-0-117-20240502","[1360385, 1360417, 1360420]"
"LISAH-BOU-0-118-20240502","[1356276, 1356013, 1392598]"
"LISAH-BOU-0-14-20230511","[1363468, 1363467, 1363469]"
"LISAH-BOU-0-15-20230511","[1363468, 1360931, 1363467]"
"LISAH-BOU-0-153-20240502","[1357351, 1364006, 1356008]"
"LISAH-BOU-0-154-20240502","[1390637, 1356013, 1357351]"
"LISAH-BOU-0-157-20240502","[1358643, 1364006, 1356013]"
"LISAH-BOU-0-16-20230511","[1363835, 1356663, 1400186]"
"LISAH-BOU-0-160-20240502","[1358643, 1357351, 1356013]"
"LISAH-BOU-0-163-20240502","[1363944, 1392594, 1358643]"
"LISAH-BOU-0-164-20240502","[1358643, 1390637, 1363835]"
"LISAH-BOU-0-165-20240502","[1363835, 1356079, 1356066]"
"LISAH-BOU-0-167-20240502","[1363731, 1359347, 1359333]"
"LISAH-BOU-0-168-20240502","[1363731, 1361307, 1359639]"
"LISAH-BOU-0-170-20240502","[1363731, 1356066, 1394627]"
"LISAH-BOU-0-171-20240502","[1363731, 1357351, 1359347]"
"LISAH-BOU-0-172-20240502","[1363731, 1357351, 1363944]"
"LISAH-BOU-0-173-20240502","[1363731, 1359639, 1357351]"
"LISAH-BOU-0-174-20240502","[1363731, 1359347, 1425238]"
"LISAH-BOU-0-175-20240502","[1363731, 1359347, 1363734]"
"LISAH-BOU-0-183-20240502","[1363731, 1363944, 1359639]"
"LISAH-BOU-0-187-20240502","[1363731, 1363944, 1363947]"
"LISAH-BOU-0-191-20240502","[1363475, 1414353, 1359268]"
"LISAH-BOU-0-2-20240425","[1356276, 1361284, 1358752]"
"LISAH-BOU-0-24-20230512","[1360385, 1361000, 1360354]"
"LISAH-BOU-0-24-20240425","[1360161, 1356013, 1360354]"
"LISAH-BOU-0-25-20230512","[1389311, 1360354, 1360385]"
"LISAH-BOU-0-25-20230711","[1357635, 1360825, 1364173]"
"LISAH-BOU-0-28-20240425","[1360385, 1361000, 1360354]"
"LISAH-BOU-0-29-20230523","[1397356, 1414353, 1363468]"
"LISAH-BOU-0-29-20230621","[1363212, 1397356, 1360816]"
"LISAH-BOU-0-29-20240425","[1397356, 1360385, 1360354]"
"LISAH-BOU-0-3-20230721","[1363212, 1363526, 1361284]"
"LISAH-BOU-0-30-20230512","[1356012, 1356017, 1397356]"
"LISAH-BOU-0-30-20240425","[1389311, 1360385, 1360354]"
"LISAH-BOU-0-31-20230919","[1722433, 1363212, 1396812]"
"LISAH-BOU-0-31-20240425","[1360385, 1360354, 1397356]"
"LISAH-BOU-0-32-20230516","[1355936, 1359575, 1360816]"
"LISAH-BOU-0-32-20240425","[1356017, 1356012, 1360614]"
"LISAH-BOU-0-34-20230516","[1393522, 1650353, 1360614]"
"LISAH-BOU-0-35-20240425","[1356012, 1397356, 1356017]"
"LISAH-BOU-0-36-20240425","[1356012, 1356017, 1360614]"
"LISAH-BOU-0-37-20230512","[1397356, 1360358, 1395477]"
"LISAH-BOU-0-37-20240425","[1397356, 1356012, 1361000]"
"LISAH-BOU-0-38-20230516","[1356013, 1363835, 1357542]"
"LISAH-BOU-0-39-20230512","[1397356, 1391354, 1394037]"
"LISAH-BOU-0-4-20230511","[1414353, 1363468, 1363467]"
"LISAH-BOU-0-4-20230711","[1356803, 1356396, 1360354]"
"LISAH-BOU-0-4-20240425","[1356013, 1392598, 1356008]"
"LISAH-BOU-0-40-20230512","[1397356, 1361000, 1360614]"
"LISAH-BOU-0-40-20240425","[1397356, 1391354, 1360816]"
"LISAH-BOU-0-41-20230512","[1397356, 1360816, 1360608]"
"LISAH-BOU-0-42-20230511","[1360385, 1360358, 1395477]"
"LISAH-BOU-0-43-20230512","[1363835, 1397356, 1360816]"
"LISAH-BOU-0-44-20240425","[1363944, 1359639, 1355908]"
"LISAH-BOU-0-5-20230512","[1356276, 1355881, 1357351]"
"LISAH-BOU-0-5-20230711","[1356803, 1360354, 1356075]"
"LISAH-BOU-0-50-20230512","[1363944, 1355991, 1356066]"
"LISAH-BOU-0-52-20230512","[1363947, 1363944, 1359639]"
"LISAH-BOU-0-54-20230512","[1361306, 1356286, 1361307]"
"LISAH-BOU-0-55-20230512","[1363944, 1363947, 1359639]"
"LISAH-BOU-0-56-20230512","[1363944, 1359639, 1356066]"
"LISAH-BOU-0-58-20230512","[1356066, 1394627, 1361307]"
"LISAH-BOU-0-6-20240425","[1356276, 1393522, 1361284]"
"LISAH-BOU-0-63-20230512","[1390637, 1358257, 1363731]"
"LISAH-BOU-0-65-20230512","[1363944, 1361307, 1359639]"
"LISAH-BOU-0-75-20230516","[1363468, 1414353, 1363467]"
"LISAH-BOU-0-79-20230512","[1425238, 1357526, 1355870]"
"LISAH-BOU-0-8-20240425","[1363467, 1650353, 1364006]"
"LISAH-BOU-0-84-20230512","[1425238, 1396854, 1359502]"
"LISAH-BOU-0-9-20240425","[1356397, 1393522, 1650353]"
"LISAH-BOU-0-98-20240425","[1425238, 1363730, 1363731]"
"LISAH-BVD-0-100-20230510","[1356286, 1356066, 1363475]"
"LISAH-BVD-0-101-20230510","[1356066, 1394627, 1394638]"
"LISAH-BVD-0-152-20230511","[1356066, 1394359, 1394638]"
"LISAH-BVD-0-155-20230511","[1356066, 1394638, 1394627]"
"LISAH-BVD-0-158-20230511","[1356066, 1394638, 1356072]"
"LISAH-BVD-0-191-20230511","[1359497, 1356278, 1363740]"
"LISAH-BVD-0-192-20230511","[1363458, 1363475, 1363459]"
"LISAH-BVD-0-195-20230511","[1363508, 1356066, 1363496]"
"LISAH-BVD-0-196-20230511","[1363555, 1356278, 1363496]"
"LISAH-BVD-0-197-20230511","[1363740, 1356066, 1356278]"
"LISAH-BVD-0-200-20230511","[1363740, 1356278, 1363739]"
"LISAH-BVD-0-203-20230511","[1356278, 1363740, 1363730]"
"LISAH-BVD-0-205-20230511","[1363740, 1356278, 1359497]"
"LISAH-BVD-0-206-20230511","[1363740, 1356278, 1359497]"
"LISAH-BVD-0-208-20230511","[1356278, 1363740, 1361284]"
"LISAH-BVD-0-209-20230511","[1363740, 1356278, 1356066]"
"LISAH-BVD-0-25-20230510","[1363496, 1363740, 1356278]"
"LISAH-BVD-0-275-20230516","[1363469, 1363468, 1356321]"
"LISAH-BVD-0-277-20230516","[1363993, 1361307, 1360304]"
"LISAH-BVD-0-278-20230516","[1363993, 1360304, 1363475]"
"LISAH-BVD-0-281-20230516","[1356321, 1363993, 1363458]"
"LISAH-BVD-0-282-20230516","[1356321, 1363459, 1363458]"
"LISAH-BVD-0-283-20230516","[1356321, 1363993, 1360304]"
"LISAH-BVD-0-285-20230516","[1361307, 1356321, 1361133]"
"LISAH-BVD-0-287-20230516","[1356321, 1361307, 1363458]"
"LISAH-BVD-0-288-20230516","[1363458, 1356321, 1363468]"
"LISAH-BVD-0-292-20230516","[1363468, 1356321, 1360304]"
"LISAH-BVD-0-293-20230516","[1363458, 1356321, 1363459]"
"LISAH-BVD-0-294-20230516","[1356321, 1363526, 1363496]"
"LISAH-BVD-0-295-20230516","[1361133, 1363740, 1363452]"
"LISAH-BVD-0-296-20230516","[1363993, 1360304, 1363452]"
"LISAH-BVD-0-297-20230516","[1363740, 1359497, 1356278]"
"LISAH-BVD-0-298-20230516","[1363993, 1360304, 1360313]"
"LISAH-BVD-0-299-20230516","[1363993, 1360304, 1361133]"
"LISAH-BVD-0-300-20230516","[1363993, 1360304, 1414366]"
"LISAH-BVD-0-301-20230516","[1363993, 1360304, 1407739]"
"LISAH-BVD-0-302-20230516","[1363993, 1360304, 1356321]"
"LISAH-BVD-0-309-20230516","[1363993, 1360304, 1360313]"
"LISAH-BVD-0-310-20230516","[1363993, 1360304, 1414366]"
"LISAH-BVD-0-337-20230516","[1364006, 1356286, 1361307]"
"LISAH-BVD-0-338-20230516","[1356286, 1364006, 1361206]"
"LISAH-BVD-0-339-20230516","[1364006, 1356286, 1363460]"
"LISAH-BVD-0-341-20230516","[1364006, 1363739, 1356286]"
"LISAH-BVD-0-342-20230516","[1364006, 1356286, 1426068]"
"LISAH-BVD-0-343-20230516","[1356286, 1363740, 1359517]"
"LISAH-BVD-0-344-20230516","[1356286, 1359517, 1364006]"
"LISAH-BVD-0-345-20230516","[1356286, 1364006, 1393250]"
"LISAH-BVD-0-346-20230516","[1356286, 1364006, 1359284]"
"LISAH-BVD-0-347-20230516","[1356286, 1364006, 1363460]"
"LISAH-BVD-0-348-20230516","[1356286, 1357875, 1364006]"
"LISAH-BVD-0-349-20230516","[1356286, 1364006, 1363475]"
"LISAH-BVD-0-35-20230510","[1363455, 1363526, 1363555]"
"LISAH-BVD-0-350-20230516","[1356286, 1363460, 1364006]"
"LISAH-BVD-0-351-20230516","[1356066, 1364006, 1394627]"
"LISAH-BVD-0-352-20230516","[1364006, 1356066, 1356286]"
"LISAH-BVD-0-353-20230516","[1356286, 1363458, 1356066]"
"LISAH-BVD-0-354-20230516","[1363458, 1356066, 1394627]"
"LISAH-BVD-0-364-20230516","[1361307, 1363947, 1359639]"
"LISAH-BVD-0-372-20230516","[1361307, 1361306, 1414367]"
"LISAH-BVD-0-379-20230516","[1361307, 1361306, 1363526]"
"LISAH-BVD-0-380-20230516","[1361307, 1363475, 1361306]"
"LISAH-BVD-0-383-20230516","[1356314, 1414353, 1356278]"
"LISAH-BVD-0-392-20230516","[1356278, 1363740, 1364006]"
"LISAH-BVD-0-397-20230517","[1414353, 1363526, 1414366]"
"LISAH-BVD-0-398-20230517","[1414353, 1360860, 1356278]"
"LISAH-BVD-0-412-20230517","[1363526, 1357697, 1360860]"
"LISAH-BVD-0-417-20230517","[1363740, 1356286, 1356278]"
"LISAH-BVD-0-428-20230517","[1356286, 1363458, 1363403]"
"LISAH-BVD-0-430-20230517","[1356286, 1363458, 1361203]"
"LISAH-BVD-0-431-20230517","[1364006, 1407739, 1359284]"
"LISAH-BVD-0-432-20230517","[1356286, 1364006, 1357635]"
"LISAH-BVD-0-463-20230517","[1356066, 1363740, 1394638]"
"LISAH-BVD-0-465-20230517","[1356066, 1363740, 1363526]"
"LISAH-BVD-0-471-20230517","[1356286, 1356066, 1394627]"
"LISAH-BVD-0-54-20230510","[1356314, 1359639, 1363526]"
"LISAH-BVD-0-99-20230510","[1356286, 1363731, 1363475]"
"LISAH-JAS-0-1-20220505","[1356331, 1355870, 1364065]"
"LISAH-JAS-0-11-20220505","[1357875, 1359497, 1359519]"
"LISAH-JAS-0-12-20220505","[1359519, 1359497, 1363475]"
"LISAH-JAS-0-13-20220505","[1359519, 1359497, 1363739]"
"LISAH-JAS-0-15-20220505","[1359519, 1356084, 1422217]"
"LISAH-JAS-0-16-20220505","[1359519, 1363878, 1359530]"
"LISAH-JAS-0-17-20220505","[1359497, 1356084, 1359802]"
"LISAH-JAS-0-2-20220505","[1356111, 1364065, 1397048]"
"LISAH-JAS-0-6-20220505","[1364138, 1356084, 1357868]"
"LISAH-JAS-0-7-20220505","[1364138, 1356084, 1357862]"
"LISAH-JAS-0-9-20220505","[1357546, 1359519, 1355870]"
"LISAH-JAS-1-25-20220505","[1363526, 1361157, 1414353]"
"LISAH-JAS-1-27-20220505","[1363740, 1359296, 1359322]"
"LISAH-JAS-1-28-20220505","[1363740, 1363947, 1364063]"
"LISAH-JAS-1-5-20220505","[1364063, 1357546, 1359981]"
"LISAH-PEC-0-0-20220608","[1396055, 1361926, 1396063]"
"LISAH-PEC-0-1-20230411","[1356013, 1356008, 1392594]"
"LISAH-PEC-0-10-20230405","[1357635, 1363526, 1355871]"
"LISAH-PEC-0-11-20230405","[1363526, 1363791, 1357635]"
"LISAH-PEC-0-11-20230411","[1363875, 1363878, 1363915]"
"LISAH-PEC-0-12-20230411","[1363878, 1392699, 1355998]"
"LISAH-PEC-0-13-20230411","[1363878, 1355998, 1356013]"
"LISAH-PEC-0-13-20230413","[1363676, 1356171, 1363909]"
"LISAH-PEC-0-14-20230407","[1363988, 1360290, 1395477]"
"LISAH-PEC-0-15-20230407","[1361000, 1395477, 1392178]"
"LISAH-PEC-0-17-20230413","[1363676, 1356171, 1363674]"
"LISAH-PEC-0-18-20230411","[1363878, 1363875, 1359959]"
"LISAH-PEC-0-19-20230413","[1363676, 1356013, 1361157]"
"LISAH-PEC-0-20-20230411","[1363878, 1356013, 1392096]"
"LISAH-PEC-0-4-20230407","[1395477, 1360358, 1395507]"
"LISAH-PEC-0-4-20230411","[1356013, 1363885, 1363878]"
"LISAH-PEC-0-6-20220608","[1357401, 1355885, 1362429]"
"LISAH-PEC-0-6-20230411","[1356013, 1357635, 1355991]"
"LISAH-PEC-0-8-20230405","[1363878, 1363875, 1363915]"
"LISAH-PEC-0-9-20230411","[1356013, 1358654, 1355991]"
"LISAH-PEC-0-9-20230413","[1357598, 1363676, 1363896]"
"LISAH-PEC-1-13-20230405","[1363878, 1363875, 1357635]"
"LISAH-PEC-1-18-20230407","[1363885, 1363915, 1397337]"
"LISAH-PEC-2-0-20220609","[1364151, 1361307, 1361306]"
"LISAH-PEC-2-11-20220609","[1357351, 1355881, 1361307]"
"LISAH-PEC-2-17-20230407","[1362019, 1355994, 1355991]"
"LISAH-PEC-2-2-20220609","[1356013, 1361307, 1392598]"
"LISAH-PEC-2-20-20230407","[1362019, 1363875, 1363915]"
"LISAH-PEC-2-4-20220609","[1414353, 1422217, 1422218]"
"LISAH-PEC-2-5-20220609","[1364151, 1357351, 1355881]"
"LISAH-PEC-2-5-20230407","[1362019, 1363878, 1356835]"
"LISAH-PEC-2-6-20220609","[1422217, 1422218, 1361117]"
"LISAH-PEC-3-10-20230407","[1363676, 1363914, 1393458]"
"LISAH-PEC-3-16-20230407","[1363676, 1359565, 1363674]"
"LISAH-PEC-3-20-20230407","[1363676, 1363674, 1363680]"
"OPTMix-0108-P1-312-20231006","[1356404, 1396752, 1391805]"
"OPTMix-0108-P1-422-20231006","[1361055, 1363593, 1361376]"
"OPTMix-0108-P1-427-20231006","[1356404, 1419076, 1395026]"
"OPTMix-0108-P1-533-20231006","[1361055, 1363526, 1361233]"
"OPTMix-0108-P1-95-20231006","[1361055, 1361376, 1363593]"
"OPTMix-012-P1-143-20231201","[1419076, 1358612, 1390756]"
"OPTMix-012-P1-208-20231201","[1419076, 1359973, 1357413]"
"OPTMix-012-P2-192-20231201","[1419076, 1363575, 1357413]"
"OPTMix-012-P2-207-20231201","[1419076, 1394616, 1357413]"
"OPTMix-012-P2-240-20231201","[1359973, 1419076, 1357413]"
"OPTMix-012-P3-190-20231201","[1400084, 1359973, 1392309]"
"OPTMix-012-P3-218-20231201","[1419076, 1395026, 1357413]"
"OPTMix-012-P3-220-20231201","[1400084, 1392309, 1361284]"
"OPTMix-0178-P1-1060-20231006","[1356404, 1396752, 1356382]"
"OPTMix-0178-P1-1061-20231006","[1394616, 1394617, 1393703]"
"OPTMix-0178-P1-552-20231006","[1356404, 1396752, 1356369]"
"OPTMix-0178-P1-661-20231006","[1356404, 1722340, 1356364]"
"OPTMix-0178-P1-663-20231006","[1419076, 1356433, 1358612]"
"OPTMix-0178-P1-669-20231006","[1394616, 1419076, 1357413]"
"OPTMix-0200-11006-20231009","[1395026, 1357413, 1419076]"
"OPTMix-0200-P2-53-20231009","[1358507, 1392025, 1361800]"
"OPTMix-0200-P2-54-20231009","[1360257, 1388809, 1363593]"
"OPTMix-0200-P2-68-20231009","[1358501, 1358503, 1358511]"
"OPTMix-0200-P3-108-20231009","[1356404, 1396752, 1361055]"
"OPTMix-0200-P3-127-20231009","[1388809, 1396752, 1356404]"
"OPTMix-0200-P3-139-20231009","[1388809, 1363593, 1361074]"
"OPTMix-0214-P1-207-20231010","[1395026, 1392309, 1357413]"
"OPTMix-0214-P1-208-20231010","[1400084, 1395020, 1392309]"
"OPTMix-0214-P1-235-20231010","[1395026, 1357413, 1395020]"
"OPTMix-0214-P2-22-20231010","[1358501, 1358511, 1361800]"
"OPTMix-0214-P2-64-20231010","[1358501, 1394617, 1358511]"
"OPTMix-0214-P2-84-20231010","[1395026, 1419076, 1395020]"
"OPTMix-0214-P3-186-20231010","[1361376, 1361055, 1400084]"
"OPTMix-0214-P3-196-20231010","[1357413, 1419076, 1358615]"
"OPTMix-0214-P3-278-20231010","[1361055, 1363526, 1390761]"
"OPTMix-0216-P4-208-20231009","[1358501, 1356404, 1396752]"
"OPTMix-0255-11233-20231009","[1361055, 1361376, 1361050]"
"OPTMix-0255-11372-20231009","[1361055, 1361376, 1390801]"
"OPTMix-0255-11382-20231009","[1363593, 1361055, 1361376]"
"OPTMix-033-P3-107-20231201","[1356404, 1396752, 1363401]"
"OPTMix-0333-P1-107-20231212","[1356404, 1396752, 1356375]"
"OPTMix-0333-P1-112-20231212","[1356404, 1356375, 1356364]"
"OPTMix-0333-P2-108-20231212","[1356404, 1356375, 1396752]"
"OPTMix-0333-P2-112-20231212","[1363593, 1363526, 1361055]"
"OPTMix-0333-P2-115-20231212","[1356404, 1363593, 1390870]"
"OPTMix-0333-P3-100-20231201","[1356404, 1356364, 1396752]"
"OPTMix-0333-P3-76-20231201","[1356404, 1356364, 1358501]"
"OPTMix-057-P1-1699-20231010","[1356404, 1356364, 1396752]"
"OPTMix-057-P1-1901-20231010","[1356404, 1394616, 1419076]"
"OPTMix-057-P1-1902-20231010","[1356404, 1356382, 1356364]"
"OPTMix-057-P1-1913-20231010","[1356404, 1356364, 1396752]"
"OPTMix-057-P1-1917-20231010","[1356404, 1356369, 1356364]"
"OPTMix-0593-P1-129-20231205","[1357413, 1419076, 1358612]"
"OPTMix-0593-P1-134-20231205","[1359973, 1397383, 1419076]"
"OPTMix-0593-P1-86-20231205","[1392309, 1395035, 1419076]"
"OPTMix-0593-P2-180-20231205","[1419076, 1357413, 1395026]"
"OPTMix-0593-P2-84-20231205","[1419076, 1357413, 1395026]"
"OPTMix-0593-P2-92-20231205","[1400084, 1419076, 1357413]"
"OPTMix-0593-P3-130-20231205","[1419076, 1357413, 1359973]"
"OPTMix-0593-P3-146-20231205","[1392309, 1400084, 1361055]"
"OPTMix-0593-P3-87-20231205","[1419076, 1357413, 1359973]"
"OPTMix-0598-P1-118-20231205","[1363593, 1390870, 1389018]"
"OPTMix-0598-P1-132-20231205","[1419076, 1357413, 1359973]"
"OPTMix-0598-P1-133-20231205","[1363593, 1419076, 1361055]"
"OPTMix-0598-P1-149-20231205","[1419076, 1358501, 1359973]"
"OPTMix-0598-P1-197-20231205","[1358501, 1358511, 1363593]"
"OPTMix-0598-P1-198-20231205","[1363593, 1390870, 1358615]"
"OPTMix-0598-P2-102-20231205","[1356404, 1356364, 1396752]"
"OPTMix-0598-P2-139-20231207","[1419076, 1357413, 1358612]"
"OPTMix-0598-P2-86-20231207","[1356404, 1356790, 1356364]"
"OPTMix-0598-P2-99-20231205","[1419076, 1357413, 1395026]"
"OPTMix-0598-P4-104-20231207","[1358501, 1419076, 1357413]"
"OPTMix-0598-P4-108-20231207","[1395466, 1395603, 1419076]"
"OPTMix-0598-P4-128-20231207","[1419076, 1397383, 1359973]"
"OPTMix-083-P3-139-20231110","[1356404, 1722340, 1356364]"
"OPTMix-083-P3-186-20231110","[1356404, 1722340, 1356364]"
"OPTMix-083-P3-96-20231110","[1358501, 1361800, 1358507]"
"OPTMix-108-P1-000-20231006","[1395035, 1356404, 1360860]"
"RNNB-1-1-20230512","[1722522, 1363191, 1722625]"
"RNNB-1-1-20240117","[1722433, 1722441, 1737441]"
"RNNB-1-10-20230512","[1722522, 1363191, 1722625]"
"RNNB-1-10-20240117","[1722433, 1722441, 1737441]"
"RNNB-1-2-20230512","[1722522, 1363191, 1722625]"
"RNNB-1-2-20240117","[1722441, 1361703, 1722433]"
"RNNB-1-3-20230512","[1722522, 1363191, 1722625]"
"RNNB-1-3-20240117","[1722441, 1361703, 1722433]"
"RNNB-1-4-20230512","[1722522, 1363191, 1722625]"
"RNNB-1-4-20240117","[1722433, 1722441, 1737441]"
"RNNB-1-5-20230512","[1722522, 1426004, 1363191]"
"RNNB-1-5-20240117","[1722433, 1722441, 1737441]"
"RNNB-1-6-20230512","[1722522, 1397505, 1363165]"
"RNNB-1-6-20240117","[1722433, 1722441, 1737441]"
"RNNB-1-7-20230512","[1722522, 1363191, 1722625]"
"RNNB-1-7-20240117","[1722433, 1722441, 1393522]"
"RNNB-1-8-20230512","[1722522, 1363191, 1722625]"
"RNNB-1-8-20240117","[1722433, 1722441, 1737441]"
"RNNB-1-9-20230512","[1722522, 1722625, 1363191]"
"RNNB-1-9-20240117","[1722433, 1722441, 1737441]"
"RNNB-2-1-20230512","[1426004, 1722522, 1363191]"
"RNNB-2-1-20240117","[1357227, 1722433, 1722441]"
"RNNB-2-10-20230512","[1426004, 1356086, 1360006]"
"RNNB-2-10-20240117","[1356083, 1357227, 1722433]"
"RNNB-2-2-20230512","[1426004, 1722522, 1363191]"
"RNNB-2-2-20240117","[1357227, 1722441, 1358203]"
"RNNB-2-3-20230512","[1426004, 1356086, 1360006]"
"RNNB-2-3-20240117","[1357227, 1358203, 1722433]"
"RNNB-2-4-20230512","[1426004, 1360006, 1356086]"
"RNNB-2-4-20240117","[1357227, 1722433, 1722441]"
"RNNB-2-5-20230512","[1426004, 1356086, 1360006]"
"RNNB-2-5-20240117","[1359344, 1357227, 1359297]"
"RNNB-2-6-20230512","[1426004, 1360006, 1356086]"
"RNNB-2-6-20240117","[1357227, 1359344, 1364154]"
"RNNB-2-7-20230512","[1426004, 1360006, 1359873]"
"RNNB-2-7-20240117","[1357227, 1722433, 1722441]"
"RNNB-2-8-20230512","[1426004, 1360006, 1356086]"
"RNNB-2-8-20240117","[1360701, 1722441, 1722433]"
"RNNB-2-9-20230512","[1426004, 1360006, 1356086]"
"RNNB-2-9-20240117","[1357227, 1722433, 1356083]"
"RNNB-3-1-20230512","[1363526, 1363543, 1363497]"
"RNNB-3-1-20240117","[1359344, 1722433, 1722441]"
"RNNB-3-10-20230512","[1393522, 1722433, 1650353]"
"RNNB-3-10-20240117","[1722441, 1722433, 1356083]"
"RNNB-3-11-20230512","[1722433, 1722441, 1393522]"
"RNNB-3-12-20230512","[1393522, 1722433, 1722441]"
"RNNB-3-2-20230512","[1426004, 1425884, 1356284]"
"RNNB-3-2-20240117","[1722433, 1722441, 1359344]"
"RNNB-3-3-20240117","[1722433, 1359344, 1722441]"
"RNNB-3-4-20230512","[1360931, 1426004, 1360925]"
"RNNB-3-4-20240117","[1359344, 1722619, 1722441]"
"RNNB-3-5-20230512","[1426004, 1722433, 1393522]"
"RNNB-3-5-20240117","[1356083, 1722441, 1722433]"
"RNNB-3-6-20230512","[1722433, 1393522, 1722441]"
"RNNB-3-6-20240117","[1355977, 1356083, 1358203]"
"RNNB-3-7-20230512","[1393522, 1722433, 1722441]"
"RNNB-3-7-20240117","[1355977, 1360978, 1359344]"
"RNNB-3-8-20230512","[1393522, 1722433, 1722441]"
"RNNB-3-8-20240117","[1722441, 1359344, 1737441]"
"RNNB-3-9-20230512","[1393522, 1722433, 1722441]"
"RNNB-3-9-20240117","[1360701, 1356083, 1363302]"
"RNNB-4-1-20240117","[1361703, 1357630, 1356228]"
"RNNB-4-1-20240118","[1363526, 1361412, 1361824]"
"RNNB-4-10-20240117","[1722433, 1722441, 1359344]"
"RNNB-4-10-20240118","[1357630, 1357705, 1397398]"
"RNNB-4-2-20240117","[1361703, 1356228, 1361723]"
"RNNB-4-2-20240118","[1361412, 1361953, 1388990]"
"RNNB-4-3-20240117","[1722441, 1722433, 1361703]"
"RNNB-4-3-20240118","[1363526, 1361412, 1357004]"
"RNNB-4-4-20240117","[1722433, 1722441, 1361703]"
"RNNB-4-4-20240118","[1361412, 1357630, 1489806]"
"RNNB-4-5-20240117","[1722441, 1722433, 1361703]"
"RNNB-4-5-20240118","[1357630, 1399609, 1397398]"
"RNNB-4-6-20240117","[1722441, 1359344, 1722433]"
"RNNB-4-6-20240118","[1357630, 1397398, 1393466]"
"RNNB-4-7-20240117","[1722441, 1722433, 1363302]"
"RNNB-4-7-20240118","[1357630, 1357705, 1362488]"
"RNNB-4-8-20240117","[1359344, 1361703, 1722441]"
"RNNB-4-8-20240118","[1357630, 1399609, 1361824]"
"RNNB-4-9-20240117","[1722433, 1722441, 1357848]"
"RNNB-4-9-20240118","[1357630, 1399609, 1392725]"
"RNNB-5-1-20240117","[1360542, 1357630, 1397398]"
"RNNB-5-1-20240118","[1357630, 1722441, 1361412]"
"RNNB-5-10-20240117","[1743327, 1742109, 1363526]"
"RNNB-5-10-20240118","[1357630, 1722433, 1399609]"
"RNNB-5-2-20240117","[1357630, 1399609, 1392725]"
"RNNB-5-2-20240118","[1357630, 1722433, 1722441]"
"RNNB-5-3-20240117","[1357630, 1360542, 1399609]"
"RNNB-5-3-20240118","[1363526, 1361412, 1357630]"
"RNNB-5-4-20240117","[1357630, 1399609, 1393466]"
"RNNB-5-4-20240118","[1357630, 1399609, 1392725]"
"RNNB-5-5-20240117","[1357630, 1399609, 1392725]"
"RNNB-5-5-20240118","[1357630, 1399609, 1397398]"
"RNNB-5-6-20240117","[1357630, 1360542, 1399609]"
"RNNB-5-6-20240118","[1357630, 1397398, 1399609]"
"RNNB-5-7-20240117","[1360542, 1357401, 1390680]"
"RNNB-5-7-20240118","[1357630, 1722441, 1397398]"
"RNNB-5-8-20240117","[1396197, 1363526, 1356066]"
"RNNB-5-8-20240118","[1722433, 1722441, 1388990]"
"RNNB-5-9-20240117","[1396197, 1394640, 1356538]"
"RNNB-5-9-20240118","[1722433, 1722441, 1357004]"
"RNNB-6-1-20240117","[1357560, 1360542, 1364127]"
"RNNB-6-1-20240118","[1722433, 1722441, 1361703]"
"RNNB-6-10-20240117","[1362429, 1363526, 1357401]"
"RNNB-6-10-20240118","[1357630, 1737651, 1397398]"
"RNNB-6-2-20240117","[1356083, 1360127, 1361953]"
"RNNB-6-2-20240118","[1722433, 1722441, 1357227]"
"RNNB-6-3-20240117","[1363526, 1388990, 1414353]"
"RNNB-6-3-20240118","[1722441, 1722433, 1722619]"
"RNNB-6-4-20240117","[1388990, 1363526, 1362525]"
"RNNB-6-4-20240118","[1722433, 1722441, 1396055]"
"RNNB-6-5-20240117","[1361412, 1363526, 1360978]"
"RNNB-6-5-20240118","[1722433, 1722441, 1425895]"
"RNNB-6-6-20240117","[1363526, 1722441, 1720968]"
"RNNB-6-6-20240118","[1357630, 1722619, 1357769]"
"RNNB-6-7-20240117","[1361412, 1722435, 1363526]"
"RNNB-6-7-20240118","[1357630, 1399609, 1397398]"
"RNNB-6-8-20240117","[1363526, 1397344, 1357848]"
"RNNB-6-8-20240118","[1357630, 1399609, 1392725]"
"RNNB-6-9-20240117","[1363526, 1388990, 1357004]"
"RNNB-6-9-20240118","[1357630, 1361703, 1399609]"
"RNNB-7-1-20240118","[1357630, 1392725, 1399609]"
"RNNB-7-10-20240118","[1357004, 1361412, 1363526]"
"RNNB-7-2-20240118","[1361412, 1357630, 1388990]"
"RNNB-7-3-20240118","[1361412, 1357630, 1363526]"
"RNNB-7-4-20240118","[1388990, 1361412, 1363526]"
"RNNB-7-5-20240118","[1361412, 1388990, 1361127]"
"RNNB-7-6-20240118","[1357630, 1361412, 1399609]"
"RNNB-7-7-20240118","[1361412, 1722441, 1388990]"
"RNNB-7-8-20240118","[1394414, 1388990, 1361412]"
"RNNB-7-9-20240118","[1388990, 1361127, 1722433]"
"RNNB-8-1-20240118","[1359344, 1722433, 1359297]"
"RNNB-8-10-20240118","[1722433, 1722441, 1363302]"
"RNNB-8-2-20240118","[1722433, 1357227, 1722441]"
"RNNB-8-3-20240118","[1722433, 1722441, 1737441]"
"RNNB-8-4-20240118","[1722441, 1722433, 1737441]"
"RNNB-8-5-20240118","[1359344, 1722441, 1722433]"
"RNNB-8-6-20240118","[1359344, 1363302, 1359297]"
"RNNB-8-7-20240118","[1359344, 1357848, 1357227]"
"RNNB-8-8-20240118","[1357227, 1359344, 1357049]"
"RNNB-8-9-20240118","[1359344, 1722441, 1722433]"
